Timestamp,ID,Position,Speed,Load,Voltage,Temperature,Current
1778523273.9669006,1,1842,800,294,121,60,103
1778523273.981056,1,1855,800,293,116,60,100
1778523273.9945705,1,1866,850,290,121,60,44
1778523274.008175,1,1877,800,290,121,60,14
1778523274.0215154,1,1887,750,291,121,60,9
1778523274.0350604,1,1898,750,294,120,60,9
1778523274.0488012,1,1910,850,291,120,60,9
1778523274.0623145,1,1918,650,295,114,60,99
1778523274.075981,1,1924,650,302,120,60,24
1778523274.8829,2,75,-800,284,116,32,6
1778523274.896759,2,62,-850,280,116,32,5
1778523274.910304,2,52,-800,280,117,32,6
1778523274.9239855,2,40,-800,280,117,32,6
1778523274.9373577,2,30,-800,280,116,32,6
1778523274.9511786,2,19,-750,282,116,32,7
1778523274.964765,2,9,-750,284,117,32,7
1778523274.9783368,2,4093,-800,284,117,32,7
1778523274.9920814,2,4082,-800,284,117,32,6
1778523275.0056124,2,4071,-800,284,116,32,6
1778523275.0192983,2,4060,-850,280,116,32,6
1778523275.0329056,2,4050,-750,282,117,32,6
1778523275.0479634,2,4039,-800,284,116,32,6
1778523275.06169,2,4027,-800,284,116,32,6
1778523275.0751617,2,4018,-750,287,116,32,9
1778523275.088908,2,4011,-550,297,116,32,19
1778523275.8967528,2,4023,350,219,121,32,4
1778523275.9016402,1,1912,-350,216,115,60,83
1778523275.9150214,2,4033,400,249,120,32,7
1778523275.9185991,1,1904,-250,255,120,60,16
1778523275.9322112,2,4043,550,267,116,32,8
1778523275.9360178,1,1894,-550,277,120,60,14
1778523276.4551876,2,52,0,50,122,33,1
1778523276.4599848,1,1792,0,71,122,60,3
1778523276.4748564,2,52,0,50,121,32,1
1778523276.4781704,1,1792,0,71,121,60,2
1778523276.4922469,2,52,0,50,122,32,1
1778523276.4951746,1,1792,0,71,121,60,2
1778523276.5095093,2,52,0,50,121,32,1
1778523276.5132296,1,1792,0,71,122,60,2
1778523276.5271976,2,52,0,50,121,32,1
1778523276.5303524,1,1792,0,71,122,60,2
1778523276.544914,2,52,0,50,122,32,1
1778523276.5482402,1,1792,0,71,121,60,2
1778523276.5622587,2,52,0,50,121,32,1
1778523276.5653737,1,1792,0,71,121,60,2
1778523276.5798755,2,52,0,50,121,32,1
1778523276.5834112,1,1792,0,71,122,60,2
1778523276.5975206,2,52,0,50,121,32,1
1778523276.6002772,1,1792,0,71,121,60,2
1778523276.6150858,2,52,0,50,122,32,1
1778523276.6186266,1,1792,0,71,122,60,2
1778523276.6334755,2,52,0,50,121,32,1
1778523276.6376293,1,1792,0,71,121,60,2
1778523276.651757,2,52,0,50,121,32,1
1778523276.6554325,1,1792,0,71,122,60,2
1778523276.6704383,2,52,0,50,121,32,1
1778523276.6736157,1,1792,0,71,121,60,3
1778523276.6881456,2,52,0,50,121,32,1
1778523276.691437,1,1792,0,71,121,60,2
1778523276.7061868,2,52,0,50,121,32,0
1778523276.7099047,1,1792,0,71,121,60,2
1778523276.724038,2,52,0,50,121,32,1
1778523276.7269754,1,1792,0,71,121,60,2
1778523276.741799,2,52,0,50,121,32,1
1778523276.7457614,1,1792,0,71,122,60,2
1778523276.7599118,2,52,0,50,121,32,1
1778523276.7635715,1,1792,0,71,122,60,2
1778523276.778057,2,52,0,50,122,32,1
1778523276.7812219,1,1792,0,71,122,60,2
1778523276.7952607,2,52,0,50,121,32,1
1778523276.7984512,1,1792,0,71,121,60,2
1778523276.8130078,2,52,0,50,121,32,1
1778523276.8163261,1,1792,0,71,121,60,2
1778523276.830477,2,52,0,50,122,32,2
1778523276.833602,1,1792,0,71,121,60,2
1778523276.8482234,2,52,0,50,121,32,1
1778523276.8516717,1,1792,0,71,121,60,2
1778523276.8656662,2,52,0,50,122,32,1
1778523276.868482,1,1792,0,71,121,60,2
1778523276.883085,2,52,0,50,122,32,2
1778523276.8863873,1,1792,0,71,121,60,2
1778523276.9004326,2,52,0,50,121,32,1
1778523276.9032445,1,1792,0,71,122,60,2
1778523276.917827,2,52,0,50,122,32,1
1778523276.9217668,1,1792,0,71,122,60,2
1778523276.9357562,2,52,0,50,121,32,1
1778523276.939139,1,1792,0,71,122,60,3
1778523276.9540758,2,52,0,50,121,32,1
1778523276.957279,1,1792,0,71,121,60,2
1778523276.971406,2,52,0,50,121,32,1
1778523276.9749968,1,1792,0,71,121,60,2
1778523276.9896672,2,52,0,50,121,32,1
1778523276.9926367,1,1792,0,71,121,60,2
1778523277.0068395,2,52,0,50,121,32,1
1778523277.009903,1,1792,0,71,121,60,2
1778523277.0244646,2,52,0,50,121,32,1
1778523277.0278897,1,1792,0,71,121,60,2
1778523277.0418043,2,52,0,50,121,32,0
1778523277.0447447,1,1792,0,71,121,61,2
1778523277.0595548,2,52,0,50,121,32,1
1778523277.0629492,1,1792,0,71,121,60,2
1778523277.077003,2,52,0,50,122,32,1
1778523277.079832,1,1792,0,71,121,60,3
1778523277.0943124,2,52,0,50,121,32,1
1778523277.0977104,1,1792,0,71,122,61,2
1778523277.1117048,2,52,0,50,121,32,1
1778523277.1151483,1,1792,0,71,122,60,2
1778523277.1297045,2,52,0,50,121,32,1
1778523277.132894,1,1792,0,71,122,60,2
1778523277.1468148,2,52,0,50,122,32,1
1778523277.1499074,1,1792,0,71,121,60,2
1778523277.1643863,2,52,0,50,121,32,1
1778523277.1676948,1,1792,0,71,122,60,2
1778523277.1816304,2,52,0,50,121,32,1
1778523277.1844237,1,1792,0,71,122,60,2
1778523277.1990302,2,52,0,50,121,32,0
1778523277.2023227,1,1792,0,71,122,60,2
1778523277.216279,2,52,0,50,121,32,1
1778523277.2190778,1,1792,0,71,121,59,2
1778523277.2335083,2,52,0,50,121,32,2
1778523277.2370882,1,1792,0,71,121,60,2
1778523277.2510004,2,52,0,50,121,32,1
1778523277.2540364,1,1792,0,71,121,60,2
1778523277.2687058,2,52,0,50,121,32,1
1778523277.2719088,1,1792,0,71,121,61,2
1778523277.285944,2,52,0,50,121,32,1
1778523277.2888894,1,1792,0,71,122,59,1
1778523277.3035388,2,52,0,50,121,32,0
1778523277.3069577,1,1792,0,71,121,60,2
1778523277.3209774,2,52,0,50,121,32,2
1778523277.3238204,1,1792,0,71,122,60,3
1778523277.3382332,2,52,0,50,121,32,1
1778523277.342025,1,1792,0,71,122,60,2
1778523277.356435,2,52,0,50,122,32,1
1778523277.3596535,1,1792,0,71,121,60,2
1778523277.3741813,2,52,0,50,122,32,1
1778523277.377814,1,1792,0,71,122,60,2
1778523277.3918705,2,52,0,50,121,32,1
1778523277.394679,1,1792,0,71,122,60,1
1778523277.4091518,2,52,0,50,121,32,2
1778523277.4130733,1,1792,0,71,121,60,2
1778523277.427079,2,52,0,50,121,32,2
1778523277.4302738,1,1792,0,71,121,60,2
1778523277.4447815,2,52,0,50,122,32,1
1778523277.447988,1,1792,0,71,121,60,2
1778523277.4619386,2,52,0,50,121,32,1
1778523277.4648862,1,1792,0,71,121,60,2
1778523277.4793913,2,52,0,50,121,32,1
1778523277.4827483,1,1792,0,71,122,60,2
1778523277.496951,2,52,0,50,121,32,2
1778523277.5001023,1,1792,0,71,121,60,2
1778523277.5145206,2,52,0,50,121,32,1
1778523277.5180938,1,1792,0,71,122,60,2
1778523277.5322366,2,52,0,50,122,32,1
1778523277.5354373,1,1792,0,71,121,60,2
1778523277.549815,2,52,0,50,122,32,1
1778523277.5533683,1,1792,0,71,122,60,2
1778523277.5672526,2,52,0,50,122,32,1
1778523277.570429,1,1792,0,71,122,60,2
1778523277.585008,2,52,0,50,121,32,1
1778523277.5881815,1,1792,0,71,121,60,3
1778523277.6023057,2,52,0,50,122,32,1
1778523277.6051402,1,1792,0,71,122,60,2
1778523277.620034,2,52,0,50,121,32,1
1778523277.623538,1,1792,0,71,121,60,2
1778523277.6375408,2,52,0,50,121,32,1
1778523277.6402273,1,1792,0,71,122,61,2
1778523277.6548939,2,52,0,50,121,33,1
1778523277.6585433,1,1792,0,71,122,60,2
1778523277.6728485,2,52,0,50,121,32,1
1778523277.675844,1,1792,0,71,121,60,2
1778523277.6905673,2,52,0,50,121,32,1
1778523277.6941392,1,1792,0,71,122,60,2
1778523277.7081957,2,52,0,50,121,32,1
1778523277.7110646,1,1792,0,71,122,60,2
1778523277.725632,2,52,0,50,121,32,2
1778523277.7296736,1,1792,0,71,122,60,2
1778523277.743541,2,52,0,50,121,32,1
1778523277.7464375,1,1792,0,71,120,60,2
1778523277.760767,2,52,0,50,122,32,1
1778523277.7639575,1,1792,0,71,121,60,2
1778523277.777888,2,52,0,50,121,32,2
1778523277.7807865,1,1792,0,71,122,60,2
1778523277.795305,2,52,0,50,122,32,1
1778523277.8010828,1,1792,0,71,121,60,2
1778523277.8157077,2,52,0,50,122,32,2
1778523277.819959,1,1792,0,71,121,60,2
1778523277.8340394,2,52,0,50,122,32,1
1778523277.8368056,1,1792,0,71,121,60,2
1778523277.8513122,2,52,0,50,121,32,1
1778523277.8545501,1,1792,0,71,122,60,2
1778523277.868722,2,52,0,50,121,32,1
1778523277.8715498,1,1792,0,71,121,60,2
1778523277.8861523,2,52,0,48,122,32,2
1778523277.8898284,1,1792,0,71,121,62,3
1778523277.904525,2,52,0,40,121,32,1
1778523277.9075065,1,1792,0,71,122,61,2
1778523277.921963,2,52,0,27,122,32,0
1778523277.9250402,1,1792,0,71,122,60,2
1778523277.9395957,2,52,0,26,122,32,0
1778523277.9430444,1,1792,0,71,122,60,2
1778523277.9573207,2,51,-50,51,121,32,1
1778523277.960454,1,1792,0,71,121,60,2
1778523277.974922,2,50,-50,80,121,32,1
1778523277.9785738,1,1792,0,71,122,60,2
1778523277.9932265,2,49,-50,117,121,32,3
1778523277.9962568,1,1792,0,71,121,61,2
1778523278.010076,2,46,-50,149,121,32,4
1778523278.0130417,1,1792,0,71,121,60,2
1778523278.0278876,2,40,-200,163,121,32,4
1778523278.0314531,1,1792,0,71,121,60,3
1778523278.0454175,2,33,-400,160,121,32,3
1778523278.048258,1,1792,0,71,121,60,2
1778523278.0628502,2,27,-350,153,121,32,3
1778523278.066357,1,1792,0,71,122,60,2
1778523278.0811577,2,19,-400,136,121,32,2
1778523278.0851288,1,1792,0,71,121,60,2
1778523278.0990927,2,13,-400,112,121,33,2
1778523278.1019497,1,1792,0,71,122,60,2
1778523278.1164362,2,8,-250,90,121,32,1
1778523278.1197984,1,1792,0,71,122,60,2
1778523278.1337755,2,4,-250,72,121,32,1
1778523278.1367047,1,1792,0,71,121,60,2
1778523278.1510925,2,2,-250,55,121,32,1
1778523278.154539,1,1792,0,71,121,60,2
1778523278.1684418,2,1,-100,49,121,32,1
1778523278.1712043,1,1792,0,71,122,60,2
1778523278.1857152,2,0,-100,42,121,32,0
1778523278.1896844,1,1792,0,71,122,60,3
1778523278.2037673,2,4095,-50,38,121,32,1
1778523278.2065318,1,1792,0,71,122,60,2
1778523278.2209704,2,4095,0,38,122,32,1
1778523278.2248955,1,1792,0,71,122,60,2
1778523278.238738,2,4095,0,38,122,32,1
1778523278.2415946,1,1792,0,71,122,60,1
1778523278.2561226,2,4095,0,38,121,32,1
1778523278.2594717,1,1792,0,71,122,60,2
1778523278.2734838,2,4095,0,38,121,32,1
1778523278.276395,1,1792,0,71,122,60,2
1778523278.2910218,2,4095,0,38,121,32,1
1778523278.294516,1,1792,0,71,122,60,2
1778523278.3085945,2,4095,0,38,121,32,1
1778523278.3113987,1,1792,0,71,122,60,2
1778523278.3256583,2,4095,0,38,122,32,1
1778523278.3292403,1,1792,0,71,122,60,2
1778523278.3431473,2,4095,0,38,121,32,1
1778523278.346403,1,1792,0,71,122,60,2
1778523278.3610604,2,4095,0,38,122,32,1
1778523278.3642952,1,1792,0,71,121,60,2
1778523278.3782465,2,4095,0,38,121,32,1
1778523278.3810713,1,1792,0,71,121,60,2
1778523278.395628,2,4095,0,38,122,32,1
1778523278.398994,1,1792,0,71,122,60,2
1778523278.4131637,2,4095,0,38,121,32,1
1778523278.4160936,1,1792,0,71,121,60,2
1778523278.4303792,2,4095,0,38,121,32,0
1778523278.4339697,1,1792,0,71,122,61,2
1778523278.4480166,2,4095,0,38,121,32,1
1778523278.4507878,1,1792,0,71,122,60,2
1778523278.4653761,2,4095,0,38,121,32,1
1778523278.4692075,1,1792,0,71,121,60,2
1778523278.4832113,2,4095,0,38,121,32,1
1778523278.4859934,1,1792,0,71,121,60,2
1778523278.500219,2,4095,0,38,121,32,1
1778523278.5042062,1,1792,0,71,122,60,2
1778523278.5183215,2,4095,0,38,122,32,1
1778523278.521086,1,1792,0,71,122,60,2
1778523278.5354075,2,4095,0,38,122,32,0
1778523278.5388908,1,1792,0,71,122,60,2
1778523278.552945,2,4095,0,38,122,32,1
1778523278.5558815,1,1792,0,71,121,60,2
1778523278.5702415,2,4095,0,38,122,32,0
1778523278.574218,1,1792,0,71,122,60,2
1778523278.5885737,2,4095,0,38,122,32,1
1778523278.5914154,1,1792,0,71,121,60,2
1778523278.6061823,2,4095,0,39,121,32,1
1778523278.6099458,1,1792,0,71,122,60,2
1778523278.6462178,2,4095,0,63,122,32,2
1778523278.6502388,1,1792,0,71,122,60,2
1778523278.6651814,2,4094,0,85,121,32,4
1778523278.6692054,1,1792,0,71,122,60,3
1778523278.6831808,2,4093,-50,111,121,32,4
1778523278.686539,1,1792,0,71,121,60,2
1778523278.7011151,2,4090,-150,134,121,32,4
1778523278.7043371,1,1792,0,71,121,60,2
1778523278.7185133,2,4085,-200,161,121,32,5
1778523278.7215683,1,1792,0,71,121,60,3
1778523278.736193,2,4079,-350,184,121,32,6
1778523278.7395487,1,1792,0,71,121,60,3
1778523278.7534394,2,4071,-450,209,121,32,6
1778523278.756113,1,1792,0,71,121,60,1
1778523278.7705083,2,4061,-450,235,121,32,8
1778523278.7740734,1,1792,0,71,121,60,3
1778523278.7881255,2,4051,-550,259,121,32,9
1778523278.7910984,1,1792,0,71,121,60,2
1778523278.8058088,2,4039,-600,285,121,32,9
1778523278.8097324,1,1792,0,71,121,60,2
1778523278.823858,2,4024,-700,314,121,32,10
1778523278.8266747,1,1792,0,71,121,60,3
1778523278.841414,2,4014,-750,344,120,32,19
1778523278.8454795,1,1792,0,71,120,60,2
1778523278.8594904,2,4004,-550,390,119,32,37
1778523278.8629806,1,1792,0,71,119,61,2
1778523278.8773682,2,3997,-500,432,118,32,61
1778523278.8803082,1,1792,0,71,118,60,2
1778523278.894248,2,3992,-300,478,116,33,84
1778523278.8972297,1,1792,0,71,116,60,2
1778523278.9116404,2,3989,-150,529,115,32,119
1778523278.9149122,1,1792,0,71,113,60,2
1778523278.9291446,2,3988,-150,579,113,33,151
1778523278.9321854,1,1792,0,71,111,60,2
1778523278.946286,2,3986,-100,629,110,32,163
1778523278.9492319,1,1792,0,71,112,60,2
1778523278.9640198,2,3984,-50,674,110,33,202
1778523278.967454,1,1792,0,71,110,60,2
1778523278.981506,2,3983,-100,711,105,33,283
1778523278.98426,1,1792,0,71,109,60,2
1778523278.9985986,2,3983,-50,743,107,32,244
1778523279.0021892,1,1792,0,71,107,60,2
1778523279.0162468,2,3983,0,773,106,33,266
1778523279.0189512,1,1792,0,71,107,60,2
1778523279.0332754,2,3983,0,798,105,33,277
1778523279.0373278,1,1792,0,71,105,60,2
1778523279.0516815,2,3982,-50,815,101,33,358
1778523279.0550125,1,1792,0,71,105,60,2
1778523279.0695992,2,3982,-50,824,105,32,295
1778523279.072598,1,1792,0,71,104,61,2
1778523279.0868926,2,3982,0,831,104,33,295
1778523279.090104,1,1792,0,71,104,60,1
1778523279.1049604,2,3981,0,832,104,33,297
1778523279.1081357,1,1792,0,71,104,60,2
1778523279.1221392,2,3981,0,829,104,33,296
1778523279.1250365,1,1792,0,71,104,60,2
1778523279.1395204,2,3981,-50,817,105,32,286
1778523279.142803,1,1792,0,71,105,60,2
1778523279.1571333,2,3981,0,800,105,32,275
1778523279.1600957,1,1792,0,71,106,60,2
1778523279.1741054,2,3981,0,780,106,33,260
1778523279.1770592,1,1792,0,71,106,60,2
1778523279.1914737,2,3981,0,751,107,33,244
1778523279.1947703,1,1792,0,71,107,60,2
1778523279.208674,2,3981,0,718,108,33,229
1778523279.2116363,1,1792,0,71,108,60,2
1778523279.226078,2,3981,0,679,109,33,198
1778523279.2296262,1,1792,0,71,110,60,2
1778523279.244159,2,3981,0,633,111,32,176
1778523279.2471406,1,1792,0,71,111,61,2
1778523279.261229,2,3981,0,579,112,32,148
1778523279.2642066,1,1792,0,71,113,61,3
1778523279.2780998,2,3981,0,522,114,32,116
1778523279.2810416,1,1792,0,71,114,60,2
1778523279.2954237,2,3981,0,459,115,32,93
1778523279.29879,1,1792,0,71,116,60,2
1778523279.3131776,2,3981,0,388,117,32,73
1778523279.316949,1,1792,0,71,118,60,2
1778523279.330865,2,3981,0,309,118,32,45
1778523279.333752,1,1792,0,71,119,60,2
1778523279.3482225,2,3981,0,228,120,32,26
1778523279.3515072,1,1792,0,71,120,60,2
1778523279.365539,2,3982,0,141,121,32,13
1778523279.3682811,1,1792,0,71,121,61,2
1778523279.3827617,2,3983,50,64,121,32,3
1778523279.3860576,1,1792,0,71,122,60,2
1778523279.400311,2,3985,50,46,122,33,0
1778523279.4033084,1,1792,0,71,122,60,2
1778523279.4180791,2,3991,250,116,122,38,0
1778523279.4220698,1,1792,0,71,122,60,2
1778523279.435877,2,4000,400,177,122,32,0
1778523279.4393663,1,1792,0,71,122,60,2
1778523279.4538295,2,4009,550,228,121,32,1
1778523279.4567277,1,1792,0,71,121,60,2
1778523279.4705508,2,4018,550,272,121,32,6
1778523279.4734542,1,1792,0,71,121,60,2
1778523279.4880126,2,4027,550,316,121,32,10
1778523279.4912832,1,1792,0,71,121,60,0
1778523279.5052137,2,4042,550,363,121,32,14
1778523279.5081105,1,1792,0,71,121,60,2
1778523279.5226214,2,4058,850,383,121,32,13
1778523279.5261488,1,1792,0,71,121,60,2
1778523279.5401883,2,4077,950,397,121,32,13
1778523279.5429327,1,1792,0,71,121,60,3
1778523279.5574365,2,1,1150,393,121,32,12
1778523279.5613492,1,1792,0,71,121,60,3
1778523279.5754306,2,22,1150,379,121,32,10
1778523279.5787008,1,1792,0,71,121,60,2
1778523279.593303,2,41,1100,361,121,32,12
1778523279.5964592,1,1792,0,71,121,60,3
1778523279.6104164,2,59,1050,341,121,32,8
1778523279.6135094,1,1792,0,71,121,60,2
1778523279.6280456,2,77,1050,318,121,32,5
1778523279.631389,1,1792,0,71,121,60,2
1778523279.6454153,2,95,1000,290,121,33,4
1778523279.648166,1,1792,0,71,121,62,2
1778523279.662545,2,109,1000,259,121,33,5
1778523279.6661074,1,1792,0,71,121,61,2
1778523279.680217,2,124,850,229,121,32,4
1778523279.6831121,1,1792,0,71,121,60,2
1778523279.6976285,2,135,700,205,121,32,3
1778523279.7015016,1,1792,0,71,121,60,2
1778523279.7155073,2,144,550,180,122,32,3
1778523279.7188637,1,1792,0,71,121,60,2
1778523279.7335093,2,153,500,155,121,32,3
1778523279.736754,1,1792,0,71,122,61,2
1778523279.7506206,2,160,450,128,122,32,2
1778523279.7535725,1,1792,0,71,122,60,2
1778523279.7681744,2,166,350,101,121,32,2
1778523279.7717052,1,1792,0,71,122,60,2
1778523279.7860827,2,170,350,74,121,32,1
1778523279.7890038,1,1792,0,71,122,60,3
1778523279.8036242,2,172,200,63,122,32,1
1778523279.8070245,1,1792,0,71,122,60,2
1778523279.821121,2,173,100,57,121,32,2
1778523279.8241916,1,1792,0,71,121,60,2
1778523279.8384774,2,174,100,50,122,32,1
1778523279.842072,1,1792,0,71,122,62,2
1778523279.8562107,2,175,50,46,122,32,1
1778523279.8590198,1,1792,0,71,122,60,2
1778523279.8738186,2,175,0,45,121,33,1
1778523279.8777318,1,1792,0,71,122,60,2
1778523279.8919666,2,175,0,45,121,32,1
1778523279.8947947,1,1792,0,71,122,60,2
1778523279.9091809,2,175,0,45,122,33,1
1778523279.913178,1,1792,0,71,122,62,3
1778523279.9274843,2,175,0,45,122,32,1
1778523279.9306269,1,1792,0,71,122,60,2
1778523279.9449563,2,175,0,45,122,32,1
1778523279.9488742,1,1792,0,71,121,60,2
1778523279.9630358,2,175,0,45,121,32,1
1778523279.9660852,1,1792,0,71,121,60,2
1778523279.980608,2,175,0,45,122,32,2
1778523279.9839218,1,1792,0,71,122,60,2
1778523279.9979556,2,175,0,45,121,32,1
1778523280.0007994,1,1792,0,71,122,60,2
1778523280.0152917,2,175,0,45,122,32,1
1778523280.0186722,1,1792,0,71,122,61,2
1778523280.032806,2,175,0,45,122,32,1
1778523280.0358467,1,1792,0,71,122,60,2
1778523280.0509024,2,175,0,45,121,32,1
1778523280.0545135,1,1792,0,71,122,60,2
1778523280.0687397,2,175,0,45,121,33,1
1778523280.0727398,1,1792,0,71,122,60,2
1778523280.0870326,2,175,0,45,121,32,1
1778523280.090031,1,1792,0,71,121,60,2
1778523280.1043613,2,175,0,45,122,32,1
1778523280.1086223,1,1792,0,71,122,60,2
1778523280.1228023,2,175,0,45,121,32,1
1778523280.1258438,1,1792,0,71,121,60,2
1778523280.1402981,2,175,0,45,122,32,1
1778523280.143544,1,1792,0,71,122,60,3
1778523280.157554,2,175,0,45,122,32,0
1778523280.1603854,1,1792,0,71,122,61,2
1778523280.1748793,2,175,0,45,122,33,1
1778523280.1784935,1,1792,0,71,122,60,2
1778523280.1924596,2,175,0,45,122,33,2
1778523280.1953187,1,1792,0,71,122,60,2
1778523280.2100904,2,175,0,45,122,32,1
1778523280.2137687,1,1792,0,71,122,61,2
1778523280.227765,2,175,0,45,121,32,1
1778523280.2312868,1,1792,0,71,122,60,2
1778523280.2464387,2,175,0,45,122,32,1
1778523280.2496579,1,1792,0,71,122,60,2
1778523280.264057,2,175,0,45,122,33,1
1778523280.2670484,1,1792,0,71,122,61,2
1778523280.2812424,2,175,0,45,122,32,1
1778523280.2841392,1,1792,0,71,122,61,2
1778523280.2989786,2,175,0,45,122,32,0
1778523280.3024926,1,1792,0,71,122,60,2
1778523280.3164608,2,175,0,45,122,32,1
1778523280.3192668,1,1792,0,71,121,61,2
1778523280.3335476,2,175,0,45,122,32,1
1778523280.3371656,1,1792,0,71,121,61,2
1778523280.351398,2,175,0,45,122,32,0
1778523280.3544168,1,1792,0,71,122,60,2
1778523280.36903,2,175,0,45,122,32,1
1778523280.373014,1,1792,0,71,122,60,2
1778523280.3870285,2,175,0,45,122,33,1
1778523280.3899257,1,1792,0,71,122,60,1
1778523280.4043255,2,175,0,45,122,32,1
1778523280.4075675,1,1792,0,71,122,60,2
1778523280.4215107,2,175,0,45,121,32,1
1778523280.4243407,1,1792,0,71,121,60,2
1778523280.4388192,2,175,0,45,122,32,1
1778523280.442129,1,1792,0,71,122,61,1
1778523280.4565873,2,175,0,45,122,32,1
1778523280.4595737,1,1792,0,71,122,60,2
1778523280.4733338,2,175,0,45,122,33,1
1778523280.4762335,1,1792,0,71,122,60,2
1778523280.4907012,2,175,0,45,122,32,1
1778523280.494385,1,1792,0,71,121,60,2
1778523280.508383,2,175,0,45,122,33,1
1778523280.5112786,1,1792,0,71,121,61,2
1778523280.5256107,2,175,0,45,122,32,1
1778523280.529148,1,1792,0,71,121,60,2
1778523280.543089,2,175,0,45,122,32,1
1778523280.5462995,1,1792,0,71,122,60,2
1778523280.560865,2,175,0,45,122,32,1
1778523280.5641093,1,1792,0,71,122,61,2
1778523280.5780482,2,175,0,45,122,32,1
1778523280.581011,1,1792,0,71,122,60,2
1778523280.5959153,2,175,0,45,122,32,0
1778523280.5992036,1,1792,0,71,121,60,3
1778523280.613482,2,175,0,45,122,32,1
1778523280.6162584,1,1792,0,71,122,60,2
1778523280.6309881,2,175,0,45,122,32,0
1778523280.6345084,1,1792,0,71,122,60,2
1778523280.6487455,2,175,0,45,122,32,1
1778523280.6515522,1,1792,0,71,122,60,2
1778523280.6656322,2,175,0,45,122,32,1
1778523280.6692977,1,1792,0,71,121,61,2
1778523280.683892,2,175,0,45,122,33,1
1778523280.6868713,1,1792,0,71,122,60,2
1778523280.700894,2,175,0,45,122,32,1
1778523280.7039714,1,1792,0,71,121,61,2
1778523280.717811,2,175,0,45,121,32,1
1778523280.7205877,1,1792,0,71,122,61,2
1778523280.7350173,2,175,0,45,122,33,1
1778523280.7384036,1,1792,0,71,122,61,2
1778523280.7523103,2,175,0,45,122,32,1
1778523280.7551146,1,1792,0,71,122,60,2
1778523280.7693431,2,175,0,45,122,32,0
1778523280.772891,1,1792,0,71,122,60,2
1778523280.786861,2,175,0,45,122,33,1
1778523280.789914,1,1792,0,71,121,60,2
1778523280.804444,2,175,0,45,122,33,1
1778523280.8078604,1,1792,0,71,122,60,2
1778523280.8219233,2,175,0,45,122,33,1
1778523280.8247678,1,1792,0,71,122,60,2
1778523280.839321,2,175,0,45,122,32,1
1778523280.84283,1,1792,0,71,122,60,3
1778523280.856765,2,175,0,45,122,32,0
1778523280.859566,1,1792,0,71,121,61,2
1778523280.8740628,2,175,0,45,122,32,1
1778523280.8775804,1,1792,0,71,121,61,2
1778523280.8917663,2,175,0,45,122,32,1
1778523280.8945765,1,1792,0,71,122,60,3
1778523280.909354,2,175,0,45,122,32,1
1778523280.9133604,1,1792,0,71,122,60,2
1778523280.927358,2,175,0,45,122,33,0
1778523280.9305024,1,1792,0,71,122,61,2
1778523280.9453545,2,175,0,45,122,32,1
1778523280.9486673,1,1792,0,71,122,60,2
1778523280.9625094,2,175,0,45,122,32,1
1778523280.9654393,1,1792,0,71,122,60,2
1778523280.9799876,2,175,0,45,122,32,1
1778523280.9834392,1,1792,0,71,122,61,3
1778523280.9974172,2,175,0,45,122,32,1
1778523281.0002139,1,1792,0,71,121,60,2
1778523281.0144775,2,175,0,45,122,32,1
1778523281.018016,1,1792,0,71,122,60,2
1778523281.0326395,2,175,0,45,122,33,2
1778523281.0355816,1,1792,0,71,122,61,2
1778523281.050244,2,175,0,45,121,32,1
1778523281.053287,1,1792,0,71,122,60,2
1778523281.0676777,2,175,0,45,122,33,1
1778523281.0709586,1,1792,0,71,122,60,2
1778523281.0851486,2,175,0,45,122,32,1
1778523281.0880094,1,1792,0,71,122,61,2
1778523281.1027339,2,175,0,45,121,32,1
1778523281.1063437,1,1792,0,71,121,60,2
1778523281.1206553,2,175,0,45,122,32,1
1778523281.1234512,1,1792,0,71,122,60,2
1778523281.1381207,2,175,0,45,122,32,1
1778523281.1416857,1,1792,0,71,122,60,2
1778523281.1557558,2,175,0,45,121,32,1
1778523281.1591609,1,1792,0,71,121,61,2
1778523281.1737454,2,175,0,45,122,33,1
1778523281.1766982,1,1792,0,71,121,60,2
1778523281.1905994,2,175,0,45,122,32,1
1778523281.1935554,1,1792,0,71,122,60,2
1778523281.2081516,2,175,0,45,122,32,1
1778523281.2114859,1,1792,0,71,122,60,2
1778523281.2255523,2,175,0,45,122,32,1
1778523281.2284186,1,1792,0,71,121,60,2
1778523281.2430027,2,175,0,45,122,32,1
1778523281.2462757,1,1792,0,71,122,60,2
1778523281.2606614,2,175,0,45,122,32,0
1778523281.2636425,1,1792,0,71,121,60,2
1778523281.277478,2,175,0,45,121,32,1
1778523281.280342,1,1792,0,71,122,60,2
1778523281.2947965,2,175,0,45,121,32,1
1778523281.3013206,1,1792,0,71,122,60,3
1778523281.315914,2,175,0,45,122,32,0
1778523281.3199172,1,1792,0,71,122,61,2
1778523281.3340077,2,175,0,45,122,33,2
1778523281.3368857,1,1792,0,71,122,60,2
1778523281.351302,2,175,0,45,122,33,1
1778523281.3547316,1,1792,0,71,122,60,2
1778523281.3688657,2,175,0,45,122,32,1
1778523281.3716927,1,1792,0,71,122,60,2
1778523281.3863387,2,175,0,45,122,33,1
1778523281.3899655,1,1792,0,71,122,60,2
1778523281.4042645,2,175,0,45,121,32,1
1778523281.4070375,1,1792,0,71,122,60,2
1778523281.4217315,2,175,0,45,121,32,1
1778523281.4253042,1,1792,0,71,122,60,2
1778523281.43937,2,175,0,45,122,32,1
1778523281.442689,1,1792,0,71,121,60,2
1778523281.4568307,2,175,0,45,122,33,1
1778523281.45981,1,1792,0,71,121,61,2
1778523281.4741135,2,175,0,45,122,32,1
1778523281.4777577,1,1792,0,71,122,61,2
1778523281.491706,2,175,0,45,122,32,1
1778523281.4944978,1,1792,0,71,122,60,2
1778523281.5090287,2,175,0,45,122,33,1
1778523281.5130222,1,1792,0,71,122,60,2
1778523281.5272255,2,175,0,45,121,33,1
1778523281.5303087,1,1792,0,71,122,60,2
1778523281.5451815,2,175,0,45,122,33,1
1778523281.5487716,1,1792,0,69,122,60,2
1778523281.5629182,2,175,0,45,122,32,1
1778523281.5659943,1,1792,0,60,122,62,1
1778523281.580839,2,175,0,45,122,33,1
1778523281.584253,1,1792,0,44,122,61,1
1778523281.59842,2,175,0,45,122,32,1
1778523281.601347,1,1792,0,24,122,60,0
1778523281.6160257,2,175,0,45,122,32,1
1778523281.619347,1,1792,0,35,122,60,1
1778523281.6336071,2,175,0,45,122,32,1
1778523281.6363115,1,1793,50,68,122,61,2
1778523281.650881,2,175,0,45,121,33,1
1778523281.65454,1,1794,50,103,120,60,29
1778523281.6688788,2,175,0,45,121,33,1
1778523281.6718636,1,1795,50,146,122,60,5
1778523281.6857057,2,175,0,45,121,33,1
1778523281.688487,1,1797,50,194,121,60,7
1778523281.7030518,2,175,0,45,121,32,1
1778523281.7063444,1,1804,150,242,119,61,78
1778523281.720623,2,175,0,45,120,32,1
1778523281.723612,1,1814,500,269,121,60,14
1778523281.7381399,2,175,0,45,119,33,0
1778523281.7416756,1,1826,600,298,120,60,99
1778523281.7562838,2,175,0,45,121,33,1
1778523281.759241,1,1840,700,328,117,60,14
1778523281.7732055,2,175,0,45,118,32,1
1778523281.775931,1,1854,850,355,120,60,23
1778523281.7905712,2,175,0,45,114,33,1
1778523281.794118,1,1871,900,378,120,61,137
1778523281.8086908,2,175,0,45,114,33,1
1778523281.8118525,1,1889,1000,397,120,60,138
1778523281.8266027,2,175,0,45,120,32,1
1778523281.8301451,1,1909,1000,407,118,60,16
1778523281.8443537,2,175,0,45,116,32,1
1778523281.8472064,1,1924,1100,403,119,60,24
1778523281.8615816,2,175,0,45,118,33,1
1778523281.8655615,1,1934,800,420,118,60,53
1778523281.879501,2,175,0,45,117,33,1
1778523281.8827555,1,1940,500,449,108,61,206
1778523281.8973532,2,175,0,45,106,33,1
1778523281.900555,1,1942,200,490,104,61,254
1778523281.9144847,2,175,0,45,104,33,0
1778523281.9175777,1,1942,50,533,103,61,279
1778523281.932085,2,175,0,45,102,33,1
1778523281.9354377,1,1942,0,578,101,61,300
1778523281.949455,2,175,0,45,101,33,1
1778523281.952249,1,1942,0,618,100,61,328
1778523281.966975,2,175,0,45,99,33,0
1778523281.970575,1,1942,0,648,98,61,353
1778523281.9849422,2,175,0,45,98,33,1
1778523281.987817,1,1942,0,675,97,61,376
1778523282.0016484,2,175,0,45,97,33,1
1778523282.0044553,1,1942,0,694,97,61,380
1778523282.018873,2,175,0,45,97,33,1
1778523282.0221705,1,1942,0,709,96,61,395
1778523282.036108,2,175,0,45,98,33,0
1778523282.0388727,1,1942,0,716,95,61,394
1778523282.0532553,2,175,0,45,98,33,0
1778523282.0571783,1,1942,0,717,95,61,395
1778523282.0710595,2,175,0,45,97,33,1
1778523282.0744238,1,1942,0,717,96,61,395
1778523282.0890498,2,175,0,45,97,33,0
1778523282.0923164,1,1942,0,717,96,61,397
1778523282.1062586,2,175,0,45,97,33,1
1778523282.109157,1,1942,0,717,96,62,395
1778523282.1236327,2,175,0,45,97,33,1
1778523282.1269162,1,1942,0,717,96,61,390
1778523282.141054,2,175,0,45,97,33,1
1778523282.1440392,1,1942,0,717,96,61,396
1778523282.1587167,2,175,0,45,96,33,0
1778523282.1624646,1,1942,0,717,96,61,391
1778523282.176742,2,175,0,45,99,33,1
1778523282.1795158,1,1942,0,717,96,61,388
1778523282.1941843,2,175,0,45,97,33,1
1778523282.1978304,1,1942,0,715,96,61,384
1778523282.2127948,2,175,0,45,97,33,0
1778523282.2158806,1,1942,0,705,97,61,378
1778523282.2299812,2,175,0,45,97,33,1
1778523282.2328763,1,1942,0,690,97,61,372
1778523282.247772,2,175,0,45,100,33,1
1778523282.251057,1,1942,0,669,98,61,352
1778523282.2655504,2,175,0,45,102,33,1
1778523282.2687857,1,1942,0,640,99,61,342
1778523282.2834506,2,175,0,45,102,33,1
1778523282.2868698,1,1942,0,605,100,61,301
1778523282.3009758,2,175,0,45,102,33,1
1778523282.303775,1,1942,0,566,102,61,277
1778523282.3181658,2,175,0,45,104,33,0
1778523282.3217797,1,1942,0,518,104,61,244
1778523282.3359795,2,175,0,45,108,33,1
1778523282.3390334,1,1942,0,465,106,61,216
1778523282.3535156,2,175,0,45,111,33,1
1778523282.3575456,1,1942,0,404,108,61,181
1778523282.3716042,2,175,0,45,113,33,1
1778523282.3750093,1,1942,0,337,111,61,146
1778523282.3893614,2,175,0,45,114,33,1
1778523282.3924348,1,1942,0,267,113,61,102
1778523282.4063554,2,175,0,45,117,33,1
1778523282.4094129,1,1942,0,189,118,61,68
1778523282.4239092,2,175,0,45,120,32,1
1778523282.4272327,1,1941,-50,108,120,61,27
1778523282.441175,2,175,0,45,121,33,1
1778523282.443979,1,1940,-50,26,122,60,0
1778523282.458603,2,175,0,45,121,33,1
1778523282.4622152,1,1938,-50,84,121,61,0
1778523282.4763107,2,175,0,45,122,33,1
1778523282.479037,1,1932,-200,155,121,61,2
1778523282.493414,2,175,0,45,118,33,1
1778523282.4971924,1,1924,-350,214,121,60,5
1778523282.5111654,2,175,0,45,119,33,1
1778523282.5141094,1,1915,-500,261,121,61,8
1778523282.5286686,2,175,0,45,121,33,1
1778523282.531817,1,1909,-400,304,116,61,102
1778523282.5457487,2,175,0,45,120,33,1
1778523282.5505793,1,1896,-650,334,121,60,18
1778523282.565146,2,175,0,45,120,33,1
1778523282.5683699,1,1880,-850,342,117,61,14
1778523282.582362,2,175,0,45,120,33,1
1778523282.5854194,1,1864,-850,335,116,61,115
1778523282.5999594,2,175,0,45,116,33,1
1778523282.6034322,1,1849,-900,318,121,61,19
1778523282.6173573,2,175,0,45,121,33,1
1778523282.6201258,1,1834,-900,297,114,61,13
1778523282.6344893,2,175,0,45,117,33,0
1778523282.6380463,1,1821,-800,278,121,61,9
1778523282.6526053,2,175,0,45,121,33,1
1778523282.6555972,1,1807,-800,250,121,61,11
1778523282.6694427,2,175,0,45,118,33,1
1778523282.6721907,1,1796,-650,225,121,61,6
1778523282.686527,2,175,0,45,121,33,1
1778523282.690021,1,1786,-600,198,119,61,71
1778523282.7041469,2,175,0,45,119,33,1
1778523282.7071977,1,1778,-450,173,122,60,4
1778523282.7218103,2,175,0,45,121,33,0
1778523282.7257707,1,1771,-400,146,121,61,4
1778523282.7396874,2,175,0,45,121,33,1
1778523282.743056,1,1766,-400,117,122,61,3
1778523282.7575169,2,175,0,45,120,33,1
1778523282.760465,1,1761,-300,97,120,61,27
1778523282.7745779,2,175,0,45,122,33,1
1778523282.7774727,1,1760,-250,80,122,60,2
1778523282.791929,2,175,0,45,122,33,1
1778523282.7953084,1,1759,-50,76,121,61,2
1778523282.8096292,2,175,0,45,122,33,1
1778523282.8126695,1,1758,-50,72,121,61,2
1778523282.82716,2,175,0,45,122,33,1
1778523282.8304346,1,1759,0,71,122,61,2
1778523282.844538,2,175,0,45,122,33,1
1778523282.847478,1,1758,0,71,121,60,2
1778523282.8618813,2,175,0,45,121,33,1
1778523282.8654618,1,1758,0,71,121,61,2
1778523282.879469,2,175,0,45,122,33,1
1778523282.8822162,1,1759,0,71,122,61,2
1778523282.896182,2,175,0,45,121,33,1
1778523282.8997684,1,1758,0,71,122,61,2
1778523282.91468,2,175,0,45,122,33,1
1778523282.9179065,1,1758,0,71,122,61,2
1778523282.9318268,2,175,0,45,122,33,1
1778523282.934664,1,1758,0,71,122,61,3
1778523282.9494777,2,175,0,45,122,33,1
1778523282.9534616,1,1758,0,71,122,61,2
1778523282.9674826,2,175,0,45,121,33,2
1778523282.97077,1,1758,0,71,122,61,2
1778523282.9854465,2,175,0,45,122,33,1
1778523282.9886744,1,1758,0,71,122,61,2
1778523283.0026355,2,175,0,45,122,33,0
1778523283.005715,1,1758,0,71,122,61,2
1778523283.020256,2,175,0,45,122,33,1
1778523283.0235248,1,1758,0,71,122,61,2
1778523283.037591,2,175,0,45,121,33,1
1778523283.0403812,1,1758,0,71,122,61,2
1778523283.054953,2,175,0,45,122,33,0
1778523283.058368,1,1758,0,71,122,61,2
1778523283.0722568,2,175,0,45,122,33,1
1778523283.0750904,1,1759,0,71,122,61,2
1778523283.0896208,2,175,0,45,122,33,1
1778523283.0935917,1,1758,0,71,122,61,2
1778523283.1076922,2,175,0,45,122,33,1
1778523283.111091,1,1758,0,71,122,61,2
1778523283.125548,2,175,-50,48,122,33,0
1778523283.1285512,1,1758,0,71,122,61,2
1778523283.1426778,2,175,50,46,121,33,1
1778523283.1457694,1,1758,0,71,122,61,2
1778523283.1605842,2,175,0,45,122,33,1
1778523283.1640062,1,1758,50,73,122,61,2
1778523283.178059,2,175,0,45,122,33,2
1778523283.1808906,1,1758,50,76,122,61,2
1778523283.1956346,2,175,0,45,122,33,1
1778523283.198992,1,1758,-50,71,122,61,1
1778523283.213233,2,175,0,45,122,33,1
1778523283.2161882,1,1758,0,71,121,61,2
1778523283.2301493,2,175,0,45,121,33,1
1778523283.233052,1,1759,0,71,122,61,2
1778523283.2475252,2,175,0,45,122,33,0
1778523283.2508638,1,1758,50,74,122,61,2
1778523283.2648406,2,175,0,45,122,33,1
1778523283.2676363,1,1758,-50,73,122,61,2
1778523283.2821095,2,175,0,45,122,33,1
1778523283.2857661,1,1758,0,71,122,61,2
1778523283.3000271,2,175,0,45,122,33,1
1778523283.3031526,1,1758,50,73,121,61,2
1778523283.3175626,2,175,0,45,122,33,0
1778523283.321168,1,1758,50,74,121,61,2
1778523283.335272,2,175,0,45,121,33,1
1778523283.3382986,1,1758,-50,71,121,60,2
1778523283.3530283,2,175,0,45,122,33,1
1778523283.3563228,1,1758,50,75,122,60,3
1778523283.37051,2,175,0,45,122,33,1
1778523283.3735251,1,1758,0,75,122,61,2
1778523283.3880415,2,175,0,45,122,33,1
1778523283.3913713,1,1758,-50,72,122,61,2
1778523283.4053,2,175,0,45,122,33,1
1778523283.408066,1,1758,0,71,122,59,2
1778523283.422423,2,175,0,45,122,33,1
1778523283.425965,1,1758,0,71,122,61,2
1778523283.4399576,2,175,0,45,122,33,2
1778523283.4428275,1,1758,0,71,122,61,2
1778523283.4573078,2,175,0,45,122,33,1
1778523283.4611666,1,1758,0,71,121,61,2
1778523283.4750457,2,175,0,45,122,33,1
1778523283.4779267,1,1758,0,71,121,61,2
1778523283.4924066,2,175,0,45,122,33,1
1778523283.495775,1,1758,0,71,122,62,2
1778523283.509864,2,175,0,45,122,33,1
1778523283.512756,1,1758,0,71,122,61,2
1778523283.5272088,2,175,0,45,122,33,1
1778523283.530526,1,1758,0,71,122,61,2
1778523283.5444891,2,175,0,45,122,33,0
1778523283.5474987,1,1758,0,71,121,61,2
1778523283.5623734,2,175,0,45,122,33,1
1778523283.5659745,1,1758,0,71,122,61,2
1778523283.5808375,2,175,0,45,122,32,1
1778523283.583763,1,1758,0,71,122,61,2
1778523283.5979092,2,175,0,45,122,33,2
1778523283.6007862,1,1758,0,71,121,61,2
1778523283.6153502,2,175,0,45,122,33,0
1778523283.6188226,1,1758,0,71,121,61,2
1778523283.632732,2,175,0,45,121,33,1
1778523283.6356783,1,1758,0,71,122,61,2
1778523283.6500053,2,175,0,45,122,33,1
1778523283.6532638,1,1758,0,71,122,61,2
1778523283.667185,2,175,0,45,122,33,1
1778523283.6702974,1,1758,0,71,122,61,2
1778523283.6847906,2,175,0,45,122,33,1
1778523283.6880052,1,1758,0,71,122,61,2
1778523283.7019868,2,175,0,45,122,33,1
1778523283.7051985,1,1758,0,71,122,61,2
1778523283.7199821,2,175,0,45,121,33,0
1778523283.7233324,1,1758,0,71,122,61,2
1778523283.7373831,2,175,0,45,122,33,1
1778523283.7401552,1,1758,0,71,122,61,2
1778523283.7549348,2,175,0,45,122,33,1
1778523283.75861,1,1758,0,71,122,61,2
1778523283.7727363,2,175,0,45,122,33,1
1778523283.7755017,1,1758,0,71,122,61,1
1778523283.789955,2,175,0,45,122,33,1
1778523283.793525,1,1758,0,71,121,61,2
1778523283.8078756,2,175,0,45,122,33,1
1778523283.8109558,1,1758,0,71,122,61,3
1778523283.8254876,2,175,0,45,122,33,0
1778523283.8288743,1,1758,0,71,122,61,2
1778523283.8429368,2,175,0,45,121,33,0
1778523283.845928,1,1758,0,71,122,61,3
1778523283.860837,2,175,0,45,122,33,1
1778523283.8640325,1,1758,0,71,121,61,2
1778523283.8781166,2,175,0,45,122,33,1
1778523283.8811538,1,1758,0,71,122,61,2
1778523283.895809,2,175,0,45,121,33,1
1778523283.89905,1,1758,0,71,122,61,2
1778523283.913471,2,175,0,45,122,33,1
1778523283.9173496,1,1758,0,71,121,61,2
1778523283.931309,2,175,0,45,122,33,1
1778523283.9346209,1,1758,0,71,122,61,2
1778523283.9492893,2,175,0,45,122,33,1
1778523283.9525964,1,1758,0,71,121,61,2
1778523283.966507,2,175,0,45,122,33,1
1778523283.9694402,1,1758,0,71,121,61,2
1778523283.9839082,2,175,0,45,122,33,1
1778523283.9872525,1,1758,0,71,122,61,2
1778523284.0013685,2,175,0,45,122,33,1
1778523284.0042415,1,1758,0,71,122,61,2
1778523284.01904,2,175,0,45,122,33,1
1778523284.022658,1,1758,50,74,122,61,3
1778523284.036859,2,175,0,45,122,33,1
1778523284.0397203,1,1758,-50,73,121,61,3
1778523284.0545628,2,175,0,45,122,33,1
1778523284.0580802,1,1758,0,71,122,61,2
1778523284.0721762,2,175,0,45,122,33,1
1778523284.0750353,1,1758,0,71,121,61,2
1778523284.0895686,2,175,0,45,122,33,2
1778523284.093516,1,1758,0,71,122,61,2
1778523284.107522,2,175,0,45,121,33,1
1778523284.1109421,1,1758,0,71,121,61,2
1778523284.125449,2,175,0,45,122,33,1
1778523284.128607,1,1758,0,71,122,61,2
1778523284.1424239,2,175,0,45,122,33,0
1778523284.1455307,1,1758,0,71,121,61,2
1778523284.1601593,2,175,0,45,122,33,1
1778523284.163483,1,1758,0,71,122,61,2
1778523284.1776361,2,175,0,45,122,33,1
1778523284.180415,1,1758,0,71,122,61,2
1778523284.195209,2,175,0,45,121,33,1
1778523284.1988838,1,1758,0,71,122,61,2
1778523284.21301,2,175,0,45,122,33,1
1778523284.21575,1,1758,0,71,122,61,2
1778523284.2301493,2,175,0,45,122,33,1
1778523284.2337787,1,1758,0,71,122,61,2
1778523284.2477767,2,175,0,45,121,33,1
1778523284.250576,1,1758,0,71,121,61,3
1778523284.2649837,2,175,0,45,122,33,1
1778523284.2688777,1,1758,0,71,121,61,2
1778523284.2827568,2,175,0,45,122,33,0
1778523284.2856627,1,1758,0,71,122,61,3
1778523284.3001866,2,175,0,45,122,33,1
1778523284.3035486,1,1758,0,71,122,61,2
1778523284.317692,2,175,0,45,121,33,1
1778523284.3207755,1,1758,0,71,122,61,2
1778523284.3357267,2,175,0,45,122,33,1
1778523284.3391974,1,1758,0,71,122,61,2
1778523284.3541877,2,175,0,45,122,33,1
1778523284.358117,1,1758,0,71,122,61,2
1778523284.372246,2,175,0,45,122,33,1
1778523284.3761647,1,1758,0,71,122,61,2
1778523284.391273,2,175,0,45,122,33,1
1778523284.3942852,1,1759,0,71,122,61,2
1778523284.4083734,2,175,0,45,122,33,1
1778523284.4114738,1,1758,0,71,121,61,2
1778523284.4254556,2,175,0,45,122,33,1
1778523284.4283023,1,1758,0,71,122,61,2
1778523284.4425983,2,175,0,45,122,33,0
1778523284.4461377,1,1758,0,71,122,61,2
1778523284.4600964,2,175,0,45,121,33,1
1778523284.4628875,1,1758,0,71,122,61,2
1778523284.477748,2,175,0,45,122,33,1
1778523284.4819076,1,1758,0,71,122,61,2
1778523284.4960017,2,175,0,45,121,33,1
1778523284.4993505,1,1758,0,71,122,61,2
1778523284.5142155,2,175,0,45,122,33,1
1778523284.517396,1,1758,0,71,122,61,3
1778523284.5314105,2,175,0,45,122,33,1
1778523284.5344713,1,1759,50,73,122,61,2
1778523284.5487416,2,175,0,45,122,33,0
1778523284.55282,1,1758,50,76,122,61,2
1778523284.5667765,2,175,0,45,121,33,1
1778523284.5696664,1,1758,-50,71,122,61,2
1778523284.5842,2,175,0,45,121,33,1
1778523284.587446,1,1758,0,71,122,61,2
1778523284.6016104,2,175,0,45,122,33,1
1778523284.6044314,1,1758,0,71,122,61,2
1778523284.619341,2,175,0,45,122,33,1
1778523284.6229908,1,1758,0,71,122,61,2
1778523284.63722,2,175,0,45,122,33,1
1778523284.6399157,1,1758,0,71,122,61,2
1778523284.6539996,2,175,0,45,122,33,1
1778523284.657697,1,1758,0,71,121,61,2
1778523284.6722844,2,175,0,45,121,33,0
1778523284.6752603,1,1758,0,71,122,61,2
1778523284.6890872,2,175,0,45,122,33,1
1778523284.6918898,1,1758,0,71,122,61,2
1778523284.7060935,2,175,0,45,122,33,1
1778523284.7096164,1,1758,0,71,122,61,2
1778523284.7237315,2,175,0,45,122,33,1
1778523284.726597,1,1758,0,71,122,61,2
1778523284.7414606,2,175,0,45,121,33,0
1778523284.7454455,1,1758,0,71,122,61,2
1778523284.7593715,2,175,0,45,121,33,1
1778523284.7626057,1,1758,0,71,122,61,3
1778523284.777291,2,175,0,45,122,33,1
1778523284.7804332,1,1758,0,71,122,61,2
1778523284.794437,2,175,0,45,121,33,1
1778523284.7977185,1,1758,0,71,122,61,2
1778523284.8122027,2,175,0,45,122,33,1
1778523284.8155115,1,1758,0,71,122,61,2
1778523284.8295016,2,175,0,45,122,33,0
1778523284.832387,1,1758,0,71,122,62,2
1778523284.8469782,2,175,0,45,122,33,1
1778523284.8502471,1,1758,0,71,122,61,2
1778523284.864701,2,175,0,45,122,33,1
1778523284.8676796,1,1758,0,71,121,61,3
1778523284.8824408,2,175,0,45,122,33,2
1778523284.8860345,1,1758,0,71,122,61,2
1778523284.900266,2,175,0,45,122,33,1
1778523284.9031148,1,1757,0,71,122,61,2
1778523284.9174688,2,175,0,45,122,33,1
1778523284.9214683,1,1757,-50,68,122,61,2
1778523284.9354126,2,175,0,45,122,33,1
1778523284.9383183,1,1757,0,67,121,61,2
1778523284.9528532,2,175,0,45,122,33,1
1778523284.9562361,1,1757,0,67,122,61,2
1778523284.9703274,2,175,0,45,122,33,1
1778523284.973275,1,1757,0,67,122,61,2
1778523284.9871364,2,175,0,45,122,33,1
1778523284.9904926,1,1757,0,67,121,61,2
1778523285.0049572,2,175,0,45,121,33,1
1778523285.0082057,1,1757,0,67,122,61,2
1778523285.022281,2,175,0,45,122,33,1
1778523285.0252264,1,1757,0,67,122,61,2
1778523285.04019,2,175,0,45,122,33,1
1778523285.0435555,1,1757,0,67,122,61,2
1778523285.0579119,2,175,0,45,122,33,1
1778523285.0607557,1,1757,0,67,121,61,2
1778523285.0753188,2,175,0,45,122,33,1
1778523285.0786264,1,1757,0,67,121,61,2
1778523285.093044,2,175,0,45,122,33,0
1778523285.095985,1,1757,0,67,121,61,2
1778523285.1097806,2,175,0,45,122,33,1
1778523285.1125417,1,1757,0,67,122,61,2
1778523285.127009,2,175,0,45,122,33,1
1778523285.1303658,1,1757,0,67,122,61,2
1778523285.1443424,2,175,0,45,122,33,1
1778523285.1470976,1,1757,0,67,121,62,1
1778523285.1614974,2,175,0,45,122,33,1
1778523285.1655467,1,1757,0,67,122,60,2
1778523285.1796758,2,175,0,45,122,33,1
1778523285.1830556,1,1757,0,67,122,61,2
1778523285.1978412,2,175,0,45,122,33,1
1778523285.2008226,1,1757,0,67,122,61,2
1778523285.2148864,2,175,0,45,122,33,0
1778523285.2178133,1,1757,0,67,122,61,2
1778523285.2323008,2,175,0,45,122,33,1
1778523285.2355888,1,1757,0,67,122,61,2
1778523285.2495155,2,175,0,45,122,33,1
1778523285.2522907,1,1757,0,67,122,61,2
1778523285.2665842,2,175,0,45,122,33,1
1778523285.270144,1,1757,0,67,121,61,2
1778523285.2841322,2,175,0,45,122,33,1
1778523285.2869117,1,1757,0,67,122,61,2
1778523285.3017087,2,175,0,45,122,33,1
1778523285.3056743,1,1757,0,67,122,61,2
1778523285.3197124,2,175,0,45,122,33,1
1778523285.3232665,1,1757,0,67,122,61,2
1778523285.3384838,2,175,0,45,122,33,1
1778523285.3417342,1,1757,0,67,122,61,2
1778523285.355794,2,175,0,45,122,33,1
1778523285.3586683,1,1757,0,67,121,61,2
1778523285.3733454,2,175,0,45,122,33,1
1778523285.3772628,1,1757,0,67,122,61,2
1778523285.3913176,2,175,0,45,121,33,1
1778523285.3942494,1,1757,0,67,122,61,2
1778523285.4087899,2,175,0,45,122,33,1
1778523285.41199,1,1757,0,67,122,61,2
1778523285.4259064,2,175,0,45,122,33,1
1778523285.4287987,1,1757,0,67,121,61,2
1778523285.4433198,2,175,0,45,122,33,1
1778523285.4465196,1,1757,0,67,122,61,2
1778523285.4604108,2,175,0,45,122,33,1
1778523285.4631643,1,1757,0,67,122,61,2
1778523285.4776978,2,175,0,45,122,33,1
1778523285.4815564,1,1757,0,67,122,61,2
1778523285.495483,2,175,0,45,122,33,1
1778523285.4985068,1,1757,0,67,122,61,2
1778523285.513029,2,175,0,45,122,33,1
1778523285.516232,1,1757,0,67,122,61,2
1778523285.5303915,2,175,0,45,122,33,1
1778523285.5332968,1,1757,0,67,121,61,2
1778523285.5483458,2,175,0,45,122,33,0
1778523285.5517797,1,1757,0,65,122,61,1
1778523285.565849,2,175,0,45,122,33,1
1778523285.5686297,1,1757,0,56,122,61,2
1778523285.5834544,2,175,0,45,122,33,1
1778523285.5868125,1,1757,0,41,122,61,1
1778523285.6008415,2,175,0,45,122,33,1
1778523285.603745,1,1757,0,22,122,61,0
1778523285.6182494,2,175,0,45,122,33,1
1778523285.6218894,1,1757,0,38,122,61,0
1778523285.635979,2,175,0,45,122,33,1
1778523285.6388102,1,1758,0,72,122,61,1
1778523285.653495,2,175,0,45,121,33,1
1778523285.6574025,1,1759,50,109,120,61,28
1778523285.671316,2,175,0,45,121,33,1
1778523285.6740568,1,1760,100,147,118,61,47
1778523285.6885679,2,175,0,45,121,33,1
1778523285.6918845,1,1764,100,193,118,61,64
1778523285.7059436,2,175,0,45,118,33,1
1778523285.708852,1,1771,400,232,118,61,11
1778523285.7233553,2,175,0,45,121,33,1
1778523285.726691,1,1780,500,267,121,61,91
1778523285.7406583,2,175,0,45,121,33,1
1778523285.7434206,1,1791,500,300,116,61,97
1778523285.757861,2,175,0,45,121,33,1
1778523285.76178,1,1804,650,330,119,61,14
1778523285.7757063,2,175,0,45,120,33,1
1778523285.779092,1,1819,800,354,117,61,137
1778523285.7934418,2,175,0,45,118,33,1
1778523285.7967565,1,1836,850,380,120,61,135
1778523285.8107345,2,175,0,45,118,33,1
1778523285.8137095,1,1854,1000,396,120,61,149
1778523285.8282132,2,175,0,45,120,33,1
1778523285.831649,1,1873,1050,408,115,61,18
1778523285.8456206,2,175,0,45,114,33,1
1778523285.8486416,1,1893,1150,414,120,61,26
1778523285.863125,2,175,0,45,120,33,1
1778523285.8663552,1,1914,1150,418,111,61,20
1778523285.8802416,2,175,0,45,118,33,1
1778523285.883019,1,1928,1150,415,116,61,30
1778523285.8974159,2,175,0,45,111,33,0
1778523285.901049,1,1937,800,438,118,61,54
1778523285.9149547,2,175,0,45,109,33,1
1778523285.9178824,1,1942,500,472,116,61,87
1778523285.9323537,2,175,0,45,116,33,1
1778523285.9356582,1,1942,150,522,115,61,110
1778523285.9496052,2,175,0,45,115,33,0
1778523285.9523818,1,1943,50,570,113,61,131
1778523285.9668887,2,175,0,45,114,33,1
1778523285.9702394,1,1944,50,616,112,61,151
1778523285.9841533,2,175,0,45,113,33,1
1778523285.98686,1,1944,0,656,111,61,171
1778523286.0013645,2,175,0,45,112,33,1
1778523286.0054462,1,1944,0,693,110,61,190
1778523286.0194535,2,175,0,45,110,33,1
1778523286.022749,1,1944,0,723,109,61,203
1778523286.0373042,2,175,0,45,109,33,1
1778523286.040545,1,1944,0,747,108,61,219
1778523286.05451,2,175,0,45,108,33,1
1778523286.0574677,1,1944,0,765,108,61,227
1778523286.0719368,2,175,0,45,108,33,0
1778523286.0752604,1,1944,0,776,108,61,235
1778523286.0891974,2,175,0,45,108,33,0
1778523286.0920112,1,1944,0,781,107,61,235
1778523286.10648,2,175,0,45,108,33,1
1778523286.1100452,1,1944,0,781,107,61,234
1778523286.1240978,2,175,0,45,108,33,0
1778523286.1270037,1,1944,0,781,108,61,234
1778523286.1413689,2,175,0,45,108,33,0
1778523286.1449006,1,1944,0,781,107,61,234
1778523286.1588979,2,175,0,45,108,33,1
1778523286.1619213,1,1944,0,781,107,61,234
1778523286.176414,2,175,0,45,108,33,1
1778523286.179777,1,1944,0,781,107,61,245
1778523286.1936789,2,175,0,45,108,33,1
1778523286.1964562,1,1944,0,781,108,61,233
1778523286.2108905,2,175,0,45,108,33,0
1778523286.2142718,1,1944,0,781,107,61,235
1778523286.2282934,2,175,0,45,108,33,0
1778523286.23111,1,1944,0,781,107,61,234
1778523286.245911,2,175,0,45,108,33,1
1778523286.2498734,1,1944,0,781,107,61,236
1778523286.2640145,2,175,0,45,109,33,1
1778523286.267596,1,1944,0,781,107,61,233
1778523286.281964,2,175,0,45,108,33,1
1778523286.2849782,1,1944,0,781,107,61,242
1778523286.300394,2,175,0,45,108,33,1
1778523286.304057,1,1944,0,781,108,61,232
1778523286.3182013,2,175,0,45,108,33,1
1778523286.3212068,1,1944,0,781,107,61,237
1778523286.335135,2,175,0,45,108,33,1
1778523286.3382933,1,1944,0,781,107,61,231
1778523286.352715,2,175,0,45,108,33,1
1778523286.3561528,1,1944,0,781,107,61,233
1778523286.3703358,2,175,0,45,108,33,1
1778523286.3733113,1,1944,0,781,107,61,231
1778523286.38824,2,175,0,45,108,33,0
1778523286.3916893,1,1944,0,781,107,61,232
1778523286.4058306,2,175,0,43,108,33,1
1778523286.4086585,1,1944,0,781,108,61,231
1778523286.4235346,2,175,0,37,108,33,1
1778523286.4269087,1,1944,0,781,108,61,231
1778523286.4409738,2,175,0,23,108,33,0
1778523286.443699,1,1944,0,781,108,61,232
1778523286.458383,2,175,0,28,108,33,1
1778523286.4619458,1,1944,0,781,108,61,232
1778523286.4760463,2,174,-50,51,108,33,1
1778523286.4789262,1,1944,0,781,107,61,232
1778523286.4932165,2,173,0,81,108,33,1
1778523286.4972768,1,1944,0,781,108,61,231
1778523286.5112174,2,173,-50,120,108,33,3
1778523286.5141888,1,1944,0,781,107,61,230
1778523286.528754,2,171,-50,160,109,33,5
1778523286.53205,1,1944,0,781,107,61,238
1778523286.546074,2,165,-250,200,108,33,6
1778523286.5490353,1,1944,0,781,107,61,232
1778523286.5635965,2,158,-450,232,108,33,7
1778523286.5671957,1,1944,0,781,107,61,231
1778523286.5811694,2,149,-500,263,109,33,7
1778523286.5838902,1,1944,0,781,107,61,240
1778523286.5982795,2,137,-500,296,109,33,9
1778523286.6019304,1,1944,0,781,107,61,231
1778523286.616339,2,125,-650,325,108,33,10
1778523286.6193628,1,1944,0,781,107,61,229
1778523286.6331787,2,111,-750,353,108,33,10
1778523286.6360633,1,1944,0,781,107,61,228
1778523286.6505306,2,96,-850,378,109,33,12
1778523286.6542068,1,1944,0,781,107,61,229
1778523286.668283,2,77,-950,398,109,33,12
1778523286.6710901,1,1944,0,781,107,61,228
1778523286.6853464,2,59,-1050,411,108,33,10
1778523286.688875,1,1944,0,781,107,61,228
1778523286.7027073,2,40,-1100,420,108,33,10
1778523286.7056754,1,1944,0,781,106,61,230
1778523286.7202017,2,22,-1100,427,108,33,10
1778523286.7234447,1,1944,0,781,107,61,228
1778523286.7375066,2,1,-1100,434,108,33,10
1778523286.7402754,1,1944,0,781,107,61,229
1778523286.7547894,2,4076,-1150,437,108,33,10
1778523286.7583635,1,1944,0,781,107,61,229
1778523286.7723682,2,4055,-1200,437,108,33,11
1778523286.7751448,1,1944,0,781,107,61,230
1778523286.789571,2,4035,-1200,437,108,33,10
1778523286.7935,1,1944,0,781,107,61,229
1778523286.8076584,2,4017,-1150,439,107,33,17
1778523286.810923,1,1944,0,781,107,61,228
1778523286.825422,2,4004,-750,460,106,33,41
1778523286.8286781,1,1944,0,781,105,61,223
1778523286.8426175,2,3995,-500,495,104,33,67
1778523286.8455632,1,1944,0,781,104,61,222
1778523286.8602278,2,3990,-500,540,102,33,106
1778523286.8636475,1,1944,0,781,102,61,218
1778523286.8775446,2,3988,-300,587,100,33,135
1778523286.8802679,1,1944,0,781,100,61,213
1778523286.8947418,2,3988,-100,639,99,33,161
1778523286.8982193,1,1944,0,781,98,61,221
1778523286.9122386,2,3987,-50,693,98,33,186
1778523286.9153447,1,1944,0,781,97,61,210
1778523286.9298153,2,3985,-50,740,97,33,208
1778523286.9334054,1,1944,0,781,96,61,199
1778523286.9473612,2,3983,-100,777,95,33,233
1778523286.950187,1,1944,0,781,94,61,200
1778523286.9647107,2,3983,-50,806,94,33,248
1778523286.9686074,1,1944,0,781,94,61,199
1778523286.982488,2,3982,-50,836,93,33,267
1778523286.9852982,1,1944,0,781,93,61,199
1778523286.9998682,2,3982,-50,858,93,33,282
1778523287.0032635,1,1944,0,781,92,61,197
1778523287.0171626,2,3982,0,876,92,33,294
1778523287.0199692,1,1944,0,781,92,61,196
1778523287.0343597,2,3982,0,888,92,32,299
1778523287.0380404,1,1944,0,781,91,61,192
1778523287.0525558,2,3982,0,894,92,33,301
1778523287.0554717,1,1944,0,781,91,61,195
1778523287.0701463,2,3982,0,894,91,33,302
1778523287.0735967,1,1944,0,781,91,61,198
1778523287.088206,2,3982,0,894,92,33,301
1778523287.0923808,1,1944,0,781,91,61,192
1778523287.106503,2,3982,0,894,91,33,301
1778523287.1094067,1,1944,0,781,91,61,202
1778523287.1239014,2,3982,0,894,92,33,301
1778523287.1272597,1,1944,0,781,91,61,194
1778523287.1411908,2,3982,0,894,92,33,300
1778523287.143976,1,1944,0,781,91,61,193
1778523287.1584847,2,3982,0,894,92,33,300
1778523287.1620653,1,1944,0,781,91,61,193
1778523287.1765306,2,3982,0,894,92,33,300
1778523287.1794486,1,1944,0,781,91,61,193
1778523287.1941745,2,3982,0,894,92,33,301
1778523287.1978068,1,1944,0,781,91,61,190
1778523287.2126431,2,3982,0,894,92,33,299
1778523287.2156394,1,1944,0,781,92,61,194
1778523287.2294555,2,3982,0,894,91,33,299
1778523287.232237,1,1944,0,781,91,61,193
1778523287.2468834,2,3982,0,894,91,33,298
1778523287.250439,1,1944,0,781,91,61,190
1778523287.2648425,2,3982,0,894,92,33,298
1778523287.2677448,1,1944,0,781,91,61,193
1778523287.281599,2,3982,0,894,91,33,297
1778523287.2844326,1,1944,0,781,92,61,192
1778523287.301567,2,3982,0,894,92,33,296
1778523287.305015,1,1944,0,781,91,61,192
1778523287.3195577,2,3982,0,894,91,33,297
1778523287.3236349,1,1944,0,781,91,61,192
1778523287.3379548,2,3982,0,894,91,33,297
1778523287.3406777,1,1944,0,781,91,61,192
1778523287.3553584,2,3982,0,894,92,33,296
1778523287.3587894,1,1944,0,781,91,61,192
1778523287.3727243,2,3982,0,894,91,33,297
1778523287.375477,1,1944,0,781,91,61,192
1778523287.3899574,2,3982,0,894,92,33,295
1778523287.3934457,1,1944,0,781,91,61,192
1778523287.4080267,2,3982,0,894,92,33,295
1778523287.4111004,1,1944,0,781,91,61,192
1778523287.4253619,2,3982,0,894,92,33,295
1778523287.4285626,1,1944,0,781,91,61,190
1778523287.4424434,2,3982,0,894,92,33,293
1778523287.4453604,1,1944,0,781,91,61,192
1778523287.459826,2,3982,0,894,92,33,295
1778523287.4631367,1,1944,0,781,91,61,193
1778523287.4770536,2,3982,0,894,92,33,294
1778523287.4802425,1,1944,0,781,91,61,190
1778523287.494855,2,3982,0,894,92,33,293
1778523287.4984872,1,1944,0,781,91,61,193
1778523287.5124838,2,3982,0,894,92,33,294
1778523287.515281,1,1944,0,781,91,61,190
1778523287.5297847,2,3982,0,894,92,33,292
1778523287.533592,1,1944,0,781,91,61,189
1778523287.5474682,2,3982,0,894,92,33,293
1778523287.550717,1,1944,0,781,91,61,190
1778523287.5652857,2,3982,0,894,92,33,294
1778523287.5685587,1,1944,0,781,91,61,190
1778523287.5825107,2,3982,0,894,91,33,293
1778523287.585462,1,1944,0,781,91,61,193
1778523287.60023,2,3982,0,894,91,33,294
1778523287.6036196,1,1944,0,781,91,61,190
1778523287.6178,2,3982,0,894,91,33,293
1778523287.6208296,1,1944,0,781,91,61,192
1778523287.6357267,2,3982,0,893,91,33,292
1778523287.6390848,1,1944,0,781,91,61,193
1778523287.6532345,2,3982,0,885,92,33,286
1778523287.6558871,1,1944,0,779,91,61,189
1778523287.6707113,2,3982,0,872,92,33,277
1778523287.6743433,1,1944,0,770,92,61,188
1778523287.6887307,2,3982,0,850,93,33,268
1778523287.6914942,1,1944,0,755,93,61,181
1778523287.7062325,2,3982,0,824,94,33,253
1778523287.709875,1,1944,0,734,94,61,173
1778523287.7248447,2,3982,0,788,97,33,236
1778523287.727911,1,1944,0,706,96,61,162
1778523287.742052,2,3982,0,751,99,33,217
1778523287.7449625,1,1944,0,675,98,61,151
1778523287.7598271,2,3982,0,704,101,33,196
1778523287.7633405,1,1944,0,634,100,61,132
1778523287.7774959,2,3982,0,651,103,33,169
1778523287.7802799,1,1944,0,590,103,61,118
1778523287.7949538,2,3982,0,595,106,33,137
1778523287.7986665,1,1944,0,537,105,61,98
1778523287.8129382,2,3982,0,526,108,33,115
1778523287.8157501,1,1944,0,479,108,61,82
1778523287.8304484,2,3982,0,458,111,33,106
1778523287.834021,1,1944,0,414,111,61,66
1778523287.8480446,2,3982,0,379,113,33,87
1778523287.8508124,1,1944,0,346,113,61,40
1778523287.8652265,2,3982,0,299,115,33,46
1778523287.8690448,1,1944,0,268,116,61,27
1778523287.883012,2,3982,0,213,119,33,25
1778523287.8861353,1,1944,0,189,119,61,13
1778523287.900836,2,3983,0,126,121,33,9
1778523287.9040852,1,1943,0,102,121,61,4
1778523287.9180064,2,3983,50,46,121,33,2
1778523287.9209304,1,1942,-50,19,121,61,0
1778523287.9353716,2,3987,50,63,122,33,0
1778523287.9387069,1,1939,-150,85,121,61,21
1778523287.9527042,2,3993,200,132,120,33,0
1778523287.9555132,1,1933,-300,150,122,61,0
1778523287.9701874,2,4001,400,184,120,36,0
1778523287.9737754,1,1925,-400,212,121,61,4
1778523287.9877684,2,4011,500,235,117,33,3
1778523287.990553,1,1916,-400,267,120,61,8
1778523288.0050917,2,4019,500,282,115,33,7
1778523288.0090241,1,1910,-500,312,120,61,28
1778523288.0228934,2,4030,500,335,119,33,10
1778523288.0255198,1,1896,-400,356,111,61,21
1778523288.039881,2,4043,800,368,119,33,12
1778523288.0431583,1,1882,-800,365,113,61,131
1778523288.0571756,2,4060,950,387,113,33,12
1778523288.0600727,1,1865,-950,360,119,61,99
1778523288.0744166,2,4078,950,395,115,33,10
1778523288.078028,1,1849,-950,347,120,61,20
1778523288.0920687,2,2,1000,391,118,33,10
1778523288.0948462,1,1833,-900,330,118,61,11
1778523288.109259,2,22,1150,370,120,33,11
1778523288.1132853,1,1818,-850,312,113,62,103
1778523288.1273432,2,41,1100,347,116,34,7
1778523288.130701,1,1802,-850,287,120,61,8
1778523288.1453524,2,57,950,328,120,33,7
1778523288.148648,1,1789,-850,256,120,61,14
1778523288.1625085,2,74,950,303,119,33,6
1778523288.1655176,1,1777,-750,227,121,61,7
1778523288.179915,2,89,950,273,118,33,4
1778523288.1831691,1,1767,-600,205,121,61,6
1778523288.1970985,2,103,800,243,121,33,4
1778523288.1999266,1,1758,-600,174,121,61,5
1778523288.214287,2,115,800,213,121,33,3
1778523288.2179427,1,1751,-450,144,120,52,40
1778523288.232061,2,126,750,178,121,33,3
1778523288.2348044,1,1746,-350,117,121,61,3
1778523288.2495108,2,134,550,154,120,33,3
1778523288.2533896,1,1742,-250,96,121,61,3
1778523288.267274,2,141,400,130,121,33,2
1778523288.270487,1,1740,-100,83,121,61,2
1778523288.2851412,2,146,350,107,121,33,1
1778523288.2883496,1,1738,-100,76,121,62,2
1778523288.3023007,2,150,300,84,121,33,1
1778523288.3052921,1,1738,-100,69,121,61,2
1778523288.3197742,2,153,150,70,121,33,1
1778523288.3229983,1,1738,0,70,122,61,2
1778523288.3368506,2,155,150,60,121,33,2
1778523288.3396678,1,1738,0,70,121,61,2
1778523288.3540094,2,155,150,53,121,34,1
1778523288.3575053,1,1738,0,70,121,61,2
1778523288.371799,2,155,0,53,122,33,2
1778523288.374848,1,1738,0,70,121,61,2
1778523288.3892941,2,155,0,53,121,33,1
1778523288.3931823,1,1738,0,70,122,61,3
1778523288.4071116,2,155,0,53,121,33,1
1778523288.4100966,1,1738,0,70,122,61,2
1778523288.4244556,2,155,0,53,121,33,1
1778523288.427615,1,1738,0,70,121,62,2
1778523288.4414046,2,155,0,53,121,33,2
1778523288.444115,1,1738,0,70,122,61,2
1778523288.4585257,2,155,0,53,122,33,1
1778523288.4620752,1,1738,0,70,122,61,1
1778523288.4762933,2,155,0,53,121,33,1
1778523288.479378,1,1738,0,70,121,61,2
1778523288.4938698,2,155,0,53,121,33,2
1778523288.4974551,1,1738,0,70,122,61,2
1778523288.5113163,2,155,0,53,122,33,2
1778523288.5144963,1,1738,0,70,122,61,2
1778523288.5291934,2,155,0,53,121,33,1
1778523288.532384,1,1738,0,70,121,61,2
1778523288.5481923,2,155,0,53,121,33,1
1778523288.5514708,1,1738,0,70,121,61,2
1778523288.5664177,2,155,0,53,121,33,1
1778523288.5696447,1,1738,0,70,121,61,2
1778523288.5836549,2,155,0,53,121,33,1
1778523288.5865598,1,1738,0,70,121,61,2
1778523288.601367,2,155,0,53,121,33,1
1778523288.6053612,1,1738,0,70,122,61,2
1778523288.6193385,2,155,0,53,122,33,2
1778523288.622924,1,1738,0,70,122,61,2
1778523288.6374145,2,155,0,53,121,33,1
1778523288.6404989,1,1738,0,70,121,61,2
1778523288.6552718,2,155,0,53,122,33,1
1778523288.658543,1,1738,0,70,121,61,2
1778523288.6728997,2,155,0,53,121,33,1
1778523288.6756637,1,1738,0,70,121,61,2
1778523288.6905143,2,155,0,53,121,33,1
1778523288.694151,1,1738,0,70,121,61,2
1778523288.708479,2,155,0,53,121,33,2
1778523288.7112565,1,1738,0,70,122,61,2
1778523288.7260203,2,155,0,53,121,33,2
1778523288.7299433,1,1738,0,70,121,61,2
1778523288.744116,2,155,0,53,121,33,2
1778523288.7476678,1,1738,0,70,121,61,2
1778523288.7623117,2,155,0,53,121,33,1
1778523288.765301,1,1738,0,70,121,61,2
1778523288.7792587,2,155,0,53,121,33,1
1778523288.782283,1,1738,0,70,121,61,2
1778523288.7968442,2,155,0,53,121,33,2
1778523288.800026,1,1738,0,70,121,61,2
1778523288.8138716,2,155,0,53,121,33,1
1778523288.816661,1,1738,0,70,122,61,2
1778523288.8310416,2,155,0,53,121,33,1
1778523288.8342807,1,1738,0,70,121,61,2
1778523288.848172,2,155,0,53,121,33,1
1778523288.850871,1,1738,0,70,121,61,2
1778523288.865133,2,155,0,53,122,33,1
1778523288.8690178,1,1738,0,70,121,61,1
1778523288.8829381,2,155,0,53,121,33,2
1778523288.8858898,1,1738,0,70,121,61,2
1778523288.9004605,2,155,0,53,122,33,2
1778523288.9036963,1,1738,0,70,121,61,2
1778523288.9177237,2,155,0,53,121,33,2
1778523288.9207711,1,1738,0,70,122,61,2
1778523288.9353034,2,155,0,53,121,33,1
1778523288.9387746,1,1738,0,70,122,61,2
1778523288.9526699,2,155,0,53,121,33,2
1778523288.9554656,1,1738,0,70,121,61,2
1778523288.9698231,2,155,0,53,122,33,1
1778523288.973389,1,1738,0,70,122,61,2
1778523288.987494,2,156,0,53,121,33,1
1778523288.990501,1,1738,0,70,121,61,2
1778523289.004727,2,155,0,53,121,33,1
1778523289.0084963,1,1738,0,70,122,61,2
1778523289.0223856,2,155,0,53,121,33,1
1778523289.0253837,1,1738,0,70,121,61,2
1778523289.0397177,2,155,0,53,121,33,1
1778523289.0429394,1,1738,0,70,122,61,2
1778523289.0576708,2,155,0,53,122,33,1
1778523289.0616071,1,1738,0,70,121,61,2
1778523289.0755508,2,155,0,53,121,33,1
1778523289.0788946,1,1738,0,70,122,61,2
1778523289.0932715,2,155,0,53,121,33,1
1778523289.096208,1,1738,0,70,122,61,2
1778523289.1100616,2,155,0,53,121,34,1
1778523289.1129088,1,1738,0,70,121,61,2
1778523289.127612,2,155,0,53,121,33,1
1778523289.1309273,1,1738,0,70,122,61,2
1778523289.145076,2,155,0,53,121,33,2
1778523289.1479278,1,1738,0,70,122,61,2
1778523289.1628222,2,155,0,52,121,33,1
1778523289.1665478,1,1738,0,67,121,61,2
1778523289.180893,2,155,0,43,122,33,1
1778523289.183706,1,1738,0,58,122,61,0
1778523289.1984026,2,155,0,31,122,33,0
1778523289.2020655,1,1738,0,43,122,61,1
1778523289.2164857,2,155,0,23,122,33,0
1778523289.2193193,1,1738,0,23,122,61,0
1778523289.2342048,2,154,0,49,122,33,1
1778523289.2380927,1,1738,0,38,122,61,0
1778523289.2522037,2,153,-100,81,121,33,2
1778523289.255378,1,1739,0,72,121,61,2
1778523289.269903,2,153,-100,111,120,33,3
1778523289.2728999,1,1740,50,110,120,61,26
1778523289.2869003,2,150,0,160,121,33,4
1778523289.2900076,1,1741,100,147,121,61,5
1778523289.3046792,2,144,-200,194,121,33,7
1778523289.3079755,1,1744,100,194,121,61,10
1778523289.3218718,2,136,-400,225,120,33,7
1778523289.324667,1,1751,400,235,114,61,74
1778523289.339158,2,127,-500,252,120,33,8
1778523289.3425364,1,1761,400,270,120,61,85
1778523289.356485,2,115,-600,281,119,33,9
1778523289.3594348,1,1772,500,304,120,61,20
1778523289.3737886,2,103,-750,309,120,33,10
1778523289.3773286,1,1785,700,330,112,61,121
1778523289.391439,2,87,-850,336,114,33,9
1778523289.3945782,1,1800,750,360,119,61,29
1778523289.4090025,2,70,-850,361,118,33,10
1778523289.4122858,1,1817,850,386,119,61,22
1778523289.4261258,2,52,-950,376,114,33,9
1778523289.4290245,1,1834,1000,402,119,61,24
1778523289.4433775,2,35,-1000,389,113,33,11
1778523289.4467022,1,1853,1100,412,119,62,179
1778523289.4613228,2,15,-1050,400,119,33,10
1778523289.464381,1,1874,1150,417,116,61,16
1778523289.4785712,2,4090,-1150,400,112,33,7
1778523289.4815328,1,1893,1150,415,114,61,146
1778523289.4963326,2,4070,-1200,392,119,33,7
1778523289.4997184,1,1914,1150,406,120,61,23
1778523289.5137832,2,4048,-1150,376,111,33,6
1778523289.5165267,1,1929,1050,401,119,61,30
1778523289.5312722,2,4030,-1150,357,110,33,4
1778523289.534816,1,1937,800,407,118,61,44
1778523289.5510085,2,4014,-850,335,109,33,12
1778523289.5541468,1,1941,350,438,106,61,204
1778523289.5691113,2,4004,-850,324,107,33,30
1778523289.5734906,1,1941,100,480,104,62,239
1778523289.5878263,2,3999,-450,343,104,33,40
1778523289.5913835,1,1941,0,521,101,61,252
1778523289.606168,2,3997,-300,361,101,33,42
1778523289.6091802,1,1941,0,557,100,62,273
1778523289.6233156,2,3996,-50,388,99,33,55
1778523289.6264026,1,1941,0,585,98,62,292
1778523289.641091,2,3996,-50,407,98,33,60
1778523289.6443093,1,1942,0,606,97,61,301
1778523289.6583757,2,3995,-50,420,97,33,67
1778523289.6614003,1,1942,50,619,96,62,312
1778523289.6761658,2,3994,0,430,96,33,69
1778523289.6795847,1,1942,50,625,96,61,316
1778523289.6937025,2,3994,-50,431,96,33,70
1778523289.696613,1,1942,0,629,95,62,317
1778523289.7114477,2,3994,0,429,97,33,66
1778523289.7148824,1,1942,0,629,95,61,316
1778523289.7290971,2,3994,0,423,98,33,65
1778523289.732057,1,1942,0,622,95,62,310
1778523289.7460067,2,3994,0,412,98,33,64
1778523289.7488046,1,1942,0,610,96,62,306
1778523289.763285,2,3994,0,396,99,33,61
1778523289.7666664,1,1942,0,590,97,62,295
1778523289.7805858,2,3994,0,371,101,33,57
1778523289.783378,1,1942,0,567,98,61,280
1778523289.7982001,2,3994,0,342,103,33,46
1778523289.8017561,1,1942,0,535,100,61,250
1778523289.8164535,2,3994,0,303,105,33,38
1778523289.8206594,1,1941,-50,496,102,61,227
1778523289.8348675,2,3994,0,257,105,33,28
1778523289.8378105,1,1942,-50,454,105,61,198
1778523289.8523798,2,3994,0,210,109,33,18
1778523289.8556626,1,1942,50,397,107,61,178
1778523289.8696,2,3994,0,153,111,33,8
1778523289.8725345,1,1942,0,344,109,61,143
1778523289.887012,2,3994,0,94,113,33,3
1778523289.890632,1,1942,0,280,112,61,118
1778523289.9046142,2,3995,0,25,117,33,0
1778523289.9074934,1,1942,0,213,114,61,68
1778523289.9217756,2,3996,50,73,119,33,0
1778523289.9253266,1,1941,-50,139,119,61,39
1778523289.939176,2,4001,150,144,121,33,0
1778523289.9421606,1,1941,0,62,121,61,12
1778523289.9566686,2,4009,350,204,121,33,3
1778523289.9599218,1,1939,-100,53,122,61,0
1778523289.9740114,2,4016,450,257,121,33,5
1778523289.9768596,1,1935,-100,128,120,62,27
1778523289.9914005,2,4025,450,311,120,33,9
1778523289.9946558,1,1929,-250,189,121,61,4
1778523290.0085542,2,4038,750,354,119,33,10
1778523290.0113506,1,1920,-400,246,120,61,7
1778523290.0260048,2,4054,750,384,117,33,14
1778523290.0299742,1,1913,-500,290,120,61,105
1778523290.0438974,2,4073,900,400,120,33,13
1778523290.0475738,1,1903,-400,332,116,61,16
1778523290.0618186,2,4093,1050,399,119,33,12
1778523290.064878,1,1888,-750,354,114,62,126
1778523290.078815,2,17,1150,385,114,33,8
1778523290.081881,1,1872,-900,355,120,61,22
1778523290.0965679,2,35,1150,365,115,33,8
1778523290.0999053,1,1855,-950,344,120,61,14
1778523290.113966,2,52,950,349,120,33,8
1778523290.1167479,1,1839,-950,326,113,61,16
1778523290.1312234,2,70,1050,329,116,33,7
1778523290.1348526,1,1825,-850,310,120,61,97
1778523290.1489692,2,87,950,300,121,33,6
1778523290.1517115,1,1810,-850,285,114,61,20
1778523290.1660168,2,102,950,271,119,33,4
1778523290.1695511,1,1797,-850,255,120,61,7
1778523290.1835508,2,117,900,238,117,33,4
1778523290.1863463,1,1785,-650,230,115,61,8
1778523290.2008224,2,128,800,209,121,33,3
1778523290.204825,1,1776,-650,200,118,61,72
1778523290.2190316,2,138,600,185,117,33,3
1778523290.2220728,1,1766,-500,174,121,61,5
1778523290.2367008,2,147,500,160,121,33,3
1778523290.2399962,1,1759,-450,144,121,61,4
1778523290.2540224,2,154,450,132,120,33,2
1778523290.256875,1,1754,-300,116,121,61,3
1778523290.271277,2,160,350,106,121,33,2
1778523290.2745383,1,1751,-300,95,120,62,22
1778523290.2884634,2,164,300,84,120,33,1
1778523290.291205,1,1748,-200,83,121,61,3
1778523290.3058069,2,167,300,64,121,33,1
1778523290.309768,1,1747,-100,76,121,61,2
1778523290.323801,2,168,150,55,121,33,1
1778523290.3265727,1,1747,-50,73,121,61,2
1778523290.3411753,2,169,50,54,121,33,1
1778523290.3449633,1,1747,0,72,122,62,2
1778523290.3590257,2,169,50,50,121,33,1
1778523290.3618581,1,1747,0,72,121,61,2
1778523290.376374,2,169,0,50,121,33,1
1778523290.3806622,1,1747,0,72,121,61,2
1778523290.3948057,2,169,0,50,121,33,2
1778523290.397694,1,1747,0,72,121,62,2
1778523290.412261,2,169,0,50,121,33,2
1778523290.4156928,1,1747,0,72,122,61,2
1778523290.4296455,2,169,0,50,121,33,2
1778523290.4327166,1,1747,0,72,121,61,2
1778523290.4472544,2,169,0,50,121,33,1
1778523290.4505024,1,1747,0,72,122,61,2
1778523290.4654677,2,169,0,50,121,33,1
1778523290.4695377,1,1747,0,72,121,61,2
1778523290.4837594,2,169,0,50,121,33,1
1778523290.4872677,1,1747,0,72,121,61,2
1778523290.5025034,2,169,0,50,121,33,1
1778523290.505682,1,1747,0,72,122,61,2
1778523290.5200725,2,169,0,50,121,33,1
1778523290.5230832,1,1747,0,72,121,60,2
1778523290.537086,2,169,0,50,121,33,1
1778523290.5398293,1,1747,0,72,121,61,3
1778523290.5545728,2,169,0,50,121,33,1
1778523290.558247,1,1747,0,70,122,61,2
1778523290.572727,2,169,0,50,121,33,2
1778523290.5754647,1,1747,0,61,121,61,1
1778523290.590302,2,169,0,48,122,33,1
1778523290.5938826,1,1747,0,45,121,61,1
1778523290.6080465,2,169,0,40,122,33,1
1778523290.6108398,1,1747,0,24,122,61,0
1778523290.625602,2,169,0,27,122,33,0
1778523290.6295435,1,1747,0,36,122,61,0
1778523290.6435916,2,169,0,26,121,33,0
1778523290.6469502,1,1748,0,71,121,61,17
1778523290.6615887,2,168,0,53,121,33,1
1778523290.664733,1,1749,50,109,122,61,3
1778523290.6789124,2,167,-50,81,119,33,1
1778523290.6819768,1,1750,100,148,119,62,5
1778523290.696812,2,167,-50,117,118,33,3
1778523290.700144,1,1753,50,200,119,61,9
1778523290.7140498,2,163,-100,155,120,33,4
1778523290.716912,1,1761,400,240,120,61,10
1778523290.7314196,2,157,-250,190,117,33,6
1778523290.7347548,1,1770,550,272,119,61,11
1778523290.7488568,2,150,-400,225,116,33,6
1778523290.751638,1,1782,550,306,118,61,13
1778523290.7661536,2,140,-600,253,114,33,7
1778523290.7699058,1,1795,650,334,120,61,21
1778523290.7839327,2,128,-600,282,120,33,9
1778523290.7872791,1,1810,750,365,118,61,16
1778523290.8022254,2,115,-650,312,120,33,10
1778523290.8054967,1,1828,900,388,118,61,16
1778523290.8200233,2,100,-750,341,113,33,9
1778523290.8239853,1,1847,1000,402,119,61,138
1778523290.8380094,2,82,-900,363,118,33,11
1778523290.8407934,1,1866,1100,410,112,61,151
1778523290.855591,2,64,-950,380,116,33,10
1778523290.8589242,1,1885,1100,418,119,61,23
1778523290.8731837,2,44,-1100,389,119,33,11
1778523290.8760316,1,1906,1150,417,114,61,145
1778523290.890802,2,26,-1100,391,119,33,9
1778523290.8945448,1,1923,1000,414,118,61,32
1778523290.9087503,2,4,-1100,388,119,33,11
1778523290.9115071,1,1935,1000,419,118,61,165
1778523290.9258776,2,4080,-1200,375,113,33,5
1778523290.929451,1,1941,650,433,108,61,190
1778523290.94349,2,4060,-1200,353,108,33,4
1778523290.9462276,1,1942,250,475,105,62,225
1778523290.9610698,2,4043,-1100,332,106,33,5
1778523290.9653685,1,1942,50,521,104,62,263
1778523290.9796348,2,4026,-950,314,105,33,5
1778523290.983188,1,1942,0,563,101,62,286
1778523290.998188,2,4015,-900,293,102,33,9
1778523291.0012252,1,1942,0,602,100,62,313
1778523291.015335,2,4008,-500,294,100,33,17
1778523291.018317,1,1942,0,629,98,62,322
1778523291.033254,2,4005,-300,301,98,33,30
1778523291.0365453,1,1942,0,652,97,62,338
1778523291.050496,2,4002,-150,310,97,33,33
1778523291.053557,1,1942,0,667,96,62,344
1778523291.0681803,2,4001,-50,323,96,33,37
1778523291.0715342,1,1942,0,679,96,62,355
1778523291.085481,2,4000,-100,328,96,33,33
1778523291.0882428,1,1942,0,682,96,62,350
1778523291.103003,2,4000,-100,326,96,33,38
1778523291.1066322,1,1942,0,682,96,62,353
1778523291.1208975,2,3999,0,328,96,33,36
1778523291.123691,1,1942,0,676,96,62,343
1778523291.1384835,2,3999,-50,324,97,33,43
1778523291.1420891,1,1942,0,664,96,62,333
1778523291.1562772,2,3999,0,324,97,33,36
1778523291.1590667,1,1942,0,647,97,62,329
1778523291.1734993,2,3999,0,324,97,33,39
1778523291.1775146,1,1942,0,630,98,62,313
1778523291.1916819,2,3999,0,324,98,33,43
1778523291.1949613,1,1942,0,619,98,62,306
1778523291.20934,2,3999,0,324,98,33,41
1778523291.2125654,1,1942,0,615,98,62,306
1778523291.2265086,2,3999,0,324,98,33,43
1778523291.2295709,1,1942,0,616,98,62,299
1778523291.244045,2,3999,0,324,100,33,42
1778523291.2473302,1,1942,0,616,98,62,308
1778523291.2612143,2,3999,0,324,98,33,41
1778523291.2639792,1,1942,0,616,98,62,301
1778523291.2784882,2,3999,0,324,98,33,36
1778523291.2824736,1,1942,0,616,98,62,300
1778523291.2972925,2,3999,0,324,100,33,44
1778523291.3005817,1,1942,0,616,98,62,299
1778523291.314511,2,3999,0,324,100,33,38
1778523291.3175673,1,1942,0,616,98,62,298
1778523291.3320787,2,3999,0,324,100,33,45
1778523291.3354533,1,1942,0,616,98,62,302
1778523291.3494866,2,3999,0,324,100,33,37
1778523291.3521907,1,1942,0,616,98,62,299
1778523291.3664594,2,3999,0,324,100,33,42
1778523291.3699553,1,1942,0,616,98,62,301
1778523291.3840287,2,3999,0,324,101,33,39
1778523291.3868704,1,1942,0,616,98,62,299
1778523291.4013429,2,3999,0,324,101,33,42
1778523291.4053428,1,1942,0,616,98,62,304
1778523291.4196367,2,3999,0,324,101,33,43
1778523291.4226263,1,1942,0,616,98,62,294
1778523291.4368732,2,3999,0,324,101,33,42
1778523291.440793,1,1942,0,616,98,62,299
1778523291.454718,2,3999,0,324,101,33,37
1778523291.4576428,1,1942,0,616,98,62,295
1778523291.472341,2,3999,0,324,100,33,38
1778523291.4756544,1,1942,0,616,98,62,296
1778523291.4895823,2,3999,0,324,100,33,46
1778523291.49231,1,1942,0,616,98,62,294
1778523291.506673,2,3999,0,324,101,33,38
1778523291.5101774,1,1942,0,616,98,62,300
1778523291.5240095,2,3999,0,324,100,33,40
1778523291.526967,1,1942,0,616,98,62,294
1778523291.5412638,2,3999,0,324,101,33,43
1778523291.545086,1,1942,0,616,98,62,296
1778523291.5595374,2,3999,0,324,99,33,41
1778523291.5628586,1,1942,0,616,98,62,291
1778523291.5774322,2,3999,0,324,100,33,39
1778523291.5806043,1,1942,0,616,98,62,293
1778523291.594582,2,3999,0,324,99,33,37
1778523291.597583,1,1942,0,616,98,62,291
1778523291.6121168,2,3999,0,324,99,33,37
1778523291.6153486,1,1942,0,616,98,62,296
1778523291.6292474,2,3999,0,324,99,33,41
1778523291.6320136,1,1942,0,616,99,62,295
1778523291.6465373,2,3999,0,324,99,33,40
1778523291.6500323,1,1942,0,616,98,62,295
1778523291.6639576,2,3999,0,324,99,33,37
1778523291.6667464,1,1942,0,616,98,62,300
1778523291.6811266,2,3999,0,324,100,33,38
1778523291.685105,1,1942,0,616,99,62,299
1778523291.6992846,2,3999,0,324,99,33,37
1778523291.7025328,1,1942,0,616,98,62,299
1778523291.7170892,2,3999,0,324,99,33,41
1778523291.7203069,1,1942,0,616,98,62,293
1778523291.7341979,2,3999,0,324,100,33,37
1778523291.7370703,1,1942,0,616,98,62,296
1778523291.7515006,2,3999,0,324,101,33,38
1778523291.7548537,1,1942,0,616,98,62,289
1778523291.7686605,2,3999,0,324,100,33,36
1778523291.7713983,1,1942,0,616,98,62,298
1778523291.7857103,2,3999,0,324,101,33,49
1778523291.7892902,1,1942,0,616,98,62,295
1778523291.8032153,2,3999,0,324,101,33,41
1778523291.8062928,1,1942,0,616,98,62,292
1778523291.8208523,2,3999,0,324,100,33,39
1778523291.8240683,1,1942,0,616,98,62,287
1778523291.837952,2,3999,0,324,100,33,36
1778523291.840799,1,1942,0,616,98,62,295
1778523291.855235,2,3999,0,324,100,33,43
1778523291.8586483,1,1942,0,616,98,62,292
1778523291.8726335,2,3999,0,324,100,33,36
1778523291.8754127,1,1942,0,616,98,62,293
1778523291.889844,2,3999,0,324,99,33,37
1778523291.8934724,1,1942,0,616,99,62,293
1778523291.9075818,2,3999,0,324,99,33,43
1778523291.910793,1,1942,0,616,99,62,286
1778523291.9253588,2,3999,0,324,99,33,38
1778523291.928445,1,1942,0,616,99,62,285
1778523291.9424345,2,3999,0,324,99,33,39
1778523291.945472,1,1942,0,616,98,62,286
1778523291.9599159,2,3999,0,324,99,33,37
1778523291.9634485,1,1942,0,616,99,62,284
1778523291.9774582,2,3999,0,324,99,33,38
1778523291.980229,1,1942,0,616,99,62,286
1778523291.99466,2,3999,0,324,99,33,46
1778523291.9979262,1,1942,0,616,99,62,289
1778523292.012664,2,3999,0,324,98,33,38
1778523292.0169096,1,1942,0,616,99,62,295
1778523292.0311685,2,3999,0,324,100,33,42
1778523292.0343237,1,1942,0,616,99,62,288
1778523292.0509126,2,3999,0,324,101,33,43
1778523292.054123,1,1942,0,616,99,62,286
1778523292.0683975,2,3999,0,324,101,33,38
1778523292.0723772,1,1942,0,616,98,62,284
1778523292.0864227,2,3999,0,324,101,33,40
1778523292.0893645,1,1942,0,616,98,62,291
1778523292.1039257,2,3999,0,324,101,33,37
1778523292.1074114,1,1942,0,616,98,62,294
1778523292.121322,2,3999,0,324,100,33,44
1778523292.124103,1,1942,0,616,98,62,288
1778523292.1385152,2,3999,0,324,100,33,40
1778523292.1420121,1,1942,0,616,98,62,288
1778523292.1560204,2,3999,0,324,100,33,37
1778523292.158808,1,1942,0,616,98,62,282
1778523292.173165,2,3999,0,324,99,33,43
1778523292.177047,1,1942,0,616,99,62,290
1778523292.1910887,2,3999,0,324,99,33,37
1778523292.1941378,1,1942,0,616,99,62,284
1778523292.2083821,2,3999,0,324,99,33,36
1778523292.2116575,1,1942,0,616,99,62,283
1778523292.2257001,2,3999,0,324,99,33,43
1778523292.2286732,1,1941,0,616,99,62,284
1778523292.2430758,2,3999,0,324,101,33,41
1778523292.2463627,1,1942,0,616,99,62,283
1778523292.2606783,2,3999,0,324,101,33,37
1778523292.2636178,1,1942,0,616,99,62,288
1778523292.2774882,2,3999,0,324,101,33,40
1778523292.2803319,1,1942,0,616,99,62,285
1778523292.2948313,2,3999,0,324,101,33,41
1778523292.2983887,1,1942,0,616,99,62,286
1778523292.3122544,2,3999,0,324,100,33,40
1778523292.315072,1,1942,0,616,99,62,282
1778523292.3294985,2,3999,0,324,100,33,44
1778523292.333331,1,1942,0,616,98,62,286
1778523292.3471951,2,3999,0,324,100,33,36
1778523292.350378,1,1942,0,616,99,62,279
1778523292.3649385,2,3999,0,324,99,33,39
1778523292.36814,1,1942,0,616,99,62,281
1778523292.3820145,2,3999,0,324,99,33,36
1778523292.3849134,1,1942,0,616,99,62,289
1778523292.3992834,2,3999,0,324,100,33,43
1778523292.402724,1,1942,0,616,99,62,290
1778523292.4166849,2,3999,0,324,101,33,37
1778523292.4194357,1,1942,0,616,99,62,284
1778523292.4337497,2,3999,0,324,101,33,41
1778523292.437338,1,1942,0,616,99,62,284
1778523292.4512408,2,3999,0,324,101,33,37
1778523292.4540265,1,1942,0,616,98,62,286
1778523292.4686313,2,3999,0,324,101,33,37
1778523292.472801,1,1942,0,616,99,62,284
1778523292.4870586,2,3999,0,324,100,33,43
1778523292.4901247,1,1942,0,616,99,62,284
1778523292.5044317,2,3999,0,324,100,33,42
1778523292.5077171,1,1942,0,616,99,62,286
1778523292.521621,2,3999,0,324,100,33,36
1778523292.5243804,1,1942,0,616,98,62,281
1778523292.5388577,2,3999,0,324,99,33,38
1778523292.5422337,1,1942,0,616,98,62,280
1778523292.5560775,2,3999,0,324,99,33,39
1778523292.5590675,1,1942,0,616,99,62,284
1778523292.5735328,2,3999,0,324,99,33,41
1778523292.5767517,1,1942,0,616,99,62,279
1778523292.5907016,2,3999,0,324,99,33,43
1778523292.5937436,1,1942,0,616,99,62,282
1778523292.6082575,2,3999,0,324,99,33,43
1778523292.611496,1,1942,0,616,99,62,284
1778523292.6254084,2,3999,0,324,101,33,41
1778523292.6281805,1,1942,0,616,99,62,277
1778523292.6424475,2,3999,0,324,101,33,36
1778523292.6460032,1,1942,0,616,99,62,281
1778523292.6599777,2,3999,0,324,101,33,46
1778523292.6627545,1,1942,0,616,99,62,278
1778523292.6771407,2,3999,0,324,101,33,37
1778523292.6810482,1,1942,0,616,98,62,283
1778523292.6950905,2,3999,0,324,100,33,38
1778523292.698283,1,1942,0,616,99,62,277
1778523292.7127843,2,3999,0,324,100,33,43
1778523292.7159383,1,1942,0,616,98,62,278
1778523292.729779,2,3999,0,324,100,33,43
1778523292.73255,1,1942,0,616,98,62,280
1778523292.7468104,2,3999,0,324,100,33,44
1778523292.7504082,1,1942,0,616,98,63,280
1778523292.7644217,2,3999,0,324,100,33,39
1778523292.7672002,1,1942,0,616,99,62,277
1778523292.7814856,2,3999,0,324,100,33,37
1778523292.7853558,1,1942,0,616,99,62,285
1778523292.79927,2,3999,0,324,99,33,37
1778523292.8024726,1,1942,0,616,99,62,281
1778523292.8170002,2,3999,0,324,99,33,36
1778523292.820198,1,1942,0,616,99,62,276
1778523292.8340619,2,3999,0,324,99,33,42
1778523292.8370333,1,1942,0,616,98,62,280
1778523292.8515546,2,3999,0,324,99,33,42
1778523292.8550246,1,1942,0,616,99,62,284
1778523292.8693378,2,3999,0,324,101,33,42
1778523292.872337,1,1942,0,616,99,62,297
1778523292.8867047,2,3999,0,324,101,33,44
1778523292.890229,1,1942,0,616,99,62,283
1778523292.9041972,2,3999,0,324,101,33,38
1778523292.9070957,1,1942,0,616,98,62,278
1778523292.9215286,2,3999,0,324,101,33,37
1778523292.9254525,1,1942,0,616,98,62,277
1778523292.9393115,2,3999,0,324,100,33,40
1778523292.942471,1,1942,0,616,99,62,275
1778523292.9570315,2,3999,0,324,100,33,37
1778523292.9602342,1,1942,0,616,99,62,282
1778523292.9741054,2,3999,0,324,100,33,42
1778523292.977012,1,1942,0,616,99,62,279
1778523292.9915426,2,3999,0,324,100,33,38
1778523292.99494,1,1942,0,616,99,62,284
1778523293.0090773,2,3999,0,324,99,33,41
1778523293.012092,1,1942,0,616,99,62,281
1778523293.026372,2,3999,0,324,99,33,39
1778523293.0299556,1,1942,0,616,100,62,277
1778523293.0453854,2,3999,0,324,99,33,43
1778523293.0484943,1,1942,0,616,99,62,273
1778523293.0629547,2,3999,0,324,101,33,39
1778523293.0663857,1,1942,0,616,99,62,279
1778523293.0804007,2,3999,0,324,101,33,37
1778523293.0832298,1,1942,0,616,99,62,276
1778523293.0977244,2,3999,0,324,101,33,42
1778523293.10174,1,1942,0,616,99,62,274
1778523293.1158452,2,3999,0,324,101,33,40
1778523293.1186059,1,1942,0,616,99,62,273
1778523293.1329844,2,3999,0,324,101,33,38
1778523293.1369276,1,1942,0,616,98,62,276
1778523293.150907,2,3999,0,324,100,33,41
1778523293.153829,1,1941,0,616,99,62,276
1778523293.1684122,2,3999,0,324,100,33,41
1778523293.1718204,1,1942,0,616,99,62,275
1778523293.1857555,2,3999,0,324,100,33,37
1778523293.188632,1,1942,0,616,99,62,281
1778523293.20303,2,3999,0,324,99,33,50
1778523293.206246,1,1942,0,616,98,62,285
1778523293.2209039,2,3999,0,324,100,33,43
1778523293.2250187,1,1942,0,616,99,62,280
1778523293.239136,2,3999,0,324,100,33,38
1778523293.2421606,1,1942,0,616,99,62,281
1778523293.2568889,2,3999,0,324,99,33,42
1778523293.260036,1,1942,0,616,99,62,276
1778523293.2741113,2,3999,0,324,100,33,37
1778523293.2771673,1,1942,0,616,100,62,279
1778523293.2916048,2,3999,0,324,100,33,38
1778523293.2948368,1,1942,0,616,99,62,274
1778523293.3088262,2,3999,0,324,101,33,37
1778523293.3118465,1,1942,0,616,100,62,281
1778523293.3263383,2,3999,0,324,101,33,38
1778523293.3295221,1,1942,0,616,100,62,284
1778523293.3434122,2,3999,0,324,101,33,38
1778523293.346685,1,1942,0,616,99,62,276
1778523293.3611953,2,3999,0,324,101,33,41
1778523293.364354,1,1942,0,616,99,62,274
1778523293.3782318,2,3999,0,324,102,33,39
1778523293.3811204,1,1942,0,616,99,62,274
1778523293.3955631,2,3999,0,324,102,33,44
1778523293.398844,1,1942,0,616,99,62,279
1778523293.4127967,2,3999,0,324,102,33,39
1778523293.4156048,1,1942,0,616,99,62,276
1778523293.430015,2,3999,0,324,100,33,43
1778523293.433984,1,1942,0,616,99,62,273
1778523293.448054,2,3999,0,324,100,33,38
1778523293.450913,1,1941,0,616,100,62,271
1778523293.4657276,2,3999,0,324,100,33,37
1778523293.469611,1,1942,0,616,100,62,279
1778523293.4836142,2,3999,0,324,100,33,37
1778523293.4868252,1,1942,0,616,99,62,273
1778523293.5014172,2,3999,0,324,100,33,37
1778523293.504615,1,1942,0,616,100,62,273
1778523293.518545,2,3999,0,324,100,33,39
1778523293.5216315,1,1942,0,616,100,62,273
1778523293.5361125,2,3999,0,324,99,33,41
1778523293.539314,1,1942,0,616,100,62,273
1778523293.5532582,2,3999,0,324,101,33,38
1778523293.556225,1,1942,0,616,99,62,270
1778523293.570556,2,3999,0,324,101,33,38
1778523293.5741887,1,1942,0,616,99,62,274
1778523293.588275,2,3999,0,324,102,33,40
1778523293.591114,1,1942,0,616,99,62,279
1778523293.6055703,2,3999,0,324,100,33,43
1778523293.6094863,1,1942,0,616,100,62,269
1778523293.6234455,2,3999,0,324,100,33,41
1778523293.6267881,1,1942,0,616,100,62,274
1778523293.6529331,2,3999,0,324,100,33,39
1778523293.6569812,1,1942,-50,617,100,62,278
1778523293.670835,2,3999,0,324,100,34,39
1778523293.6737623,1,1942,-50,618,100,62,275
1778523293.6881974,2,3999,0,324,100,33,39
1778523293.6914344,1,1942,50,615,100,62,267
1778523293.7053397,2,3999,0,324,101,33,39
1778523293.7081,1,1942,-50,620,100,62,268
1778523293.7223337,2,3999,0,324,101,33,38
1778523293.7259254,1,1942,50,616,99,62,268
1778523293.7399528,2,3999,0,324,100,33,37
1778523293.7426844,1,1942,0,616,99,62,275
1778523293.7566638,2,3999,0,324,101,33,42
1778523293.7604144,1,1942,0,616,99,62,267
1778523293.7743807,2,3999,0,324,100,33,36
1778523293.7773142,1,1942,0,616,99,62,267
1778523293.791776,2,3999,0,324,100,33,40
1778523293.7951844,1,1941,-50,617,100,62,267
1778523293.8095157,2,3999,0,324,99,33,38
1778523293.812431,1,1942,-50,621,100,62,272
1778523293.8267856,2,3999,0,324,101,33,41
1778523293.8303936,1,1941,50,615,100,62,278
1778523293.844432,2,3999,0,324,101,33,44
1778523293.8472188,1,1942,0,616,99,62,276
1778523293.8616645,2,3999,0,324,101,33,40
1778523293.8656125,1,1942,0,616,99,62,276
1778523293.879583,2,3999,0,324,100,33,43
1778523293.882939,1,1942,0,616,99,62,270
1778523293.8973587,2,3999,0,324,100,33,40
1778523293.9003372,1,1942,0,616,100,62,270
1778523293.9142814,2,3999,0,324,99,33,41
1778523293.917194,1,1942,0,616,100,62,273
1778523293.9316795,2,3999,0,324,101,33,43
1778523293.9350536,1,1942,0,616,100,62,273
1778523293.9490461,2,3999,0,324,101,33,38
1778523293.951815,1,1942,0,616,99,62,278
1778523293.9661047,2,3999,0,324,100,33,38
1778523293.9696963,1,1942,0,616,99,62,270
1778523293.9835033,2,3999,0,324,100,33,36
1778523293.9864247,1,1942,0,616,99,62,275
1778523294.0009332,2,3999,0,324,100,33,37
1778523294.0042005,1,1942,0,616,100,62,279
1778523294.018118,2,3999,0,324,100,33,39
1778523294.021126,1,1942,0,616,100,62,277
1778523294.0354967,2,3999,0,324,100,33,36
1778523294.0388057,1,1942,0,616,100,62,273
1778523294.0528803,2,3999,0,324,100,33,39
1778523294.055682,1,1942,0,616,99,62,277
1778523294.0699933,2,3999,0,324,101,33,40
1778523294.073511,1,1942,0,616,99,62,276
1778523294.0874865,2,3999,0,324,101,33,40
1778523294.0902987,1,1942,0,616,99,62,305
1778523294.1046484,2,3999,0,324,101,33,39
1778523294.1088743,1,1942,0,616,99,62,265
1778523294.122971,2,3999,0,324,101,33,43
1778523294.1260862,1,1942,0,616,99,62,265
1778523294.1404598,2,3999,0,324,100,33,37
1778523294.1436627,1,1942,0,616,99,62,296
1778523294.1575584,2,3999,0,324,100,33,40
1778523294.160295,1,1941,0,616,100,62,268
1778523294.1747,2,3999,0,324,100,34,43
1778523294.178074,1,1942,0,616,99,63,277
1778523294.1920936,2,3999,0,324,100,33,46
1778523294.1949573,1,1942,0,616,100,62,264
1778523294.2095587,2,3999,0,324,100,33,39
1778523294.2135067,1,1942,0,616,100,63,279
1778523294.2274532,2,3999,0,324,101,33,37
1778523294.2308118,1,1942,0,616,100,62,272
1778523294.2454686,2,3999,0,324,101,33,38
1778523294.2486603,1,1942,0,616,99,62,265
1778523294.2625158,2,3999,0,324,101,33,38
1778523294.265541,1,1942,0,616,99,62,269
1778523294.2800894,2,3999,0,324,102,33,41
1778523294.2834783,1,1942,0,616,99,62,272
1778523294.2975183,2,3999,0,324,101,33,37
1778523294.30038,1,1942,0,616,99,62,266
1778523294.3149922,2,3999,0,324,100,33,37
1778523294.3183446,1,1942,0,616,100,62,273
1778523294.332385,2,3999,0,324,100,33,41
1778523294.3352833,1,1942,0,616,100,62,270
1778523294.349497,2,3999,0,324,100,33,39
1778523294.3530934,1,1942,0,616,100,62,268
1778523294.367022,2,3999,0,324,100,33,42
1778523294.3696585,1,1942,0,616,100,62,265
1778523294.3842592,2,3999,0,324,100,33,36
1778523294.3876612,1,1942,0,616,100,62,265
1778523294.401545,2,3999,0,324,100,33,39
1778523294.404256,1,1942,0,616,100,63,276
1778523294.4187725,2,3999,0,324,100,33,39
1778523294.4223895,1,1942,0,616,100,62,273
1778523294.4367993,2,3999,0,324,101,34,37
1778523294.4398348,1,1942,0,616,100,62,268
1778523294.4539392,2,3999,0,324,101,33,41
1778523294.4571698,1,1942,-50,618,100,62,265
1778523294.4709537,2,3999,0,324,101,33,39
1778523294.474001,1,1942,50,617,100,62,272
1778523294.4885855,2,3999,0,324,102,33,37
1778523294.4920022,1,1942,0,616,100,63,268
1778523294.5059314,2,3999,0,324,100,33,36
1778523294.5085864,1,1942,0,616,99,62,269
1778523294.5230563,2,3999,0,324,101,33,36
1778523294.526372,1,1942,0,616,99,62,263
1778523294.5402966,2,3999,0,324,100,33,43
1778523294.5430112,1,1942,0,616,99,62,272
1778523294.5575252,2,3999,0,324,100,33,38
1778523294.561155,1,1942,0,616,99,63,277
1778523294.5752075,2,3999,0,324,100,33,37
1778523294.578431,1,1942,0,616,99,62,270
1778523294.5929475,2,3999,0,324,99,33,41
1778523294.5962067,1,1941,0,616,100,62,264
1778523294.610151,2,3999,0,324,100,33,38
1778523294.613022,1,1942,0,616,100,63,266
1778523294.627527,2,3999,0,324,101,33,37
1778523294.6307473,1,1942,0,616,100,62,272
1778523294.6446753,2,3999,0,324,101,33,42
1778523294.6475432,1,1942,0,616,100,62,268
1778523294.6618366,2,3999,0,324,102,34,43
1778523294.6654198,1,1942,0,616,99,62,304
1778523294.6794133,2,3999,0,324,101,33,42
1778523294.682173,1,1942,0,616,99,62,272
1778523294.6967802,2,3999,0,324,100,33,42
1778523294.700948,1,1942,0,616,99,62,269
1778523294.7151334,2,3999,0,324,100,33,42
1778523294.71807,1,1942,0,616,100,63,272
1778523294.7326612,2,3999,0,324,102,33,49
1778523294.7360299,1,1942,0,616,100,62,267
1778523294.7501726,2,3999,0,324,100,33,40
1778523294.7530427,1,1942,0,616,100,62,262
1778523294.7677488,2,3999,0,324,101,34,44
1778523294.7717671,1,1942,0,616,99,62,269
1778523294.7858338,2,3999,0,324,102,33,37
1778523294.7885792,1,1942,0,616,99,63,269
1778523294.8032005,2,3999,0,324,102,33,37
1778523294.8068755,1,1942,0,616,99,62,273
1778523294.821492,2,3999,0,324,100,34,39
1778523294.8247302,1,1942,0,616,99,62,266
1778523294.8386977,2,3999,0,324,100,33,42
1778523294.8417888,1,1942,0,616,100,62,265
1778523294.856307,2,3999,0,324,100,33,42
1778523294.8596191,1,1942,-50,619,100,63,274
1778523294.8740442,2,3999,0,324,101,33,44
1778523294.8772397,1,1942,50,616,100,63,268
1778523294.8918593,2,3999,0,324,102,33,43
1778523294.8951678,1,1942,0,616,99,62,269
1778523294.9091825,2,3999,0,324,101,34,37
1778523294.9119723,1,1942,0,616,99,62,268
1778523294.92633,2,3999,0,324,100,33,37
1778523294.9299457,1,1942,0,616,100,63,264
1778523294.9439833,2,3999,0,324,100,33,40
1778523294.9468083,1,1942,0,616,100,62,267
1778523294.9611666,2,3999,0,324,100,33,38
1778523294.965134,1,1942,0,616,100,62,266
1778523294.979008,2,3999,0,324,101,33,41
1778523294.9817348,1,1942,0,616,100,62,275
1778523294.9963558,2,3999,0,324,102,33,37
1778523294.999485,1,1942,0,616,100,63,297
1778523295.013497,2,3999,0,324,100,33,37
1778523295.0163739,1,1942,-50,619,99,62,269
1778523295.030833,2,3999,0,324,100,33,40
1778523295.034387,1,1942,50,617,100,63,261
1778523295.048732,2,3999,0,324,100,33,40
1778523295.0520132,1,1941,0,616,100,63,269
1778523295.066377,2,3999,0,324,101,33,44
1778523295.069976,1,1942,0,616,99,62,269
1778523295.0843856,2,3999,0,324,101,33,43
1778523295.0874295,1,1942,0,616,100,63,263
1778523295.1020367,2,3999,0,324,100,33,43
1778523295.1060054,1,1942,-50,617,100,63,272
1778523295.119943,2,3999,0,324,100,33,37
1778523295.1237762,1,1942,-50,621,100,63,266
1778523295.1379077,2,3999,0,324,101,33,39
1778523295.1407013,1,1942,50,615,100,63,272
1778523295.1554446,2,3999,0,324,102,33,39
1778523295.158791,1,1942,0,616,99,62,264
1778523295.1727042,2,3999,0,324,101,33,36
1778523295.175458,1,1942,0,616,99,62,271
1778523295.1897378,2,3999,0,324,100,33,40
1778523295.1933346,1,1941,0,616,100,63,269
1778523295.207356,2,3999,0,324,100,33,39
1778523295.2106633,1,1942,0,616,100,63,267
1778523295.225298,2,3999,0,324,100,33,40
1778523295.2285764,1,1942,0,616,100,63,261
1778523295.2425022,2,3999,0,324,101,34,38
1778523295.2454977,1,1942,0,616,100,63,262
1778523295.259911,2,3999,0,324,101,33,41
1778523295.2633233,1,1941,0,616,100,62,265
1778523295.2774782,2,3999,0,324,102,34,46
1778523295.2804513,1,1942,0,616,100,63,267
1778523295.2944436,2,3999,0,324,102,33,37
1778523295.297383,1,1942,0,616,99,63,273
1778523295.3117933,2,3999,0,324,101,34,37
1778523295.31512,1,1942,0,616,100,62,262
1778523295.3290057,2,3999,0,324,100,34,37
1778523295.3317528,1,1942,0,616,100,62,262
1778523295.3460512,2,3999,0,324,100,34,36
1778523295.349605,1,1942,0,616,100,63,264
1778523295.3641636,2,3999,0,324,100,33,42
1778523295.367161,1,1942,0,616,100,63,264
1778523295.3809276,2,3999,0,324,100,33,38
1778523295.3837166,1,1942,0,616,100,63,272
1778523295.3979814,2,3999,0,324,101,34,36
1778523295.4014423,1,1942,0,616,100,63,263
1778523295.4157019,2,3999,0,324,101,34,41
1778523295.4185767,1,1942,0,616,100,62,263
1778523295.4327564,2,3999,0,324,102,33,44
1778523295.4367256,1,1942,0,616,99,62,268
1778523295.4505923,2,3999,0,324,100,33,39
1778523295.4535193,1,1942,0,616,99,63,266
1778523295.4678712,2,3999,0,324,100,33,36
1778523295.471161,1,1942,0,616,99,63,261
1778523295.4850974,2,3999,0,324,100,33,43
1778523295.4878883,1,1942,0,616,99,63,263
1778523295.502211,2,3999,0,324,100,34,36
1778523295.505779,1,1942,0,616,100,63,269
1778523295.5203123,2,3999,0,324,100,33,41
1778523295.5232625,1,1942,0,616,100,63,262
1778523295.5371506,2,3999,0,324,99,33,37
1778523295.539928,1,1942,0,616,100,63,268
1778523295.5545042,2,3999,0,324,101,34,41
1778523295.558151,1,1942,0,616,100,62,262
1778523295.5723999,2,3999,0,324,101,33,37
1778523295.575563,1,1942,0,616,100,63,273
1778523295.5899887,2,3999,0,324,101,33,41
1778523295.5935113,1,1942,0,616,99,63,269
1778523295.607528,2,3999,0,324,100,33,40
1778523295.6102686,1,1942,0,616,99,63,277
1778523295.6245966,2,3999,0,324,100,34,40
1778523295.6285777,1,1942,0,616,99,63,267
1778523295.6426766,2,3999,0,324,100,33,37
1778523295.6457582,1,1942,0,616,100,63,261
1778523295.6603801,2,3999,0,324,100,33,39
1778523295.663661,1,1942,0,616,99,63,262
1778523295.6775522,2,3999,0,324,100,34,39
1778523295.6803799,1,1942,0,616,100,63,264
1778523295.694857,2,3999,0,324,100,34,43
1778523295.6981947,1,1942,0,616,100,63,267
1778523295.7122772,2,3999,0,324,101,34,37
1778523295.7151027,1,1942,0,616,100,63,263
1778523295.7295117,2,3999,0,324,101,34,38
1778523295.733486,1,1942,0,616,100,63,276
1778523295.7474792,2,3999,0,324,101,33,43
1778523295.7507799,1,1942,-50,619,99,63,268
1778523295.7653701,2,3999,0,324,100,34,40
1778523295.7686505,1,1942,50,617,100,63,270
1778523295.7825377,2,3999,0,324,100,34,36
1778523295.7854924,1,1942,0,616,100,63,274
1778523295.8000991,2,3999,0,324,100,34,42
1778523295.8033628,1,1942,0,616,100,63,269
1778523295.8173084,2,3999,0,324,100,33,43
1778523295.8200886,1,1942,0,616,100,63,268
1778523295.8344748,2,3999,0,324,99,34,36
1778523295.8380167,1,1942,0,616,99,63,266
1778523295.8526368,2,3999,0,324,101,33,39
1778523295.8556626,1,1942,0,616,99,63,267
1778523295.8695927,2,3999,0,324,102,33,39
1778523295.8723762,1,1942,0,616,99,63,276
1778523295.886918,2,3999,0,324,102,34,41
1778523295.8905232,1,1942,0,616,99,63,269
1778523295.904569,2,3999,0,324,100,34,40
1778523295.9073956,1,1942,0,616,99,63,270
1778523295.9217925,2,3999,0,324,100,33,40
1778523295.925701,1,1942,0,616,100,63,270
1778523295.9396935,2,3999,0,324,100,34,39
1778523295.942958,1,1942,0,616,99,63,264
1778523295.957509,2,3999,0,324,100,34,40
1778523295.96074,1,1942,0,616,100,63,269
1778523295.9745698,2,3999,0,324,100,33,41
1778523295.9775763,1,1942,0,616,100,63,272
1778523295.991966,2,3999,0,324,100,34,37
1778523295.9954233,1,1942,0,616,100,63,266
1778523296.0093722,2,3999,0,324,101,33,40
1778523296.012144,1,1942,0,616,100,63,268
1778523296.0265293,2,3999,0,324,101,34,38
1778523296.030122,1,1942,0,616,99,63,269
1778523296.0441308,2,3999,0,324,101,34,41
1778523296.047009,1,1942,0,616,99,63,276
1778523296.061653,2,3999,0,324,101,34,43
1778523296.0655804,1,1942,0,616,98,63,283
1778523296.0794675,2,3999,0,324,99,34,36
1778523296.0826335,1,1942,0,616,98,63,288
1778523296.0971968,2,3999,0,324,98,34,36
1778523296.100385,1,1942,0,616,98,63,291
1778523296.1144,2,3999,0,324,100,34,39
1778523296.1175008,1,1942,0,616,98,63,285
1778523296.132027,2,3999,0,324,100,34,36
1778523296.135483,1,1941,0,616,98,63,284
1778523296.1495383,2,3999,0,324,101,34,39
1778523296.1523936,1,1942,0,616,98,63,282
1778523296.166987,2,3999,0,324,101,34,36
1778523296.1704495,1,1942,0,616,98,63,279
1778523296.1843548,2,3999,0,324,99,34,36
1778523296.1871336,1,1942,0,616,98,63,284
1778523296.2017028,2,3999,0,324,99,34,42
1778523296.20556,1,1942,0,616,99,63,284
1778523296.2194977,2,3999,0,324,98,34,35
1778523296.2226858,1,1942,0,616,98,63,278
1778523296.2372806,2,3999,0,324,100,33,37
1778523296.2404149,1,1942,0,616,98,63,286
1778523296.254389,2,3999,0,324,100,34,39
1778523296.2574725,1,1942,0,616,98,63,283
1778523296.2720397,2,3999,0,324,100,34,36
1778523296.275456,1,1942,0,616,98,63,279
1778523296.2893596,2,3999,0,324,101,34,44
1778523296.2921503,1,1942,0,616,98,63,295
1778523296.3065193,2,3999,0,324,101,33,40
1778523296.3100986,1,1942,0,616,98,63,280
1778523296.3241186,2,3999,0,324,99,33,43
1778523296.3268454,1,1942,0,616,98,63,289
1778523296.3411984,2,3999,0,324,99,34,38
1778523296.3451223,1,1941,0,616,98,63,286
1778523296.3593464,2,3999,0,324,99,34,42
1778523296.3621671,1,1942,0,616,98,63,285
1778523296.376616,2,3999,0,324,98,34,37
1778523296.380446,1,1942,0,616,98,63,291
1778523296.3943317,2,3999,0,324,100,34,43
1778523296.3972468,1,1942,0,616,98,63,282
1778523296.4117272,2,3999,0,324,100,34,36
1778523296.415018,1,1942,0,616,98,63,290
1778523296.428981,2,3999,0,324,100,34,41
1778523296.4317796,1,1942,0,616,98,63,281
1778523296.4460769,2,3999,0,324,99,34,41
1778523296.4496229,1,1942,0,616,98,63,283
1778523296.46365,2,3999,0,324,98,34,43
1778523296.4663844,1,1942,0,616,98,63,286
1778523296.4810026,2,3999,0,324,98,34,44
1778523296.4850204,1,1942,0,616,98,63,281
1778523296.4989328,2,3999,0,324,100,34,39
1778523296.5019116,1,1942,0,616,98,63,278
1778523296.5163357,2,3999,0,324,100,34,36
1778523296.5196614,1,1942,0,616,98,63,285
1778523296.533576,2,3999,0,324,100,34,43
1778523296.5363612,1,1942,0,616,98,63,290
1778523296.5507963,2,3999,0,324,101,34,43
1778523296.5541317,1,1942,0,616,98,63,283
1778523296.5679479,2,3999,0,324,100,34,36
1778523296.5716956,1,1942,0,616,98,63,278
1778523296.5861077,2,3999,0,324,99,34,36
1778523296.589147,1,1942,0,616,98,63,278
1778523296.6030464,2,3999,0,324,98,34,39
1778523296.6061568,1,1942,0,616,98,63,278
1778523296.6204765,2,3999,0,324,98,34,38
1778523296.6237245,1,1942,0,616,98,63,282
1778523296.6375728,2,3999,0,324,100,34,40
1778523296.640278,1,1942,0,616,98,63,282
1778523296.6547544,2,3999,0,324,101,34,38
1778523296.6583014,1,1942,0,616,98,63,288
1778523296.6726842,2,3999,0,324,99,34,40
1778523296.675734,1,1942,0,616,98,63,278
1778523296.6896057,2,3999,0,324,98,34,37
1778523296.6924748,1,1942,0,616,98,63,289
1778523296.7067146,2,3999,0,324,98,34,39
1778523296.710319,1,1942,0,616,98,63,278
1778523296.7243075,2,3999,0,324,98,34,38
1778523296.7270901,1,1942,0,616,98,63,278
1778523296.7413647,2,3999,0,324,100,34,39
1778523296.745298,1,1942,0,616,98,63,284
1778523296.7593093,2,3999,0,324,100,34,37
1778523296.7623153,1,1942,0,616,98,63,280
1778523296.776845,2,3999,0,324,99,34,37
1778523296.7800913,1,1942,0,616,98,63,287
1778523296.7939923,2,3999,0,324,98,34,44
1778523296.7987483,1,1942,0,616,98,63,285
1778523296.81332,2,3999,0,324,100,34,41
1778523296.8166232,1,1942,0,616,98,63,279
1778523296.8306143,2,3999,0,324,100,34,39
1778523296.8335474,1,1942,0,616,97,63,284
1778523296.848076,2,3999,0,324,99,34,41
1778523296.851563,1,1942,0,616,97,63,290
1778523296.8656285,2,3999,0,324,98,34,37
1778523296.8685415,1,1942,0,616,98,63,283
1778523296.8830562,2,3999,0,324,98,34,42
1778523296.8862936,1,1942,0,616,98,63,283
1778523296.9003766,2,3999,0,324,98,34,39
1778523296.9034605,1,1942,0,616,98,63,283
1778523296.9178689,2,3999,0,324,100,34,42
1778523296.921443,1,1941,0,616,97,62,289
1778523296.9354322,2,3999,0,324,100,34,42
1778523296.9382365,1,1942,0,616,97,63,278
1778523296.952492,2,3999,0,324,99,34,37
1778523296.9567497,1,1942,0,616,97,63,283
1778523296.9708157,2,3999,0,324,98,34,40
1778523296.9736993,1,1942,-50,617,98,63,288
1778523296.9882133,2,3999,0,324,98,34,35
1778523296.9916062,1,1942,-50,621,98,63,286
1778523297.0055444,2,3999,0,324,98,34,39
1778523297.0084305,1,1942,50,615,98,64,279
1778523297.0227919,2,3999,0,324,100,33,41
1778523297.02641,1,1942,0,616,98,63,288
1778523297.0404475,2,3999,0,324,100,34,41
1778523297.0433557,1,1942,0,616,98,63,284
1778523297.0576246,2,3999,0,324,100,34,36
1778523297.0611966,1,1942,-50,619,97,63,281
1778523297.0750768,2,3999,0,324,98,34,39
1778523297.0782654,1,1942,50,617,98,63,280
1778523297.0930707,2,3999,0,324,98,34,36
1778523297.096295,1,1942,0,616,98,63,290
1778523297.1100707,2,3999,0,324,98,34,37
1778523297.1129124,1,1942,0,616,98,63,282
1778523297.1274009,2,3999,0,324,100,34,41
1778523297.1306982,1,1942,0,616,98,63,281
1778523297.1451645,2,3999,0,324,100,34,42
1778523297.1483626,1,1942,-50,620,98,63,282
1778523297.162282,2,3999,0,324,100,34,37
1778523297.1653275,1,1942,50,616,97,63,277
1778523297.1799426,2,3999,0,324,99,34,38
1778523297.1833847,1,1942,0,616,98,63,280
1778523297.1972446,2,3999,0,324,98,34,43
1778523297.1999526,1,1942,0,616,98,64,290
1778523297.2142222,2,3999,0,324,98,34,39
1778523297.2177584,1,1942,0,616,98,63,286
1778523297.2317069,2,3999,0,324,100,34,45
1778523297.2344637,1,1942,0,616,98,63,279
1778523297.2490416,2,3999,0,324,100,34,40
1778523297.252911,1,1942,0,616,98,63,289
1778523297.2668417,2,3999,0,324,98,34,39
1778523297.2696674,1,1942,0,616,97,63,289
1778523297.2842317,2,3999,0,324,98,34,36
1778523297.2876084,1,1942,0,616,98,64,280
1778523297.3015854,2,3999,0,324,98,34,42
1778523297.3042958,1,1942,0,616,98,64,286
1778523297.3188474,2,3999,0,324,100,34,36
1778523297.3224533,1,1942,-50,619,98,63,284
1778523297.3363802,2,3999,0,324,100,34,37
1778523297.3392563,1,1942,50,617,97,63,289
1778523297.3535435,2,3999,0,324,99,34,38
1778523297.357077,1,1942,0,616,98,63,288
1778523297.3709092,2,3999,0,324,98,34,37
1778523297.3737214,1,1942,0,616,98,63,285
1778523297.388119,2,3999,0,324,99,34,40
1778523297.391522,1,1942,0,616,98,64,288
1778523297.405491,2,3999,0,324,98,34,39
1778523297.408298,1,1942,0,616,98,64,292
1778523297.4226599,2,3999,0,324,98,34,36
1778523297.426252,1,1942,0,616,98,64,284
1778523297.4409025,2,3999,0,324,100,34,41
1778523297.4438617,1,1942,0,616,98,63,283
1778523297.457846,2,3999,0,324,100,34,46
1778523297.46081,1,1942,0,616,97,64,289
1778523297.4748628,2,3999,0,324,98,34,35
1778523297.4779332,1,1942,0,616,97,64,287
1778523297.4923794,2,3999,0,324,98,34,45
1778523297.4956608,1,1942,0,616,98,63,280
1778523297.5096004,2,3999,0,324,96,34,35
1778523297.5123963,1,1942,0,616,95,64,321
1778523297.527,2,3999,0,324,97,34,35
1778523297.5303824,1,1942,0,616,95,64,333
1778523297.5443037,2,3999,0,324,97,34,38
1778523297.547063,1,1942,0,616,95,63,322
1778523297.5615327,2,3999,0,324,96,34,35
1778523297.5655115,1,1942,0,616,94,63,317
1778523297.5794935,2,3999,0,324,96,34,38
1778523297.5827007,1,1942,0,616,95,64,327
1778523297.597375,2,3999,0,324,95,34,37
1778523297.600607,1,1942,0,616,95,63,329
1778523297.6145275,2,3999,0,324,95,34,35
1778523297.6176665,1,1942,0,616,94,63,321
1778523297.6321151,2,3999,0,324,95,34,35
1778523297.6353853,1,1942,0,616,95,64,323
1778523297.649231,2,3999,0,324,97,34,39
1778523297.6520474,1,1942,0,616,94,64,329
1778523297.6665013,2,3999,0,324,97,34,38
1778523297.6700013,1,1941,0,616,94,64,328
1778523297.6839871,2,3999,0,324,96,34,34
1778523297.6867898,1,1942,0,616,94,63,327
1778523297.7010794,2,3999,0,324,95,34,35
1778523297.7048893,1,1942,0,616,94,64,327
1778523297.718898,2,3999,0,324,95,34,35
1778523297.7218053,1,1942,0,616,94,64,323
1778523297.736232,2,3999,0,324,92,34,36
1778523297.739667,1,1942,0,616,91,64,384
1778523297.7537262,2,3999,0,324,91,34,45
1778523297.756753,1,1942,0,616,91,64,398
1778523297.771176,2,3999,0,324,93,34,35
1778523297.7744188,1,1942,0,616,90,64,568
1778523297.788337,2,3999,0,324,84,34,32
1778523297.791118,1,1942,0,616,79,64,529
1778523297.8056276,2,3999,0,324,81,34,35
1778523297.8092675,1,1942,0,616,79,64,521
1778523297.8231359,2,3999,0,324,80,34,35
1778523297.826446,1,1942,0,616,79,64,528
1778523297.8409681,2,3999,0,324,80,34,34
1778523297.8441105,1,1942,0,616,78,64,533
1778523297.8580341,2,3999,0,324,82,34,36
1778523297.8609416,1,1942,0,616,78,64,524
1778523297.875451,2,3999,0,324,82,34,29
1778523297.878801,1,1942,0,616,78,64,540
1778523297.8929293,2,3999,0,324,82,34,29
1778523297.8958309,1,1942,0,616,79,64,557
1778523297.9103043,2,3999,0,324,81,34,30
1778523297.913866,1,1942,0,616,79,64,544
1778523297.9281325,2,3999,0,324,80,34,32
1778523297.9312804,1,1942,0,616,78,64,547
1778523297.9455562,2,3999,0,324,79,34,34
1778523297.949531,1,1942,0,616,79,64,538
1778523297.9634032,2,3999,0,324,81,34,30
1778523297.9665618,1,1942,0,616,76,64,592
1778523297.9811492,2,3999,0,324,77,34,28
1778523297.9844196,1,1942,0,616,74,64,598
1778523297.9983926,2,3999,0,324,72,34,29
1778523298.0531232,2,3999,0,324,77,34,32
1778523298.0555463,1,1942,0,616,72,64,621
1778523298.0692546,2,3999,0,324,78,34,27
1778523298.072123,1,1942,0,616,72,64,632
1778523298.0865452,2,3999,0,324,82,34,33
1778523298.0900512,1,1942,0,616,78,64,558
1778523298.1040628,2,3999,0,324,79,34,29
1778523298.106862,1,1942,0,616,77,64,562
1778523298.121392,2,3999,0,324,79,34,32
1778523298.125445,1,1942,0,616,77,64,567
1778523298.1395974,2,3999,0,324,64,34,22
1778523298.142914,1,1942,0,616,63,64,749
1778523298.157478,2,3999,0,324,68,34,23
1778523298.2123392,2,3999,0,324,65,34,23
1778523298.2147934,1,1942,0,616,61,64,744
1778523298.2288065,2,3999,0,324,64,34,24
1778523298.2319448,1,1942,0,616,63,64,709
1778523298.245878,2,3999,0,324,64,34,24
1778523298.3481855,1,1942,0,616,58,64,0
1778523298.4117534,2,3999,0,324,49,34,18
1778523298.4646132,1,1941,-50,619,56,0,757
1778523298.5287623,2,3999,0,324,48,34,17
1778523298.5329509,1,1941,0,620,48,65,615
1778523298.5470383,2,3999,0,324,53,34,19
1778523298.5499136,1,1941,0,620,45,65,711
1778523298.6137767,2,3999,0,324,50,34,18
1778523298.6169891,1,1941,0,620,45,65,761
1778523298.63101,2,3999,0,324,47,34,18
1778523298.6838725,1,1941,0,620,47,0,744
1778523298.6981368,2,3999,0,324,53,34,21
1778523298.7534075,2,3999,0,324,82,34,39
1778523298.8057783,1,1941,50,619,106,0,144
1778523298.8198416,2,3999,0,324,55,34,18
1778523298.87313,1,1941,0,620,0,64,0
1778523298.88667,2,3999,0,324,45,34,33
1778523298.8895645,1,1941,0,620,55,65,757
1778523298.9041927,2,3999,0,324,101,34,35
1778523298.9075794,1,1941,0,620,48,67,705
1778523298.92151,2,3999,0,324,48,34,19
1778523298.9741066,1,1941,0,620,106,0,0
1778523298.98839,2,3999,0,324,102,34,43
1778523298.9920063,1,1941,-50,623,78,65,139
1778523299.0059628,2,3999,0,324,105,34,37
1778523299.0087554,1,1940,50,620,48,65,835
1778523299.023218,2,3999,0,324,103,34,41
1778523299.0266337,1,1940,-50,622,55,65,133
1778523299.040646,2,3999,0,324,107,34,43
1778523299.093296,1,1940,50,621,0,65,587
1778523299.1074648,2,3999,0,324,97,34,26
1778523299.1111047,1,1941,50,620,100,64,147
1778523299.1254466,2,3999,0,324,56,34,18
1778523299.1782258,1,1941,-50,623,105,65,0
1778523299.1922865,2,3999,0,324,72,34,30
1778523299.1956067,1,1941,0,624,83,66,860
