Timestamp,ID,Position,Speed,Load,Voltage,Temperature,Current
1778522438.883163,1,1437,850,279,121,37,35
1778522438.897367,1,1449,800,277,120,37,32
1778522438.9109187,1,1461,800,277,121,37,20
1778522438.924351,1,1472,800,277,121,37,7
1778522438.9378872,1,1482,800,277,119,37,7
1778522438.9513276,1,1493,800,277,117,37,37
1778522438.9647474,1,1504,800,277,118,37,37
1778522438.9781117,1,1514,800,277,121,37,11
1778522438.9916081,1,1525,800,277,121,37,8
1778522439.0049984,1,1537,800,277,120,37,9
1778522439.018466,1,1548,850,276,117,37,10
1778522439.0318282,1,1558,850,273,119,37,36
1778522439.0453408,1,1569,750,276,121,37,25
1778522439.0588787,1,1579,800,277,120,37,8
1778522439.0723538,1,1590,800,277,120,37,8
1778522439.0858934,1,1601,800,277,118,37,36
1778522439.0994027,1,1611,800,277,118,37,37
1778522439.1128988,1,1623,800,277,121,37,11
1778522439.1263535,1,1633,800,277,121,37,8
1778522439.1398768,1,1645,800,277,119,37,8
1778522439.1534283,1,1655,800,277,119,36,10
1778522439.1669302,1,1666,800,277,117,37,36
1778522439.1808097,1,1677,800,277,120,37,41
1778522439.194896,1,1689,800,277,120,37,42
1778522439.2084053,1,1699,800,277,121,37,9
1778522439.2219,1,1710,800,277,120,37,7
1778522439.235357,1,1721,800,277,117,37,9
1778522439.2489078,1,1732,800,277,118,37,37
1778522439.2623394,1,1744,850,275,121,37,35
1778522439.2757812,1,1754,750,274,121,37,10
1778522439.2893095,1,1766,750,277,120,37,7
1778522439.3029156,1,1775,850,274,119,37,8
1778522439.31644,1,1786,750,275,117,37,10
1778522439.3300502,1,1797,750,277,119,37,36
1778522439.3436012,1,1807,800,277,121,37,37
1778522439.3575325,1,1818,800,277,121,37,11
1778522439.3715916,1,1830,800,277,121,37,10
1778522439.3850362,1,1841,800,277,120,37,7
1778522439.398608,1,1852,800,277,117,37,9
1778522439.4122386,1,1862,800,277,117,37,17
1778522439.4260244,1,1873,750,281,118,37,39
1778522439.4393885,1,1884,800,281,121,37,37
1778522439.4529243,1,1894,800,281,121,37,11
1778522440.2601357,2,385,-850,290,115,31,7
1778522440.2740042,2,372,-850,288,116,31,5
1778522440.2875636,2,361,-850,285,116,31,6
1778522441.0955358,2,366,850,292,119,31,7
1778522441.099934,1,1883,-600,280,120,37,10
1778522441.113387,2,381,800,290,119,31,7
1778522441.1170297,1,1870,-700,288,120,37,36
1778522441.1300228,2,396,800,290,120,31,8
1778522441.1338549,1,1856,-800,290,117,37,41
1778522441.147398,1,1847,-800,290,117,37,40
1778522441.6643448,2,502,0,53,121,31,2
1778522441.6687202,1,1740,0,60,121,37,2
1778522441.6834023,2,502,0,53,121,31,2
1778522441.6873171,1,1740,0,60,121,37,3
1778522441.7015476,2,502,0,53,121,31,2
1778522441.7043633,1,1740,0,60,121,37,2
1778522441.7188725,2,502,0,53,121,31,2
1778522441.7222493,1,1740,0,60,122,37,2
1778522441.736623,2,502,0,53,121,31,2
1778522441.73967,1,1740,0,60,121,37,2
1778522441.7536345,2,502,0,53,121,31,2
1778522441.7565804,1,1739,0,60,121,37,2
1778522441.7710142,2,502,0,53,121,31,1
1778522441.7745283,1,1738,-50,57,121,37,2
1778522441.7890682,2,502,0,53,121,31,1
1778522441.792312,1,1738,-50,53,122,37,1
1778522441.8069878,2,502,0,53,121,31,1
1778522441.8106527,1,1738,0,52,121,37,1
1778522441.8248122,2,502,0,53,121,32,2
1778522441.8275845,1,1738,0,52,121,37,2
1778522441.8419583,2,502,0,53,121,31,1
1778522441.8455772,1,1738,0,52,122,37,2
1778522441.8596547,2,502,0,53,121,31,1
1778522441.8624637,1,1738,0,52,121,37,1
1778522441.8770204,2,502,0,53,121,31,2
1778522441.880889,1,1738,0,52,121,37,1
1778522441.894776,2,502,0,53,121,31,2
1778522441.8977458,1,1738,0,52,121,37,1
1778522441.912259,2,502,0,53,121,31,2
1778522441.9156508,1,1739,0,52,121,37,2
1778522441.9296262,2,502,0,53,121,31,2
1778522441.9323277,1,1738,0,52,121,37,2
1778522441.9468267,2,502,0,53,121,31,2
1778522441.9504888,1,1738,0,52,122,37,2
1778522441.9645689,2,502,0,53,121,31,2
1778522441.967374,1,1738,0,52,121,37,2
1778522441.9817414,2,502,0,53,121,31,2
1778522441.9854052,1,1738,0,52,121,37,1
1778522441.9997094,2,502,0,53,121,31,2
1778522442.0027454,1,1738,0,52,121,37,1
1778522442.0171127,2,502,0,53,121,31,2
1778522442.021099,1,1738,0,52,122,37,2
1778522442.0351362,2,503,0,53,121,31,2
1778522442.0383477,1,1738,0,52,122,37,1
1778522442.0528624,2,502,0,53,121,31,1
1778522442.0559437,1,1738,0,52,121,37,2
1778522442.0702908,2,502,0,53,121,31,1
1778522442.074138,1,1738,0,52,122,37,2
1778522442.0888221,2,502,0,53,121,31,2
1778522442.0917106,1,1738,0,52,122,37,2
1778522442.1056733,2,502,0,53,121,31,1
1778522442.1084764,1,1738,0,52,121,37,2
1778522442.1230602,2,502,0,53,121,31,1
1778522442.1263447,1,1738,0,52,122,37,1
1778522442.1403642,2,502,0,53,121,31,2
1778522442.1432054,1,1738,0,52,121,37,1
1778522442.1576588,2,502,0,53,121,31,2
1778522442.1616595,1,1738,0,52,121,37,1
1778522442.1758223,2,502,0,53,121,31,1
1778522442.1791742,1,1738,0,52,121,37,2
1778522442.1935725,2,502,0,53,121,31,1
1778522442.1965783,1,1738,0,52,121,37,1
1778522442.2104945,2,502,0,53,121,31,2
1778522442.2134874,1,1738,0,52,121,37,1
1778522442.2279828,2,502,0,53,121,32,2
1778522442.2312772,1,1738,0,52,122,37,1
1778522442.2452238,2,502,0,53,121,31,1
1778522442.2480087,1,1738,0,52,121,37,2
1778522442.2623534,2,502,0,53,121,31,2
1778522442.2659817,1,1738,0,52,121,37,2
1778522442.280008,2,502,0,53,121,31,1
1778522442.2829816,1,1738,0,52,121,37,2
1778522442.2978215,2,502,0,53,121,31,1
1778522442.3018491,1,1738,0,52,121,37,2
1778522442.3157911,2,502,0,53,121,31,1
1778522442.3193896,1,1738,50,56,121,37,2
1778522442.3337636,2,502,0,53,121,31,2
1778522442.3370543,1,1738,-50,52,121,37,1
1778522442.350969,2,502,0,53,121,31,1
1778522442.3540754,1,1738,0,52,122,37,1
1778522442.3686173,2,502,0,53,121,31,1
1778522442.3719416,1,1739,0,52,121,37,2
1778522442.3858824,2,502,0,53,121,31,2
1778522442.38873,1,1738,0,52,121,37,1
1778522442.4033506,2,502,0,53,121,31,2
1778522442.4067948,1,1738,0,52,122,37,1
1778522442.4208312,2,502,0,53,121,31,1
1778522442.423698,1,1738,0,52,121,37,1
1778522442.4383583,2,502,0,53,121,31,1
1778522442.4420192,1,1739,0,52,121,37,1
1778522442.4561074,2,502,0,53,121,31,1
1778522442.4588664,1,1738,0,52,122,37,1
1778522442.473678,2,502,0,53,121,31,1
1778522442.4775,1,1738,0,52,122,37,1
1778522442.4914649,2,502,0,53,121,31,2
1778522442.4947176,1,1738,50,55,121,37,2
1778522442.5093772,2,502,0,53,121,31,2
1778522442.5125742,1,1738,-50,52,121,37,2
1778522442.5265183,2,502,0,53,121,31,1
1778522442.5296264,1,1738,50,54,122,37,1
1778522442.5441444,2,502,0,53,121,31,1
1778522442.5475416,1,1738,-50,53,121,37,2
1778522442.5615437,2,502,0,53,121,31,1
1778522442.5644069,1,1738,0,52,122,37,1
1778522442.5787566,2,502,0,53,121,31,1
1778522442.5823472,1,1738,0,52,122,37,2
1778522442.5964792,2,502,0,53,121,31,2
1778522442.5994654,1,1738,0,52,121,37,1
1778522442.613867,2,502,0,53,121,31,2
1778522442.6174583,1,1738,0,52,121,37,2
1778522442.6313825,2,502,0,53,121,31,1
1778522442.6346402,1,1738,0,52,121,37,2
1778522442.6492221,2,502,0,53,121,31,2
1778522442.6524222,1,1738,0,52,121,37,2
1778522442.6665916,2,502,0,53,121,31,1
1778522442.6698759,1,1738,0,52,122,37,1
1778522442.684671,2,502,0,53,121,31,2
1778522442.687999,1,1738,0,52,122,37,1
1778522442.7020743,2,502,0,53,121,31,1
1778522442.7050195,1,1738,0,52,121,37,2
1778522442.7198625,2,502,0,53,121,31,1
1778522442.7233438,1,1738,0,52,122,37,1
1778522442.737737,2,502,0,53,121,31,1
1778522442.7407308,1,1738,0,52,122,37,1
1778522442.7544837,2,502,0,53,122,31,1
1778522442.7573962,1,1739,0,52,122,37,2
1778522442.7719018,2,502,0,53,121,31,2
1778522442.7753587,1,1738,0,52,121,37,2
1778522442.7894487,2,502,0,53,121,31,2
1778522442.7921877,1,1738,0,52,122,37,2
1778522442.807049,2,502,0,53,121,31,1
1778522442.8106816,1,1738,0,52,122,37,2
1778522442.8249574,2,502,0,53,121,31,1
1778522442.8277652,1,1739,0,52,121,37,1
1778522442.8421395,2,502,0,53,121,31,2
1778522442.8461297,1,1738,0,52,122,36,1
1778522442.860248,2,502,0,53,121,31,1
1778522442.863074,1,1738,0,52,121,37,2
1778522442.8775225,2,502,0,53,121,31,2
1778522442.8814692,1,1738,0,52,121,37,1
1778522442.8955212,2,502,0,53,121,31,1
1778522442.8989153,1,1738,0,52,121,37,2
1778522442.9133885,2,502,0,53,121,31,1
1778522442.9165988,1,1738,0,52,122,37,1
1778522442.9305298,2,502,0,53,121,31,2
1778522442.93349,1,1738,0,52,121,37,2
1778522442.9481776,2,502,0,53,121,32,2
1778522442.9514804,1,1738,0,52,121,37,2
1778522442.9656723,2,502,0,53,121,31,1
1778522442.9686658,1,1738,0,52,121,37,2
1778522442.9833736,2,502,0,53,121,32,1
1778522442.986584,1,1738,0,49,121,37,1
1778522443.001112,2,502,0,53,121,31,1
1778522443.0049086,1,1738,0,40,121,37,1
1778522443.0188646,2,502,0,53,121,31,2
1778522443.0217128,1,1738,0,26,121,37,0
1778522443.0364182,2,502,0,53,121,31,1
1778522443.0396585,1,1739,0,26,121,37,0
1778522443.0537126,2,502,0,53,121,31,1
1778522443.0564642,1,1739,50,49,122,37,1
1778522443.0710723,2,502,0,53,121,31,2
1778522443.0746195,1,1740,0,84,121,37,8
1778522443.088629,2,502,0,53,121,31,1
1778522443.0914392,1,1742,100,115,121,37,3
1778522443.105654,2,502,0,53,120,31,2
1778522443.1092942,1,1743,50,157,121,38,5
1778522443.1232646,2,502,0,53,120,31,1
1778522443.1264393,1,1749,200,197,121,37,7
1778522443.1408887,2,502,0,53,121,31,2
1778522443.1441433,1,1757,500,230,119,37,41
1778522443.158349,2,502,0,53,121,31,2
1778522443.1614323,1,1769,600,257,121,37,32
1778522443.175964,2,502,0,53,121,31,1
1778522443.1794236,1,1780,600,284,117,37,42
1778522443.1936166,2,502,0,53,119,31,2
1778522443.196534,1,1793,650,315,118,37,12
1778522443.211324,2,503,0,53,119,31,1
1778522443.2149622,1,1809,800,332,118,37,48
1778522443.229203,2,502,0,53,119,31,1
1778522443.2319565,1,1825,850,341,120,37,54
1778522443.2466512,2,502,0,53,118,31,1
1778522443.2502158,1,1842,950,337,120,37,45
1778522443.264362,2,502,0,53,117,31,1
1778522443.2671316,1,1859,950,327,121,37,13
1778522443.2816844,2,502,0,53,119,31,1
1778522443.2856562,1,1875,1000,307,121,37,7
1778522443.2996702,2,503,0,53,120,31,2
1778522443.3028524,1,1891,900,284,119,37,7
1778522443.3172896,2,502,0,53,120,31,1
1778522443.320265,1,1907,850,259,121,37,7
1778522443.335052,2,502,0,53,120,32,1
1778522443.339103,1,1917,850,231,119,37,34
1778522443.3535676,2,502,0,53,118,31,1
1778522443.3564582,1,1924,550,223,118,37,14
1778522443.3703449,2,502,0,53,120,31,2
1778522443.3735144,1,1927,350,219,117,37,39
1778522443.388138,2,502,0,53,117,31,2
1778522443.3914537,1,1929,150,221,119,37,52
1778522443.4054177,2,502,0,53,118,31,2
1778522443.408313,1,1929,50,224,118,37,51
1778522443.4229128,2,502,0,53,118,31,2
1778522443.4265084,1,1929,0,223,116,37,48
1778522443.440847,2,502,0,53,118,32,2
1778522443.443737,1,1929,0,223,116,37,58
1778522443.4585292,2,502,0,53,117,31,1
1778522443.4621189,1,1929,0,221,116,37,51
1778522443.4762547,2,502,0,53,118,31,1
1778522443.4789798,1,1929,0,212,117,37,41
1778522443.4937336,2,502,0,53,118,31,1
1778522443.4977136,1,1929,0,196,119,37,35
1778522443.5117505,2,502,0,53,119,31,2
1778522443.514998,1,1929,0,176,119,70,38
1778522443.5297136,2,502,0,53,120,31,1
1778522443.5329046,1,1929,0,148,120,37,27
1778522443.547023,2,502,0,53,120,31,1
1778522443.5502322,1,1929,0,113,120,37,12
1778522443.5647826,2,502,0,53,121,31,1
1778522443.5679429,1,1929,0,72,121,37,6
1778522443.581964,2,502,0,53,121,31,2
1778522443.58489,1,1929,0,28,122,37,1
1778522443.5993037,2,502,0,53,122,31,2
1778522443.602747,1,1928,-50,52,122,37,1
1778522443.6167808,2,502,50,50,121,31,1
1778522443.6196082,1,1925,-150,105,121,37,2
1778522443.6338956,2,502,-50,52,120,32,1
1778522443.6374905,1,1919,-150,158,121,37,2
1778522443.651531,2,502,0,53,121,31,2
1778522443.6542432,1,1913,-300,204,120,37,32
1778522443.668569,2,502,0,53,120,31,2
1778522443.672628,1,1908,-400,251,120,37,32
1778522443.6868207,2,502,0,53,120,31,2
1778522443.6897178,1,1898,-300,314,118,37,50
1778522443.7042563,2,502,0,53,118,31,2
1778522443.7075202,1,1883,-700,354,120,37,16
1778522443.7215881,2,502,0,53,118,31,1
1778522443.7243922,1,1867,-900,372,119,37,13
1778522443.738694,2,502,0,53,117,31,2
1778522443.742289,1,1850,-1000,377,120,37,20
1778522443.756403,2,502,0,53,118,31,2
1778522443.7591784,1,1831,-1050,372,120,37,22
1778522443.7736223,2,502,0,53,119,31,2
1778522443.7774963,1,1813,-1050,358,119,37,57
1778522443.7914517,2,503,0,53,120,31,2
1778522443.7945771,1,1795,-1050,339,120,37,48
1778522443.809316,2,502,0,53,120,31,2
1778522443.8126037,1,1778,-950,321,119,37,48
1778522443.8266544,2,502,0,53,119,31,1
1778522443.8296163,1,1761,-950,298,121,37,7
1778522443.844183,2,502,0,53,121,31,1
1778522443.847495,1,1746,-950,266,119,37,32
1778522443.8615842,2,502,0,53,121,31,1
1778522443.864426,1,1732,-800,238,118,37,33
1778522443.8790836,2,502,0,53,121,31,1
1778522443.8825068,1,1722,-700,208,120,37,29
1778522443.8965344,2,502,0,53,121,31,1
1778522443.899378,1,1711,-600,180,122,37,4
1778522443.9140983,2,502,0,53,121,31,2
1778522443.9177423,1,1703,-450,152,121,37,21
1778522443.9317787,2,502,0,53,121,31,2
1778522443.9353783,1,1696,-450,126,121,37,13
1778522443.9499493,2,502,0,53,121,31,1
1778522443.952915,1,1691,-350,102,121,37,7
1778522443.9668128,2,502,0,53,122,31,1
1778522443.9698262,1,1688,-300,82,122,37,2
1778522443.984298,2,502,0,53,122,32,1
1778522443.987512,1,1685,-150,71,122,37,2
1778522444.0014606,2,502,0,53,121,31,1
1778522444.0042067,1,1684,-150,60,121,37,4
1778522444.0187871,2,502,0,53,121,31,2
1778522444.0223513,1,1683,-50,54,121,37,4
1778522444.0364478,2,502,0,53,121,31,2
1778522444.0392125,1,1683,0,53,122,37,4
1778522444.0537546,2,503,0,53,121,31,1
1778522444.0574365,1,1683,0,53,121,37,4
1778522444.0713959,2,502,0,53,121,31,1
1778522444.0745983,1,1683,0,53,121,37,4
1778522444.089322,2,502,0,53,121,31,1
1778522444.0925524,1,1683,0,53,121,37,4
1778522444.1064663,2,503,0,53,121,31,1
1778522444.1095612,1,1683,0,53,121,37,4
1778522444.124094,2,502,0,53,121,31,1
1778522444.127549,1,1683,0,53,121,37,4
1778522444.1417277,2,503,0,53,121,31,2
1778522444.1446435,1,1683,0,53,122,37,3
1778522444.1594248,2,502,0,53,121,31,1
1778522444.1630888,1,1683,0,53,121,37,4
1778522444.1773493,2,502,0,53,121,31,2
1778522444.1800766,1,1683,0,53,121,37,3
1778522444.1947944,2,502,0,53,121,31,2
1778522444.1984222,1,1683,0,53,122,37,2
1778522444.2125707,2,502,0,53,121,31,1
1778522444.215422,1,1683,0,53,121,37,4
1778522444.2300436,2,502,0,53,121,31,2
1778522444.2336292,1,1683,0,53,121,37,3
1778522444.2477872,2,502,0,53,121,31,2
1778522444.250579,1,1683,0,53,121,37,4
1778522444.2651212,2,502,0,53,121,32,1
1778522444.2693503,1,1683,0,53,122,37,4
1778522444.2834115,2,502,0,53,121,32,1
1778522444.2866344,1,1683,0,53,121,37,3
1778522444.3011925,2,502,0,53,121,31,2
1778522444.3045452,1,1683,0,53,121,37,4
1778522444.3184967,2,502,0,53,121,31,2
1778522444.321499,1,1683,0,53,122,37,4
1778522444.3361723,2,502,0,53,121,31,2
1778522444.339641,1,1683,0,53,121,37,3
1778522444.3536391,2,502,0,53,121,31,1
1778522444.3563278,1,1683,0,53,121,37,4
1778522444.3707662,2,502,0,53,121,31,1
1778522444.3743563,1,1683,0,53,121,37,4
1778522444.3886597,2,502,0,53,121,31,2
1778522444.3917375,1,1683,0,53,121,37,4
1778522444.4062192,2,502,0,53,121,31,1
1778522444.4097867,1,1683,0,53,122,37,4
1778522444.4237962,2,503,0,53,121,31,2
1778522444.426691,1,1683,0,53,121,37,4
1778522444.4413638,2,502,0,53,121,31,1
1778522444.4453666,1,1683,0,53,121,37,3
1778522444.459333,2,502,0,53,121,31,1
1778522444.462602,1,1683,0,53,121,37,4
1778522444.477094,2,502,0,53,121,31,2
1778522444.4803536,1,1683,0,53,122,37,3
1778522444.4942954,2,502,0,53,121,31,2
1778522444.4972098,1,1683,0,53,122,37,4
1778522444.5117407,2,502,0,53,121,31,1
1778522444.515069,1,1683,0,53,121,37,4
1778522444.5291605,2,502,0,53,121,31,1
1778522444.5319033,1,1683,0,53,121,37,4
1778522444.5464048,2,502,0,53,121,31,1
1778522444.5500464,1,1683,0,53,121,37,4
1778522444.564464,2,502,0,53,121,31,1
1778522444.5675783,1,1683,0,53,121,37,3
1778522444.5820785,2,503,50,52,121,31,1
1778522444.5856752,1,1683,0,53,121,37,4
1778522444.6003597,2,502,50,48,121,31,2
1778522444.6034305,1,1683,0,53,121,37,4
1778522444.617587,2,502,-50,54,121,31,1
1778522444.6203704,1,1683,0,53,121,37,3
1778522444.6351933,2,502,0,53,121,31,1
1778522444.6388063,1,1683,0,53,122,37,4
1778522444.652815,2,502,0,53,121,31,2
1778522444.6555781,1,1683,0,53,121,37,4
1778522444.669957,2,502,0,53,121,31,1
1778522444.6735227,1,1683,0,53,121,37,3
1778522444.6875365,2,502,0,53,121,31,1
1778522444.6903002,1,1683,0,53,121,37,3
1778522444.7049923,2,502,0,53,121,31,1
1778522444.7088835,1,1683,0,53,121,37,3
1778522444.7229614,2,502,0,53,121,31,2
1778522444.7258348,1,1683,0,53,121,37,4
1778522444.7406898,2,502,0,53,121,31,2
1778522444.744013,1,1683,0,51,121,37,2
1778522444.7581134,2,502,0,53,121,31,2
1778522444.7611952,1,1683,0,41,122,37,2
1778522444.7756534,2,502,0,53,121,31,2
1778522444.7791893,1,1683,0,27,122,37,1
1778522444.7931688,2,502,0,53,122,31,1
1778522444.7960255,1,1683,0,25,122,37,0
1778522444.8104844,2,502,0,53,121,32,1
1778522444.814063,1,1683,0,54,121,37,3
1778522444.8280206,2,502,0,53,121,31,1
1778522444.8307574,1,1684,0,86,121,37,2
1778522444.8454375,2,502,0,53,121,31,2
1778522444.8493814,1,1686,100,118,121,37,12
1778522444.8633204,2,502,0,53,121,31,2
1778522444.8665192,1,1687,50,159,119,37,19
1778522444.8811266,2,502,0,53,120,31,2
1778522444.8843746,1,1693,150,202,118,37,8
1778522444.898358,2,502,0,53,121,31,2
1778522444.901436,1,1702,400,235,120,37,10
1778522444.9159777,2,502,0,53,119,31,1
1778522444.9194047,1,1712,600,262,121,37,12
1778522444.9334068,2,502,0,53,120,31,2
1778522444.9361482,1,1725,700,286,120,37,34
1778522444.9504817,2,502,0,53,121,31,1
1778522444.9540403,1,1738,750,312,117,37,14
1778522444.9679916,2,502,0,53,119,31,1
1778522444.9708564,1,1753,750,342,120,37,19
1778522444.9851832,2,502,50,51,120,31,1
1778522444.989098,1,1771,850,365,120,37,21
1778522445.0029876,2,502,-50,51,117,31,1
1778522445.0059233,1,1788,1000,378,120,37,20
1778522445.0203876,2,502,0,53,118,31,2
1778522445.0236063,1,1807,1050,389,117,37,57
1778522445.0375373,2,502,0,53,120,31,2
1778522445.0403767,1,1826,1100,396,117,37,38
1778522445.0552135,2,502,0,53,117,31,2
1778522445.058689,1,1847,1150,401,120,37,56
1778522445.072695,2,502,0,53,120,31,1
1778522445.0756023,1,1868,1200,397,116,37,14
1778522445.0902677,2,502,0,53,118,31,1
1778522445.0938401,1,1888,1150,387,120,37,53
1778522445.1082034,2,502,0,53,121,31,1
1778522445.1110163,1,1908,1150,373,119,37,14
1778522445.125708,2,502,0,53,120,31,2
1778522445.1296628,1,1923,1100,357,119,37,19
1778522445.1435401,2,502,0,53,116,31,2
1778522445.1468425,1,1933,800,358,118,37,35
1778522445.1614373,2,502,0,53,118,31,2
1778522445.164674,1,1938,450,376,117,37,64
1778522445.1785963,2,502,0,53,113,31,1
1778522445.1814947,1,1941,250,399,112,37,115
1778522445.195958,2,502,0,53,113,31,2
1778522445.1992018,1,1942,100,424,110,37,137
1778522445.2130642,2,502,0,53,112,31,1
1778522445.2158313,1,1942,0,450,109,37,154
1778522445.2301369,2,502,0,53,110,31,1
1778522445.2337039,1,1942,0,474,110,37,161
1778522445.247696,2,502,0,53,109,31,1
1778522445.250462,1,1942,0,491,109,37,164
1778522445.264936,2,502,0,53,110,31,1
1778522445.2689593,1,1942,0,502,109,37,170
1778522445.2830741,2,502,0,53,111,31,1
1778522445.2858796,1,1942,0,507,108,37,176
1778522445.3003411,2,502,0,53,109,31,1
1778522445.3042486,1,1942,0,507,108,37,182
1778522445.3185978,2,502,0,53,109,31,1
1778522445.3216326,1,1942,0,505,109,37,174
1778522445.3363729,2,502,0,53,111,31,1
1778522445.3397346,1,1942,0,496,109,37,172
1778522445.3536723,2,502,0,53,112,32,1
1778522445.3564615,1,1942,0,481,110,37,158
1778522445.3707693,2,502,0,53,111,31,2
1778522445.3743815,1,1942,0,462,111,37,150
1778522445.3884516,2,502,0,53,113,32,1
1778522445.3912506,1,1942,0,434,111,37,136
1778522445.405599,2,502,0,53,114,31,1
1778522445.409475,1,1942,0,401,113,37,119
1778522445.423408,2,502,0,53,114,31,1
1778522445.4267344,1,1942,0,361,113,37,100
1778522445.4413056,2,502,0,53,116,31,2
1778522445.4444408,1,1942,0,315,115,37,75
1778522445.4584181,2,502,0,53,118,31,1
1778522445.4613516,1,1942,0,264,116,37,67
1778522445.4758484,2,502,0,53,119,31,1
1778522445.4792101,1,1942,0,205,118,37,36
1778522445.4930599,2,502,0,53,120,31,1
1778522445.4958506,1,1941,0,142,119,37,22
1778522445.5101843,2,502,0,53,121,32,2
1778522445.5137384,1,1941,-50,77,121,37,7
1778522445.5278656,2,502,50,50,122,31,2
1778522445.530646,1,1940,-50,26,122,37,0
1778522445.54505,2,502,-50,52,121,32,1
1778522445.548993,1,1936,-50,106,122,37,0
1778522445.5630062,2,502,0,53,121,32,2
1778522445.5658038,1,1930,-200,175,120,37,23
1778522445.5803497,2,502,0,53,122,32,2
1778522445.5837507,1,1922,-400,228,119,37,7
1778522445.5976436,2,502,0,53,120,31,2
1778522445.600464,1,1911,-550,273,120,37,7
1778522445.6151104,2,502,0,53,121,31,2
1778522445.618419,1,1904,-450,325,119,37,48
1778522445.632287,2,502,0,53,119,31,1
1778522445.6350589,1,1890,-750,363,121,37,20
1778522445.6495175,2,502,0,53,119,31,1
1778522445.6534982,1,1872,-950,382,120,37,54
1778522445.6674466,2,502,0,53,119,31,2
1778522445.6708195,1,1852,-1100,384,119,37,55
1778522445.6854942,2,502,0,53,121,31,1
1778522445.6887207,1,1833,-1100,372,119,37,11
1778522445.7026923,2,502,0,53,119,32,1
1778522445.7057571,1,1816,-1050,360,120,37,10
1778522445.7202473,2,502,0,53,120,31,1
1778522445.7235394,1,1797,-1050,339,121,37,10
1778522445.7375457,2,502,0,53,119,32,1
1778522445.7404168,1,1780,-1000,317,121,37,8
1778522445.7548668,2,502,0,53,121,31,2
1778522445.7585363,1,1764,-900,294,119,37,42
1778522445.772653,2,502,0,53,120,32,2
1778522445.775413,1,1749,-950,265,121,37,6
1778522445.7902095,2,502,0,53,120,31,2
1778522445.7941022,1,1736,-750,234,121,37,10
1778522445.8080168,2,502,0,53,121,31,2
1778522445.8114736,1,1724,-650,206,121,37,6
1778522445.8262906,2,502,0,53,121,32,2
1778522445.8294878,1,1713,-600,178,121,37,4
1778522445.843566,2,502,0,53,121,31,2
1778522445.8465571,1,1705,-600,146,122,38,3
1778522445.86113,2,502,0,53,121,31,1
1778522445.865014,1,1699,-450,119,122,37,2
1778522445.879081,2,502,0,53,121,32,2
1778522445.8816845,1,1694,-350,96,122,37,2
1778522445.8963184,2,502,0,53,122,31,2
1778522445.8997784,1,1691,-200,81,122,37,8
1778522445.9137468,2,502,0,53,121,31,1
1778522445.9165447,1,1689,-200,67,121,37,4
1778522445.9309871,2,502,0,53,122,32,1
1778522445.9345953,1,1688,-50,60,122,37,4
1778522445.9488254,2,502,0,53,121,31,2
1778522445.9516644,1,1688,0,58,121,37,4
1778522445.9663908,2,502,0,53,121,32,2
1778522445.9699426,1,1688,0,58,121,37,4
1778522445.9840982,2,502,0,53,121,31,2
1778522445.9869418,1,1688,0,56,121,37,5
1778522446.0013824,2,502,0,53,122,31,2
1778522446.005305,1,1688,0,55,122,37,4
1778522446.0192385,2,502,0,53,122,32,1
1778522446.0220685,1,1688,0,55,122,37,4
1778522446.0365968,2,502,0,53,121,32,1
1778522446.0399535,1,1688,0,55,122,37,4
1778522446.0541363,2,502,0,53,121,32,2
1778522446.0570564,1,1688,0,55,121,37,4
1778522446.071609,2,502,0,53,122,31,2
1778522446.0749462,1,1688,0,55,122,37,3
1778522446.0890381,2,502,0,53,121,31,2
1778522446.091926,1,1688,0,55,121,37,3
1778522446.106412,2,502,0,53,121,31,2
1778522446.1099787,1,1688,0,55,122,37,4
1778522446.1242404,2,502,0,53,122,31,1
1778522446.127394,1,1688,0,55,122,37,4
1778522446.1421878,2,502,0,53,121,31,2
1778522446.1458359,1,1688,0,55,122,37,4
1778522446.159859,2,502,0,53,121,31,1
1778522446.16335,1,1688,0,53,122,37,3
1778522446.1778033,2,502,0,53,122,31,2
1778522446.1808686,1,1688,0,45,122,37,3
1778522446.1947775,2,502,0,53,122,31,1
1778522446.1978798,1,1688,0,31,122,37,2
1778522446.2124066,2,502,0,53,122,32,2
1778522446.2158453,1,1689,0,22,122,37,0
1778522446.2297978,2,503,0,53,122,31,2
1778522446.2327828,1,1689,50,46,122,37,2
1778522446.2473052,2,502,0,53,122,32,1
1778522446.2505875,1,1690,50,76,122,37,1
1778522446.264652,2,502,0,53,121,31,1
1778522446.2675135,1,1691,50,110,121,37,9
1778522446.2817695,2,502,0,53,122,32,2
1778522446.2853403,1,1692,50,153,122,37,5
1778522446.2995589,2,502,0,53,121,31,1
1778522446.3026278,1,1698,100,195,120,37,25
1778522446.3172963,2,502,0,53,120,31,2
1778522446.321471,1,1705,350,230,121,37,8
1778522446.3354776,2,502,0,53,120,32,1
1778522446.3386853,1,1717,500,259,120,37,13
1778522446.3533192,2,502,0,53,120,32,2
1778522446.3566177,1,1729,650,286,121,37,10
1778522446.3705382,2,502,0,53,120,32,2
1778522446.3736129,1,1743,750,312,120,37,42
1778522446.3880987,2,502,0,53,120,32,2
1778522446.3914819,1,1758,800,341,120,37,12
1778522446.4053953,2,502,0,53,121,32,2
1778522446.4081745,1,1774,1000,361,117,37,17
1778522446.4227931,2,502,0,53,121,32,2
1778522446.4263844,1,1792,1000,375,120,37,12
1778522446.4405973,2,502,0,53,119,32,2
1778522446.443517,1,1811,1000,389,120,37,18
1778522446.4578097,2,502,0,53,119,32,1
1778522446.4613414,1,1830,1100,395,118,37,57
1778522446.47554,2,502,0,53,120,31,1
1778522446.4785388,1,1851,1100,402,120,37,13
1778522446.4933825,2,502,0,53,118,32,1
1778522446.4973917,1,1872,1200,397,117,37,16
1778522446.5115337,2,502,0,53,118,32,1
1778522446.5149431,1,1893,1150,387,121,37,68
1778522446.5295775,2,502,0,53,121,32,1
1778522446.5325956,1,1913,1150,372,119,37,12
1778522446.5465753,2,502,0,53,120,32,2
1778522446.5497398,1,1926,800,365,117,37,81
1778522446.564212,2,503,0,53,119,31,2
1778522446.5676188,1,1935,550,369,117,37,82
1778522446.5815651,2,502,0,53,118,32,1
1778522446.5843487,1,1940,550,378,116,36,102
1778522446.598596,2,502,0,53,114,31,1
1778522446.6020114,1,1942,250,407,111,37,141
1778522446.6160357,2,502,0,53,112,32,1
1778522446.6187842,1,1942,100,436,112,37,131
1778522446.6331334,2,502,0,53,116,31,1
1778522446.6370845,1,1942,0,465,114,37,98
1778522446.651135,2,502,0,53,116,32,2
1778522446.6540515,1,1943,0,487,114,37,104
1778522446.6684551,2,502,0,53,110,32,1
1778522446.6718397,1,1945,150,497,109,37,183
1778522446.6859033,2,502,0,53,114,32,1
1778522446.6887033,1,1946,50,502,113,37,122
1778522446.703544,2,502,0,53,114,32,1
1778522446.706962,1,1946,0,504,113,37,119
1778522446.7210536,2,502,0,53,114,32,2
1778522446.7239912,1,1946,0,504,113,37,128
1778522446.7383375,2,502,0,53,113,31,2
1778522446.7419114,1,1946,0,499,113,37,117
1778522446.7560465,2,502,0,53,115,32,2
1778522446.7588305,1,1946,0,489,113,37,115
1778522446.7736194,2,502,0,53,114,32,1
1778522446.777799,1,1946,0,471,114,37,110
1778522446.791964,2,502,0,53,115,32,2
1778522446.7959251,1,1946,0,446,115,37,99
1778522446.810339,2,502,0,53,117,32,1
1778522446.8133402,1,1946,0,416,116,37,83
1778522446.8273134,2,502,0,53,117,32,1
1778522446.8304992,1,1946,0,381,116,37,72
1778522446.8452694,2,502,0,53,117,31,1
1778522446.8484013,1,1946,0,336,118,37,64
1778522446.8624501,2,502,0,53,118,31,1
1778522446.8653133,1,1946,0,288,116,37,66
1778522446.879733,2,503,0,53,117,32,1
1778522446.8830967,1,1946,0,235,117,37,61
1778522446.897095,2,502,0,53,119,32,2
1778522446.9000216,1,1946,0,173,119,37,40
1778522446.9144504,2,502,0,53,121,32,2
1778522446.918037,1,1945,0,109,121,37,16
1778522446.932164,2,502,0,53,122,32,2
1778522446.9351447,1,1944,-50,37,122,37,2
1778522446.9494512,2,502,0,53,122,32,1
1778522446.9529955,1,1941,-150,62,122,37,0
1778522446.96696,2,502,0,53,122,32,2
1778522446.9698384,1,1935,-250,133,122,36,9
1778522446.9842818,2,502,0,53,122,32,1
1778522446.9875715,1,1928,-400,192,122,37,16
1778522447.001587,2,502,0,53,121,31,2
1778522447.0043297,1,1918,-550,243,121,37,35
1778522447.0188155,2,502,0,53,121,32,2
1778522447.0222392,1,1910,-550,290,118,38,11
1778522447.0362132,2,502,0,53,118,32,2
1778522447.0389879,1,1900,-450,342,121,37,15
1778522447.0546446,2,502,0,53,117,32,1
1778522447.0581067,1,1883,-700,379,120,37,61
1778522447.073066,2,502,0,53,120,32,1
1778522447.0770164,1,1864,-1000,389,117,37,19
1778522447.0913363,2,502,0,53,119,32,2
1778522447.0944765,1,1844,-1050,387,121,37,20
1778522447.1089284,2,502,0,53,120,31,2
1778522447.1121366,1,1825,-1100,378,118,37,56
1778522447.1261544,2,502,0,53,121,32,1
1778522447.1290214,1,1805,-1050,362,118,37,56
1778522447.1436303,2,502,0,53,121,32,2
1778522447.146945,1,1788,-1050,343,118,37,13
1778522447.16097,2,502,0,53,121,32,1
1778522447.163829,1,1771,-950,319,119,37,41
1778522447.1783514,2,502,0,53,119,32,2
1778522447.1819847,1,1754,-950,295,121,37,33
1778522447.1962373,2,502,0,53,121,32,2
1778522447.1992278,1,1739,-950,263,119,37,39
1778522447.2137744,2,502,0,53,120,32,1
1778522447.2173986,1,1725,-850,232,121,37,6
1778522447.2314558,2,502,0,53,120,32,2
1778522447.2347429,1,1714,-750,203,121,37,5
1778522447.24929,2,502,0,53,122,32,1
1778522447.252447,1,1704,-600,175,121,37,24
1778522447.2664576,2,502,0,53,121,32,1
1778522447.2695293,1,1696,-500,150,121,38,20
1778522447.2839675,2,502,0,53,121,32,2
1778522447.287387,1,1689,-400,123,121,37,4
1778522447.3016913,2,502,0,53,122,32,2
1778522447.304579,1,1685,-250,99,121,37,8
1778522447.3190963,2,502,0,53,122,32,1
1778522447.3224661,1,1681,-250,82,122,37,3
1778522447.3367486,2,502,0,53,122,31,1
1778522447.3396738,1,1679,-200,68,122,37,2
1778522447.3537848,2,502,0,53,121,31,1
1778522447.3565562,1,1678,-100,63,122,37,4
1778522447.371293,2,502,0,53,121,32,1
1778522447.3745413,1,1677,-100,55,121,37,2
1778522447.3887694,2,502,0,52,121,32,2
1778522447.3915277,1,1677,0,55,122,37,4
1778522447.4058344,2,502,0,46,122,32,0
1778522447.4093978,1,1677,0,55,122,37,4
1778522447.4233534,2,502,0,32,122,32,1
1778522447.426149,1,1677,0,55,122,38,4
1778522447.440342,2,502,0,20,122,32,0
1778522447.4442348,1,1677,0,55,122,37,4
1778522447.4583242,2,502,0,45,122,32,1
1778522447.461187,1,1677,0,55,122,37,3
1778522447.4756346,2,501,-50,73,121,32,1
1778522447.4789803,1,1677,0,55,122,37,4
1778522447.493166,2,500,-50,109,122,32,3
1778522447.496126,1,1677,-50,51,122,37,3
1778522447.5102024,2,497,-50,148,121,32,5
1778522447.5141592,1,1677,50,54,122,37,4
1778522447.5282884,2,491,-150,187,121,32,7
1778522447.531194,1,1676,0,55,121,37,4
1778522447.545696,2,484,-350,215,121,32,7
1778522447.5497115,1,1677,0,55,121,37,4
1778522447.5636828,2,474,-450,249,121,32,8
1778522447.5670657,1,1677,0,55,121,37,4
1778522447.5814543,2,462,-650,274,121,32,8
1778522447.5843349,1,1677,0,55,121,37,4
1778522447.5981271,2,449,-700,298,121,32,9
1778522447.6010358,1,1677,0,55,121,37,3
1778522447.6155312,2,435,-800,324,120,32,10
1778522447.6187859,1,1677,0,55,121,37,4
1778522447.6329618,2,419,-900,351,121,32,12
1778522447.6359713,1,1677,0,55,121,37,4
1778522447.6503804,2,402,-900,371,120,32,11
1778522447.6540256,1,1677,0,55,121,37,3
1778522447.668105,2,381,-1000,384,121,32,10
1778522447.6709957,1,1677,0,55,121,37,3
1778522447.68541,2,361,-1150,385,121,32,9
1778522447.6893127,1,1676,0,55,121,37,3
1778522447.7033126,2,339,-1200,381,121,32,7
1778522447.7065735,1,1677,0,55,121,37,4
1778522447.7215075,2,318,-1150,374,121,32,8
1778522447.7248433,1,1677,0,55,121,37,4
1778522447.738928,2,297,-1200,357,121,32,6
1778522447.741913,1,1677,0,55,121,37,3
1778522447.7566407,2,278,-1100,339,121,32,5
1778522447.7599797,1,1677,0,55,121,37,4
1778522447.7740529,2,259,-1100,317,121,32,6
1778522447.7769334,1,1677,0,55,121,37,4
1778522447.7914934,2,241,-1050,291,121,32,4
1778522447.7950833,1,1677,0,55,121,37,3
1778522447.8091724,2,226,-1050,259,121,32,3
1778522447.8119898,1,1677,0,55,121,37,3
1778522447.8263907,2,212,-850,241,121,32,5
1778522447.829968,1,1677,0,55,121,37,4
1778522447.8442378,2,199,-800,215,121,32,3
1778522447.847191,1,1677,0,55,121,37,4
1778522447.8616765,2,187,-700,192,121,32,3
1778522447.8652635,1,1677,0,55,122,37,4
1778522447.8793342,2,177,-650,161,121,32,2
1778522447.8824377,1,1677,0,55,121,37,4
1778522447.896839,2,169,-450,138,121,32,1
1778522447.9000196,1,1677,0,55,121,37,4
1778522447.9145577,2,162,-450,113,121,32,1
1778522447.9184875,1,1677,0,55,121,37,4
1778522447.932547,2,156,-300,85,121,32,1
1778522447.9352965,1,1677,0,55,121,37,4
1778522447.9496713,2,153,-300,67,121,32,1
1778522447.9532602,1,1677,0,55,122,37,3
1778522447.967334,2,151,-200,52,121,32,1
1778522447.9706035,1,1677,0,55,121,37,4
1778522447.9854136,2,150,-100,47,121,32,1
1778522447.9886284,1,1677,0,55,122,37,3
1778522448.0031238,2,150,-50,44,122,32,1
1778522448.0063436,1,1677,0,55,122,37,5
1778522448.0211728,2,150,0,42,122,32,0
1778522448.024321,1,1677,0,55,122,37,4
1778522448.038453,2,150,0,36,121,32,1
1778522448.0413964,1,1677,0,55,122,37,4
1778522448.0560946,2,150,0,21,122,32,0
1778522448.0595667,1,1677,0,55,122,37,4
1778522448.0735304,2,150,0,30,122,32,0
1778522448.0762625,1,1677,0,55,122,38,3
1778522448.0906289,2,150,0,55,121,32,1
1778522448.0940855,1,1677,0,55,121,37,3
1778522448.1080582,2,151,0,87,121,32,1
1778522448.1108572,1,1677,0,55,121,37,3
1778522448.1253169,2,152,50,120,121,32,3
1778522448.1291316,1,1677,0,55,121,37,4
1778522448.1432014,2,156,50,162,121,32,5
1778522448.145991,1,1677,0,55,121,37,4
1778522448.160486,2,161,250,194,121,32,6
1778522448.1647255,1,1677,0,55,121,37,4
1778522448.178936,2,170,450,223,121,32,7
1778522448.1818597,1,1677,0,55,121,37,4
1778522448.196397,2,179,500,250,121,31,9
1778522448.1996126,1,1677,0,55,121,37,4
1778522448.213541,2,191,600,281,121,32,10
1778522448.21624,1,1677,0,55,121,37,4
1778522448.2307847,2,204,750,309,121,32,11
1778522448.2343037,1,1676,0,55,121,37,3
1778522448.24826,2,219,750,336,121,32,14
1778522448.2510283,1,1677,0,55,121,37,3
1778522448.2653806,2,234,850,360,121,32,19
1778522448.2693648,1,1677,0,55,121,37,4
1778522448.2833772,2,251,850,385,121,32,13
1778522448.2865329,1,1677,0,55,121,37,3
1778522448.30118,2,271,1000,399,121,32,12
1778522448.3045785,1,1677,0,55,121,37,4
1778522448.318523,2,291,1150,403,120,32,13
1778522448.321552,1,1677,0,55,120,37,4
1778522448.3363996,2,313,1200,404,121,32,14
1778522448.3397372,1,1677,0,55,121,37,4
1778522448.3538814,2,334,1200,404,120,32,10
1778522448.3567793,1,1677,0,55,121,37,4
1778522448.37111,2,353,1100,407,120,32,12
1778522448.374238,1,1677,0,55,121,37,4
1778522448.3889327,2,376,1300,404,121,32,11
1778522448.3920667,1,1677,0,55,121,37,3
1778522448.405997,2,397,1300,388,121,32,10
1778522448.4088433,1,1677,0,55,121,37,4
1778522448.4232428,2,418,1250,368,121,32,8
1778522448.4266284,1,1676,0,55,121,38,4
1778522448.4404576,2,436,1150,349,121,32,7
1778522448.443303,1,1677,0,55,121,37,4
1778522448.4576426,2,454,1000,334,121,32,6
1778522448.4612422,1,1677,0,55,121,37,3
1778522448.4752061,2,472,1050,310,121,32,6
1778522448.4785094,1,1677,0,55,121,37,3
1778522448.4925983,2,487,950,284,121,32,3
1778522448.4955688,1,1677,0,55,121,37,4
1778522448.5099823,2,503,950,255,121,32,5
1778522448.5134902,1,1677,0,55,121,37,4
1778522448.5275576,2,517,700,224,121,32,5
1778522448.5304103,1,1677,0,55,121,37,5
1778522448.5447478,2,526,700,201,121,32,4
1778522448.5487835,1,1677,0,55,121,37,3
1778522448.5630894,2,536,600,177,121,32,3
1778522448.5664184,1,1677,0,55,121,37,4
1778522448.581225,2,545,450,158,121,32,3
1778522448.5843804,1,1677,0,55,121,37,4
1778522448.5984235,2,552,500,129,121,32,2
1778522448.6014597,1,1677,0,55,121,37,4
1778522448.6161544,2,558,350,103,121,35,1
1778522448.6195605,1,1677,0,55,122,37,4
1778522448.63349,2,562,300,79,121,32,1
1778522448.6362484,1,1677,0,55,122,37,4
1778522448.6507232,2,565,150,54,122,32,1
1778522448.6544168,1,1677,0,55,122,37,4
1778522448.6684794,2,566,100,27,121,32,0
1778522448.671295,1,1677,0,55,121,37,3
1778522448.6855474,2,566,100,29,122,32,0
1778522448.6890278,1,1677,0,55,122,37,4
1778522448.7028625,2,565,0,56,122,32,1
1778522448.7057345,1,1677,-50,52,122,37,4
1778522448.7201807,2,564,-50,86,121,32,2
1778522448.7235286,1,1677,50,53,121,37,4
1778522448.7375212,2,562,-100,120,121,32,3
1778522448.7402747,1,1677,0,55,121,37,4
1778522448.7547505,2,559,-150,154,121,32,5
1778522448.758321,1,1677,0,55,121,37,4
1778522448.7723687,2,553,-250,193,121,32,7
1778522448.7751498,1,1677,0,55,121,37,3
1778522448.789718,2,545,-450,225,121,32,8
1778522448.7936683,1,1677,0,55,121,37,3
1778522448.8076634,2,534,-550,257,121,32,10
1778522448.8110106,1,1677,0,55,121,37,4
1778522448.8254566,2,523,-550,290,121,32,12
1778522448.8286917,1,1677,0,55,121,37,4
1778522448.8425424,2,511,-650,318,121,32,11
1778522448.845357,1,1677,0,55,121,37,4
1778522448.859893,2,495,-800,343,121,32,12
1778522448.8632624,1,1677,0,55,121,37,4
1778522448.8773625,2,478,-950,361,121,32,11
1778522448.880242,1,1677,0,55,121,37,3
1778522448.8945317,2,460,-1000,376,121,32,10
1778522448.8980668,1,1677,0,55,121,37,4
1778522448.9121141,2,439,-1100,385,121,32,11
1778522448.9148674,1,1677,0,55,121,37,4
1778522448.9291768,2,420,-1150,390,121,32,9
1778522448.9330115,1,1677,0,55,121,37,4
1778522448.9469447,2,398,-1200,392,121,32,11
1778522448.9500508,1,1677,0,55,121,37,4
1778522448.9644744,2,378,-1200,392,121,32,9
1778522448.9677882,1,1677,0,55,121,37,3
1778522448.981763,2,355,-1200,392,121,32,9
1778522448.984613,1,1677,-50,52,121,37,3
1778522448.9990344,2,335,-1250,384,121,32,9
1778522449.0023685,1,1677,50,53,121,37,4
1778522449.016387,2,313,-1250,370,121,32,6
1778522449.0192058,1,1677,0,55,121,37,4
1778522449.0336394,2,294,-1150,356,121,32,7
1778522449.0375633,1,1677,0,55,121,37,3
1778522449.0517776,2,273,-1150,335,121,32,5
1778522449.0552304,1,1677,0,55,121,37,3
1778522449.0698311,2,254,-1050,312,121,32,5
1778522449.07281,1,1677,0,55,121,37,4
1778522449.0867047,2,237,-1000,290,121,32,5
1778522449.0898166,1,1677,0,55,121,37,4
1778522449.1043406,2,221,-1000,261,121,32,4
1778522449.107723,1,1677,0,55,121,37,3
1778522449.1216304,2,207,-850,241,121,32,4
1778522449.1243885,1,1677,0,55,121,37,4
1778522449.1392572,2,195,-800,216,121,32,3
1778522449.1425083,1,1677,0,55,121,37,4
1778522449.156661,2,183,-700,191,121,32,3
1778522449.1593874,1,1677,0,55,121,37,4
1778522449.1741495,2,173,-650,162,121,32,2
1778522449.177686,1,1677,0,55,122,37,4
1778522449.191724,2,165,-500,135,121,32,1
1778522449.1950717,1,1677,0,55,122,37,4
1778522449.2098846,2,158,-400,110,122,32,2
1778522449.2131724,1,1677,0,55,122,37,3
1778522449.2269778,2,153,-300,84,121,32,1
1778522449.22989,1,1677,0,55,121,37,4
1778522449.244256,2,150,-300,64,122,32,1
1778522449.2475681,1,1677,0,55,122,37,3
1778522449.2615333,2,148,-200,52,121,32,0
1778522449.2643023,1,1677,0,55,122,37,4
1778522449.278772,2,147,-100,46,121,32,1
1778522449.2819762,1,1677,0,55,121,37,4
1778522449.2962005,2,147,0,46,121,32,0
1778522449.299273,1,1677,0,55,122,37,3
1778522449.3138125,2,147,0,46,121,32,1
1778522449.3173919,1,1677,0,55,122,37,3
1778522449.3313272,2,147,0,46,121,32,1
1778522449.3345973,1,1677,0,55,121,37,4
1778522449.3492541,2,147,-50,44,122,32,0
1778522449.3524334,1,1677,0,55,122,37,4
1778522449.366425,2,147,50,44,121,32,1
1778522449.369405,1,1677,0,55,122,37,4
1778522449.3837605,2,147,50,47,121,32,1
1778522449.3870347,1,1677,0,55,122,37,3
1778522449.40119,2,147,0,46,122,32,1
1778522449.404118,1,1677,0,55,122,37,4
1778522449.4188309,2,147,0,44,122,32,1
1778522449.4224486,1,1677,0,55,122,37,4
1778522449.4367638,2,147,-50,32,121,32,1
1778522449.4395676,1,1677,0,55,122,37,3
1778522449.454143,2,147,50,22,121,32,0
1778522449.4578056,1,1677,0,55,121,37,4
1778522449.4724543,2,147,0,30,122,32,0
1778522449.4754238,1,1677,0,55,121,37,4
1778522449.4893994,2,147,0,56,121,32,1
1778522449.4922042,1,1677,0,55,121,37,4
1778522449.5066257,2,148,50,86,121,55,2
1778522449.5102768,1,1677,0,55,121,37,4
1778522449.5242293,2,148,0,122,121,32,3
1778522449.5270543,1,1677,0,55,121,37,4
1778522449.5414562,2,151,0,166,121,32,5
1778522449.5453823,1,1677,0,55,121,37,4
1778522449.5593889,2,158,250,199,121,32,7
1778522449.5627358,1,1677,0,55,121,37,5
1778522449.5773618,2,166,350,230,121,32,8
1778522449.5805476,1,1677,0,55,121,37,5
1778522449.594442,2,177,550,256,121,32,8
1778522449.5974917,1,1677,0,55,121,37,4
1778522449.612046,2,188,600,284,121,32,9
1778522449.6153598,1,1677,0,55,121,37,4
1778522449.6293879,2,202,750,311,121,32,11
1778522449.6322384,1,1677,0,55,121,38,4
1778522449.646647,2,216,850,336,121,32,12
1778522449.650297,1,1677,0,55,121,37,4
1778522449.6642687,2,232,850,361,121,32,13
1778522449.666986,1,1677,0,55,121,37,4
1778522449.6817458,2,248,850,385,121,32,14
1778522449.6855786,1,1677,0,55,121,37,3
1778522449.6995196,2,269,950,402,120,32,12
1778522449.7024632,1,1677,0,55,121,37,4
1778522449.7168577,2,288,1150,403,121,32,10
1778522449.7202861,1,1677,0,55,121,37,4
1778522449.7343686,2,311,1200,404,121,32,11
1778522449.7373438,1,1677,0,55,121,37,4
1778522449.7518268,2,330,1200,404,121,32,16
1778522449.7550278,1,1677,0,55,121,37,4
1778522449.768995,2,351,1150,406,121,32,11
1778522449.7718225,1,1677,0,55,121,37,3
1778522449.7861311,2,372,1200,408,121,32,13
1778522449.789763,1,1677,0,55,121,37,4
1778522449.8040411,2,394,1250,406,121,32,10
1778522449.8069665,1,1677,0,55,121,38,4
1778522449.8217425,2,416,1250,398,121,32,12
1778522449.8253384,1,1677,0,55,121,37,4
1778522449.8392837,2,436,1250,384,121,32,9
1778522449.8425512,1,1677,0,55,121,37,3
1778522449.8570874,2,456,1100,376,121,32,8
1778522449.8602533,1,1677,0,55,121,37,4
1778522449.8742046,2,477,1150,355,121,32,8
1778522449.8771431,1,1677,0,55,121,37,3
1778522449.891652,2,496,1150,330,121,32,7
1778522449.8949287,1,1677,0,55,121,37,4
1778522449.9092946,2,514,1050,303,121,32,7
1778522449.9125595,1,1677,0,55,121,37,4
1778522449.9265165,2,528,900,279,121,32,5
1778522449.9294617,1,1677,0,55,121,37,5
1778522449.9439523,2,541,750,257,121,32,5
1778522449.9473238,1,1677,0,55,121,37,3
1778522449.9614375,2,555,750,234,121,32,4
1778522449.9642339,1,1677,0,55,121,37,4
1778522449.9786901,2,566,750,208,121,32,4
1778522449.9823906,1,1677,0,55,121,37,4
1778522449.9967978,2,578,700,176,121,32,2
1778522449.9999712,1,1677,0,55,121,37,4
1778522450.0147922,2,587,550,148,121,32,3
1778522450.0184717,1,1677,0,55,121,37,4
1778522450.032681,2,595,500,116,121,32,1
1778522450.035527,1,1677,0,55,121,37,4
1778522450.0504198,2,599,300,93,121,31,2
1778522450.0540566,1,1677,0,55,122,37,3
1778522450.0680587,2,602,250,71,121,32,2
1778522450.07154,1,1677,0,55,122,37,4
1778522450.086314,2,604,100,48,122,32,0
1778522450.0895422,1,1677,0,55,121,37,4
1778522450.1037433,2,604,50,25,122,32,1
1778522450.1067007,1,1677,0,55,122,37,4
1778522450.1207125,2,604,50,31,122,32,0
1778522450.1237628,1,1677,0,55,122,37,4
1778522450.1382425,2,604,-50,53,121,32,2
1778522450.141926,1,1677,0,55,121,37,3
1778522450.1560566,2,603,0,89,121,32,2
1778522450.1589344,1,1677,0,55,121,37,4
1778522450.1733568,2,602,-50,126,121,32,3
1778522450.177455,1,1677,0,55,121,37,3
1778522450.191403,2,597,-200,164,121,32,5
1778522450.1947193,1,1677,0,55,121,37,3
1778522450.2089562,2,590,-300,197,121,31,7
1778522450.2119095,1,1677,0,55,121,37,4
1778522450.2264376,2,582,-450,229,121,32,7
1778522450.2299788,1,1677,0,55,121,37,4
1778522450.2440546,2,571,-550,261,121,32,9
1778522450.2468405,1,1677,0,55,121,37,4
1778522450.26158,2,559,-550,290,121,32,9
1778522450.2654686,1,1677,0,55,121,37,3
1778522450.2794495,2,544,-700,320,121,32,11
1778522450.2827766,1,1677,0,55,121,37,4
1778522450.2973847,2,529,-850,342,121,32,12
1778522450.3006306,1,1677,-50,51,121,37,3
1778522450.3145611,2,512,-900,364,121,32,13
1778522450.3176208,1,1677,50,53,120,37,4
1778522450.3321335,2,494,-950,381,120,32,11
1778522450.3354363,1,1677,0,55,121,37,4
1778522450.3493345,2,474,-1100,390,121,32,12
1778522450.352281,1,1677,0,55,121,37,4
1778522450.3666065,2,453,-1150,394,121,32,12
1778522450.3700404,1,1677,0,55,121,37,4
1778522450.3841891,2,432,-1250,394,121,32,8
1778522450.3869288,1,1677,0,55,121,37,4
1778522450.4015565,2,413,-1200,392,121,32,9
1778522450.4055283,1,1677,0,55,121,37,4
1778522450.4193916,2,389,-1200,392,121,32,9
1778522450.42293,1,1677,0,55,121,37,4
1778522450.4373593,2,367,-1200,392,120,32,9
1778522450.440332,1,1677,0,55,121,37,4
1778522450.4542074,2,346,-1250,388,121,32,9
1778522450.457266,1,1676,0,55,121,37,4
1778522450.4719303,2,325,-1200,383,121,32,8
1778522450.4754095,1,1677,0,55,121,37,4
1778522450.4893706,2,304,-1200,373,121,32,7
1778522450.4922643,1,1677,0,55,121,37,4
1778522450.5067449,2,285,-1150,358,121,32,7
1778522450.5104153,1,1677,0,55,121,37,4
1778522450.5246904,2,264,-1150,338,121,32,6
1778522450.5277238,1,1677,0,55,121,37,4
1778522450.5420027,2,245,-1100,312,121,31,5
1778522450.5455081,1,1677,0,55,121,37,4
1778522450.5597396,2,227,-1100,285,121,32,5
1778522450.5625587,1,1677,0,55,121,37,3
1778522450.5774684,2,212,-1000,259,121,32,3
1778522450.581406,1,1677,0,55,121,37,4
1778522450.5955222,2,197,-850,235,121,32,3
1778522450.5987434,1,1677,0,55,121,37,4
1778522450.6134129,2,185,-800,209,121,32,2
1778522450.6166713,1,1677,0,55,121,37,4
1778522450.6305604,2,173,-700,182,121,32,3
1778522450.633655,1,1677,0,55,122,37,4
1778522450.6484513,2,164,-550,161,121,32,2
1778522450.6521063,1,1677,0,55,121,37,4
1778522450.6660755,2,155,-550,132,121,32,2
1778522450.6687677,1,1677,0,55,121,37,3
1778522450.683245,2,149,-350,107,122,32,1
1778522450.6865344,1,1677,0,55,121,37,4
1778522450.7004912,2,145,-250,85,121,32,1
1778522450.7033541,1,1677,0,55,122,37,4
1778522450.7177575,2,142,-250,68,121,32,1
1778522450.7214386,1,1677,0,55,122,38,4
1778522450.7353382,2,139,-200,54,121,32,1
1778522450.738482,1,1677,0,55,122,37,4
1778522450.752963,2,138,-100,48,121,32,1
1778522450.7561417,1,1677,0,55,121,37,3
1778522450.7700071,2,138,-50,44,121,32,1
1778522450.7728784,1,1677,0,55,122,37,4
1778522450.7872553,2,138,0,44,122,32,1
1778522450.790634,1,1677,0,55,122,37,3
1778522450.8050058,2,138,0,44,121,32,1
1778522450.8081925,1,1677,0,55,121,37,3
1778522450.8228765,2,138,0,44,121,32,1
1778522450.826214,1,1677,0,55,122,37,3
1778522450.8403397,2,138,0,42,121,32,1
1778522450.84314,1,1677,0,55,122,37,4
1778522450.8579073,2,138,0,36,121,32,1
1778522450.8619137,1,1677,0,55,121,37,4
1778522450.8758812,2,138,0,21,122,32,0
1778522450.879235,1,1677,0,55,121,37,3
1778522450.8941069,2,138,0,31,122,32,0
1778522450.897398,1,1677,0,55,122,37,3
1778522450.9113834,2,139,0,58,121,32,2
1778522450.9143543,1,1677,0,55,122,37,3
1778522450.9287314,2,139,50,86,121,32,2
1778522450.932776,1,1677,0,55,122,37,4
1778522450.9467309,2,140,50,122,121,32,4
1778522450.9497495,1,1676,0,55,121,37,4
1778522450.9642699,2,144,150,158,121,32,5
1778522450.9676523,1,1677,0,55,121,37,4
1778522450.9815888,2,149,300,194,121,32,7
1778522450.9843636,1,1677,0,55,121,37,3
1778522450.9988184,2,158,450,225,122,32,7
1778522451.002473,1,1677,0,55,121,37,4
1778522451.0165741,2,168,450,257,121,32,9
1778522451.0193615,1,1677,0,55,121,37,4
1778522451.0336506,2,179,600,281,121,32,10
1778522451.037287,1,1677,0,55,121,37,4
1778522451.0512037,2,192,700,308,121,32,11
1778522451.054243,1,1677,0,55,121,37,4
1778522451.0687125,2,207,750,336,121,32,12
1778522451.0718834,1,1677,0,55,121,37,4
1778522451.0858045,2,224,900,360,120,32,14
1778522451.088653,1,1677,0,55,121,37,4
1778522451.1030753,2,239,950,379,121,32,12
1778522451.1064656,1,1677,0,55,121,37,3
1778522451.1203759,2,259,1050,392,121,32,13
1778522451.123254,1,1677,0,55,120,37,4
1778522451.137699,2,277,1050,403,121,32,12
1778522451.1416306,1,1677,0,55,121,37,3
1778522451.1558044,2,300,1100,409,121,32,16
1778522451.159306,1,1677,0,55,121,37,3
1778522451.1740794,2,322,1250,403,121,32,11
1778522451.1773372,1,1677,0,55,121,37,4
1778522451.1915338,2,342,1200,404,121,32,11
1778522451.1945393,1,1677,0,55,121,37,3
1778522451.2090561,2,363,1150,407,121,32,12
1778522451.2129314,1,1677,0,55,121,37,4
1778522451.2268019,2,386,1250,405,121,32,12
1778522451.229636,1,1677,0,55,121,37,4
1778522451.2441266,2,407,1250,401,121,32,11
1778522451.2475061,1,1677,0,55,121,37,4
1778522451.2614756,2,428,1200,395,121,32,11
1778522451.2643626,1,1677,0,55,121,37,4
1778522451.2787309,2,447,1100,389,121,32,11
1778522451.2823222,1,1677,0,55,121,37,4
1778522451.2962961,2,468,1100,379,121,32,8
1778522451.2990506,1,1677,0,55,121,37,5
1778522451.3135245,2,487,1200,354,121,32,7
1778522451.3175087,1,1677,0,55,121,37,4
1778522451.3314059,2,508,1100,333,121,32,7
1778522451.3345633,1,1677,0,55,121,37,3
1778522451.349274,2,525,1100,305,121,32,5
1778522451.3524523,1,1677,0,55,121,37,4
1778522451.3664796,2,538,850,286,121,32,6
1778522451.3695695,1,1677,0,55,121,37,4
1778522451.3840501,2,554,850,263,121,32,6
1778522451.3875115,1,1677,0,55,121,37,3
1778522451.4014037,2,568,850,234,121,32,4
1778522451.4041798,1,1677,0,55,121,37,4
1778522451.4184418,2,580,700,205,121,32,4
1778522451.4219463,1,1677,0,55,121,37,4
1778522451.4360785,2,591,700,174,121,32,3
1778522451.438828,1,1677,0,55,121,37,4
1778522451.453166,2,599,600,147,121,45,3
1778522451.457076,1,1677,0,55,121,37,4
1778522451.4709823,2,606,500,118,121,32,2
1778522451.4739957,1,1677,0,55,122,37,4
1778522451.4885712,2,610,300,98,121,32,2
1778522451.4917848,1,1677,0,55,121,37,4
1778522451.50566,2,614,250,80,121,32,2
1778522451.5086372,1,1677,0,55,121,37,4
1778522451.523089,2,616,100,70,121,32,1
1778522451.5266874,1,1677,0,55,121,37,4
1778522451.540716,2,617,100,63,121,32,2
1778522451.5435026,1,1677,0,55,121,37,4
1778522451.5577748,2,618,50,57,121,32,1
1778522451.561314,1,1677,0,55,122,38,4
1778522451.5753262,2,618,50,54,121,32,1
1778522451.5780776,1,1677,0,55,122,37,4
1778522451.5923104,2,618,0,55,122,32,1
1778522451.5962331,1,1677,0,55,121,37,4
1778522451.610445,2,618,0,55,121,32,0
1778522451.6133175,1,1677,0,55,121,37,4
1778522451.6281638,2,618,0,53,122,32,2
1778522451.6315863,1,1677,0,55,122,37,4
1778522451.6457083,2,618,0,45,122,32,1
1778522451.6484594,1,1677,-50,52,121,38,4
1778522451.662914,2,618,0,32,122,32,1
1778522451.6665645,1,1677,50,52,122,37,4
1778522451.6806352,2,618,0,20,122,32,0
1778522451.6834383,1,1677,50,55,121,37,4
1778522451.6981192,2,618,0,45,121,32,1
1778522451.702032,1,1677,0,55,122,37,3
1778522451.7161033,2,617,-50,77,121,32,2
1778522451.7188954,1,1676,0,55,121,38,4
1778522451.733508,2,616,-50,110,121,32,3
1778522451.7374744,1,1677,0,55,121,37,4
1778522451.7514155,2,613,-50,155,121,32,4
1778522451.7546673,1,1677,0,55,121,37,4
1778522451.7693214,2,607,-250,188,121,32,6
1778522451.772544,1,1677,0,55,121,37,4
1778522451.7864819,2,600,-350,220,121,32,8
1778522451.7894273,1,1677,0,55,121,37,4
1778522451.803891,2,590,-450,252,121,32,10
1778522451.8071299,1,1677,0,55,121,37,4
1778522451.821178,2,578,-650,281,121,32,10
1778522451.8254037,1,1677,0,55,121,37,4
1778522451.8396447,2,564,-800,306,121,32,9
1778522451.842503,1,1677,0,55,121,37,4
1778522451.8569047,2,550,-800,332,121,32,10
1778522451.860838,1,1677,0,55,121,37,4
1778522451.8748534,2,532,-800,358,121,32,12
1778522451.8777556,1,1677,0,55,121,37,4
1778522451.892266,2,514,-950,375,121,32,12
1778522451.8955882,1,1677,0,55,120,38,3
1778522451.9096594,2,495,-1050,385,121,32,10
1778522451.9123645,1,1677,0,55,121,37,5
1778522451.9268858,2,475,-1100,392,121,32,11
1778522451.9302099,1,1677,0,55,121,37,3
1778522451.9441192,2,455,-1200,392,121,32,10
1778522451.9469483,1,1677,0,55,121,37,4
1778522451.9613447,2,434,-1200,392,121,32,8
1778522451.9653432,1,1677,0,55,121,37,4
1778522451.9795198,2,412,-1200,392,121,32,9
1778522451.9825935,1,1677,0,55,121,37,4
1778522451.9970746,2,391,-1200,392,121,32,9
1778522452.000308,1,1677,0,55,121,37,4
1778522452.014186,2,368,-1200,391,121,32,8
1778522452.017125,1,1677,0,55,121,37,4
1778522452.0316517,2,347,-1250,388,121,32,9
1778522452.035241,1,1677,0,55,121,38,4
1778522452.0493245,2,325,-1250,379,121,32,8
1778522452.0521245,1,1677,0,55,121,37,3
1778522452.0664976,2,306,-1200,370,121,32,7
1778522452.070161,1,1677,0,55,121,37,4
1778522452.0841794,2,285,-1150,356,121,32,7
1778522452.0869489,1,1677,-50,52,121,37,4
1778522452.101326,2,266,-1150,338,121,32,6
1778522452.1051097,1,1677,50,52,121,37,4
1778522452.1189997,2,246,-1100,312,121,32,5
1778522452.1219602,1,1677,50,53,121,37,4
1778522452.136619,2,230,-950,290,121,32,4
1778522452.1398618,1,1677,-50,50,121,37,3
1778522452.1537662,2,214,-950,267,121,32,5
1778522452.156502,1,1677,50,55,121,37,4
1778522452.171,2,200,-900,241,121,32,4
1778522452.174506,1,1677,0,55,121,37,5
1778522452.1885827,2,186,-800,217,121,32,3
1778522452.1913342,1,1677,0,55,121,37,3
1778522452.2058675,2,176,-750,191,121,32,3
1778522452.2097197,1,1677,0,55,121,37,4
1778522452.2236266,2,165,-600,163,121,32,2
1778522452.2271593,1,1677,0,55,122,37,4
1778522452.2414715,2,156,-550,136,121,32,2
1778522452.2444432,1,1677,0,55,122,37,3
1778522452.2585206,2,150,-400,109,121,31,2
1778522452.2616303,1,1677,0,55,122,37,4
1778522452.2761614,2,145,-300,86,121,32,1
1778522452.2795286,1,1677,0,55,122,37,3
1778522452.2935462,2,142,-300,68,121,32,1
1778522452.2963815,1,1677,0,55,122,37,3
1778522452.311012,2,140,-150,58,121,32,1
1778522452.3145862,1,1677,0,55,121,37,3
1778522452.3286238,2,139,-100,51,121,32,1
1778522452.3315425,1,1677,0,55,121,37,4
1778522452.3463075,2,138,-100,44,121,32,1
1778522452.3498795,1,1677,0,55,121,37,4
1778522452.364604,2,138,0,42,122,32,1
1778522452.3677096,1,1677,0,55,122,37,3
1778522452.38179,2,138,0,36,121,32,1
1778522452.3846817,1,1676,0,55,122,37,4
1778522452.3991544,2,138,0,30,121,32,1
1778522452.4024146,1,1677,0,55,121,37,3
1778522452.4163415,2,138,0,30,121,32,0
1778522452.4191203,1,1677,0,55,122,37,3
1778522452.4335122,2,138,0,30,121,32,1
1778522452.4374793,1,1677,0,55,122,37,4
1778522452.4513416,2,138,0,30,121,32,1
1778522452.4546726,1,1677,0,55,122,37,4
1778522452.4692385,2,138,0,30,122,32,1
1778522452.4724052,1,1677,0,55,122,37,3
1778522452.4863577,2,138,0,30,121,32,1
1778522452.489447,1,1677,0,55,121,37,5
1778522452.5039291,2,138,0,30,122,32,0
1778522452.507296,1,1677,0,55,122,37,3
1778522452.5214086,2,138,0,30,122,32,0
1778522452.5243351,1,1677,0,55,122,37,4
1778522452.5388467,2,138,0,30,121,32,0
1778522452.5424654,1,1677,0,55,121,37,4
1778522452.5564578,2,138,0,30,122,32,0
1778522452.559742,1,1677,0,55,122,37,3
1778522452.574903,2,138,0,30,122,32,0
1778522452.578148,1,1677,0,55,122,37,4
1778522452.5926402,2,138,0,29,121,32,0
1778522452.5956802,1,1677,0,55,122,38,4
1778522452.6096568,2,138,0,22,121,32,0
1778522452.612657,1,1677,0,55,121,37,3
1778522452.6271951,2,138,0,23,122,32,0
1778522452.6303196,1,1677,0,55,122,37,4
1778522452.6450584,2,139,0,43,122,32,1
1778522452.6490319,1,1677,0,55,122,37,4
1778522452.6629395,2,139,50,68,121,32,1
1778522452.6660357,1,1677,0,55,122,37,4
1778522452.680317,2,139,0,99,121,41,2
1778522452.683311,1,1676,0,55,122,38,4
1778522452.6976361,2,141,100,131,121,32,3
1778522452.7011557,1,1677,0,55,121,37,4
1778522452.7150388,2,146,200,166,121,32,5
1778522452.7178442,1,1677,0,55,121,37,4
1778522452.7321932,2,152,200,198,121,32,8
1778522452.7356112,1,1677,0,55,121,37,4
1778522452.7496107,2,160,350,232,121,32,8
1778522452.7523985,1,1677,0,55,121,37,4
1778522452.7669866,2,171,500,256,121,32,8
1778522452.7703831,1,1677,0,55,121,38,4
1778522452.7843552,2,182,600,282,120,32,10
1778522452.7871869,1,1677,0,55,121,37,4
1778522452.8015282,2,195,700,308,120,32,11
1778522452.80502,1,1677,0,55,121,37,4
1778522452.8189752,2,210,850,332,120,32,13
1778522452.8218813,1,1677,0,55,121,37,4
1778522452.836473,2,225,900,354,121,32,14
1778522452.8397632,1,1677,0,55,121,38,4
1778522452.8537927,2,241,900,376,121,32,12
1778522452.8564825,1,1677,0,55,120,37,4
1778522452.871067,2,260,900,396,120,32,14
1778522452.874631,1,1677,0,55,121,37,4
1778522452.8887806,2,281,1050,404,121,32,12
1778522452.8919332,1,1677,0,55,121,37,4
1778522452.9062648,2,303,1150,406,120,32,13
1778522452.9098742,1,1677,0,55,121,38,4
1778522452.924145,2,324,1250,403,121,32,11
1778522452.927117,1,1677,0,55,121,37,4
1778522452.941708,2,343,1150,406,121,32,12
1778522452.9455905,1,1677,0,55,121,37,4
1778522452.959581,2,366,1200,406,121,32,10
1778522452.9629085,1,1677,0,55,121,37,4
1778522452.9773517,2,388,1250,404,120,32,11
1778522452.9802635,1,1677,0,55,121,37,4
1778522452.9940565,2,409,1250,401,121,32,12
1778522452.9968836,1,1677,0,55,121,37,3
1778522453.0113735,2,429,1150,395,121,32,11
1778522453.014696,1,1677,0,55,121,37,4
1778522453.0284922,2,450,1150,388,121,32,8
1778522453.0312996,1,1677,0,55,121,38,3
1778522453.0460143,2,468,1150,375,121,32,7
1778522453.0531785,1,1677,0,55,121,38,3
1778522453.0678425,2,494,1150,349,121,32,7
1778522453.0715513,1,1677,0,55,121,37,4
1778522453.085654,2,514,1150,321,121,32,7
1778522453.0884423,1,1677,0,55,121,38,4
1778522453.1028996,2,529,1050,295,121,32,5
1778522453.1065538,1,1677,0,55,121,37,4
1778522453.1206641,2,544,800,278,121,32,4
1778522453.1234806,1,1677,0,55,121,37,3
1778522453.137687,2,558,850,255,121,32,5
1778522453.141577,1,1677,0,55,122,37,4
1778522453.1556582,2,572,800,226,121,32,3
1778522453.1584752,1,1677,0,55,121,38,4
1778522453.1729133,2,583,700,196,121,32,3
1778522453.1769319,1,1677,0,55,122,38,3
1778522453.1910357,2,595,600,163,121,32,2
1778522453.1940913,1,1677,0,55,122,37,4
1778522453.2087743,2,602,600,133,122,32,2
1778522453.2119608,1,1677,0,55,122,37,3
1778522453.2259314,2,608,400,111,121,32,2
1778522453.228901,1,1677,0,55,122,37,4
1778522453.243374,2,612,300,91,121,32,2
1778522453.2468085,1,1677,0,55,122,37,4
1778522453.2606761,2,615,200,76,122,43,1
1778522453.263457,1,1677,0,55,121,37,4
1778522453.277885,2,616,150,66,121,32,2
1778522453.2814255,1,1677,0,55,122,38,3
1778522453.2954228,2,617,50,59,121,32,1
1778522453.298698,1,1677,0,55,122,37,3
1778522453.3132715,2,618,50,56,122,32,1
1778522453.316556,1,1677,0,55,122,38,5
1778522453.3305151,2,618,0,54,122,32,2
1778522453.3336763,1,1677,0,55,121,37,4
1778522453.3483121,2,618,0,54,122,32,2
1778522453.351654,1,1677,0,55,121,38,4
1778522453.365699,2,618,0,54,121,32,1
1778522453.3685806,1,1677,0,55,121,38,4
1778522453.3830986,2,618,0,54,121,32,1
1778522453.386444,1,1677,0,55,122,37,4
1778522453.4004965,2,618,0,54,121,32,2
1778522453.4033782,1,1677,0,55,122,37,4
1778522453.4182649,2,618,0,52,121,32,1
1778522453.4221814,1,1677,0,55,122,37,4
1778522453.4364808,2,618,0,43,121,32,1
1778522453.4403787,1,1677,0,55,122,38,4
1778522453.454725,2,618,0,30,121,32,1
1778522453.457688,1,1677,0,55,122,38,4
1778522453.4722683,2,618,0,22,122,32,0
1778522453.4765518,1,1677,0,55,122,37,4
1778522453.490653,2,618,0,51,121,32,1
1778522453.4935567,1,1677,0,55,122,38,4
1778522453.5080674,2,617,0,84,121,32,1
1778522453.5114691,1,1677,0,55,121,38,4
1778522453.5254624,2,616,-50,120,121,32,3
1778522453.5281656,1,1677,0,55,121,37,4
1778522453.5428503,2,612,-100,156,121,32,5
1778522453.5464876,1,1677,0,55,121,37,4
1778522453.5609524,2,606,-250,194,121,32,6
1778522453.5639145,1,1677,0,55,121,38,4
1778522453.5778444,2,599,-400,224,121,32,8
1778522453.5807374,1,1677,0,55,121,37,5
1778522453.5955327,2,588,-500,254,121,32,9
1778522453.599116,1,1677,0,55,121,38,4
1778522453.6131945,2,576,-650,284,121,32,9
1778522453.6159382,1,1677,0,55,121,37,3
1778522453.6304328,2,563,-800,310,121,32,10
1778522453.6339946,1,1677,0,55,121,37,3
1778522453.6483061,2,547,-800,337,121,32,10
1778522453.6514032,1,1677,0,55,121,37,4
1778522453.6658378,2,530,-900,356,121,32,12
1778522453.669685,1,1677,0,55,121,38,4
1778522453.6835911,2,512,-950,374,121,32,11
1778522453.6869411,1,1677,0,55,121,37,4
1778522453.7015798,2,492,-1050,384,121,32,10
1778522453.7048094,1,1677,0,55,121,37,4
1778522453.7187955,2,472,-1100,391,121,32,9
1778522453.721833,1,1677,0,55,121,37,4
1778522453.7363126,2,451,-1200,393,121,32,9
1778522453.7396066,1,1677,0,55,121,38,3
1778522453.7535698,2,430,-1200,393,121,32,11
1778522453.756359,1,1677,0,55,121,37,3
1778522453.771041,2,410,-1200,393,121,32,9
1778522453.7746525,1,1677,0,55,121,37,4
1778522453.7887354,2,387,-1200,393,121,32,10
1778522453.7914815,1,1677,0,55,121,37,4
1778522453.8059175,2,366,-1200,393,121,32,9
1778522453.8095489,1,1677,0,55,121,38,4
1778522453.8237507,2,342,-1250,388,121,32,8
1778522453.8271568,1,1677,0,55,121,38,4
1778522453.8412204,2,322,-1250,381,121,32,9
1778522453.8439715,1,1677,0,55,121,38,3
1778522453.8583055,2,302,-1200,371,121,32,8
1778522453.8618553,1,1677,0,55,121,37,4
1778522453.8763855,2,281,-1150,357,121,32,6
1778522453.879337,1,1677,0,55,121,37,4
1778522453.8933613,2,262,-1150,338,121,32,5
1778522453.896441,1,1677,0,55,121,38,4
1778522453.9103496,2,243,-1100,314,121,32,6
1778522453.913179,1,1677,0,55,121,37,4
1778522453.92765,2,227,-1100,291,121,32,3
1778522453.9309056,1,1677,-50,50,121,38,3
1778522453.945247,2,211,-950,268,121,32,3
1778522453.9481845,1,1677,50,55,121,38,3
1778522453.9624982,2,196,-950,239,121,32,3
1778522453.965955,1,1677,0,55,121,37,4
1778522453.9799979,2,182,-750,218,121,32,4
1778522453.9828415,1,1677,0,55,121,38,3
1778522453.9973657,2,172,-750,191,121,32,3
1778522454.0013294,1,1677,0,55,122,37,4
1778522454.0151756,2,161,-600,163,121,32,2
1778522454.0184069,1,1677,0,55,121,38,3
1778522454.033145,2,153,-500,138,121,32,2
1778522454.0362813,1,1677,0,55,122,38,4
1778522454.0506382,2,146,-400,112,121,32,2
1778522454.053695,1,1677,0,55,121,37,4
1778522454.0684254,2,141,-300,87,121,32,2
1778522454.0718756,1,1677,0,55,122,38,4
1778522454.0859706,2,138,-300,65,121,32,2
1778522454.088852,1,1677,0,55,121,37,3
1778522454.1034224,2,136,-200,54,121,32,0
1778522454.106691,1,1677,0,55,122,38,4
1778522454.1209784,2,135,-100,47,121,32,1
1778522454.1239429,1,1677,0,55,121,37,4
1778522454.138438,2,134,-50,44,122,32,1
1778522454.1420035,1,1677,0,55,122,37,4
1778522454.1560056,2,134,0,43,122,32,1
1778522454.1587524,1,1677,0,55,121,37,4
1778522454.1730754,2,134,0,43,122,32,1
1778522454.1769187,1,1676,0,55,122,37,4
1778522454.1908154,2,134,0,43,122,32,1
1778522454.1938972,1,1677,0,55,122,37,3
1778522454.2083256,2,134,0,43,122,32,0
1778522454.211433,1,1677,0,55,122,38,4
1778522454.225378,2,134,0,43,121,32,1
1778522454.228074,1,1677,0,55,122,38,4
1778522454.2425184,2,134,0,43,122,31,1
1778522454.246016,1,1677,0,55,122,38,3
1778522454.2602842,2,134,0,43,122,32,1
1778522454.2632616,1,1676,0,55,122,38,4
1778522454.277464,2,134,0,43,122,32,1
1778522454.2810385,1,1677,0,55,122,38,3
1778522454.2950225,2,134,0,43,122,32,1
1778522454.2984228,1,1677,-50,52,122,37,4
1778522454.313403,2,134,0,43,122,32,1
1778522454.316692,1,1677,50,53,122,38,3
1778522454.3308554,2,134,0,42,122,32,0
1778522454.3339438,1,1677,0,55,122,38,4
1778522454.3487365,2,134,0,35,122,32,1
1778522454.3520682,1,1677,0,55,122,38,4
1778522454.3662217,2,134,0,21,122,32,0
1778522454.3691742,1,1677,0,55,122,38,4
1778522454.3839989,2,134,0,30,122,32,0
1778522454.3874252,1,1677,0,55,122,38,4
1778522454.4014163,2,135,50,53,121,32,0
1778522454.4041932,1,1677,0,55,121,37,4
1778522454.4185457,2,135,0,83,121,32,2
1778522454.422041,1,1677,0,55,122,38,4
1778522454.4367082,2,136,50,119,121,32,3
1778522454.4398746,1,1677,0,55,121,37,3
1778522454.4538805,2,140,100,159,121,32,7
1778522454.4568136,1,1677,0,55,121,37,4
1778522454.4712393,2,145,250,195,121,32,7
1778522454.4745955,1,1677,0,55,121,38,4
1778522454.4886756,2,153,450,228,121,32,8
1778522454.4914873,1,1677,0,55,121,37,4
1778522454.5058048,2,163,450,254,121,32,8
1778522454.5094206,1,1677,0,55,121,38,4
1778522454.5237317,2,175,600,282,121,32,10
1778522454.5267303,1,1677,0,55,121,38,4
1778522454.541101,2,188,700,306,120,32,11
1778522454.5449529,1,1677,0,55,121,37,3
1778522454.5588863,2,205,750,336,121,32,12
1778522454.5619745,1,1677,0,55,121,38,3
1778522454.5765393,2,220,900,358,121,32,13
1778522454.5796874,1,1677,0,55,121,38,4
1778522454.5936227,2,236,950,376,120,32,13
1778522454.5964723,1,1677,0,55,121,37,3
1778522454.6107638,2,254,950,393,121,32,12
1778522454.614382,1,1677,0,55,121,37,3
1778522454.6283088,2,275,1150,403,121,32,12
1778522454.6311033,1,1677,0,55,121,38,3
1778522454.6454756,2,295,1150,406,121,32,12
1778522454.64951,1,1677,0,55,121,38,4
1778522454.6634302,2,319,1200,406,121,32,13
1778522454.666784,1,1677,0,55,121,38,4
1778522454.6814148,2,338,1250,401,121,32,10
1778522454.6847305,1,1677,0,55,121,38,4
1778522454.6986613,2,359,1100,410,121,32,13
1778522454.701716,1,1677,0,55,121,38,4
1778522454.7161868,2,381,1250,406,121,32,12
1778522454.7194011,1,1677,0,55,121,38,4
1778522454.733301,2,403,1250,403,121,32,12
1778522454.7361562,1,1677,-50,52,121,38,4
1778522454.7505035,2,423,1250,395,121,32,10
1778522454.7540407,1,1677,50,52,121,38,3
1778522454.7683249,2,444,1100,387,121,32,11
1778522454.7713087,1,1677,0,55,121,38,3
1778522454.7857492,2,463,1150,375,121,32,9
1778522454.7896667,1,1677,0,55,121,37,4
1778522454.8036284,2,484,1150,355,121,32,6
1778522454.8070335,1,1677,0,55,121,38,4
1778522454.8214655,2,504,1150,328,121,32,7
1778522454.824416,1,1677,0,55,121,38,3
1778522454.838297,2,521,1100,302,121,32,6
1778522454.8412497,1,1677,0,55,121,38,4
1778522454.8557804,2,534,950,278,121,32,6
1778522454.8590345,1,1677,0,55,121,38,3
1778522454.8729506,2,549,800,256,121,32,4
1778522454.8758576,1,1676,0,55,121,37,3
1778522454.8901033,2,562,750,234,121,32,4
1778522454.8936734,1,1677,0,55,122,38,3
1778522454.9076817,2,574,700,208,121,32,4
1778522454.9105077,1,1677,0,55,121,37,4
1778522454.9249759,2,584,650,179,121,32,2
1778522454.928805,1,1676,0,55,122,38,4
1778522454.943096,2,595,650,143,121,32,2
1778522454.9461596,1,1677,0,55,122,38,4
1778522454.961017,2,601,500,115,121,32,2
1778522454.9645572,1,1677,0,55,121,38,4
1778522454.978674,2,606,350,92,121,32,2
1778522454.9814723,1,1677,0,55,121,38,4
1778522454.9958303,2,609,250,76,121,32,3
1778522454.9991515,1,1677,0,55,122,38,4
1778522455.0134192,2,610,150,65,122,32,2
1778522455.0167692,1,1677,0,55,122,38,4
1778522455.030708,2,611,50,59,121,32,2
1778522455.0336297,1,1677,0,55,122,38,4
1778522455.0482028,2,612,0,58,121,32,2
1778522455.051661,1,1677,0,55,122,37,3
1778522455.0655942,2,612,50,56,121,32,2
1778522455.068321,1,1677,0,55,121,38,4
1778522455.0825796,2,612,50,53,122,32,1
1778522455.086152,1,1677,0,55,122,38,4
1778522455.100324,2,612,0,54,121,32,2
1778522455.1031857,1,1677,0,55,121,38,4
1778522455.1179266,2,612,0,54,121,32,2
1778522455.1219509,1,1677,0,55,122,38,3
1778522455.1359751,2,612,0,54,121,32,2
1778522455.1394312,1,1677,0,55,122,38,3
1778522455.1545703,2,612,0,52,122,32,2
1778522455.1577647,1,1677,0,55,121,37,4
1778522455.1717966,2,612,0,44,122,32,1
1778522455.1745622,1,1677,0,55,122,37,4
1778522455.189071,2,612,0,32,122,32,0
1778522455.1929505,1,1677,0,55,122,38,4
1778522455.2070527,2,612,0,22,121,32,0
1778522455.2101786,1,1677,0,55,121,38,4
1778522455.2246485,2,612,0,46,122,32,1
1778522455.2277904,1,1677,0,55,122,38,4
1778522455.241749,2,611,0,80,122,32,3
1778522455.2444956,1,1677,0,55,122,37,4
1778522455.2589447,2,610,-50,112,121,32,3
1778522455.2624667,1,1677,0,55,122,38,3
1778522455.2764053,2,607,-100,150,121,32,5
1778522455.27921,1,1677,0,55,121,38,4
1778522455.2937045,2,602,-250,181,121,32,6
1778522455.29777,1,1677,0,55,121,38,4
1778522455.3119545,2,594,-300,220,121,32,7
1778522455.3154695,1,1677,0,55,121,38,4
1778522455.33032,2,584,-550,249,121,32,9
1778522455.3334887,1,1677,0,55,121,38,4
1778522455.3475783,2,572,-650,277,121,32,9
1778522455.3505428,1,1677,0,55,121,38,4
1778522455.3650784,2,559,-750,303,121,32,11
1778522455.3692927,1,1677,0,55,121,38,4
1778522455.3833444,2,542,-850,332,121,32,11
1778522455.3865888,1,1677,0,55,121,37,4
1778522455.4013057,2,527,-850,356,121,32,12
1778522455.4044678,1,1677,0,55,121,38,4
1778522455.4184055,2,509,-900,377,120,32,13
1778522455.4213653,1,1676,0,55,121,38,4
1778522455.4360683,2,490,-1050,386,121,32,12
1778522455.4393358,1,1677,0,55,121,38,4
1778522455.4532096,2,469,-1100,393,121,32,10
1778522455.4560094,1,1677,0,55,121,38,4
1778522455.470397,2,448,-1200,394,121,32,9
1778522455.4739692,1,1677,0,55,121,38,4
1778522455.4882588,2,427,-1200,394,121,32,10
1778522455.4912112,1,1677,0,55,121,38,3
1778522455.5056462,2,406,-1200,394,121,32,9
1778522455.509222,1,1677,0,55,121,38,4
1778522455.5230973,2,384,-1250,393,121,32,9
1778522455.5260725,1,1677,0,55,121,38,3
1778522455.5406284,2,363,-1250,390,121,32,8
1778522455.5438461,1,1677,0,55,121,38,4
1778522455.5580032,2,341,-1250,386,121,32,9
1778522455.5608299,1,1677,0,55,121,38,4
1778522455.5753925,2,320,-1200,382,121,32,9
1778522455.578858,1,1677,0,55,121,38,3
1778522455.5927947,2,298,-1200,372,121,32,7
1778522455.595645,1,1677,0,55,121,38,3
1778522455.6098998,2,279,-1200,355,121,32,7
1778522455.613459,1,1677,-50,52,121,38,3
1778522455.6280668,2,258,-1150,334,121,32,6
1778522455.6311188,1,1677,50,53,121,38,3
1778522455.6452682,2,240,-1050,312,121,32,6
1778522455.6482134,1,1677,0,55,121,38,4
1778522455.663017,2,223,-1000,290,121,32,4
1778522455.6665163,1,1677,0,55,121,38,3
1778522455.6807787,2,207,-1000,262,121,32,3
1778522455.6836174,1,1677,0,55,121,38,4
1778522455.6982923,2,193,-900,238,121,32,3
1778522455.7019062,1,1677,-50,50,122,38,3
1778522455.7162275,2,179,-800,210,121,32,3
1778522455.7190294,1,1677,50,54,122,38,4
1778522455.7337742,2,168,-700,187,121,32,3
1778522455.7376382,1,1677,0,55,122,38,3
1778522455.751745,2,157,-650,157,121,32,2
1778522455.7551267,1,1677,0,55,122,38,3
1778522455.769827,2,149,-500,130,122,32,1
1778522455.772921,1,1677,0,55,121,38,4
1778522455.7868037,2,143,-350,108,121,32,2
1778522455.789627,1,1676,0,55,121,37,4
1778522455.8041053,2,138,-300,86,121,32,2
1778522455.8073413,1,1677,0,55,121,38,4
1778522455.821264,2,135,-200,68,122,32,1
1778522455.824002,1,1677,0,55,121,38,4
1778522455.8385034,2,133,-200,54,121,32,1
1778522455.8419979,1,1677,0,55,122,38,4
1778522455.8560143,2,132,-100,48,121,32,1
1778522455.8588378,1,1677,0,55,122,37,3
1778522455.8732085,2,132,-50,45,122,32,2
1778522455.8770328,1,1677,0,55,122,38,4
1778522455.8910005,2,132,0,45,121,32,0
1778522455.8941233,1,1677,0,55,122,38,3
1778522455.9086409,2,132,0,45,121,32,1
1778522455.9118354,1,1677,0,55,122,38,4
1778522455.9256582,2,132,0,45,121,32,1
1778522455.9284592,1,1677,0,55,122,38,4
1778522455.943029,2,132,0,45,122,32,1
1778522455.9463818,1,1677,0,55,122,38,4
1778522455.960304,2,132,0,45,122,32,1
1778522455.9632218,1,1677,0,55,122,38,4
1778522455.9776053,2,132,0,45,121,32,1
1778522455.9815876,1,1677,0,55,122,38,4
1778522455.9957879,2,132,0,45,121,32,1
1778522455.9990442,1,1677,-50,51,121,38,4
1778522456.013575,2,132,0,45,122,32,1
1778522456.0168428,1,1677,0,51,122,38,3
1778522456.0309262,2,132,0,45,122,32,1
1778522456.0340495,1,1677,50,54,121,38,5
1778522456.0486503,2,132,0,45,122,32,1
1778522456.0518782,1,1677,0,55,122,38,3
1778522456.0658543,2,132,0,45,121,32,1
1778522456.068696,1,1677,0,55,122,38,3
1778522456.0831895,2,132,0,45,121,32,1
1778522456.0867333,1,1677,0,55,122,38,4
1778522456.101353,2,132,0,45,122,32,1
1778522456.1046102,1,1677,0,55,122,38,4
1778522456.118585,2,132,0,45,122,32,1
1778522456.1215153,1,1677,0,55,121,38,3
1778522456.1361935,2,132,0,45,121,32,1
1778522456.1395676,1,1677,0,55,122,38,4
1778522456.1535902,2,132,0,45,121,32,1
1778522456.156445,1,1677,0,55,122,38,3
1778522456.171183,2,132,0,45,121,32,1
1778522456.1744254,1,1677,-50,51,122,38,3
1778522456.1883326,2,132,0,45,122,32,1
1778522456.1911068,1,1677,50,53,122,38,4
1778522456.2056966,2,132,0,45,122,32,1
1778522456.209645,1,1677,0,55,122,38,4
1778522456.2236624,2,132,0,45,121,32,1
1778522456.227028,1,1677,0,55,122,38,4
1778522456.241691,2,132,0,45,122,32,1
1778522456.2447975,1,1677,0,55,122,38,4
1778522456.2587135,2,132,0,45,121,32,1
1778522456.2617664,1,1677,0,55,121,38,3
1778522456.2763445,2,132,0,45,122,32,1
1778522456.2796848,1,1677,0,55,122,38,4
1778522456.2935846,2,132,0,45,122,32,1
1778522456.2963643,1,1677,0,55,122,38,4
1778522456.3109787,2,132,0,45,121,32,1
1778522456.3143194,1,1677,0,55,122,38,4
1778522456.328444,2,132,0,45,122,32,1
1778522456.3315065,1,1677,0,55,122,38,4
1778522456.3460782,2,132,0,45,122,32,1
1778522456.349622,1,1677,0,55,121,38,4
1778522456.363582,2,132,0,45,121,32,1
1778522456.3663473,1,1677,0,55,121,38,4
1778522456.3811781,2,132,0,45,121,32,1
1778522456.3850737,1,1677,0,55,122,38,3
1778522456.3992918,2,132,0,45,122,32,1
1778522456.4020667,1,1677,0,53,122,38,4
1778522456.4167657,2,132,0,45,122,32,2
1778522456.4199305,1,1677,0,44,122,38,3
1778522456.4339023,2,132,0,45,122,32,1
1778522456.4368176,1,1677,0,31,122,38,1
1778522456.4515934,2,132,0,45,122,32,1
1778522456.455136,1,1677,0,22,122,38,1
1778522456.4695673,2,132,0,45,122,32,1
1778522456.4731064,1,1677,0,50,122,38,3
1778522456.4871597,2,132,0,45,122,32,1
1778522456.4902546,1,1678,50,80,122,38,2
1778522456.5047555,2,132,0,45,121,32,0
1778522456.5079663,1,1679,50,117,121,38,16
1778522456.521914,2,132,0,45,121,32,1
1778522456.5247917,1,1681,100,155,120,37,23
1778522456.5391781,2,132,0,45,121,32,1
1778522456.542479,1,1687,100,196,117,38,24
1778522456.556382,2,132,0,45,121,32,2
1778522456.559235,1,1695,300,232,121,38,8
1778522456.5735857,2,132,0,45,120,32,1
1778522456.5774927,1,1704,500,257,121,38,8
1778522456.5915651,2,132,0,45,118,32,1
1778522456.594917,1,1717,600,285,121,38,12
1778522456.6094632,2,132,0,45,121,32,1
1778522456.6126783,1,1731,750,311,118,38,44
1778522456.62659,2,132,0,45,119,32,1
1778522456.6293986,1,1746,850,335,121,38,14
1778522456.6437728,2,132,0,45,121,32,1
1778522456.6472254,1,1763,950,356,119,38,16
1778522456.6615942,2,132,0,45,121,32,1
1778522456.6646478,1,1781,1000,372,120,38,13
1778522456.6785464,2,132,0,45,119,32,1
1778522456.6815255,1,1800,1000,384,121,38,16
1778522456.696245,2,132,0,45,120,32,2
1778522456.6995475,1,1819,1050,395,118,38,59
1778522456.7134745,2,132,0,45,121,32,1
1778522456.7162948,1,1840,1100,401,119,38,12
1778522456.7307532,2,132,0,45,117,32,1
1778522456.734228,1,1859,1150,404,118,38,61
1778522456.748139,2,132,0,45,121,32,1
1778522456.750918,1,1881,1200,399,120,38,12
1778522456.7652025,2,132,0,45,119,32,1
1778522456.768981,1,1901,1150,390,118,38,22
1778522456.783238,2,132,0,45,120,32,1
1778522456.7863913,1,1919,1100,379,120,38,14
1778522456.801094,2,132,0,45,120,32,1
1778522456.8042727,1,1931,750,374,117,38,83
1778522456.8183558,2,132,0,45,115,32,1
1778522456.8213587,1,1938,400,384,118,38,53
1778522456.8358958,2,132,0,45,114,32,1
1778522456.8392398,1,1942,400,404,112,38,127
1778522456.853228,2,132,0,45,117,32,1
1778522456.8561401,1,1943,200,435,115,38,85
1778522456.870504,2,132,0,45,115,32,1
1778522456.8740547,1,1944,50,468,114,38,162
1778522456.8884408,2,132,0,45,110,32,1
1778522456.8916414,1,1945,100,491,109,38,168
1778522456.9059799,2,132,0,45,111,32,1
1778522456.9094818,1,1945,0,513,109,38,184
1778522456.9234421,2,132,0,45,110,32,1
1778522456.9262257,1,1946,0,531,108,38,202
1778522456.9405434,2,132,0,45,108,32,1
1778522456.9446673,1,1945,0,541,108,38,198
1778522456.9587822,2,132,0,45,110,32,1
1778522456.9617789,1,1945,0,546,107,38,199
1778522456.9762945,2,132,0,45,110,32,1
1778522456.9794924,1,1945,0,546,108,38,199
1778522456.9936078,2,132,0,45,108,32,0
1778522456.9963996,1,1945,0,546,108,38,201
1778522457.0111563,2,132,0,45,109,32,1
1778522457.0148127,1,1945,0,544,108,38,202
1778522457.0294046,2,132,0,45,110,32,1
1778522457.032301,1,1945,0,535,108,38,194
1778522457.0461,2,132,0,45,109,32,1
1778522457.0491571,1,1946,0,520,109,38,183
1778522457.0636,2,132,0,45,111,32,1
1778522457.066917,1,1946,0,501,109,38,169
1778522457.080836,2,132,0,45,112,32,1
1778522457.083576,1,1945,0,473,110,38,160
1778522457.0981317,2,132,0,45,112,32,1
1778522457.1015925,1,1945,0,440,111,38,145
1778522457.1155896,2,132,0,45,114,32,1
1778522457.1188931,1,1945,0,400,112,38,124
1778522457.133525,2,132,0,45,116,32,1
1778522457.1367898,1,1945,0,354,114,38,94
1778522457.1507804,2,132,0,45,116,32,1
1778522457.1538985,1,1945,0,303,115,38,75
1778522457.168223,2,132,0,45,118,32,1
1778522457.1713877,1,1945,0,244,120,38,61
1778522457.1857002,2,132,0,45,120,32,1
1778522457.1893094,1,1945,0,181,118,38,28
1778522457.2031522,2,132,0,45,121,32,1
1778522457.2060761,1,1945,0,114,121,38,17
1778522457.220612,2,132,0,45,122,32,1
1778522457.2239277,1,1944,-50,38,122,38,2
1778522457.2379854,2,132,0,45,122,32,1
1778522457.2408772,1,1941,-150,67,122,38,0
1778522457.2553105,2,132,0,45,122,32,1
1778522457.258566,1,1935,-150,143,121,37,11
1778522457.2724822,2,132,0,45,122,32,1
1778522457.275268,1,1928,-350,197,122,38,3
1778522457.2896016,2,132,0,45,121,32,1
1778522457.2935731,1,1918,-450,250,120,38,30
1778522457.3075724,2,132,0,45,119,32,1
1778522457.3108535,1,1910,-550,294,120,38,9
1778522457.3255513,2,132,0,45,121,32,1
1778522457.3287826,1,1898,-450,350,118,38,53
1778522457.3426516,2,132,0,45,120,32,1
1778522457.3456597,1,1882,-850,380,120,38,66
1778522457.3603294,2,132,0,45,120,32,1
1778522457.3636928,1,1863,-1050,390,118,38,18
1778522457.3777065,2,132,0,45,119,32,1
1778522457.380467,1,1845,-1050,389,120,38,12
1778522457.394917,2,132,0,45,118,32,1
1778522457.3984802,1,1826,-1050,383,121,38,55
1778522457.4126592,2,132,0,45,121,32,1
1778522457.415477,1,1806,-1100,364,118,38,56
1778522457.429992,2,132,0,45,121,32,1
1778522457.4339702,1,1787,-1150,336,118,38,10
1778522457.4482322,2,132,0,45,121,32,0
1778522457.451019,1,1770,-1000,313,118,38,46
1778522457.465476,2,132,0,45,118,32,1
1778522457.4694614,1,1754,-950,290,121,38,40
1778522457.483504,2,132,0,45,121,32,1
1778522457.486871,1,1739,-850,263,119,38,7
1778522457.5013807,2,132,0,45,120,32,1
1778522457.5045006,1,1725,-800,234,121,38,5
1778522457.5184548,2,132,0,45,121,32,1
1778522457.5214982,1,1714,-650,207,120,38,6
1778522457.5359032,2,132,0,45,122,32,1
1778522457.539384,1,1704,-600,179,121,38,19
1778522457.5535629,2,132,0,45,121,32,1
1778522457.556431,1,1696,-600,149,121,38,14
1778522457.570703,2,132,0,45,121,32,1
1778522457.573984,1,1689,-450,123,121,38,16
1778522457.5880604,2,132,0,45,122,32,1
1778522457.590958,1,1684,-350,100,121,38,9
1778522457.6056182,2,132,0,45,122,32,1
1778522457.6094956,1,1681,-250,82,122,38,2
1778522457.6234028,2,132,0,45,122,32,2
1778522457.6267722,1,1679,-150,70,122,38,5
1778522457.6413388,2,132,0,45,121,32,1
1778522457.644571,1,1677,-100,61,122,38,4
1778522457.658487,2,132,0,45,122,32,1
1778522457.6614077,1,1677,-50,57,122,38,4
1778522457.6759183,2,132,0,45,122,32,2
1778522457.6794007,1,1677,0,55,122,38,4
1778522457.6935081,2,132,0,45,122,32,1
1778522457.6962533,1,1677,0,55,122,38,4
1778522457.7109845,2,132,0,45,122,32,1
1778522457.714499,1,1677,0,52,122,38,4
1778522457.7285256,2,132,0,45,122,32,1
1778522457.7313068,1,1677,0,51,122,38,3
1778522457.7456834,2,132,0,45,122,32,1
1778522457.7496135,1,1677,-50,48,122,38,3
1778522457.7636836,2,132,0,45,122,32,1
1778522457.767009,1,1677,0,47,122,38,3
1778522457.7813861,2,132,0,45,122,32,1
1778522457.7845879,1,1677,50,50,122,38,3
1778522457.798599,2,132,0,45,122,32,1
1778522457.8015418,1,1677,-50,49,122,38,3
1778522457.8161721,2,132,0,45,122,32,1
1778522457.8195732,1,1677,50,49,122,38,3
1778522457.8335116,2,132,0,45,121,32,1
1778522457.8363302,1,1676,50,50,122,38,3
1778522457.8506873,2,132,0,45,122,32,1
1778522457.854273,1,1677,-50,47,122,38,3
1778522457.8683534,2,132,0,45,122,32,1
1778522457.87117,1,1677,0,47,122,38,3
1778522457.8857653,2,132,0,45,122,32,1
1778522457.889317,1,1676,50,51,122,38,4
1778522457.9034925,2,132,0,45,122,32,1
1778522457.9069424,1,1677,0,51,122,38,3
1778522457.9217713,2,132,0,45,122,32,1
1778522457.9247985,1,1677,0,49,122,38,3
1778522457.938955,2,132,0,45,121,32,1
1778522457.9419398,1,1677,0,40,122,38,2
1778522457.956567,2,132,0,45,122,32,1
1778522457.9598234,1,1677,0,27,122,38,1
1778522457.9738114,2,132,0,45,122,32,1
1778522457.9765954,1,1677,0,26,122,38,0
1778522457.9910407,2,132,0,45,122,32,0
1778522457.9944084,1,1677,0,52,122,38,4
1778522458.0088074,2,132,0,45,122,32,1
1778522458.0117743,1,1678,50,82,122,38,2
1778522458.0255735,2,132,0,45,121,32,1
1778522458.028304,1,1680,50,115,121,38,10
1778522458.0426555,2,132,0,45,121,32,1
1778522458.046256,1,1681,50,156,120,38,22
1778522458.0603642,2,132,0,45,121,32,1
1778522458.0631702,1,1687,200,197,120,38,28
1778522458.077805,2,132,0,45,121,32,1
1778522458.0817707,1,1695,400,230,121,38,10
1778522458.0956845,2,132,0,45,119,32,1
1778522458.0988119,1,1705,600,258,121,38,8
1778522458.1133807,2,132,0,45,119,32,1
1778522458.1166272,1,1718,700,284,121,38,11
1778522458.1305566,2,132,0,45,121,32,1
1778522458.133423,1,1731,700,311,120,38,43
1778522458.147926,2,132,0,45,119,32,0
1778522458.1511781,1,1747,800,336,121,38,14
1778522458.1650994,2,132,0,45,121,32,1
1778522458.167899,1,1763,850,359,117,38,16
1778522458.1822603,2,132,0,45,121,32,1
1778522458.185871,1,1780,1000,374,120,38,13
1778522458.1999948,2,132,0,45,119,32,2
1778522458.202777,1,1799,1050,385,121,38,14
1778522458.2175612,2,132,0,45,117,32,2
1778522458.2215438,1,1819,1100,394,118,38,17
1778522458.235685,2,132,0,45,119,32,1
1778522458.2390459,1,1841,1150,393,121,38,15
1778522458.2535164,2,132,0,45,121,32,1
1778522458.2565641,1,1861,1150,385,118,38,20
1778522458.2705119,2,132,0,45,120,32,1
1778522458.273424,1,1880,1150,372,120,38,9
1778522458.2879813,2,132,0,45,119,32,2
1778522458.2914386,1,1899,1150,352,121,38,44
1778522458.3053825,2,132,0,45,120,32,1
1778522458.3083649,1,1916,1100,329,121,38,44
1778522458.3229625,2,132,0,45,120,32,1
1778522458.326204,1,1927,800,321,117,38,22
1778522458.3409247,2,132,0,45,119,32,1
1778522458.3453321,1,1934,500,326,119,38,42
1778522458.3594627,2,132,0,45,117,32,1
1778522458.3628342,1,1938,300,337,118,38,52
1778522458.3773406,2,132,0,45,118,32,0
1778522458.3804724,1,1939,100,354,117,38,67
1778522458.3944101,2,132,0,45,118,32,2
1778522458.3974643,1,1940,50,371,117,38,76
1778522458.4122403,2,132,0,45,118,32,2
1778522458.4155054,1,1940,0,386,116,38,76
1778522458.4298089,2,132,0,45,117,32,1
1778522458.4326203,1,1940,0,398,116,38,77
1778522458.44749,2,132,0,43,116,32,1
1778522458.4508774,1,1940,0,402,116,38,81
1778522458.4651523,2,132,0,35,117,32,0
1778522458.4679968,1,1940,0,402,116,38,82
1778522458.4826715,2,132,0,22,117,32,0
1778522458.4862888,1,1940,0,396,116,38,77
1778522458.500432,2,132,0,30,116,32,0
1778522458.5031981,1,1940,0,385,117,38,76
1778522458.5179412,2,132,0,55,118,32,1
1778522458.5219474,1,1940,0,368,117,38,62
1778522458.5359385,2,133,50,88,118,32,2
1778522458.5397677,1,1940,0,344,117,38,60
1778522458.5541008,2,134,50,124,119,32,3
1778522458.5569203,1,1940,0,313,118,38,48
1778522458.5712793,2,137,200,161,119,32,5
1778522458.5745494,1,1940,0,276,118,38,39
1778522458.588445,2,143,200,199,119,32,7
1778522458.591236,1,1940,0,236,119,38,29
1778522458.6059625,2,150,300,231,120,32,8
1778522458.6097643,1,1940,0,186,121,38,17
1778522458.6236358,2,161,500,260,120,32,9
1778522458.6270292,1,1940,0,133,121,38,10
1778522458.6414537,2,173,650,286,121,32,10
1778522458.6444082,1,1940,0,70,121,38,3
1778522458.6585383,2,187,700,313,121,32,11
1778522458.6615834,1,1938,-50,23,121,38,0
1778522458.6760433,2,201,850,339,121,32,12
1778522458.679632,1,1935,-150,89,121,38,6
1778522458.6936398,2,218,950,360,120,32,14
1778522458.6963725,1,1929,-300,154,121,38,1
1778522458.7109694,2,235,950,377,120,32,13
1778522458.7145789,1,1922,-400,212,118,38,24
1778522458.7289126,2,253,950,395,120,32,13
1778522458.7319024,1,1912,-400,270,119,38,32
1778522458.7463384,2,274,1050,404,118,32,13
1778522458.7499528,1,1905,-550,313,120,38,13
1778522458.7639537,2,295,1150,407,119,32,13
1778522458.7666693,1,1891,-450,366,118,38,21
1778522458.7810326,2,315,1200,407,119,32,14
1778522458.7849374,1,1874,-850,385,117,38,14
1778522458.7990007,2,336,1200,407,118,32,11
1778522458.8019495,1,1854,-1050,385,120,38,19
1778522458.8166115,2,356,1100,412,119,32,10
1778522458.8199894,1,1837,-1050,378,118,38,58
1778522458.8340175,2,379,1250,413,120,32,13
1778522458.8368807,1,1817,-1050,364,117,38,52
1778522458.851275,2,400,1250,410,120,32,12
1778522458.8545153,1,1800,-1050,344,117,38,12
1778522458.868433,2,423,1250,401,120,32,11
1778522458.8713357,1,1783,-1050,319,118,38,39
1778522458.8862162,2,441,1250,388,119,32,8
1778522458.8900344,1,1767,-1000,292,121,38,18
1778522458.9042041,2,463,1100,379,121,32,9
1778522458.9077306,1,1751,-900,264,118,38,8
1778522458.9228597,2,483,1150,358,120,32,8
1778522458.9259703,1,1737,-850,231,121,38,5
1778522458.940129,2,503,1150,332,120,32,7
1778522458.9430919,1,1725,-700,205,121,38,5
1778522458.957116,2,521,1050,307,121,32,6
1778522458.9599931,1,1716,-600,179,121,38,25
1778522458.973878,2,534,850,284,121,32,6
1778522458.976737,1,1708,-500,154,120,38,20
1778522458.991239,2,548,850,262,121,32,4
1778522458.994754,1,1701,-400,126,121,39,12
1778522459.009126,2,562,850,232,122,32,4
1778522459.0120068,1,1696,-300,101,121,38,11
1778522459.0258665,2,574,750,206,121,32,3
1778522459.0287676,1,1693,-300,80,122,38,2
1778522459.0432396,2,585,700,176,122,42,2
1778522459.0466752,1,1691,-150,71,122,38,3
1778522459.0609224,2,595,600,144,121,32,3
1778522459.0641146,1,1689,-150,61,121,38,4
1778522459.0786757,2,601,450,118,121,32,2
1778522459.081988,1,1689,-50,57,122,38,4
1778522459.09624,2,606,300,94,121,32,2
1778522459.0991404,1,1689,0,56,121,38,4
1778522459.1140614,2,608,200,76,122,32,2
1778522459.118058,1,1689,0,54,122,38,3
1778522459.1323824,2,610,100,56,121,32,1
1778522459.1364326,1,1689,0,44,122,38,3
1778522459.1509628,2,611,50,36,122,32,1
1778522459.1539152,1,1689,0,28,122,38,1
1778522459.1683037,2,610,50,20,122,32,0
1778522459.1714025,1,1689,0,23,122,38,1
1778522459.186157,2,610,0,46,122,32,2
1778522459.1897507,1,1689,0,54,122,38,3
1778522459.2043233,2,609,-50,75,122,32,1
1778522459.207274,1,1690,0,89,122,38,2
1778522459.22112,2,608,-50,112,121,32,2
1778522459.2238865,1,1692,100,119,121,38,10
1778522459.2382936,2,605,-100,147,121,32,4
1778522459.241877,1,1693,50,163,121,38,20
1778522459.2558916,2,600,-250,187,119,32,5
1778522459.2586913,1,1699,200,201,121,38,7
1778522459.2733693,2,592,-400,217,121,32,7
1778522459.2773094,1,1708,450,235,119,38,34
1778522459.2913246,2,582,-550,251,120,32,11
1778522459.2946346,1,1719,600,263,121,38,34
1778522459.3093712,2,570,-650,279,120,32,11
1778522459.3125753,1,1732,700,290,117,38,40
1778522459.3265598,2,557,-650,310,119,32,10
1778522459.3295884,1,1745,700,317,120,38,11
1778522459.344061,2,542,-750,339,120,32,12
1778522459.347401,1,1761,800,343,117,38,51
1778522459.361541,2,525,-900,358,119,32,11
1778522459.3644605,1,1778,900,362,120,38,51
1778522459.378971,2,508,-950,376,118,32,16
1778522459.3826098,1,1795,950,380,118,38,56
1778522459.3969646,2,488,-1050,388,120,32,11
1778522459.399998,1,1815,1000,395,117,38,19
1778522459.4144626,2,468,-1100,396,117,32,9
1778522459.4180088,1,1835,1150,401,120,38,22
1778522459.4324298,2,447,-1200,399,120,32,11
1778522459.435543,1,1856,1150,405,117,38,14
1778522459.4501595,2,425,-1200,399,118,32,9
1778522459.4537866,1,1877,1200,400,118,38,56
1778522459.467955,2,404,-1200,399,118,32,11
1778522459.4715352,1,1897,1150,390,120,38,15
1778522459.4867625,2,380,-1200,394,120,32,10
1778522459.4900396,1,1917,1000,378,117,38,17
1778522459.5042825,2,358,-1250,380,119,32,8
1778522459.5070515,1,1930,1000,368,119,38,32
1778522459.5217266,2,338,-1250,359,115,32,6
1778522459.5256112,1,1937,700,377,118,38,45
1778522459.539478,2,318,-1150,339,115,32,6
1778522459.542387,1,1941,400,397,113,38,130
1778522459.5569031,2,300,-1050,320,117,32,5
1778522459.5601077,1,1943,150,428,116,38,84
1778522459.5740283,2,283,-1000,298,115,32,4
1778522459.5768573,1,1944,50,458,115,38,102
1778522459.5914934,2,268,-950,272,112,32,3
1778522459.5949106,1,1945,50,483,110,38,155
1778522459.6088312,2,253,-800,246,110,32,4
1778522459.611681,1,1945,50,501,110,38,176
1778522459.6262937,2,242,-800,221,109,32,3
1778522459.6298192,1,1945,0,516,109,38,182
1778522459.6446202,2,231,-650,203,111,32,3
1778522459.6488469,1,1945,0,527,109,38,190
1778522459.6633134,2,221,-600,177,109,32,2
1778522459.666404,1,1945,0,531,108,38,187
1778522459.6813731,2,213,-500,153,110,32,3
1778522459.684618,1,1945,0,530,108,38,193
1778522459.6989896,2,207,-400,129,110,32,2
1778522459.702113,1,1945,50,521,108,38,186
1778522459.7167652,2,201,-350,103,109,32,1
1778522459.7200592,1,1946,0,508,109,38,172
1778522459.7340484,2,198,-250,80,112,32,1
1778522459.7368898,1,1945,-50,492,110,38,168
1778522459.751436,2,195,-200,56,111,32,0
1778522459.75476,1,1945,0,470,110,38,160
1778522459.768828,2,194,-50,29,113,32,0
1778522459.771645,1,1945,0,439,112,38,149
1778522459.7860382,2,194,-50,28,115,32,0
1778522459.7895694,1,1945,0,403,113,38,117
1778522459.8040245,2,195,0,56,114,32,1
1778522459.8070834,1,1945,0,359,114,38,94
1778522459.8217032,2,195,50,87,117,32,2
1778522459.8253055,1,1945,0,309,116,38,82
1778522459.8393433,2,196,0,130,118,32,4
1778522459.8423193,1,1945,0,255,117,38,52
1778522459.8568022,2,199,100,170,119,32,6
1778522459.8600788,1,1945,0,192,119,38,42
1778522459.8740366,2,207,300,207,120,32,7
1778522459.8768923,1,1945,0,126,120,38,22
1778522459.8914812,2,215,500,235,121,32,9
1778522459.894991,1,1944,-50,54,121,38,2
1778522459.9093792,2,225,550,265,121,32,13
1778522459.9123852,1,1942,-100,54,121,38,2
1778522459.9267642,2,236,600,297,121,32,10
1778522459.9301562,1,1936,-250,124,121,38,0
1778522459.9439774,2,249,600,334,120,32,13
1778522459.9467597,1,1929,-250,189,120,38,1
1778522459.961375,2,265,800,358,120,32,13
1778522459.965311,1,1920,-400,243,120,38,5
1778522459.9792123,2,284,950,375,120,32,11
1778522459.9824557,1,1911,-550,288,120,38,12
1778522459.9972045,2,302,1000,390,118,32,12
1778522460.0004537,1,1902,-450,343,120,38,16
1778522460.0147488,2,323,1150,395,120,32,14
1778522460.0178716,1,1885,-750,376,118,38,16
1778522460.0323472,2,341,1050,403,119,32,12
1778522460.0356898,1,1867,-1000,387,120,38,17
1778522460.0498016,2,362,1150,410,118,32,11
1778522460.0528567,1,1848,-1050,387,120,38,54
1778522460.0674927,2,384,1250,410,120,32,13
1778522460.0709798,1,1829,-1050,381,117,38,31
1778522460.0852938,2,406,1250,407,120,32,13
1778522460.0882516,1,1809,-1100,366,119,38,11
1778522460.1031008,2,427,1250,399,119,32,9
1778522460.1067727,1,1792,-1100,343,120,38,9
1778522460.1211848,2,448,1150,392,120,32,10
1778522460.123984,1,1774,-1000,320,120,38,8
1778522460.1387784,2,468,1150,379,120,32,9
1778522460.1423972,1,1757,-950,295,118,38,9
1778522460.1568074,2,488,1150,358,119,32,6
1778522460.1597233,1,1742,-950,263,121,38,9
1778522460.1735775,2,509,1150,332,121,32,7
1778522460.1763566,1,1729,-800,236,121,38,7
1778522460.1908705,2,524,1000,309,120,32,7
1778522460.1941984,1,1717,-700,207,121,38,5
1778522460.2080746,2,538,850,285,120,32,6
1778522460.2108011,1,1708,-600,180,119,38,26
1778522460.2252772,2,553,850,262,121,32,4
1778522460.229123,1,1700,-500,153,121,38,3
1778522460.2431238,2,568,850,232,121,32,3
1778522460.2461824,1,1693,-500,125,122,38,3
1778522460.260783,2,580,750,204,121,32,3
1778522460.2639556,1,1688,-350,100,122,38,3
1778522460.278148,2,590,700,175,122,32,4
1778522460.281002,1,1684,-300,80,121,38,6
1778522460.295501,2,599,600,144,121,32,3
1778522460.299323,1,1682,-150,68,121,38,5
1778522460.3141594,2,606,400,117,122,32,2
1778522460.3178203,1,1682,-100,50,122,38,1
1778522460.3320322,2,611,300,93,122,32,2
1778522460.3348553,1,1681,0,35,122,38,1
1778522460.3496628,2,614,200,74,122,35,1
1778522460.3536036,1,1681,-50,21,122,38,0
1778522460.3675966,2,615,100,51,122,32,1
1778522460.371002,1,1682,50,48,122,38,3
1778522460.3858235,2,616,50,27,122,32,0
1778522460.3889177,1,1683,50,80,122,38,2
1778522460.4028652,2,616,50,31,122,32,1
1778522460.4059966,1,1684,50,116,122,38,10
1778522460.4205348,2,616,0,59,121,32,2
1778522460.4239137,1,1686,50,160,122,38,5
1778522460.43791,2,615,0,94,121,32,2
1778522460.440909,1,1691,100,205,119,38,31
1778522460.4553344,2,613,-100,128,120,32,3
1778522460.4587274,1,1699,400,233,121,38,8
1778522460.4726398,2,609,-150,167,119,32,5
1778522460.4754565,1,1710,500,262,120,38,9
1778522460.4897714,2,603,-300,200,119,32,6
1778522460.4933705,1,1722,650,290,121,38,10
1778522460.5075285,2,594,-450,235,120,32,9
1778522460.5104783,1,1737,750,317,120,38,42
1778522460.5247722,2,583,-650,264,119,32,8
1778522460.5287645,1,1751,900,342,120,38,12
1778522460.5426579,2,571,-650,291,120,32,9
1778522460.545516,1,1769,950,362,119,38,13
1778522460.5601726,2,557,-700,319,119,32,10
1778522460.563635,1,1787,950,380,120,38,12
1778522460.5776873,2,541,-800,346,117,32,14
1778522460.5804803,1,1805,1000,393,120,38,22
1778522460.595354,2,525,-950,363,120,32,12
1778522460.5988412,1,1826,1100,399,118,38,12
1778522460.6131406,2,506,-950,382,117,32,11
1778522460.6159687,1,1847,1150,397,120,38,20
1778522460.6309712,2,486,-1100,387,120,32,11
1778522460.6346347,1,1868,1150,389,118,38,10
1778522460.6488729,2,464,-1150,382,118,32,8
1778522460.6517186,1,1888,1150,376,120,38,49
1778522460.6661654,2,445,-1200,366,120,32,6
1778522460.669887,1,1907,1150,355,118,38,11
1778522460.6839702,2,424,-1100,344,121,32,7
1778522460.6868896,1,1922,900,336,118,38,55
1778522460.7017567,2,406,-1100,322,120,32,7
1778522460.7060025,1,1932,550,330,117,38,72
1778522460.720013,2,387,-1050,295,116,32,3
1778522460.7233665,1,1937,550,333,115,38,83
1778522460.7379575,2,370,-1000,267,118,32,4
1778522460.7410293,1,1939,250,357,117,38,57
1778522460.7549465,2,356,-900,240,116,32,3
1778522460.7580607,1,1940,150,376,113,38,106
1778522460.7725568,2,344,-800,214,113,32,2
1778522460.7757301,1,1941,50,396,113,38,117
1778522460.7901568,2,333,-650,188,114,32,3
1778522460.793239,1,1941,0,411,114,38,127
1778522460.8082352,2,324,-550,164,114,32,2
1778522460.8116038,1,1941,0,423,112,38,125
1778522460.825979,2,316,-400,141,113,32,2
1778522460.8289485,1,1941,0,427,112,38,130
1778522460.8438144,2,310,-350,118,114,32,1
1778522460.8471627,1,1942,50,424,112,38,131
1778522460.8611217,2,305,-350,92,114,32,1
1778522460.8639357,1,1942,0,417,112,38,130
1778522460.8783784,2,302,-300,70,113,32,0
1778522460.8819456,1,1942,0,406,112,38,121
1778522460.895925,2,299,-150,49,115,32,1
1778522460.898742,1,1941,0,388,113,38,107
1778522460.9135606,2,298,-100,26,116,32,0
1778522460.9176478,1,1942,0,364,114,38,102
1778522460.9325917,2,299,-50,35,115,32,1
1778522460.936787,1,1941,0,331,115,38,81
1778522460.9511206,2,299,50,67,117,32,1
1778522460.9541986,1,1941,-50,296,116,38,67
1778522460.9688015,2,300,50,99,118,32,2
1778522460.9719915,1,1941,50,249,117,38,61
1778522460.9859812,2,301,50,138,119,32,3
1778522460.9888973,1,1941,-50,204,119,38,45
1778522461.0033963,2,306,250,177,120,32,6
1778522461.0070047,1,1941,0,148,120,38,23
1778522461.0209546,2,313,250,215,121,32,9
1778522461.0236826,1,1941,0,88,121,38,11
1778522461.0380077,2,322,400,244,121,32,10
1778522461.0415306,1,1941,0,18,121,38,0
1778522461.055733,2,332,500,275,121,32,9
1778522461.058642,1,1938,-50,79,121,38,4
1778522461.0733914,2,343,600,301,121,32,10
1778522461.0766518,1,1932,-200,146,121,38,1
1778522461.0907915,2,358,750,310,120,32,9
1778522461.0937808,1,1924,-350,204,121,38,3
1778522461.108459,2,373,850,307,119,32,7
1778522461.1118371,1,1915,-500,251,121,38,7
1778522461.1259634,2,389,900,294,121,32,8
1778522461.1287642,1,1908,-450,292,120,38,43
1778522461.143249,2,404,900,274,120,32,6
1778522461.1466432,1,1896,-600,320,120,38,10
1778522461.1607301,2,418,900,246,121,32,5
1778522461.1634753,1,1880,-850,331,118,38,45
1778522461.1777582,2,429,800,222,119,32,4
1778522461.1813366,1,1864,-850,325,119,38,42
1778522461.1951842,2,439,600,205,119,32,3
1778522461.198484,1,1849,-900,310,121,38,13
1778522461.2130673,2,449,600,182,121,32,3
1778522461.2163076,1,1834,-900,289,120,38,8
1778522461.23039,2,458,500,157,120,32,2
1778522461.233371,1,1819,-850,264,121,38,8
1778522461.2481222,2,466,450,128,121,32,3
1778522461.25147,1,1805,-800,236,121,38,29
1778522461.2655811,2,471,350,101,121,32,2
1778522461.2683346,1,1795,-700,209,121,38,6
1778522461.2826734,2,475,250,78,120,32,1
1778522461.2862685,1,1786,-550,185,121,38,5
1778522461.3003478,2,477,250,50,121,32,1
1778522461.3032246,1,1777,-450,160,121,38,4
1778522461.317764,2,478,100,30,122,32,0
1778522461.3217478,1,1770,-450,134,122,38,3
1778522461.3361406,2,478,50,29,122,32,0
1778522461.339685,1,1765,-400,105,122,38,3
1778522461.354264,2,477,0,52,121,32,1
1778522461.3573077,1,1760,-300,85,122,38,8
1778522461.3712645,2,476,-100,62,122,32,1
1778522461.3745284,1,1759,-200,70,122,38,2
1778522461.388952,2,475,-50,69,122,32,1
1778522461.3921037,1,1758,-100,61,122,38,2
1778522461.406247,2,474,-50,69,122,32,2
1778522461.409276,1,1757,-50,57,122,38,2
1778522461.4236822,2,471,-100,63,122,32,1
1778522461.426888,1,1756,-50,53,122,38,2
1778522461.440789,2,470,-100,57,122,32,1
1778522461.4435434,1,1756,0,52,122,38,2
1778522461.4580874,2,468,-100,50,122,32,1
1778522461.4616816,1,1756,0,52,122,38,1
1778522461.4758563,2,467,-100,42,122,32,0
1778522461.478614,1,1756,0,52,122,38,2
1778522461.4933894,2,467,-50,39,122,32,0
1778522461.4973578,1,1756,0,52,122,38,1
1778522461.5112128,2,466,-50,36,122,32,0
1778522461.5144184,1,1756,0,52,122,38,2
1778522461.5289207,2,466,0,35,122,32,0
1778522461.5320773,1,1756,0,52,122,38,2
1778522461.5460546,2,466,0,35,122,32,0
1778522461.5492527,1,1756,0,52,122,38,2
1778522461.5640838,2,466,0,35,122,32,1
1778522461.5674658,1,1756,0,52,122,38,2
1778522461.5816424,2,466,0,35,122,32,1
1778522461.5844142,1,1756,0,50,122,38,1
1778522461.5989358,2,467,0,35,122,32,1
1778522461.6025357,1,1756,0,49,122,38,1
1778522461.6166081,2,466,0,35,122,32,1
1778522461.6193902,1,1756,0,49,122,38,2
1778522461.633741,2,466,0,35,122,32,0
1778522461.6377182,1,1756,0,49,122,38,1
1778522461.6517959,2,466,0,35,122,32,1
1778522461.6545691,1,1756,0,49,122,38,1
1778522461.6690524,2,466,0,35,122,32,0
1778522461.6729572,1,1756,50,53,122,38,1
1778522461.686973,2,466,0,35,122,32,1
1778522461.6899483,1,1756,-50,50,122,38,1
1778522461.7043324,2,466,0,35,122,32,0
1778522461.7076218,1,1756,0,49,122,38,1
1778522461.721618,2,466,0,35,122,32,1
1778522461.7244203,1,1756,0,49,122,38,2
1778522461.7389832,2,466,0,35,122,32,1
1778522461.7423377,1,1756,0,49,122,38,1
1778522461.756494,2,466,0,35,122,32,1
1778522461.7594962,1,1756,0,49,122,38,1
1778522461.7740693,2,466,0,35,122,32,1
1778522461.7776184,1,1756,0,49,122,38,1
1778522461.791709,2,466,0,35,122,32,1
1778522461.7944539,1,1756,0,49,122,38,2
1778522461.8091302,2,466,0,35,122,32,1
1778522461.8132865,1,1756,0,49,122,38,1
1778522461.827293,2,466,0,35,122,32,1
1778522461.83045,1,1756,0,49,122,38,2
1778522461.844906,2,466,0,35,122,32,0
1778522461.848122,1,1756,0,49,122,38,2
1778522461.8621354,2,466,0,35,122,32,1
1778522461.86498,1,1756,0,49,122,38,1
1778522461.8794303,2,466,0,35,122,32,1
1778522461.8827312,1,1756,0,49,122,38,2
1778522461.896985,2,466,0,35,122,32,1
1778522461.8999777,1,1756,0,49,122,38,1
1778522461.9138677,2,466,0,35,122,32,1
1778522461.9167132,1,1756,0,49,122,38,1
1778522461.9312527,2,466,0,35,122,32,1
1778522461.9347625,1,1756,0,49,122,38,1
1778522461.9492018,2,466,0,35,122,32,1
1778522461.9521308,1,1756,0,49,122,38,2
1778522461.9659412,2,466,0,35,122,32,0
1778522461.9687345,1,1756,0,49,122,38,1
1778522461.9833214,2,466,0,35,122,32,1
1778522461.9867105,1,1756,0,49,122,38,1
1778522462.0008702,2,466,0,35,122,32,0
1778522462.0039012,1,1756,0,49,122,38,1
1778522462.0180128,2,466,0,35,122,32,1
1778522462.021528,1,1756,0,49,122,38,1
1778522462.0357404,2,466,0,35,122,32,0
1778522462.0386167,1,1756,0,49,122,38,2
1778522462.053067,2,466,0,35,122,32,1
1778522462.05698,1,1756,0,49,122,38,1
1778522462.0710063,2,466,0,35,122,32,0
1778522462.0740736,1,1756,0,49,122,38,2
1778522462.0887606,2,466,0,35,122,32,1
1778522462.0923572,1,1756,0,49,122,38,1
1778522462.1066587,2,466,0,35,122,32,0
1778522462.1098464,1,1756,0,49,122,38,1
1778522462.1243942,2,466,0,35,122,32,1
1778522462.1277165,1,1756,0,49,122,38,1
1778522462.1416998,2,466,0,35,122,32,0
1778522462.1448586,1,1756,0,49,122,38,1
1778522462.159354,2,466,0,35,122,32,0
1778522462.1627417,1,1756,0,49,122,38,2
1778522462.1768513,2,466,0,35,122,32,1
1778522462.1798706,1,1756,0,49,122,38,2
1778522462.1945546,2,466,0,35,122,32,1
1778522462.1980987,1,1756,0,49,122,38,1
1778522462.2123134,2,466,0,35,122,32,1
1778522462.2154021,1,1756,0,49,122,38,1
1778522462.2301085,2,466,0,35,122,32,1
1778522462.233674,1,1756,0,49,122,38,1
1778522462.2476747,2,466,0,35,122,32,1
1778522462.250499,1,1756,0,49,122,38,1
1778522462.2648885,2,466,0,35,122,32,1
1778522462.2687936,1,1756,0,49,122,38,2
1778522462.2827475,2,466,0,35,122,32,1
1778522462.285619,1,1756,0,49,122,38,1
1778522462.300125,2,466,0,35,122,32,1
1778522462.3034062,1,1756,0,49,122,38,1
1778522462.3173547,2,466,0,35,122,32,1
1778522462.3201468,1,1756,0,49,122,38,2
1778522462.334548,2,466,0,35,122,32,1
1778522462.3381147,1,1756,0,49,122,38,1
1778522462.352738,2,466,0,35,122,32,1
1778522462.3556771,1,1756,0,49,122,38,1
1778522462.3695621,2,466,0,35,122,32,1
1778522462.3723288,1,1756,0,49,122,38,1
1778522462.3866212,2,466,0,35,122,32,1
1778522462.390139,1,1756,0,49,122,38,1
1778522462.4041014,2,466,0,35,122,32,1
1778522462.4068918,1,1756,0,49,122,38,2
1778522462.4213195,2,466,0,35,122,32,1
1778522462.425261,1,1756,0,49,122,38,2
1778522462.4392545,2,466,0,35,122,32,1
1778522462.4424438,1,1756,0,49,122,38,1
1778522462.456991,2,466,0,35,122,32,1
1778522462.4601972,1,1756,0,49,122,38,1
1778522462.474118,2,466,0,35,122,32,1
1778522462.4769826,1,1756,0,49,122,38,1
1778522462.4915342,2,466,0,35,122,32,1
1778522462.4948015,1,1756,0,49,122,38,1
1778522462.5087261,2,466,0,35,122,32,1
1778522462.511555,1,1756,0,49,122,38,2
1778522462.525878,2,466,0,35,122,32,0
1778522462.529529,1,1756,0,49,122,38,2
1778522462.54371,2,466,0,35,122,32,1
1778522462.546728,1,1756,0,49,122,38,1
1778522462.5614877,2,466,0,35,122,32,0
1778522462.5655243,1,1756,0,49,122,38,1
1778522462.5794458,2,466,0,35,122,32,0
1778522462.5826402,1,1756,0,49,122,38,1
1778522462.597261,2,466,0,35,122,32,1
1778522462.6004348,1,1756,0,49,122,38,1
1778522462.6143615,2,466,0,35,122,32,1
1778522462.6174364,1,1756,0,49,122,38,1
1778522462.6318557,2,466,0,35,122,32,1
1778522462.6351955,1,1756,0,49,122,38,2
1778522462.6491337,2,466,0,35,122,32,1
1778522462.6519456,1,1756,0,49,122,38,1
1778522462.6663678,2,466,0,35,122,32,1
1778522462.6699362,1,1756,0,49,122,38,1
1778522462.683971,2,466,0,35,122,32,1
1778522462.6867101,1,1756,0,49,122,39,1
1778522462.700986,2,466,0,35,122,32,1
1778522462.7048519,1,1756,0,49,122,38,1
1778522462.7189567,2,466,0,35,122,32,1
1778522462.7219238,1,1756,0,49,122,38,1
1778522462.7364368,2,466,0,35,122,32,0
1778522462.73978,1,1756,0,49,122,38,2
1778522462.7538376,2,466,0,35,122,32,1
1778522462.75677,1,1756,0,49,122,38,2
1778522462.7708368,2,466,0,35,122,32,1
1778522462.7738588,1,1756,0,49,122,38,1
1778522462.7884297,2,466,0,35,122,32,1
1778522462.7918687,1,1756,0,49,122,38,1
1778522462.8059585,2,466,0,35,122,32,1
1778522462.8088531,1,1756,0,49,122,38,2
1778522462.8233562,2,466,0,35,122,32,0
1778522462.826795,1,1756,0,49,122,38,2
1778522462.8407412,2,466,0,35,122,32,1
1778522462.843454,1,1756,0,49,122,38,1
1778522462.8578212,2,466,0,35,122,32,1
1778522462.861727,1,1757,0,49,122,38,1
1778522462.8757813,2,466,0,35,122,32,0
1778522462.8785431,1,1756,50,51,122,38,2
1778522462.8929536,2,466,0,35,122,32,1
1778522462.8968918,1,1756,-50,52,122,38,2
1778522462.9109797,2,466,0,35,122,32,1
1778522462.9140716,1,1756,-50,49,122,38,1
1778522462.928552,2,466,0,35,122,32,1
1778522462.9318106,1,1756,0,49,122,37,2
1778522462.9457808,2,466,0,35,122,32,1
1778522462.9485924,1,1756,0,49,122,38,1
1778522462.9630795,2,466,0,35,122,32,1
1778522462.9663122,1,1756,0,49,122,38,1
1778522462.9802234,2,466,0,35,122,32,1
1778522462.9829893,1,1756,0,49,122,38,2
1778522462.9972842,2,466,0,35,122,32,0
1778522463.0008225,1,1756,0,49,122,38,2
1778522463.0147161,2,466,0,35,122,32,1
1778522463.0175827,1,1756,0,49,122,38,2
1778522463.03208,2,466,0,35,122,32,1
1778522463.0353503,1,1756,0,49,122,38,1
1778522463.0495052,2,466,0,35,122,32,1
1778522463.0523722,1,1756,0,49,122,38,2
1778522463.0668674,2,466,0,35,122,32,1
1778522463.0702307,1,1756,0,49,122,38,1
1778522463.084171,2,466,0,35,122,32,0
1778522463.0870378,1,1756,0,49,122,38,1
1778522463.1016815,2,466,0,35,122,32,1
1778522463.105575,1,1756,0,49,122,38,1
1778522463.1195467,2,466,0,35,122,32,0
1778522463.1229095,1,1756,0,49,122,38,2
1778522463.1375375,2,466,0,35,122,32,0
1778522463.1408215,1,1756,0,49,122,38,1
1778522463.1547937,2,466,0,35,122,32,0
1778522463.1579545,1,1756,0,49,122,38,1
1778522463.172532,2,466,0,35,122,32,1
1778522463.1759148,1,1756,0,49,122,38,1
1778522463.1899884,2,466,0,35,122,32,0
1778522463.1928275,1,1756,0,49,121,38,1
1778522463.2071369,2,466,0,35,122,32,1
1778522463.2107863,1,1756,0,49,122,38,2
1778522463.2248409,2,466,0,35,122,32,1
1778522463.2277462,1,1756,0,49,122,38,1
1778522463.2419908,2,466,0,35,122,32,0
1778522463.2456527,1,1756,0,49,122,38,2
1778522463.2596605,2,466,0,35,122,32,1
1778522463.2624328,1,1756,0,49,122,38,1
1778522463.2767403,2,466,0,35,122,32,1
1778522463.2806306,1,1756,0,49,122,38,1
1778522463.2945352,2,466,0,35,122,32,0
1778522463.2974813,1,1756,0,49,122,38,1
1778522463.312167,2,466,0,35,122,32,1
1778522463.3155818,1,1756,0,49,122,38,1
1778522463.3294947,2,466,0,35,122,32,0
1778522463.3322544,1,1756,0,49,122,38,2
1778522463.3466544,2,466,0,35,122,32,1
1778522463.3501978,1,1756,0,49,122,38,2
1778522463.3647196,2,466,0,35,122,32,1
1778522463.367953,1,1756,0,49,122,38,2
1778522463.3827887,2,466,0,35,122,32,1
1778522463.386461,1,1756,0,49,122,38,1
1778522463.4004436,2,466,0,35,122,32,1
1778522463.4032369,1,1756,0,49,122,38,1
1778522463.41789,2,466,0,35,122,32,1
1778522463.4217556,1,1756,0,49,122,38,1
1778522463.4358647,2,466,0,35,122,32,1
1778522463.4386222,1,1756,0,49,122,38,1
1778522463.4529483,2,466,0,35,122,32,1
1778522463.4569285,1,1756,0,49,122,38,1
1778522463.4709997,2,466,0,35,122,32,1
1778522463.4742,1,1756,0,49,122,38,1
1778522463.4886508,2,466,0,35,122,32,1
1778522463.4918602,1,1756,0,49,122,38,1
1778522463.5060368,2,466,0,35,122,32,1
1778522463.5088902,1,1756,0,49,122,38,1
1778522463.523448,2,466,0,35,122,32,0
1778522463.5267713,1,1756,0,49,122,38,2
1778522463.5406566,2,466,0,35,122,32,1
1778522463.5434499,1,1756,0,49,122,38,1
1778522463.5578322,2,466,0,35,122,32,1
1778522463.5614219,1,1756,0,49,122,38,1
1778522463.5755198,2,466,0,35,122,32,0
1778522463.578581,1,1756,0,49,122,38,1
1778522463.5931199,2,466,0,35,122,32,0
1778522463.5963542,1,1756,0,49,122,38,2
1778522463.610323,2,466,0,35,122,32,1
1778522463.6132107,1,1756,0,49,122,38,2
1778522463.6277115,2,466,0,35,122,32,1
1778522463.630955,1,1756,0,49,122,38,1
1778522463.6451128,2,466,0,35,122,32,0
1778522463.6480875,1,1756,0,49,122,38,2
1778522463.662574,2,466,0,35,122,32,1
1778522463.666094,1,1756,0,49,122,38,1
1778522463.6801012,2,466,0,35,122,32,0
1778522463.6828792,1,1756,0,49,122,38,1
1778522463.6975265,2,466,0,35,122,32,0
1778522463.7014735,1,1756,0,49,122,38,2
1778522463.7154176,2,466,0,35,122,32,0
1778522463.718708,1,1756,0,49,122,38,1
1778522463.7333968,2,466,0,35,122,32,1
1778522463.7366223,1,1756,0,49,122,38,1
1778522463.7504902,2,466,0,35,122,32,1
1778522463.7534618,1,1756,0,49,122,38,2
1778522463.7679546,2,466,0,35,122,32,1
1778522463.7712548,1,1756,0,49,122,38,2
1778522463.7851694,2,466,0,35,121,32,1
1778522463.7879558,1,1756,0,49,122,38,2
1778522463.802555,2,466,0,35,122,32,1
1778522463.806096,1,1756,0,49,122,38,2
1778522463.8199022,2,466,0,35,122,32,0
1778522463.823683,1,1756,0,49,122,38,2
1778522463.8379362,2,466,0,35,122,32,1
1778522463.8410218,1,1756,0,49,122,38,1
1778522463.8551252,2,466,0,35,122,32,0
1778522463.8581123,1,1756,0,49,122,38,2
1778522463.8724196,2,466,0,35,122,32,1
1778522463.8764634,1,1756,0,49,122,38,2
1778522463.890469,2,466,0,35,122,32,0
1778522463.8934045,1,1756,0,49,122,38,2
1778522463.9078364,2,466,0,35,122,32,0
1778522463.9111977,1,1756,0,49,122,38,1
1778522463.9251559,2,466,0,35,122,32,0
1778522463.9279835,1,1756,0,49,122,38,2
1778522463.942367,2,466,0,35,122,32,1
1778522463.945982,1,1756,0,49,122,38,1
1778522463.9600902,2,466,0,35,122,32,1
1778522463.9628797,1,1756,0,49,122,38,2
1778522463.9772043,2,466,0,35,122,32,1
1778522463.9810827,1,1756,0,49,122,38,1
1778522463.9949143,2,466,0,35,122,32,1
1778522463.997867,1,1756,0,49,122,38,1
1778522464.0123565,2,466,0,35,122,32,0
1778522464.0156848,1,1756,0,49,122,38,1
1778522464.029566,2,466,0,35,122,32,1
1778522464.0323293,1,1756,0,49,122,38,1
1778522464.0465574,2,466,0,35,122,32,1
1778522464.0502439,1,1756,0,49,122,38,1
1778522464.0642083,2,466,0,35,122,32,1
1778522464.066983,1,1756,0,49,122,38,1
1778522464.0815957,2,466,0,35,122,32,0
1778522464.085507,1,1756,0,49,122,38,1
1778522464.0993848,2,466,0,35,122,32,1
1778522464.1028275,1,1756,0,49,122,38,1
1778522464.117386,2,466,0,35,122,32,0
1778522464.120725,1,1756,0,49,122,38,1
1778522464.1347198,2,466,0,35,122,32,1
1778522464.1377022,1,1756,0,49,122,38,1
1778522464.1520932,2,466,0,35,122,32,0
1778522464.1554933,1,1756,0,49,122,38,2
1778522464.1693118,2,466,0,35,122,32,1
1778522464.1720004,1,1756,0,49,122,38,1
1778522464.1864455,2,466,0,35,122,32,0
1778522464.1899474,1,1756,0,49,122,38,1
1778522464.203979,2,466,0,35,122,32,1
1778522464.2068841,1,1756,0,49,122,38,2
1778522464.221387,2,466,0,35,122,32,0
1778522464.2255137,1,1756,0,49,122,38,1
1778522464.239462,2,466,0,35,122,32,1
1778522464.2426171,1,1756,0,49,122,38,1
1778522464.2572067,2,466,50,38,122,32,0
1778522464.2604475,1,1756,0,49,122,38,1
1778522464.2744,2,466,-50,37,122,32,1
1778522464.2773795,1,1756,0,49,122,38,2
1778522464.2917395,2,466,0,35,122,32,0
1778522464.2949913,1,1756,0,49,122,38,2
1778522464.3091772,2,466,0,35,122,32,0
1778522464.3119378,1,1756,0,49,122,38,2
1778522464.3261583,2,466,0,35,122,32,1
1778522464.329684,1,1756,0,49,122,38,1
1778522464.3436627,2,466,0,35,122,32,0
1778522464.346418,1,1756,0,49,122,38,1
1778522464.360938,2,466,0,35,122,32,0
1778522464.3648965,1,1756,0,49,122,38,2
1778522464.3787735,2,466,0,35,122,32,1
1778522464.381738,1,1756,0,49,122,38,2
1778522464.3962848,2,466,0,35,122,32,1
1778522464.3994832,1,1756,0,49,122,38,1
1778522464.4133394,2,466,0,35,122,32,0
1778522464.4161358,1,1756,0,49,122,38,2
1778522464.4303436,2,466,0,35,122,32,1
1778522464.4338715,1,1756,0,49,122,38,1
1778522464.4478178,2,466,0,35,122,31,0
1778522464.4505818,1,1756,0,49,122,38,2
1778522464.4650621,2,466,0,35,122,32,1
1778522464.4688356,1,1756,0,49,122,38,1
1778522464.4827018,2,466,0,35,122,32,0
1778522464.4855509,1,1756,0,49,122,38,1
1778522464.500029,2,466,0,35,122,32,1
1778522464.5032916,1,1756,0,49,122,38,1
1778522464.5171938,2,466,0,35,122,32,1
1778522464.5199277,1,1756,0,49,122,38,1
1778522464.5341299,2,466,0,35,122,32,0
1778522464.5376165,1,1756,0,49,122,38,2
1778522464.5516632,2,466,0,35,122,32,1
1778522464.5544274,1,1756,0,49,122,38,2
1778522464.568694,2,466,0,35,122,32,1
1778522464.57263,1,1756,0,49,122,38,1
1778522464.5865366,2,466,0,35,122,32,0
1778522464.5894547,1,1756,0,49,122,38,1
1778522464.6037312,2,466,0,35,122,32,1
1778522464.6070437,1,1756,0,49,122,38,1
1778522464.620954,2,466,0,35,122,32,1
1778522464.6237435,1,1756,0,49,122,38,1
1778522464.6381755,2,466,0,35,122,32,1
1778522464.6418447,1,1756,0,49,122,38,1
1778522464.6562586,2,466,0,35,122,32,1
1778522464.6595201,1,1756,0,49,122,38,1
1778522464.674163,2,466,0,35,121,32,0
1778522464.6781921,1,1756,0,49,122,38,1
1778522464.6922014,2,466,0,35,122,32,1
1778522464.6950448,1,1756,0,49,122,39,1
1778522464.709669,2,466,0,35,122,32,0
1778522464.713521,1,1756,0,49,122,38,2
1778522464.727368,2,466,0,35,122,32,1
1778522464.7306466,1,1756,0,49,122,38,1
1778522464.7452743,2,466,0,35,122,32,1
1778522464.7485642,1,1756,0,49,122,38,1
1778522464.7624207,2,466,0,35,122,32,1
1778522464.7653677,1,1756,0,49,122,38,1
1778522464.7798593,2,466,0,35,122,32,1
1778522464.783319,1,1756,0,49,122,38,1
1778522464.7972918,2,466,0,35,122,32,1
1778522464.8002067,1,1756,0,49,122,38,2
1778522464.8145757,2,466,0,35,122,32,1
1778522464.8180943,1,1756,0,49,122,38,1
1778522464.8320553,2,466,0,35,122,32,1
1778522464.8348205,1,1756,0,49,122,38,1
1778522464.8491952,2,466,0,35,122,32,1
1778522464.8531902,1,1756,0,49,122,38,1
1778522464.8672376,2,466,0,35,122,32,1
1778522464.870005,1,1756,0,49,121,38,2
1778522464.8842466,2,466,0,35,122,32,0
1778522464.8884919,1,1756,0,49,122,38,1
1778522464.902615,2,466,0,35,122,32,1
1778522464.9054961,1,1756,0,49,122,38,2
1778522464.9198647,2,466,0,35,122,32,0
1778522464.9230793,1,1756,0,49,122,38,1
1778522464.937057,2,466,0,35,122,32,0
1778522464.939801,1,1756,0,49,122,38,2
1778522464.9540906,2,466,0,35,122,32,1
1778522464.9580135,1,1756,0,49,122,38,2
1778522464.9727201,2,466,0,35,122,32,0
1778522464.9756742,1,1756,0,49,122,38,1
1778522464.989516,2,466,0,35,122,32,1
1778522464.9923098,1,1756,0,49,122,38,1
1778522465.0069053,2,466,0,35,122,32,1
1778522465.0104818,1,1756,0,49,122,38,2
1778522465.02492,2,466,0,35,122,32,1
1778522465.0278087,1,1756,0,49,122,38,1
1778522465.0416415,2,466,0,35,121,32,0
1778522465.044564,1,1756,0,49,122,38,1
1778522465.0593963,2,466,0,35,122,32,1
1778522465.0625076,1,1756,0,49,122,38,2
1778522465.0768528,2,466,0,35,122,32,1
1778522465.0799708,1,1756,0,49,122,38,1
1778522465.0939047,2,466,0,35,122,32,0
1778522465.0968184,1,1756,0,49,122,38,2
1778522465.111381,2,466,0,35,122,32,0
1778522465.1147027,1,1756,0,49,122,38,2
1778522465.1286838,2,466,0,35,122,32,1
1778522465.1315253,1,1756,0,49,122,38,1
1778522465.1459646,2,466,0,35,122,32,1
1778522465.1494954,1,1756,0,49,122,38,1
1778522465.1634748,2,466,0,35,122,32,1
1778522465.1662323,1,1756,0,49,122,38,2
1778522465.1808214,2,466,0,35,122,32,1
1778522465.184891,1,1756,0,49,122,38,1
1778522465.1990292,2,466,0,35,122,32,1
1778522465.2021425,1,1756,0,49,121,38,1
1778522465.2167082,2,466,0,35,122,32,1
1778522465.220014,1,1756,0,49,122,38,2
1778522465.233931,2,466,0,35,122,32,1
1778522465.2366674,1,1756,0,49,122,38,1
1778522465.2512276,2,466,0,35,122,32,1
1778522465.2548072,1,1756,0,49,122,38,1
1778522465.2688963,2,466,0,35,121,32,0
1778522465.2717266,1,1756,0,49,122,38,2
