Timestamp,ID,Position,Speed,Load,Voltage,Temperature,Current
1778522191.279149,1,1486,800,276,121,43,34
1778522191.2933576,1,1498,800,276,121,43,39
1778522191.3069134,1,1509,800,276,121,43,10
1778522192.1137874,2,136,-750,271,121,36,6
1778522192.127301,2,126,-800,273,121,36,6
1778522192.140902,2,114,-800,273,121,36,6
1778522192.9528491,2,125,850,284,121,36,7
1778522192.9560416,1,1494,-800,292,120,43,9
1778522192.9690328,2,141,750,286,118,36,7
1778522192.971921,1,1481,-800,292,121,43,9
1778522192.9857605,2,154,750,289,120,36,8
1778522192.990544,1,1467,-800,292,118,43,41
1778522193.5071938,2,263,0,49,122,36,1
1778522193.5116098,1,1357,0,46,122,43,1
1778522193.526583,2,263,0,49,121,36,1
1778522193.5306635,1,1357,0,46,122,43,1
1778522193.5448039,2,263,0,49,122,36,1
1778522193.5476937,1,1357,0,46,122,43,2
1778522193.5620475,2,263,0,49,122,36,1
1778522193.5656917,1,1357,0,46,122,43,1
1778522193.579831,2,263,0,49,122,36,2
1778522193.5827758,1,1357,0,46,122,43,1
1778522193.5974517,2,263,0,49,122,36,1
1778522193.601431,1,1357,0,46,122,43,1
1778522193.6155534,2,263,0,49,122,36,1
1778522193.6186848,1,1357,0,46,122,43,1
1778522193.6332924,2,263,0,49,122,36,1
1778522193.6367004,1,1357,0,46,122,43,1
1778522193.650591,2,263,0,49,122,36,1
1778522193.6536963,1,1357,0,46,122,43,1
1778522193.6682262,2,263,0,49,122,36,1
1778522193.6715145,1,1357,0,46,122,43,1
1778522193.6855683,2,263,0,49,122,36,1
1778522193.6884131,1,1357,0,46,122,43,2
1778522193.7029016,2,263,0,49,122,36,1
1778522193.706347,1,1357,0,46,122,43,1
1778522193.7206683,2,263,0,49,122,36,1
1778522193.7237258,1,1357,0,46,122,43,1
1778522193.737614,2,263,0,49,122,36,1
1778522193.7404666,1,1357,0,46,122,43,1
1778522193.7552106,2,263,0,49,122,36,2
1778522193.7589138,1,1357,0,46,122,43,1
1778522193.7730317,2,263,0,49,122,36,1
1778522193.775828,1,1357,0,46,122,43,1
1778522193.7903073,2,263,0,49,122,36,1
1778522193.7939394,1,1357,0,46,122,43,1
1778522193.8081143,2,263,0,49,122,36,1
1778522193.8110383,1,1357,0,46,122,43,1
1778522193.8255577,2,263,0,49,122,36,1
1778522193.8293302,1,1357,0,46,122,43,1
1778522193.8433466,2,263,0,49,122,36,1
1778522193.846458,1,1357,0,46,122,43,1
1778522193.861012,2,263,0,49,122,36,1
1778522193.864256,1,1357,0,46,122,43,1
1778522193.8785195,2,263,0,49,122,36,1
1778522193.8816164,1,1357,0,46,122,43,1
1778522193.8955653,2,263,0,49,122,36,0
1778522193.8987103,1,1357,0,46,122,43,1
1778522193.9133072,2,263,0,49,122,36,1
1778522193.9165757,1,1357,0,46,122,43,2
1778522193.9305992,2,263,0,49,122,36,1
1778522193.9336784,1,1357,0,46,122,43,1
1778522193.9483151,2,263,0,49,122,36,2
1778522193.95175,1,1357,0,46,122,43,1
1778522193.966092,2,263,0,49,122,36,2
1778522193.9691439,1,1357,0,46,122,43,1
1778522193.9831026,2,263,0,49,122,36,1
1778522193.9862869,1,1357,0,46,122,43,1
1778522194.0008307,2,263,0,49,122,36,1
1778522194.0040505,1,1357,0,46,122,43,1
1778522194.0180495,2,263,0,49,122,36,1
1778522194.0209377,1,1357,0,46,122,43,1
1778522194.035385,2,263,0,49,122,36,1
1778522194.0387578,1,1357,0,46,122,43,1
1778522194.0528789,2,263,0,49,122,36,1
1778522194.0558472,1,1357,0,46,122,43,1
1778522194.0704465,2,263,0,49,122,36,2
1778522194.07411,1,1357,0,46,122,43,1
1778522194.0886903,2,263,0,49,122,36,1
1778522194.0917704,1,1357,0,46,122,43,1
1778522194.1056473,2,263,0,49,122,36,1
1778522194.1084664,1,1357,0,46,122,43,1
1778522194.1230958,2,263,0,49,122,36,1
1778522194.1263883,1,1357,0,46,122,43,1
1778522194.1404383,2,263,0,49,122,36,1
1778522194.143382,1,1357,0,46,122,43,1
1778522194.158109,2,263,0,49,122,36,2
1778522194.162068,1,1357,0,46,122,43,1
1778522194.1760647,2,263,0,49,122,36,1
1778522194.1796708,1,1357,0,46,122,43,1
1778522194.1945338,2,263,0,49,122,36,2
1778522194.1978314,1,1357,0,46,122,43,1
1778522194.2118356,2,263,0,49,122,36,1
1778522194.2146971,1,1357,0,46,122,43,2
1778522194.229095,2,263,0,49,122,36,2
1778522194.2329698,1,1357,0,46,122,43,1
1778522194.2471592,2,263,0,49,122,36,1
1778522194.2500615,1,1357,0,46,122,43,1
1778522194.2643712,2,263,0,49,122,36,1
1778522194.26876,1,1357,0,46,122,43,1
1778522194.2829258,2,263,0,49,122,36,2
1778522194.285838,1,1357,0,46,122,43,2
1778522194.300609,2,263,0,49,122,36,1
1778522194.304006,1,1357,0,46,122,43,2
1778522194.3180351,2,263,0,49,122,36,1
1778522194.3210232,1,1357,0,46,122,43,1
1778522194.3355558,2,263,0,49,122,36,1
1778522194.3390539,1,1357,0,46,122,43,1
1778522194.3530905,2,263,0,49,122,36,1
1778522194.355947,1,1357,0,46,122,43,1
1778522194.3704731,2,263,0,49,122,36,2
1778522194.3741043,1,1357,0,46,122,43,1
1778522194.3884058,2,263,0,49,122,36,1
1778522194.3914819,1,1357,0,46,122,43,1
1778522194.406236,2,263,0,49,122,36,2
1778522194.4102108,1,1357,0,46,122,43,1
1778522194.424312,2,263,0,49,122,36,1
1778522194.4271998,1,1357,0,46,122,43,1
1778522194.4419007,2,263,0,49,122,36,1
1778522194.4459252,1,1357,0,46,122,43,1
1778522194.4598315,2,263,0,49,122,36,1
1778522194.4631395,1,1357,0,46,122,43,1
1778522194.4778106,2,263,0,49,122,36,1
1778522194.4810605,1,1357,0,46,122,43,1
1778522194.4950876,2,263,0,49,122,36,1
1778522194.4981964,1,1357,0,46,122,43,2
1778522194.5128164,2,263,0,49,122,36,1
1778522194.51622,1,1357,0,46,122,43,1
1778522194.5302153,2,263,0,49,122,36,1
1778522194.533111,1,1357,0,46,122,43,1
1778522194.5480156,2,263,0,49,122,36,1
1778522194.5514965,1,1357,0,46,122,43,1
1778522194.5655217,2,263,0,49,122,36,1
1778522194.5683298,1,1357,0,46,122,43,1
1778522194.5828435,2,263,0,49,122,36,1
1778522194.586304,1,1357,0,46,122,43,1
1778522194.6006641,2,263,0,49,122,36,2
1778522194.60375,1,1357,0,46,122,43,1
1778522194.617694,2,263,0,49,122,36,1
1778522194.6205635,1,1357,0,46,122,43,1
1778522194.6350913,2,263,0,49,122,36,1
1778522194.6384995,1,1357,0,46,122,43,1
1778522194.6527843,2,263,0,49,122,36,2
1778522194.6559684,1,1357,0,46,122,43,1
1778522194.6705246,2,263,0,49,122,36,1
1778522194.6741717,1,1357,0,46,122,43,1
1778522194.688561,2,263,0,49,122,36,0
1778522194.6916308,1,1357,0,46,122,43,1
1778522194.706151,2,263,0,49,122,36,1
1778522194.709832,1,1357,0,46,122,43,1
1778522194.7239196,2,263,0,49,122,36,1
1778522194.7267258,1,1357,0,46,122,43,1
1778522194.7414424,2,263,0,49,122,36,1
1778522194.745441,1,1357,0,46,122,43,1
1778522194.7593265,2,263,0,49,122,36,1
1778522194.7623436,1,1357,0,46,122,43,1
1778522194.776876,2,263,0,49,122,36,1
1778522194.780193,1,1357,0,46,122,43,1
1778522194.7941833,2,263,0,49,122,36,1
1778522194.797199,1,1357,0,46,122,43,1
1778522194.8117602,2,263,0,49,122,36,1
1778522194.815081,1,1357,0,46,122,43,1
1778522194.8292043,2,263,0,49,122,36,1
1778522194.8321974,1,1357,0,46,122,43,1
1778522194.846639,2,263,0,49,122,36,1
1778522194.8502517,1,1357,0,46,122,43,1
1778522194.8642156,2,263,0,49,122,36,1
1778522194.8669832,1,1357,0,46,122,43,1
1778522194.881625,2,263,0,49,122,36,1
1778522194.8855426,1,1357,0,46,122,43,1
1778522194.8994877,2,263,0,49,122,37,1
1778522194.9029243,1,1357,0,46,122,43,1
1778522194.9172964,2,263,0,49,122,36,1
1778522194.9203331,1,1357,0,46,122,43,1
1778522194.9343863,2,263,0,49,122,36,1
1778522194.9373748,1,1357,0,46,122,43,1
1778522194.9520533,2,263,0,49,122,36,1
1778522194.9555004,1,1357,0,46,122,43,1
1778522194.969405,2,263,0,49,122,36,1
1778522194.9722126,1,1357,0,46,122,43,1
1778522194.9865067,2,263,0,49,122,36,2
1778522194.9900455,1,1357,0,46,122,43,2
1778522195.004587,2,263,0,49,122,36,1
1778522195.0076346,1,1357,0,46,122,43,1
1778522195.021632,2,263,0,49,122,36,1
1778522195.0245917,1,1357,0,46,122,43,1
1778522195.0391526,2,263,0,49,122,36,1
1778522195.0426261,1,1357,0,46,122,43,1
1778522195.05796,2,263,0,49,122,36,1
1778522195.0614405,1,1357,0,46,122,43,1
1778522195.0758986,2,263,0,49,122,36,1
1778522195.078951,1,1357,0,46,122,43,1
1778522195.0928879,2,263,0,49,122,36,1
1778522195.0957522,1,1357,0,46,122,43,1
1778522195.1102817,2,263,0,49,122,36,1
1778522195.113922,1,1357,0,46,122,43,1
1778522195.1282783,2,263,0,49,122,36,1
1778522195.1313503,1,1357,0,46,122,43,1
1778522195.1458168,2,263,0,49,122,36,1
1778522195.1494408,1,1357,0,46,122,43,1
1778522195.1633909,2,263,0,49,122,36,1
1778522195.1665847,1,1357,0,46,122,43,2
1778522195.181331,2,263,0,49,122,36,1
1778522195.1846313,1,1357,0,46,122,43,1
1778522195.1985981,2,263,0,49,122,36,1
1778522195.2016642,1,1357,0,46,122,43,1
1778522195.216152,2,263,0,49,122,36,1
1778522195.2196672,1,1357,0,46,122,43,2
1778522195.2336123,2,263,0,49,122,36,2
1778522195.2363904,1,1357,0,46,122,43,1
1778522195.2508106,2,263,0,49,122,36,1
1778522195.2544389,1,1357,0,46,122,43,1
1778522195.2686515,2,263,0,49,122,36,1
1778522195.2715454,1,1357,0,46,122,43,1
1778522195.2860565,2,263,0,49,122,36,1
1778522195.2897022,1,1357,0,46,122,43,2
1778522195.303913,2,263,0,49,122,36,1
1778522195.3068395,1,1357,0,46,122,43,1
1778522195.3214598,2,263,0,49,122,36,1
1778522195.325431,1,1357,0,46,122,43,1
1778522195.339448,2,263,0,49,122,36,1
1778522195.3425274,1,1357,0,46,122,43,1
1778522195.3569365,2,263,0,49,122,36,1
1778522195.3601277,1,1357,0,46,122,43,1
1778522195.3741398,2,263,0,49,122,36,1
1778522195.3770635,1,1357,0,46,122,43,1
1778522195.391475,2,263,0,49,122,36,1
1778522195.3947983,1,1357,0,46,121,43,1
1778522195.4089525,2,263,0,49,122,36,1
1778522195.411968,1,1357,0,46,121,43,1
1778522195.4258597,2,263,0,49,122,36,1
1778522195.428797,1,1357,0,46,122,43,1
1778522195.4432874,2,263,0,49,122,36,0
1778522195.446651,1,1357,0,46,122,43,2
1778522195.4605992,2,263,0,49,122,36,1
1778522195.463448,1,1357,0,46,121,43,1
1778522195.4777505,2,263,0,49,122,36,1
1778522195.4813304,1,1357,0,46,122,43,1
1778522195.49525,2,263,0,49,122,36,1
1778522195.498609,1,1357,0,46,122,43,1
1778522195.513175,2,263,0,49,122,36,1
1778522195.5163124,1,1357,0,46,122,43,1
1778522195.5304623,2,263,0,49,122,36,1
1778522195.5335014,1,1357,0,46,122,43,1
1778522195.5481284,2,263,0,49,122,36,1
1778522195.5516183,1,1357,0,46,122,43,1
1778522195.565657,2,263,0,49,122,36,2
1778522195.5684607,1,1357,0,46,122,43,1
1778522195.5829575,2,263,0,49,122,36,1
1778522195.586221,1,1357,0,46,122,43,1
1778522195.6001072,2,263,0,49,122,36,1
1778522195.6029258,1,1357,0,46,122,43,1
1778522195.617447,2,263,0,49,122,36,2
1778522195.6213703,1,1357,0,46,122,43,2
1778522195.6354263,2,263,0,49,122,36,1
1778522195.6389015,1,1357,0,46,122,43,1
1778522195.6533372,2,263,0,49,122,36,1
1778522195.6563592,1,1357,0,46,122,43,1
1778522195.6704645,2,263,0,49,122,36,1
1778522195.6735437,1,1357,0,46,122,43,1
1778522195.6883035,2,263,0,49,122,36,1
1778522195.6917417,1,1357,0,46,122,43,2
1778522195.7057104,2,263,0,49,122,36,1
1778522195.7084293,1,1357,0,46,122,43,1
1778522195.7228997,2,263,0,49,122,36,1
1778522195.7264998,1,1357,0,46,122,43,1
1778522195.740631,2,263,0,49,122,36,1
1778522195.743485,1,1357,0,46,122,43,1
1778522195.7578454,2,263,0,49,122,36,1
1778522195.7614667,1,1357,0,46,122,43,1
1778522195.7753124,2,263,0,49,122,36,1
1778522195.7782438,1,1357,0,46,122,43,1
1778522195.7928433,2,263,0,49,122,36,1
1778522195.7963948,1,1357,0,46,122,43,2
1778522195.810477,2,263,0,49,122,36,1
1778522195.8135133,1,1357,0,46,122,43,1
1778522195.8279786,2,263,0,49,122,36,2
1778522195.831316,1,1357,0,46,122,43,1
1778522195.8453279,2,263,0,49,122,36,2
1778522195.8481846,1,1357,0,46,122,43,1
1778522195.8625855,2,263,0,49,122,36,1
1778522195.8661728,1,1357,0,46,122,43,1
1778522195.8803546,2,263,0,49,122,36,1
1778522195.8834133,1,1357,0,46,122,43,1
1778522195.898188,2,263,0,49,122,36,2
1778522195.9023077,1,1357,0,46,122,43,1
1778522195.9169588,2,263,0,49,122,36,1
1778522195.920972,1,1357,0,46,122,43,1
1778522195.935255,2,263,0,49,122,36,1
1778522195.9383237,1,1357,0,46,122,43,1
1778522195.9527874,2,263,0,49,122,36,1
1778522195.9567475,1,1357,0,46,122,43,0
1778522195.9709706,2,263,0,49,122,36,1
1778522195.9740286,1,1357,0,46,122,43,1
1778522195.9885917,2,263,0,49,122,36,1
1778522195.9919925,1,1357,0,46,122,43,1
1778522196.0060868,2,263,0,49,122,36,1
1778522196.0089126,1,1357,0,46,122,43,1
1778522196.0233047,2,263,0,49,122,36,1
1778522196.026799,1,1357,0,46,122,43,1
1778522196.0411015,2,263,0,49,122,36,1
1778522196.0440545,1,1357,0,46,122,43,2
1778522196.058012,2,263,0,49,122,36,1
1778522196.0611012,1,1357,0,46,122,43,1
1778522196.0754933,2,263,0,49,122,36,1
1778522196.0787516,1,1357,0,46,122,43,1
1778522196.093493,2,263,0,49,122,36,1
1778522196.0976927,1,1357,0,46,122,43,1
1778522196.1117842,2,263,0,49,122,36,1
1778522196.1151948,1,1357,0,46,122,43,1
1778522196.1297202,2,263,0,49,122,36,0
1778522196.132828,1,1357,0,46,122,43,1
1778522196.1467142,2,263,0,49,122,36,1
1778522196.1497638,1,1357,0,46,122,43,1
1778522196.1642585,2,263,0,49,122,36,1
1778522196.1675065,1,1357,0,46,122,43,1
1778522196.1815836,2,263,0,49,122,36,1
1778522196.1843963,1,1357,0,46,122,43,1
1778522196.1988897,2,263,0,49,122,36,1
1778522196.2025642,1,1357,0,46,122,43,1
1778522196.216848,2,263,0,49,122,36,1
1778522196.2198503,1,1357,0,46,122,43,1
1778522196.234378,2,263,0,49,122,36,1
1778522196.2380438,1,1357,0,46,122,43,1
1778522196.2524087,2,263,0,49,122,36,1
1778522196.2553966,1,1357,0,46,122,43,1
1778522196.2701814,2,263,0,49,122,36,1
1778522196.274163,1,1357,0,46,122,43,1
1778522196.2881103,2,263,0,49,122,36,1
1778522196.2914393,1,1357,0,46,122,43,1
1778522196.3057554,2,263,0,49,122,36,1
1778522196.308727,1,1357,0,46,122,43,1
1778522196.3231924,2,263,0,49,122,36,2
1778522196.3272064,1,1357,0,46,122,43,1
1778522196.3412578,2,263,0,49,122,36,1
1778522196.3441167,1,1357,0,46,122,43,2
1778522196.358597,2,263,0,49,122,36,1
1778522196.362165,1,1357,0,46,122,43,1
1778522196.3762176,2,263,0,49,122,36,1
1778522196.3790498,1,1357,0,46,122,43,1
1778522196.3935366,2,263,0,49,122,36,1
1778522196.397549,1,1357,0,46,122,43,2
1778522196.4116743,2,263,0,49,122,36,1
1778522196.415117,1,1357,0,46,122,43,1
1778522196.4294431,2,263,0,49,122,36,1
1778522196.432446,1,1357,0,46,122,43,1
1778522196.4464703,2,263,0,49,122,36,2
1778522196.449556,1,1357,0,46,122,43,1
1778522196.4640799,2,263,0,49,122,36,1
1778522196.4674273,1,1357,0,46,122,43,1
1778522196.4814017,2,263,0,49,122,36,2
1778522196.484262,1,1357,0,46,122,43,1
1778522196.498713,2,263,0,49,122,36,1
1778522196.5023022,1,1357,0,46,122,43,1
1778522196.5167127,2,263,0,49,122,36,2
1778522196.519779,1,1357,0,46,122,43,1
1778522196.534322,2,263,0,49,122,36,1
1778522196.537977,1,1357,0,46,122,43,2
1778522196.552213,2,263,0,49,122,36,1
1778522196.5551593,1,1357,0,46,122,43,1
1778522196.5694976,2,263,0,49,122,36,1
1778522196.5735714,1,1357,0,46,122,43,1
1778522196.5876353,2,263,0,49,122,36,1
1778522196.5910928,1,1357,0,46,122,43,1
1778522196.6057496,2,263,0,49,122,36,1
1778522196.6090298,1,1357,0,46,122,43,1
1778522196.6231215,2,263,0,49,122,36,1
1778522196.6264236,1,1357,0,46,122,43,1
1778522196.6408784,2,263,0,49,122,36,1
1778522196.6440368,1,1357,0,46,122,43,1
1778522196.6579642,2,263,0,49,122,36,1
1778522196.660852,1,1357,0,46,122,42,2
1778522196.6753902,2,263,0,49,122,36,1
1778522196.678652,1,1357,0,46,122,43,1
1778522196.692898,2,263,0,49,122,36,1
1778522196.6959019,1,1357,0,46,122,43,1
1778522196.7106628,2,263,0,49,122,36,1
1778522196.714318,1,1357,0,46,122,43,2
1778522196.7284567,2,263,0,49,122,36,1
1778522196.7313962,1,1357,0,46,122,43,1
1778522196.746103,2,263,0,49,122,36,1
1778522196.7502046,1,1357,0,46,122,43,1
1778522196.7641394,2,263,0,49,122,36,2
1778522196.7671933,1,1357,0,46,122,43,1
1778522196.7816346,2,263,0,49,122,36,2
1778522196.784743,1,1357,0,46,122,43,0
1778522196.7987854,2,263,0,49,122,37,1
1778522196.801938,1,1357,0,46,122,43,1
1778522196.8166351,2,263,0,49,122,36,1
1778522196.820101,1,1357,0,46,122,43,0
1778522196.8339972,2,263,0,49,122,36,2
1778522196.836903,1,1357,0,46,122,43,2
1778522196.8513956,2,263,0,49,122,36,1
1778522196.8546264,1,1357,0,46,122,43,1
1778522196.8693194,2,263,0,49,122,36,1
1778522196.8725557,1,1357,0,46,122,43,1
1778522196.8865397,2,263,0,49,122,36,1
1778522196.8894463,1,1357,0,46,122,43,1
1778522196.9039311,2,263,0,49,122,36,1
1778522196.9072056,1,1357,0,46,122,43,1
1778522196.921353,2,263,0,49,122,36,1
1778522196.924351,1,1357,0,46,122,43,1
1778522196.938207,2,263,0,49,122,36,1
1778522196.9411812,1,1357,0,46,122,43,1
1778522196.9556327,2,263,0,49,122,36,1
1778522196.9591255,1,1357,0,46,122,43,1
1778522196.9730527,2,263,0,49,122,36,1
1778522196.9758205,1,1357,0,46,122,43,1
1778522196.9901595,2,263,0,49,122,36,1
1778522196.9937623,1,1357,0,46,122,43,1
1778522197.008301,2,263,0,49,122,36,1
1778522197.0113425,1,1357,0,46,122,43,1
1778522197.0252357,2,263,0,49,122,36,1
1778522197.0280766,1,1357,0,46,122,43,1
1778522197.0424163,2,263,0,49,122,36,1
1778522197.0457006,1,1357,0,46,122,43,1
1778522197.0609725,2,263,0,49,122,36,1
1778522197.0651574,1,1357,0,46,122,43,1
1778522197.0792515,2,263,0,49,122,36,1
1778522197.0825474,1,1357,0,46,122,43,1
1778522197.0971124,2,263,0,49,122,36,2
1778522197.100332,1,1357,0,46,122,43,1
1778522197.1143024,2,263,0,49,122,36,2
1778522197.1171021,1,1357,0,46,122,43,1
1778522197.1315634,2,263,0,49,122,36,1
1778522197.1350148,1,1357,0,46,122,43,1
1778522197.149269,2,263,0,49,122,36,0
1778522197.152274,1,1357,0,46,122,43,1
1778522197.1661098,2,263,0,49,122,36,1
1778522197.1690297,1,1357,0,46,122,43,1
1778522197.1834135,2,263,0,49,122,36,1
1778522197.1867092,1,1357,0,46,122,43,2
1778522197.2006545,2,263,0,49,122,36,1
1778522197.2034378,1,1357,0,46,122,43,1
1778522197.2176933,2,263,0,49,122,36,1
1778522197.221249,1,1357,0,46,122,43,1
1778522197.23524,2,263,0,49,122,36,1
1778522197.2384622,1,1357,0,46,122,43,1
1778522197.2529655,2,263,0,49,122,36,1
1778522197.256127,1,1357,0,46,122,43,2
1778522197.2700977,2,263,0,49,122,36,2
1778522197.2729652,1,1357,0,46,122,43,2
1778522197.2874796,2,263,0,49,122,36,1
1778522197.2909145,1,1357,0,46,122,43,1
1778522197.304914,2,263,0,49,122,36,2
1778522197.3078566,1,1357,0,46,122,43,1
1778522197.3223176,2,263,0,49,122,36,1
1778522197.3256826,1,1357,0,46,122,43,1
1778522197.3396854,2,263,0,49,122,36,1
1778522197.3431954,1,1357,0,46,122,43,1
1778522197.3576028,2,263,0,49,122,36,1
1778522197.360721,1,1357,0,46,122,43,1
1778522197.3745012,2,263,0,49,122,36,1
1778522197.3774295,1,1357,0,46,122,43,1
1778522197.3919384,2,263,0,49,122,36,1
1778522197.3953435,1,1357,0,46,122,43,1
1778522197.4093235,2,263,0,49,122,36,1
1778522197.4120593,1,1357,0,46,122,43,1
1778522197.4264505,2,263,0,49,122,36,2
1778522197.4300694,1,1357,0,46,122,43,1
1778522197.4441597,2,263,0,49,122,36,1
1778522197.4470448,1,1357,0,46,122,43,2
1778522197.4614122,2,263,0,49,122,36,2
1778522197.465495,1,1357,0,46,122,43,1
1778522197.4795077,2,263,0,49,122,36,1
1778522197.482316,1,1357,0,46,122,43,2
1778522197.497192,2,263,0,49,122,36,1
1778522197.5003917,1,1357,0,46,122,43,1
1778522197.5143702,2,263,0,49,122,36,1
1778522197.517505,1,1357,0,46,122,43,1
1778522197.5320563,2,263,0,49,122,36,1
1778522197.5355217,1,1357,0,46,122,43,1
1778522197.5502567,2,263,0,49,122,36,1
1778522197.5533006,1,1357,0,46,122,43,1
1778522197.567876,2,263,0,49,122,36,1
1778522197.571395,1,1357,0,46,122,43,1
1778522197.5854013,2,263,0,49,122,36,1
1778522197.5882962,1,1357,0,46,121,43,0
1778522197.602821,2,263,0,49,122,36,1
1778522197.606418,1,1357,0,46,122,43,1
1778522197.6204355,2,263,0,49,122,36,1
1778522197.6233213,1,1357,0,46,122,43,1
1778522197.6378765,2,263,0,49,122,36,1
1778522197.6414633,1,1357,0,46,121,43,2
1778522197.6555057,2,263,0,49,122,36,1
1778522197.6588733,1,1357,0,46,122,43,1
1778522197.6733243,2,263,0,49,122,36,1
1778522197.6762161,1,1357,0,46,122,43,1
1778522197.6900961,2,263,0,49,122,36,1
1778522197.6930132,1,1357,0,46,122,43,1
1778522197.7074761,2,263,0,49,122,36,2
1778522197.710902,1,1357,0,46,122,43,1
1778522197.7249448,2,263,0,49,122,36,2
1778522197.7277563,1,1357,0,46,122,43,1
1778522197.7420638,2,263,0,49,122,36,1
1778522197.7455742,1,1357,0,46,122,43,1
1778522197.7595563,2,263,0,49,122,36,1
1778522197.7623427,1,1357,0,46,122,43,2
1778522197.7770176,2,263,0,49,122,36,1
1778522197.7810166,1,1357,0,46,122,43,1
1778522197.7951622,2,263,0,49,122,36,0
1778522197.7982624,1,1357,0,46,122,43,2
1778522197.812798,2,263,0,49,122,36,1
1778522197.8159597,1,1357,0,46,122,43,1
1778522197.829944,2,263,0,49,122,36,1
1778522197.8328636,1,1357,0,46,122,43,1
1778522197.8473892,2,263,0,49,122,36,2
1778522197.850821,1,1357,0,46,122,43,1
1778522197.8648002,2,263,0,49,122,36,1
1778522197.8676176,1,1357,0,46,121,43,1
1778522197.881893,2,263,0,49,122,36,1
1778522197.8854198,1,1357,0,46,122,43,0
1778522197.89941,2,263,0,49,122,36,1
1778522197.9022307,1,1357,0,46,122,43,0
1778522197.9165664,2,263,0,49,122,36,1
1778522197.9207199,1,1357,0,46,122,43,1
1778522197.934852,2,263,0,49,122,36,1
1778522197.937866,1,1357,0,46,122,43,1
1778522197.952361,2,263,0,49,122,36,1
1778522197.9556942,1,1357,0,46,122,43,1
1778522197.9696195,2,263,0,49,122,36,1
1778522197.9723809,1,1357,0,46,122,43,1
1778522197.9869843,2,263,0,49,122,36,2
1778522197.9905958,1,1357,0,46,122,43,1
1778522198.0046134,2,263,0,49,122,36,1
1778522198.0074286,1,1357,0,46,122,43,1
1778522198.021865,2,263,0,49,122,36,1
1778522198.0254493,1,1357,0,46,122,43,1
1778522198.0395634,2,263,0,49,122,36,1
1778522198.0423858,1,1357,0,46,122,43,1
1778522198.0568304,2,263,0,49,122,36,1
1778522198.0608103,1,1357,0,46,122,43,1
1778522198.0748358,2,263,0,49,122,36,1
1778522198.0779092,1,1357,0,46,122,43,1
1778522198.0923483,2,263,0,49,122,36,1
1778522198.0955338,1,1357,0,46,122,43,1
1778522198.10945,2,263,0,49,122,36,1
1778522198.112247,1,1357,0,46,122,43,1
1778522198.1268888,2,263,0,49,122,36,2
1778522198.1304605,1,1357,0,46,122,43,1
1778522198.1446939,2,263,0,49,122,36,1
1778522198.147621,1,1357,0,46,122,43,1
1778522198.161914,2,263,0,49,122,36,1
1778522198.165457,1,1357,0,46,122,43,1
1778522198.1797829,2,263,0,49,122,36,1
1778522198.1829839,1,1357,0,46,122,43,1
1778522198.1970005,2,263,0,49,122,36,1
1778522198.2007582,1,1357,0,46,122,43,2
1778522198.2147973,2,263,0,49,122,36,1
1778522198.2177937,1,1357,0,46,122,43,1
1778522198.232268,2,263,0,49,122,36,1
1778522198.2354999,1,1357,0,46,122,43,2
1778522198.249461,2,263,0,49,122,36,1
1778522198.2522733,1,1357,0,46,122,43,1
1778522198.266621,2,263,0,49,122,36,1
1778522198.270196,1,1357,0,46,122,43,1
1778522198.2847304,2,263,0,49,122,36,1
1778522198.2876327,1,1357,0,46,122,43,2
1778522198.3015153,2,263,0,49,122,36,1
1778522198.3043993,1,1357,0,46,122,43,1
1778522198.3188756,2,263,0,49,122,36,2
1778522198.322317,1,1357,0,46,122,43,1
1778522198.3362875,2,263,0,49,122,36,1
1778522198.3390293,1,1357,0,46,122,43,1
1778522198.3536818,2,263,0,49,122,36,2
1778522198.3576114,1,1357,0,46,122,43,1
1778522198.3715594,2,263,0,49,122,36,1
1778522198.375032,1,1357,0,46,122,43,1
1778522198.3893678,2,263,0,49,122,36,1
1778522198.392353,1,1357,0,46,122,43,1
1778522198.4062793,2,263,0,49,122,36,1
1778522198.409248,1,1357,0,46,122,43,1
1778522198.4238498,2,263,0,49,122,36,2
1778522198.4272366,1,1357,0,46,122,43,1
1778522198.4414449,2,263,0,49,122,36,1
1778522198.4445903,1,1357,0,46,122,43,2
1778522198.45855,2,263,0,49,122,36,2
1778522198.4615579,1,1357,0,46,121,43,1
1778522198.476098,2,263,0,49,122,36,1
1778522198.4796355,1,1357,0,46,122,43,2
1778522198.4936376,2,263,0,49,122,37,1
1778522198.4963112,1,1357,0,46,122,43,1
1778522198.510792,2,263,0,49,122,36,1
1778522198.5143917,1,1357,0,46,122,43,1
1778522198.5284178,2,263,0,49,122,36,1
1778522198.5312648,1,1357,0,46,122,43,1
1778522198.5456917,2,263,0,49,122,36,2
1778522198.5529559,1,1357,0,46,122,43,1
1778522198.5675778,2,263,0,49,122,36,2
1778522198.5711691,1,1357,0,46,122,43,1
1778522198.5852334,2,263,0,49,122,36,1
1778522198.5880244,1,1357,0,46,122,43,1
1778522198.6024384,2,263,0,49,122,36,1
1778522198.6060126,1,1357,0,46,122,43,1
1778522198.6203113,2,263,0,49,122,36,1
1778522198.6233928,1,1357,0,46,122,43,1
1778522198.6382635,2,263,0,49,122,36,2
1778522198.6422904,1,1357,0,46,122,43,1
1778522198.6563299,2,263,0,49,122,36,1
1778522198.6591516,1,1357,0,46,122,43,1
1778522198.673553,2,263,0,49,122,36,1
1778522198.6775093,1,1357,0,46,122,43,1
1778522198.691478,2,263,0,49,122,36,1
1778522198.6944864,1,1357,0,46,122,43,1
1778522198.7092097,2,263,0,49,122,36,1
1778522198.712475,1,1357,0,46,122,43,2
1778522198.7264657,2,263,0,49,122,36,1
1778522198.7292202,1,1357,0,46,122,43,1
1778522198.743652,2,263,0,49,122,36,1
1778522198.7471352,1,1357,0,46,122,43,1
1778522198.7611015,2,263,0,49,122,36,1
1778522198.7638912,1,1357,0,46,122,43,1
1778522198.778264,2,263,0,49,122,36,1
1778522198.781914,1,1357,0,46,122,43,1
1778522198.7967627,2,263,0,49,122,36,1
1778522198.7997727,1,1357,0,46,122,43,1
1778522198.8136704,2,263,0,49,122,36,1
1778522198.8164406,1,1357,0,46,122,43,1
1778522198.830967,2,263,0,49,122,36,1
1778522198.8345277,1,1357,0,46,122,43,1
1778522198.8486116,2,263,0,49,122,36,1
1778522198.8514085,1,1357,0,46,122,43,1
1778522198.8657658,2,263,0,49,122,36,1
1778522198.8694046,1,1357,0,46,122,43,1
1778522198.8832915,2,263,0,49,122,36,1
1778522198.8861895,1,1357,0,46,121,43,2
1778522198.9007225,2,263,0,49,122,36,1
1778522198.9038787,1,1357,0,46,122,43,2
1778522198.9177446,2,263,0,49,122,36,1
1778522198.9206505,1,1357,0,46,122,43,2
1778522198.9350483,2,263,0,49,122,36,1
1778522198.93844,1,1357,0,46,122,43,1
1778522198.9523563,2,263,0,49,122,36,1
1778522198.9553373,1,1357,0,46,122,43,1
1778522198.9696112,2,263,0,49,122,36,1
1778522198.9732208,1,1357,0,46,122,43,1
1778522198.987136,2,263,0,49,122,36,1
1778522198.990091,1,1357,0,46,122,43,1
1778522199.0047538,2,263,0,49,122,36,1
1778522199.0079193,1,1357,0,46,122,43,1
1778522199.0218983,2,263,0,49,122,36,1
1778522199.02478,1,1357,0,46,122,43,1
1778522199.0393338,2,263,0,49,122,36,1
1778522199.0427825,1,1357,0,46,122,43,2
1778522199.0570617,2,263,0,49,122,36,1
1778522199.0602198,1,1357,0,46,122,43,1
1778522199.0747674,2,263,0,49,122,36,1
1778522199.0784278,1,1357,0,46,122,43,1
1778522199.0924964,2,263,0,49,122,36,1
1778522199.0953577,1,1357,0,46,122,43,1
1778522199.1101575,2,263,0,49,122,36,2
1778522199.1141884,1,1357,0,46,122,43,1
1778522199.1281035,2,263,0,49,122,36,1
1778522199.1319072,1,1357,0,46,122,43,1
1778522199.1470244,2,263,0,49,122,36,1
1778522199.1501293,1,1357,0,46,122,43,1
1778522199.1642795,2,263,0,49,122,36,1
1778522199.1673622,1,1357,0,46,122,43,1
1778522199.181337,2,263,0,49,122,36,1
1778522199.1841524,1,1357,0,46,122,43,1
1778522199.198592,2,263,0,49,122,36,1
1778522199.202131,1,1357,0,46,122,43,1
1778522199.2164738,2,263,0,49,122,36,1
1778522199.2194693,1,1357,0,46,122,43,1
1778522199.2340198,2,263,0,49,122,36,1
1778522199.237548,1,1357,0,46,122,43,1
1778522199.2515578,2,263,0,49,122,36,2
1778522199.2543218,1,1357,0,46,122,43,1
1778522199.2688339,2,263,0,49,122,36,1
1778522199.2727087,1,1357,0,46,122,43,1
1778522199.2866817,2,263,0,49,122,36,1
1778522199.289568,1,1357,0,46,122,43,1
1778522199.3041542,2,263,0,49,122,36,1
1778522199.3075848,1,1357,0,46,122,43,1
1778522199.32155,2,263,0,49,122,36,1
1778522199.3243394,1,1357,0,46,122,43,1
1778522199.3388362,2,263,0,49,122,36,1
1778522199.3422322,1,1357,0,46,122,43,1
1778522199.3566914,2,263,0,49,122,36,2
1778522199.3596976,1,1357,0,46,122,43,1
1778522199.3735378,2,263,0,49,122,36,1
1778522199.3763745,1,1357,0,46,122,43,2
1778522199.390829,2,263,0,49,122,36,2
1778522199.394471,1,1357,0,46,122,43,1
1778522199.4088247,2,263,0,49,122,36,1
1778522199.4118025,1,1357,0,46,122,43,1
1778522199.4261124,2,263,0,49,122,36,2
1778522199.4296498,1,1357,0,46,122,43,1
1778522199.444162,2,263,0,49,122,36,1
1778522199.4474092,1,1357,0,46,122,43,1
1778522199.461373,2,263,0,49,122,36,1
1778522199.4641685,1,1357,0,46,122,43,1
1778522199.478503,2,263,0,49,122,36,0
1778522199.4820836,1,1357,0,46,122,43,1
1778522199.4961977,2,263,0,49,122,36,2
1778522199.4991353,1,1357,0,46,122,43,1
1778522199.5136356,2,263,0,49,122,36,1
1778522199.517566,1,1357,0,46,122,43,1
1778522199.531522,2,263,0,49,122,36,2
1778522199.534546,1,1357,0,46,122,43,1
1778522199.5489187,2,263,0,49,122,36,2
1778522199.5521905,1,1357,0,46,122,43,2
1778522199.5661485,2,263,0,49,122,36,1
1778522199.569115,1,1357,0,46,122,43,1
1778522199.5836442,2,263,0,49,122,36,1
1778522199.5870726,1,1357,0,46,122,43,1
1778522199.6011503,2,263,0,49,122,36,1
1778522199.6040199,1,1357,0,46,122,43,1
1778522199.6186247,2,263,0,49,122,36,1
1778522199.622305,1,1357,0,46,122,43,1
1778522199.6364048,2,263,0,49,122,36,1
1778522199.6393404,1,1357,0,46,122,43,1
1778522199.6540956,2,263,0,49,122,36,1
1778522199.6580951,1,1357,0,46,122,43,1
1778522199.6720226,2,263,0,49,122,36,1
1778522199.6760094,1,1357,0,46,122,43,1
1778522199.6904082,2,263,0,49,122,36,1
1778522199.6933947,1,1357,0,46,122,43,1
1778522199.7073708,2,263,0,49,122,36,1
1778522199.710687,1,1357,0,46,122,43,1
1778522199.725274,2,263,0,49,122,36,2
1778522199.7284958,1,1357,0,46,122,43,1
1778522199.7425795,2,263,0,49,122,36,1
1778522199.7456703,1,1357,0,46,122,43,1
1778522199.760299,2,263,0,49,122,36,1
1778522199.76368,1,1357,0,46,122,43,1
1778522199.7776644,2,263,0,49,122,36,1
1778522199.7803888,1,1357,0,46,122,43,1
1778522199.7948227,2,263,0,49,122,36,1
1778522199.7982292,1,1357,0,46,122,43,1
1778522199.8123448,2,263,0,49,122,36,1
1778522199.8152423,1,1357,0,46,122,43,2
1778522199.8300016,2,263,0,49,122,36,1
1778522199.833923,1,1357,0,46,122,43,1
1778522199.8477743,2,263,0,49,122,36,1
1778522199.851188,1,1357,0,46,122,43,1
1778522199.8655903,2,263,0,49,122,36,1
1778522199.86859,1,1357,0,46,122,43,1
1778522199.8824592,2,263,0,49,122,36,1
1778522199.8855388,1,1357,0,46,122,43,1
1778522199.900145,2,263,0,49,122,36,1
1778522199.9035244,1,1357,0,46,122,43,1
1778522199.9176095,2,263,0,49,122,36,1
1778522199.9204192,1,1357,0,46,122,43,1
1778522199.9348912,2,263,0,49,122,36,1
1778522199.938593,1,1357,0,46,122,43,1
1778522199.9526958,2,263,0,49,122,36,1
1778522199.955499,1,1357,0,46,122,43,2
1778522199.9699163,2,263,0,49,122,36,1
1778522199.9739769,1,1357,0,46,122,43,1
1778522199.9880831,2,263,0,49,122,36,1
1778522199.9908555,1,1357,0,46,122,43,1
1778522200.0053396,2,263,0,49,122,36,1
1778522200.0093822,1,1357,0,46,122,43,1
1778522200.023273,2,263,0,49,122,36,1
1778522200.026612,1,1357,0,46,122,43,1
1778522200.041304,2,263,0,49,122,36,2
1778522200.0444827,1,1357,0,46,122,43,1
1778522200.058466,2,263,0,49,122,36,1
1778522200.0616686,1,1357,0,46,122,43,1
1778522200.0763118,2,263,0,49,122,36,2
1778522200.0795481,1,1357,0,46,122,43,1
1778522200.0935316,2,263,0,49,122,36,1
1778522200.0964477,1,1357,0,46,122,43,2
1778522200.110938,2,263,0,49,122,36,1
1778522200.1143017,1,1357,0,46,122,43,1
1778522200.1284633,2,263,0,49,122,36,1
1778522200.1313255,1,1357,0,46,122,43,1
1778522200.1457908,2,263,0,49,122,36,1
1778522200.149912,1,1357,0,46,122,43,1
1778522200.1638305,2,263,0,49,122,36,1
1778522200.1669729,1,1357,0,46,121,43,1
1778522200.1815202,2,263,0,49,122,36,1
1778522200.1847842,1,1357,0,46,122,43,1
1778522200.1987197,2,263,0,49,122,36,1
1778522200.201853,1,1357,0,46,122,43,1
1778522200.216551,2,263,0,49,122,36,1
1778522200.2197602,1,1357,0,46,122,43,1
1778522200.2338073,2,263,0,49,122,36,1
1778522200.236944,1,1357,0,46,122,43,1
1778522200.250745,2,263,0,49,122,36,1
1778522200.2538574,1,1357,0,46,122,43,1
1778522200.2683413,2,263,0,49,122,36,1
1778522200.2716477,1,1357,0,46,122,43,1
1778522200.2856472,2,263,0,49,122,36,1
1778522200.28836,1,1357,0,46,122,43,1
1778522200.3027098,2,263,0,49,122,36,1
1778522200.306382,1,1357,0,46,122,43,1
1778522200.3203685,2,263,0,49,122,36,1
1778522200.3232882,1,1357,0,46,122,43,1
1778522200.3378098,2,263,0,49,122,36,1
1778522200.341738,1,1357,0,46,122,43,1
1778522200.3560307,2,263,0,49,122,36,1
1778522200.359087,1,1357,0,46,122,43,1
1778522200.373493,2,263,0,49,122,36,1
1778522200.3770354,1,1357,0,46,122,43,1
1778522200.3908906,2,263,0,49,122,36,1
1778522200.3937504,1,1357,0,46,122,43,1
1778522200.4081767,2,263,0,49,122,36,1
1778522200.4116058,1,1357,0,46,122,43,1
1778522200.4255722,2,263,0,49,122,36,1
1778522200.4284613,1,1357,0,46,122,43,1
1778522200.442948,2,263,0,49,122,36,1
1778522200.4465146,1,1357,0,46,122,43,1
1778522200.4608448,2,263,0,49,122,36,2
1778522200.4638035,1,1357,0,46,122,43,1
1778522200.4775658,2,263,0,49,122,36,1
1778522200.4803858,1,1357,0,46,122,43,1
1778522200.4946606,2,263,0,49,122,36,1
1778522200.498237,1,1357,0,46,122,43,1
1778522200.5127676,2,263,0,49,122,36,1
1778522200.5157282,1,1357,0,46,122,43,1
1778522200.5296123,2,263,0,49,122,36,2
1778522200.5323913,1,1357,0,46,122,43,1
1778522200.5469682,2,263,0,49,122,36,1
1778522200.5504174,1,1357,0,46,122,43,1
1778522200.5645516,2,263,0,49,122,36,1
1778522200.5673964,1,1357,0,46,122,43,1
1778522200.5816882,2,263,0,49,122,36,1
1778522200.5852683,1,1357,0,46,122,43,1
1778522200.5991478,2,263,0,49,122,36,1
1778522200.6022606,1,1357,0,46,122,43,1
1778522200.616869,2,263,0,49,122,36,1
1778522200.6200712,1,1357,0,46,122,43,1
1778522200.6340373,2,263,0,49,122,36,1
1778522200.6370394,1,1357,0,46,122,43,1
1778522200.6515107,2,263,0,49,122,36,2
1778522200.6548982,1,1357,0,46,122,43,1
1778522200.6692605,2,263,0,49,122,36,1
1778522200.672304,1,1357,0,46,122,43,1
1778522200.6866624,2,263,0,49,122,36,1
1778522200.6902714,1,1357,0,46,122,43,1
1778522200.7048426,2,263,0,49,122,36,1
1778522200.707858,1,1357,0,46,122,43,2
1778522200.7216418,2,263,0,49,122,36,1
1778522200.7245982,1,1357,0,46,122,43,1
1778522200.7391846,2,263,0,49,122,36,1
1778522200.7424898,1,1357,0,46,122,43,1
1778522200.75643,2,263,0,49,122,36,1
1778522200.7591639,1,1357,0,46,122,43,1
1778522200.7736075,2,263,0,49,122,36,2
1778522200.7775314,1,1357,0,46,122,43,1
1778522200.7915,2,263,0,49,122,36,1
1778522200.7948482,1,1357,0,46,121,43,1
1778522200.8095188,2,263,0,49,122,36,1
1778522200.8129091,1,1357,0,46,122,43,1
1778522200.826861,2,263,0,49,122,36,2
1778522200.8299375,1,1357,0,46,122,43,1
1778522200.8444183,2,263,0,49,122,36,1
1778522200.8476377,1,1357,0,46,122,43,1
1778522200.8616216,2,263,0,49,122,36,1
1778522200.8644066,1,1357,0,46,122,43,2
1778522200.8789132,2,263,0,49,122,36,1
1778522200.88241,1,1357,0,46,122,43,1
1778522200.8963597,2,263,0,49,122,36,1
1778522200.8991609,1,1357,0,46,122,43,1
1778522200.9135823,2,263,0,49,122,36,1
1778522200.9176078,1,1357,0,46,122,43,1
1778522200.9315615,2,263,0,49,122,36,1
1778522200.9347572,1,1357,0,46,122,43,1
1778522200.9493906,2,263,0,49,122,36,2
1778522200.952634,1,1357,0,46,122,43,1
1778522200.9665902,2,263,0,49,122,36,1
1778522200.969677,1,1357,0,46,122,43,1
1778522200.9842777,2,263,0,49,122,36,1
1778522200.9878328,1,1357,0,46,122,43,1
1778522201.001875,2,263,0,49,122,36,1
1778522201.004762,1,1357,0,46,122,43,1
1778522201.019246,2,263,0,49,122,36,1
1778522201.0228765,1,1357,0,46,122,43,1
1778522201.0368915,2,263,0,49,122,36,1
1778522201.0396497,1,1357,0,46,122,43,1
1778522201.0542529,2,263,0,49,122,36,1
1778522201.0576718,1,1357,0,46,122,43,1
1778522201.071777,2,263,0,49,122,36,1
1778522201.0753124,1,1357,0,46,122,43,1
1778522201.090198,2,263,0,49,122,36,1
1778522201.093424,1,1357,0,46,122,43,1
1778522201.1076922,2,263,0,49,122,36,0
1778522201.1107247,1,1357,0,46,122,43,1
1778522201.124646,2,263,0,49,122,36,1
1778522201.1275144,1,1357,0,46,122,43,1
1778522201.142142,2,263,0,49,122,36,1
1778522201.146059,1,1357,0,46,122,43,2
1778522201.159976,2,263,0,49,122,36,1
1778522201.1638007,1,1357,0,46,122,43,1
1778522201.1781557,2,263,0,49,122,36,1
1778522201.1812398,1,1357,0,46,122,43,1
1778522201.1950767,2,263,0,49,122,36,1
1778522201.198222,1,1357,0,46,122,43,1
1778522201.2127624,2,263,0,49,122,36,1
1778522201.2159555,1,1357,0,46,122,43,1
1778522201.23,2,263,0,49,122,36,2
1778522201.2328234,1,1357,0,46,122,43,2
1778522201.2472932,2,263,0,49,122,36,1
1778522201.250704,1,1357,0,46,122,43,1
1778522201.264634,2,263,0,49,122,36,1
1778522201.2674742,1,1357,0,46,122,43,1
1778522201.281754,2,263,0,49,122,36,1
1778522201.2853916,1,1357,0,46,122,43,1
1778522201.2995036,2,263,0,49,122,36,1
1778522201.3023803,1,1357,0,46,122,43,1
1778522201.3169942,2,263,0,49,122,36,1
1778522201.3210313,1,1357,0,46,122,43,2
1778522201.3349693,2,263,0,49,122,36,1
1778522201.3378184,1,1357,0,46,122,43,1
1778522201.3526073,2,263,0,49,122,36,1
1778522201.356118,1,1357,0,46,122,43,1
1778522201.370037,2,263,0,49,122,36,1
1778522201.3729224,1,1357,0,46,122,43,1
1778522201.3873534,2,263,0,49,122,36,1
1778522201.3908527,1,1357,0,46,122,42,1
1778522201.404816,2,263,0,49,122,36,1
1778522201.407657,1,1357,0,46,122,43,1
1778522201.4224489,2,263,0,49,122,36,1
1778522201.4265213,1,1357,0,46,122,43,1
1778522201.4407742,2,263,0,49,122,36,1
1778522201.4435258,1,1357,0,46,122,43,2
1778522201.4578323,2,263,0,49,122,36,1
1778522201.4615326,1,1357,0,46,122,43,1
1778522201.4762766,2,263,0,49,122,36,1
1778522201.479294,1,1357,0,46,122,43,1
1778522201.4933004,2,263,0,49,122,36,1
1778522201.4960694,1,1357,0,46,122,43,1
1778522201.510331,2,263,0,49,122,36,1
1778522201.5139203,1,1357,0,46,122,43,1
1778522201.5279586,2,263,0,49,122,36,1
1778522201.5307333,1,1357,0,46,122,43,1
1778522201.54549,2,263,0,49,122,36,1
1778522201.5495212,1,1357,0,46,122,43,1
1778522201.5634875,2,263,0,49,122,36,2
1778522201.5668366,1,1357,0,46,122,43,1
1778522201.581347,2,263,0,49,122,36,1
1778522201.584321,1,1357,0,46,122,43,1
1778522201.5982983,2,263,0,49,122,36,1
1778522201.601241,1,1357,0,46,122,43,1
1778522201.6157725,2,263,0,49,122,36,1
1778522201.6190734,1,1357,0,46,122,43,1
1778522201.6332266,2,263,0,49,122,36,1
1778522201.636333,1,1357,0,46,122,43,1
1778522201.6508338,2,263,0,49,122,36,1
1778522201.6544213,1,1357,0,46,122,43,1
1778522201.6690128,2,263,0,49,122,36,1
1778522201.6721423,1,1357,0,46,122,43,0
1778522201.6861212,2,263,0,49,122,36,1
1778522201.6889126,1,1357,0,46,122,43,1
1778522201.7034273,2,263,0,49,122,36,1
1778522201.706826,1,1357,0,46,122,43,1
1778522201.720769,2,263,0,49,122,36,1
1778522201.7235236,1,1357,0,46,122,43,1
1778522201.7378447,2,263,0,49,122,36,2
1778522201.74141,1,1357,0,46,122,43,1
1778522201.7560043,2,263,0,49,122,36,1
1778522201.7591875,1,1357,0,46,122,43,2
1778522201.7731168,2,263,0,49,122,36,1
1778522201.7759268,1,1357,0,46,122,43,1
1778522201.7903392,2,263,0,49,122,36,1
1778522201.7939322,1,1357,0,46,122,43,0
1778522201.808444,2,263,0,49,122,36,1
1778522201.811592,1,1357,0,46,122,43,2
1778522201.8255248,2,263,0,49,122,36,2
1778522201.828346,1,1357,0,46,122,43,1
1778522201.8428068,2,263,0,49,122,36,1
1778522201.8461065,1,1357,0,46,122,43,1
1778522201.8601832,2,263,0,49,122,36,1
1778522201.8632302,1,1357,0,46,122,43,1
1778522201.8779044,2,263,0,49,122,36,2
1778522201.8818905,1,1357,0,46,122,43,1
1778522201.8958483,2,263,0,49,122,36,1
1778522201.899191,1,1357,0,46,122,43,2
1778522201.913624,2,263,0,49,122,36,1
1778522201.9166338,1,1357,0,46,122,43,1
1778522201.930606,2,263,0,49,122,36,1
1778522201.9335463,1,1357,0,46,122,43,1
1778522201.9481514,2,263,0,49,122,36,1
1778522201.9515834,1,1357,0,46,122,43,0
1778522201.9656875,2,263,0,49,122,36,1
1778522201.9685383,1,1357,0,46,122,43,1
1778522201.9830275,2,263,0,49,122,36,1
1778522201.9864388,1,1357,0,46,122,43,1
1778522202.0004623,2,263,0,49,122,36,2
1778522202.0033646,1,1357,0,46,122,43,1
1778522202.017658,2,263,0,49,122,36,1
1778522202.0212483,1,1357,0,46,122,43,1
1778522202.0350723,2,263,0,49,122,36,1
1778522202.0380228,1,1357,0,46,122,43,1
1778522202.0529335,2,263,0,49,122,36,1
1778522202.0563464,1,1357,0,46,122,43,1
1778522202.0710495,2,263,0,49,122,36,1
1778522202.075119,1,1357,0,46,122,43,1
1778522202.0892847,2,263,0,49,122,36,1
1778522202.0921113,1,1357,0,46,122,43,1
1778522202.1064239,2,263,0,49,122,36,0
1778522202.109991,1,1357,0,46,122,43,1
1778522202.1239822,2,263,0,49,122,36,1
1778522202.1267493,1,1357,0,46,122,43,1
1778522202.1414256,2,263,0,49,122,36,1
1778522202.1453636,1,1357,0,46,122,43,1
1778522202.159272,2,263,0,49,122,36,1
1778522202.1623485,1,1357,0,46,121,43,1
1778522202.1768174,2,263,0,49,122,36,1
1778522202.1800678,1,1357,0,46,122,43,1
1778522202.1939926,2,263,0,49,122,36,1
1778522202.1968153,1,1357,0,46,122,43,1
1778522202.2113793,2,263,0,49,122,36,2
1778522202.2148829,1,1357,0,46,122,43,1
1778522202.229103,2,263,0,49,122,36,1
1778522202.2321742,1,1357,0,46,122,43,1
1778522202.2466836,2,263,0,49,122,36,2
1778522202.2502925,1,1357,0,46,122,43,1
1778522202.264556,2,263,0,49,122,36,1
1778522202.2675092,1,1357,0,46,121,43,1
1778522202.2823234,2,263,0,49,122,36,1
1778522202.2863307,1,1357,0,46,122,43,1
1778522202.3004475,2,263,0,49,122,36,1
1778522202.3032548,1,1357,0,46,122,43,2
1778522202.3179018,2,263,0,49,122,36,1
1778522202.3214319,1,1357,0,46,122,43,2
1778522202.335321,2,263,0,49,122,36,2
1778522202.3386474,1,1357,0,46,122,43,1
1778522202.3533406,2,263,0,49,122,36,2
1778522202.3566346,1,1357,0,46,122,43,1
1778522202.3705494,2,263,0,49,122,36,2
1778522202.3736281,1,1357,0,46,122,43,1
1778522202.3881295,2,263,0,49,122,36,1
1778522202.3914847,1,1357,0,46,122,43,1
1778522202.4055147,2,263,0,49,122,36,1
1778522202.4082673,1,1357,0,46,122,43,1
1778522202.4227521,2,263,0,49,122,36,1
1778522202.426403,1,1357,0,46,122,43,1
1778522202.4408,2,263,0,49,122,36,2
1778522202.4437764,1,1357,0,46,122,43,1
1778522202.457655,2,263,0,49,122,36,1
1778522202.460562,1,1357,0,46,122,43,1
1778522202.4750874,2,263,0,49,122,36,1
1778522202.4786918,1,1357,0,46,122,43,1
1778522202.4932637,2,263,0,49,122,36,1
1778522202.4962144,1,1357,0,46,122,43,1
1778522202.510091,2,263,0,49,122,36,1
1778522202.512862,1,1357,0,46,122,43,1
1778522202.5273106,2,263,0,49,122,36,1
1778522202.5309412,1,1357,0,46,122,43,1
1778522202.544984,2,263,0,49,122,36,2
1778522202.5478513,1,1357,0,46,122,43,1
1778522202.562166,2,263,0,49,122,36,1
1778522202.5657847,1,1357,0,46,122,43,1
1778522202.5803301,2,263,0,49,122,36,2
1778522202.5834842,1,1357,0,46,122,43,1
1778522202.5973077,2,263,0,49,122,36,1
1778522202.6000686,1,1357,0,46,122,43,1
1778522202.6145306,2,263,0,49,122,36,1
1778522202.618116,1,1357,0,46,122,43,1
1778522202.6324883,2,263,0,49,122,36,1
1778522202.6354935,1,1357,0,46,122,43,1
1778522202.6500018,2,263,0,49,122,36,1
1778522202.6535525,1,1357,0,46,122,43,1
1778522202.6675847,2,263,0,49,122,36,1
1778522202.6704285,1,1357,0,46,122,43,1
1778522202.6848357,2,263,0,49,122,36,2
1778522202.688793,1,1357,0,46,122,43,1
1778522202.7027543,2,263,0,49,122,36,1
1778522202.7057362,1,1357,0,46,122,43,1
1778522202.7201993,2,263,0,49,122,36,1
1778522202.7236006,1,1357,0,46,122,43,2
1778522202.7376306,2,263,0,49,122,36,1
1778522202.740468,1,1357,0,46,122,43,1
1778522202.7549329,2,263,0,49,122,36,1
1778522202.758282,1,1357,0,46,122,43,1
1778522202.7722225,2,263,0,49,122,36,6
1778522202.7750685,1,1357,0,46,122,43,1
1778522202.7895906,2,263,0,49,122,36,1
1778522202.7935686,1,1357,0,46,122,43,1
1778522202.807433,2,263,0,49,122,36,1
1778522202.8105865,1,1357,0,46,122,43,1
1778522202.825195,2,263,0,49,122,36,1
1778522202.828354,1,1357,0,46,122,43,1
1778522202.8422616,2,263,0,49,122,36,1
1778522202.8452537,1,1357,0,46,122,43,1
1778522202.859754,2,263,0,49,122,36,1
1778522202.8630195,1,1357,0,46,122,43,1
1778522202.8770852,2,263,0,49,122,36,1
1778522202.8798556,1,1357,0,46,122,43,1
1778522202.8940918,2,263,0,49,122,36,1
1778522202.8976173,1,1357,0,46,122,43,1
1778522202.911625,2,263,0,49,122,36,1
1778522202.9144037,1,1357,0,46,122,43,1
1778522202.929019,2,263,0,49,122,36,1
1778522202.9330287,1,1357,0,46,122,43,1
1778522202.9469652,2,263,0,49,122,36,2
1778522202.9500403,1,1357,0,46,122,43,1
1778522202.9648092,2,263,0,49,122,36,2
1778522202.9684818,1,1357,0,46,122,43,1
1778522202.9823918,2,263,0,49,122,36,1
1778522202.9853878,1,1357,0,46,122,43,1
1778522202.9999897,2,263,0,49,122,36,1
1778522203.0034418,1,1357,0,46,122,43,2
1778522203.017456,2,263,0,49,122,36,1
1778522203.020256,1,1357,0,46,122,43,1
1778522203.034981,2,263,0,49,122,36,1
1778522203.0386462,1,1357,0,46,122,43,1
1778522203.0529573,2,263,0,49,122,37,1
1778522203.0559266,1,1357,0,46,122,43,1
1778522203.0702448,2,263,0,49,122,36,1
1778522203.074013,1,1357,0,46,122,43,1
1778522203.0881212,2,263,0,49,122,36,1
1778522203.0910504,1,1357,0,46,122,43,1
1778522203.1058335,2,263,0,49,122,36,1
1778522203.109941,1,1357,0,46,122,43,1
1778522203.123859,2,263,0,49,122,36,1
1778522203.127354,1,1357,0,46,122,43,2
1778522203.1418233,2,263,0,49,122,36,1
1778522203.1448956,1,1357,0,46,122,43,2
1778522203.1589377,2,263,0,49,122,36,1
1778522203.1619892,1,1357,0,46,122,43,1
1778522203.1768537,2,263,0,49,122,36,1
1778522203.1805015,1,1357,0,46,122,43,2
1778522203.1944978,2,263,0,49,122,36,1
1778522203.197247,1,1357,0,46,122,43,1
1778522203.2117593,2,263,0,49,122,36,1
1778522203.2150366,1,1357,0,46,122,43,1
1778522203.229633,2,263,0,49,122,36,1
1778522203.232984,1,1357,0,46,122,43,1
1778522203.246936,2,263,0,49,122,36,1
1778522203.250016,1,1357,0,46,122,43,1
1778522203.2644234,2,263,0,49,122,36,1
1778522203.2676945,1,1357,0,46,122,43,1
1778522203.2818131,2,263,0,49,122,36,2
1778522203.2849064,1,1357,0,46,122,43,0
1778522203.2990692,2,263,0,49,122,36,1
1778522203.302103,1,1357,0,46,122,43,1
1778522203.3165998,2,263,0,49,122,36,1
1778522203.3206325,1,1357,0,46,122,43,2
1778522203.3344944,2,263,0,49,122,36,1
1778522203.337337,1,1357,0,46,122,43,1
1778522203.3518078,2,263,0,49,122,36,1
1778522203.355122,1,1357,0,46,122,43,1
1778522203.3692687,2,263,0,49,122,36,1
1778522203.372096,1,1357,0,46,122,43,1
1778522203.3865972,2,263,0,49,122,36,1
1778522203.3901339,1,1357,0,46,122,43,1
1778522203.4043658,2,263,0,49,122,36,1
1778522203.4073737,1,1357,0,46,122,43,1
1778522203.4218445,2,263,0,49,122,36,1
1778522203.4254212,1,1357,0,46,122,42,2
1778522203.4393666,2,263,0,49,122,36,1
1778522203.4421327,1,1357,0,46,122,43,1
1778522203.4563353,2,263,0,49,122,36,1
1778522203.4603777,1,1357,0,46,122,43,1
1778522203.4746757,2,263,0,49,122,36,2
1778522203.477775,1,1357,0,46,122,43,2
1778522203.4923377,2,263,0,49,122,36,1
1778522203.4956765,1,1357,0,46,122,43,1
1778522203.5096843,2,263,0,49,122,36,1
1778522203.5126238,1,1357,0,46,122,43,1
1778522203.5270183,2,263,0,49,122,36,1
1778522203.5303333,1,1357,0,46,122,43,1
1778522203.544325,2,263,0,49,122,36,1
1778522203.5472686,1,1357,0,46,122,43,1
1778522203.5615768,2,263,0,49,122,36,2
1778522203.5651712,1,1357,0,46,122,43,1
1778522203.5793655,2,263,0,49,122,36,1
1778522203.582369,1,1357,0,46,122,43,1
1778522203.5967352,2,263,0,49,122,36,1
1778522203.600704,1,1357,0,46,122,43,1
1778522203.614674,2,263,0,49,122,36,1
1778522203.6175709,1,1357,0,46,122,43,1
1778522203.6322117,2,263,0,49,122,36,1
1778522203.6356075,1,1357,0,46,122,43,0
1778522203.6494968,2,263,0,49,122,36,1
1778522203.6522324,1,1357,0,46,122,43,1
1778522203.666588,2,263,0,49,122,36,2
1778522203.670127,1,1357,0,46,122,43,1
1778522203.6843758,2,263,0,49,122,36,1
1778522203.6872876,1,1357,0,46,122,43,2
1778522203.7017043,2,263,0,49,122,36,1
1778522203.7056963,1,1357,0,46,122,43,1
1778522203.7195532,2,263,0,49,122,36,2
1778522203.722249,1,1357,0,46,122,43,1
1778522203.7370365,2,263,0,49,122,36,1
1778522203.7402823,1,1357,0,46,122,43,1
1778522203.7542303,2,263,0,49,122,36,1
1778522203.757249,1,1357,0,46,122,43,1
1778522203.7717972,2,263,0,49,122,36,1
1778522203.7750676,1,1357,0,46,122,43,1
1778522203.7891424,2,263,0,49,122,36,1
1778522203.791943,1,1357,0,46,122,43,1
1778522203.8064277,2,263,0,49,122,36,1
1778522203.8100708,1,1357,0,46,122,43,1
1778522203.824214,2,263,0,49,122,36,1
1778522203.8269978,1,1357,0,46,122,43,2
1778522203.841399,2,263,0,49,122,36,2
1778522203.845311,1,1357,0,46,122,43,1
1778522203.8593404,2,263,0,49,122,36,1
1778522203.862589,1,1357,0,46,122,43,1
1778522203.8771853,2,263,0,49,122,36,1
1778522203.8803277,1,1357,0,46,122,43,1
1778522203.8944898,2,263,0,49,122,36,1
1778522203.8976333,1,1357,0,46,122,43,1
1778522203.9123135,2,263,0,49,122,36,1
1778522203.9166327,1,1357,0,46,122,43,1
1778522203.9307063,2,263,0,49,122,36,1
1778522203.933565,1,1357,0,46,122,43,1
1778522203.9480858,2,263,0,49,122,36,2
1778522203.9514003,1,1357,0,46,122,43,1
1778522203.9655828,2,263,0,49,122,36,1
1778522203.9685,1,1357,0,46,122,43,1
1778522203.982726,2,263,0,49,122,36,1
1778522203.9857569,1,1357,0,46,122,43,1
1778522204.000563,2,263,0,49,122,36,1
1778522204.004725,1,1357,0,46,122,43,2
1778522204.0187793,2,263,0,49,122,36,2
1778522204.021728,1,1357,0,46,122,43,1
1778522204.0362496,2,263,0,49,122,36,2
1778522204.0395908,1,1357,0,46,122,43,1
1778522204.0537755,2,263,0,49,122,36,1
1778522204.0567772,1,1357,0,46,122,43,1
1778522204.071294,2,263,0,49,122,36,1
1778522204.0753682,1,1357,0,46,122,43,1
1778522204.0896614,2,263,0,49,122,36,1
1778522204.0927334,1,1357,0,46,122,43,1
1778522204.1074095,2,263,0,49,122,36,1
1778522204.1107893,1,1357,0,46,122,43,1
1778522204.125042,2,263,0,49,122,36,1
1778522204.1281426,1,1357,0,46,122,43,0
1778522204.1427543,2,263,0,49,122,36,1
1778522204.1462913,1,1357,0,46,122,43,1
1778522204.160287,2,263,0,49,122,36,1
1778522204.163218,1,1357,0,46,122,43,1
1778522204.177658,2,263,0,49,122,36,1
1778522204.1812625,1,1357,0,46,122,43,1
1778522204.1951408,2,263,0,49,122,36,1
1778522204.1981044,1,1357,0,46,122,43,1
1778522204.2126386,2,263,0,49,122,36,2
1778522204.215891,1,1357,0,46,122,43,0
1778522204.2299042,2,263,0,49,122,36,1
1778522204.2326972,1,1357,0,46,122,43,1
1778522204.2471519,2,263,0,49,122,36,1
1778522204.2505233,1,1357,0,46,122,43,1
1778522204.2644784,2,263,0,49,122,36,2
1778522204.2673893,1,1357,0,46,122,43,1
1778522204.2820346,2,263,0,49,122,36,0
1778522204.2855752,1,1357,0,46,122,43,1
1778522204.3010423,2,263,0,49,122,36,2
1778522204.3050096,1,1357,0,46,122,43,1
1778522204.3190098,2,263,0,49,122,36,1
1778522204.3219035,1,1357,0,46,122,43,1
1778522204.336413,2,263,0,49,122,36,1
1778522204.3397388,1,1357,0,46,122,43,1
1778522204.35378,2,263,0,49,122,36,1
1778522204.356563,1,1357,0,46,122,43,1
1778522204.3709872,2,263,0,49,122,36,1
1778522204.374281,1,1357,0,46,122,43,2
1778522204.3885896,2,263,0,49,122,36,1
1778522204.3918798,1,1357,0,46,122,44,1
1778522204.4057934,2,263,0,49,122,36,1
1778522204.4087112,1,1357,0,46,122,43,1
1778522204.4231422,2,263,0,49,122,36,1
1778522204.4263954,1,1357,0,46,122,43,1
1778522204.4403605,2,263,0,49,122,36,1
1778522204.4432383,1,1357,0,46,122,43,1
1778522204.457663,2,263,0,49,122,36,1
1778522204.4616125,1,1357,0,46,122,43,1
1778522204.4758768,2,263,0,49,122,36,1
1778522204.4788394,1,1357,0,46,122,43,1
1778522204.4933763,2,263,0,49,122,36,1
1778522204.4972332,1,1357,0,46,122,43,1
1778522204.5110545,2,263,0,49,122,36,1
1778522204.5139003,1,1357,0,46,122,43,1
1778522204.5284193,2,263,0,49,122,36,1
1778522204.5318074,1,1357,0,46,122,43,1
1778522204.545847,2,263,0,49,122,36,2
1778522204.5489228,1,1357,0,46,122,43,2
1778522204.5634103,2,263,0,49,122,36,1
1778522204.56668,1,1357,0,46,122,43,1
1778522204.5809956,2,263,0,49,122,36,1
1778522204.5840955,1,1357,0,46,122,43,1
1778522204.598066,2,263,0,49,122,36,1
1778522204.6009529,1,1357,0,46,122,43,1
1778522204.6154451,2,263,0,49,122,36,1
1778522204.6188598,1,1357,0,46,122,43,1
1778522204.6328454,2,263,0,49,122,36,1
1778522204.635711,1,1357,0,46,122,44,1
1778522204.6502314,2,263,0,49,122,36,1
1778522204.653808,1,1357,0,46,122,43,1
1778522204.6678948,2,263,0,49,122,36,1
1778522204.6706398,1,1357,0,46,122,43,1
1778522204.6854694,2,263,0,49,122,36,1
1778522204.6896667,1,1357,0,46,122,43,1
1778522204.7037952,2,263,0,49,122,36,1
1778522204.7071924,1,1357,0,46,122,43,1
1778522204.7217977,2,263,0,49,122,36,1
1778522204.7247941,1,1357,0,46,122,43,1
1778522204.738548,2,263,0,49,122,36,1
1778522204.741536,1,1357,0,46,121,43,1
1778522204.7561896,2,263,0,49,122,36,1
1778522204.7594151,1,1357,0,46,122,43,1
1778522204.7732878,2,263,0,49,122,36,1
1778522204.776076,1,1357,0,46,122,43,1
1778522204.7904963,2,263,0,49,122,36,1
1778522204.7940083,1,1357,0,46,122,43,1
1778522204.8080823,2,263,0,49,122,36,2
1778522204.810872,1,1357,0,46,122,43,2
1778522204.8254786,2,263,0,49,122,36,2
1778522204.8294258,1,1357,0,46,122,43,1
1778522204.8435178,2,263,0,49,122,36,1
1778522204.847033,1,1357,0,46,122,43,1
1778522204.8616264,2,263,0,49,122,36,2
1778522204.8647153,1,1357,0,46,122,43,2
1778522204.8786166,2,263,0,49,122,36,2
1778522204.8817296,1,1357,0,46,122,43,2
1778522204.8962147,2,263,0,49,122,36,1
1778522204.8994577,1,1357,0,46,122,43,1
1778522204.9134083,2,263,0,49,122,36,2
1778522204.9161448,1,1357,0,46,122,43,1
1778522204.9305475,2,263,0,49,122,36,2
1778522204.9342177,1,1357,0,46,122,43,1
1778522204.9483092,2,263,0,49,122,36,2
1778522204.951133,1,1357,0,46,122,43,1
1778522204.9656148,2,263,0,49,122,36,1
1778522204.9695232,1,1357,0,46,122,43,1
1778522204.9834816,2,263,0,49,122,36,1
1778522204.9866486,1,1357,0,46,122,43,1
1778522205.0014458,2,263,0,49,122,36,1
1778522205.004672,1,1357,0,46,122,43,1
1778522205.018554,2,263,0,49,122,36,1
1778522205.0215194,1,1357,0,46,122,43,1
1778522205.0359511,2,263,0,49,122,36,1
1778522205.0392168,1,1357,0,46,122,43,1
1778522205.0531864,2,263,0,49,122,36,1
1778522205.055996,1,1357,0,46,122,43,1
1778522205.07035,2,263,0,49,122,36,1
1778522205.0740352,1,1357,0,46,122,43,1
1778522205.0880086,2,263,0,49,122,36,1
1778522205.0907605,1,1357,0,46,122,43,1
1778522205.105118,2,263,0,49,122,36,1
1778522205.109063,1,1357,0,46,122,43,1
1778522205.123093,2,263,0,49,122,36,1
1778522205.125975,1,1357,0,46,122,43,1
1778522205.1403594,2,263,0,49,122,36,2
1778522205.1438062,1,1357,0,46,122,43,1
1778522205.1577823,2,263,0,49,122,36,2
1778522205.1605804,1,1357,0,46,122,43,1
1778522205.1750517,2,263,0,49,122,36,1
1778522205.1783566,1,1357,0,46,122,44,1
1778522205.1922388,2,263,0,49,122,36,1
1778522205.1949975,1,1357,0,46,122,43,1
1778522205.2096503,2,263,0,49,122,36,1
1778522205.2135978,1,1357,0,46,122,43,1
1778522205.2275047,2,263,0,49,122,36,1
1778522205.2306647,1,1357,0,46,122,43,1
1778522205.2452114,2,263,0,49,122,36,1
1778522205.2484434,1,1357,0,46,122,43,1
1778522205.262367,2,263,0,49,122,36,1
1778522205.265335,1,1357,0,46,122,43,1
1778522205.279772,2,263,0,49,122,36,1
1778522205.2832546,1,1357,0,46,122,43,1
1778522205.2991807,2,263,0,49,122,36,1
1778522205.3025455,1,1357,0,46,122,43,1
1778522205.317002,2,263,0,49,122,36,2
1778522205.3202014,1,1357,0,46,121,43,1
1778522205.3340545,2,263,0,49,122,36,1
1778522205.3369327,1,1357,0,46,122,43,1
1778522205.3513575,2,263,0,49,122,36,1
1778522205.3547034,1,1357,0,46,122,43,1
1778522205.3686318,2,263,0,49,122,36,1
1778522205.3714306,1,1357,0,46,122,43,1
1778522205.385868,2,263,0,49,122,36,1
1778522205.3894386,1,1357,0,46,122,43,1
1778522205.4036791,2,263,0,49,122,36,1
1778522205.406597,1,1357,0,46,122,43,1
1778522205.420917,2,263,0,49,122,36,1
1778522205.4248717,1,1357,0,46,122,43,2
1778522205.4387171,2,263,0,49,122,36,2
1778522205.4415245,1,1357,0,46,122,43,2
1778522205.4560282,2,263,0,49,122,36,2
1778522205.4595697,1,1357,0,46,122,43,1
1778522205.473452,2,263,0,49,122,36,1
1778522205.4762366,1,1357,0,46,121,43,1
1778522205.49082,2,263,0,49,122,36,1
1778522205.4942691,1,1357,0,46,122,43,1
1778522205.5081751,2,263,0,49,122,36,1
1778522205.5109646,1,1357,0,46,122,43,1
1778522205.5255795,2,263,0,49,122,36,1
1778522205.5295649,1,1357,0,46,122,43,1
1778522205.543529,2,263,0,49,122,36,1
1778522205.546997,1,1357,0,46,122,43,2
1778522205.5614924,2,263,0,49,122,36,1
1778522205.564604,1,1357,0,46,122,43,1
1778522205.578476,2,263,0,49,122,36,1
1778522205.5815582,1,1357,0,46,122,44,1
1778522205.596036,2,263,0,49,122,36,2
1778522205.5993454,1,1357,0,46,122,43,0
1778522205.6133988,2,263,0,49,122,36,1
1778522205.6162424,1,1357,0,46,122,43,1
1778522205.6304934,2,263,0,49,122,36,1
1778522205.6339672,1,1357,0,46,122,43,2
1778522205.6479957,2,263,0,49,122,36,1
1778522205.6508107,1,1357,0,46,122,43,1
1778522205.66515,2,263,0,49,122,36,1
1778522205.6692927,1,1357,0,46,122,43,1
1778522205.6832058,2,263,0,49,122,36,1
1778522205.686306,1,1357,0,46,122,43,1
1778522205.700841,2,263,0,49,122,37,1
1778522205.7040462,1,1357,0,46,122,43,1
1778522205.71796,2,263,0,49,122,36,1
1778522205.7208843,1,1357,0,46,122,43,1
1778522205.7356668,2,263,0,49,122,36,1
1778522205.7391124,1,1357,0,46,122,43,1
1778522205.7536888,2,263,0,49,122,36,1
1778522205.7567935,1,1357,0,46,122,43,1
1778522205.7714055,2,263,0,49,122,36,1
1778522205.7748406,1,1357,0,46,122,43,1
1778522205.7893083,2,263,0,49,122,36,1
1778522205.7922428,1,1357,0,46,122,43,1
1778522205.8063035,2,263,0,49,122,37,1
1778522205.8093817,1,1357,0,46,121,43,1
1778522205.8235688,2,263,0,49,122,36,1
1778522205.8265977,1,1357,0,46,122,43,1
1778522205.8410492,2,263,0,49,122,36,1
1778522205.8449826,1,1357,0,46,122,43,1
1778522205.8589776,2,263,0,49,122,36,1
1778522205.8617876,1,1357,0,46,122,43,1
1778522205.876343,2,263,0,49,122,36,2
1778522205.879667,1,1357,0,46,122,43,1
1778522205.8937402,2,263,0,49,122,36,1
1778522205.896636,1,1357,0,46,122,43,1
1778522205.911163,2,263,0,49,122,36,1
1778522205.9147065,1,1357,0,46,122,43,1
1778522205.9291449,2,263,0,49,122,36,1
1778522205.9321735,1,1357,0,46,122,43,1
1778522205.9462543,2,263,0,49,122,36,1
1778522205.9493055,1,1357,0,46,122,43,1
1778522205.963962,2,263,0,49,122,36,1
1778522205.9673505,1,1357,0,46,122,43,1
1778522205.981726,2,263,0,49,122,36,1
1778522205.9847097,1,1357,0,46,122,43,1
1778522205.9994743,2,263,0,49,122,36,1
1778522206.0031984,1,1357,0,46,122,43,1
1778522206.0179708,2,263,0,49,122,36,1
1778522206.020925,1,1357,0,46,122,43,1
1778522206.035129,2,263,0,49,122,36,1
1778522206.038413,1,1357,0,46,122,43,1
1778522206.0528116,2,263,0,49,122,36,1
1778522206.0558677,1,1357,0,46,122,43,1
1778522206.070526,2,263,0,49,122,36,1
1778522206.074859,1,1357,0,46,122,43,1
1778522206.089251,2,263,0,49,122,36,1
1778522206.0920703,1,1357,0,46,122,43,1
1778522206.1064072,2,263,0,49,122,36,1
1778522206.1100004,1,1357,0,46,122,43,1
1778522206.124064,2,263,0,49,122,36,1
1778522206.1270194,1,1357,0,46,122,43,1
1778522206.1416228,2,263,0,49,122,36,2
1778522206.1456647,1,1357,0,46,122,43,1
1778522206.1596217,2,263,0,49,122,36,1
1778522206.1628213,1,1357,0,46,122,43,1
1778522206.177377,2,263,0,49,122,36,2
1778522206.1806278,1,1357,0,46,122,43,1
1778522206.194555,2,263,0,49,122,36,1
1778522206.1976736,1,1357,0,46,122,43,1
1778522206.2121844,2,263,0,49,122,36,1
1778522206.215522,1,1357,0,46,122,43,1
1778522206.229505,2,263,0,49,122,36,1
1778522206.2322817,1,1357,0,46,122,43,2
1778522206.246817,2,263,0,49,122,36,1
1778522206.2502606,1,1357,0,46,122,43,1
1778522206.264458,2,263,0,49,122,36,1
1778522206.2674913,1,1357,0,46,122,43,1
1778522206.2819104,2,263,0,49,122,36,1
1778522206.285981,1,1357,0,46,122,43,1
1778522206.3001623,2,263,0,49,122,36,1
1778522206.3029573,1,1357,0,46,122,43,1
1778522206.317689,2,263,0,49,122,36,1
1778522206.3216414,1,1357,0,46,122,43,1
1778522206.3357942,2,263,0,49,122,36,1
1778522206.339246,1,1357,0,46,122,43,1
1778522206.3537002,2,263,0,49,121,36,2
1778522206.3566208,1,1357,0,46,122,43,1
1778522206.3714507,2,263,0,49,122,36,1
1778522206.3750327,1,1357,0,46,122,43,1
1778522206.389198,2,263,0,49,122,36,1
1778522206.391911,1,1357,0,46,121,43,1
1778522206.4065945,2,263,0,49,122,36,1
1778522206.41023,1,1357,0,46,122,43,1
1778522206.4243119,2,263,0,49,122,36,1
1778522206.4270995,1,1357,0,46,122,43,1
1778522206.4416883,2,263,0,49,122,36,1
1778522206.4456515,1,1357,0,46,122,43,1
1778522206.459624,2,263,0,49,122,36,2
1778522206.4629471,1,1357,0,46,122,43,1
1778522206.4773917,2,263,0,49,122,36,2
1778522206.4806302,1,1357,0,46,122,43,1
1778522206.4946396,2,263,0,49,122,37,1
1778522206.4977362,1,1357,0,46,122,43,1
1778522206.5121942,2,263,0,49,122,36,1
1778522206.515615,1,1357,0,46,122,43,2
1778522206.5295944,2,263,0,49,122,36,1
1778522206.53254,1,1357,0,46,122,43,1
1778522206.5498843,2,263,0,49,122,36,1
1778522206.5532684,1,1357,0,46,122,43,1
1778522206.5676162,2,263,0,49,122,36,2
1778522206.5710084,1,1357,0,46,122,43,1
1778522206.5858538,2,263,0,49,122,36,1
1778522206.5892313,1,1357,0,46,122,43,1
1778522206.6033928,2,263,0,49,122,36,1
1778522206.6067338,1,1357,0,46,122,43,1
1778522206.6215599,2,263,0,49,122,36,1
1778522206.6248407,1,1357,0,46,122,43,1
1778522206.6389358,2,263,0,48,122,36,1
1778522206.641873,1,1357,0,46,122,43,1
1778522206.6567216,2,263,0,41,122,36,0
1778522206.6602259,1,1357,0,46,122,43,1
1778522206.674371,2,263,0,27,122,36,0
1778522206.6772556,1,1357,0,46,122,43,1
1778522206.6921065,2,263,0,24,122,36,0
1778522206.6954916,1,1357,0,46,122,43,1
1778522206.7095838,2,262,0,51,122,36,1
1778522206.7123637,1,1357,0,46,122,43,1
1778522206.7269216,2,261,-50,79,122,36,1
1778522206.7305465,1,1357,0,46,122,43,1
1778522206.7446377,2,260,-50,117,122,36,3
1778522206.7474017,1,1357,0,46,122,43,1
1778522206.7617939,2,257,-200,150,122,36,5
1778522206.765426,1,1357,0,46,121,43,1
1778522206.7793403,2,250,-350,184,121,36,6
1778522206.7826107,1,1357,0,46,121,43,1
1778522206.797343,2,243,-350,217,121,37,7
1778522206.800689,1,1357,0,46,121,42,1
1778522206.8146057,2,233,-400,251,121,36,8
1778522206.8176365,1,1357,0,46,121,43,1
1778522206.8320415,2,223,-600,277,121,36,9
1778522206.835457,1,1357,0,46,121,43,1
1778522206.8494763,2,209,-650,308,121,36,10
1778522206.8522093,1,1357,0,46,121,43,1
1778522206.8665655,2,194,-850,331,121,36,10
1778522206.8701537,1,1357,0,46,121,43,1
1778522206.884408,2,177,-950,352,121,36,9
1778522206.8873763,1,1357,0,46,121,43,1
1778522206.9020793,2,158,-1000,362,121,36,9
1778522206.9055572,1,1357,0,46,121,43,1
1778522206.9195373,2,139,-1100,364,121,36,9
1778522206.92288,1,1357,0,46,121,43,2
1778522206.9373267,2,119,-1100,353,121,36,7
1778522206.9403174,1,1357,0,46,121,43,1
1778522206.9541962,2,101,-1100,337,121,36,7
1778522206.957199,1,1357,0,46,121,43,1
1778522206.9717095,2,82,-1100,315,121,36,5
1778522206.9750018,1,1357,0,46,122,43,1
1778522206.989203,2,64,-1050,290,122,36,5
1778522206.9923499,1,1357,0,46,121,43,1
1778522207.0068398,2,48,-950,264,121,36,4
1778522207.0105045,1,1357,0,46,121,43,1
1778522207.0244634,2,33,-900,235,121,36,3
1778522207.0276375,1,1357,0,46,122,43,1
1778522207.0420206,2,21,-700,210,122,36,3
1778522207.0457973,1,1357,0,46,121,43,1
1778522207.0612304,2,9,-650,184,121,36,3
1778522207.0651727,1,1357,0,46,122,43,0
1778522207.079214,2,4095,-550,157,121,36,2
1778522207.0826085,1,1357,0,46,122,43,1
1778522207.0973458,2,4087,-550,130,122,36,1
1778522207.1005595,1,1357,0,46,122,43,1
1778522207.114577,2,4080,-450,104,122,36,1
1778522207.1177106,1,1357,0,46,122,43,1
1778522207.1326056,2,4076,-350,80,122,36,1
1778522207.136015,1,1357,0,46,122,43,2
1778522207.1500375,2,4072,-250,61,122,36,0
1778522207.1530335,1,1357,0,44,122,43,1
1778522207.1678836,2,4070,-150,44,122,36,1
1778522207.1713023,1,1357,0,35,122,43,1
1778522207.1856966,2,4070,-50,23,122,36,0
1778522207.1887162,1,1357,0,22,122,43,0
1778522207.2032993,2,4070,0,29,122,36,1
1778522207.2067919,1,1357,0,31,122,43,1
1778522207.2212324,2,4071,50,54,122,36,1
1778522207.2243302,1,1358,0,59,122,43,2
1778522207.238954,2,4072,50,84,122,36,2
1778522207.2425869,1,1359,50,90,121,43,9
1778522207.256677,2,4072,50,121,121,36,3
1778522207.2594671,1,1359,50,127,121,43,4
1778522207.2740645,2,4076,0,165,121,53,5
1778522207.2779562,1,1361,100,167,121,43,6
1778522207.2918055,2,4082,250,197,121,36,9
1778522207.2953312,1,1367,250,206,121,43,32
1778522207.309938,2,4090,350,230,118,36,8
1778522207.3128896,1,1376,500,241,121,43,9
1778522207.3268461,2,4,550,255,120,36,8
1778522207.330026,1,1386,500,270,118,43,11
1778522207.344672,2,16,600,284,119,36,11
1778522207.347955,1,1399,600,296,120,43,12
1778522207.3620784,2,29,700,315,120,36,12
1778522207.3649828,1,1414,750,320,120,43,53
1778522207.379668,2,42,750,345,119,36,12
1778522207.3829618,1,1430,850,345,120,43,13
1778522207.396932,2,58,900,373,120,36,12
1778522207.3998456,1,1447,950,363,119,43,12
1778522207.4146338,2,76,900,394,120,36,12
1778522207.418341,1,1466,1000,378,120,43,21
1778522207.4328506,2,97,1050,403,119,36,12
1778522207.4357352,1,1486,1100,388,119,43,55
1778522207.4506078,2,118,1150,400,120,36,12
1778522207.4541276,1,1506,1150,387,120,43,11
1778522207.4687338,2,139,1200,388,118,36,9
1778522207.4716914,1,1527,1150,379,120,43,49
1778522207.4856393,2,158,1050,382,120,36,11
1778522207.4885645,1,1547,1150,365,118,43,51
1778522207.503109,2,177,1200,361,121,36,9
1778522207.5063994,1,1567,1150,344,119,43,9
1778522207.5206459,2,197,1100,335,121,36,6
1778522207.5235848,1,1584,1100,321,120,43,9
1778522207.5380306,2,214,1000,311,121,36,7
1778522207.5416183,1,1602,1000,298,118,43,6
1778522207.5557678,2,230,900,285,121,36,6
1778522207.5586739,1,1618,950,274,120,43,32
1778522207.5732331,2,243,900,259,121,36,5
1778522207.5766447,1,1633,900,244,121,43,5
1778522207.5906394,2,257,750,237,120,36,5
1778522207.5935967,1,1646,750,216,121,43,4
1778522207.6080317,2,269,750,208,121,36,5
1778522207.61134,1,1657,650,188,121,43,4
1778522207.6254902,2,279,650,181,121,36,3
1778522207.6285598,1,1667,650,159,121,43,13
1778522207.6424513,2,288,550,153,121,58,3
1778522207.6454716,1,1675,550,134,120,43,11
1778522207.6599429,2,295,450,123,121,36,2
1778522207.663303,1,1681,400,112,121,43,8
1778522207.6772475,2,300,300,98,122,36,2
1778522207.680091,1,1686,350,87,121,43,8
1778522207.6944716,2,304,300,77,122,36,2
1778522207.6980124,1,1690,250,69,122,43,1
1778522207.7121518,2,306,200,65,122,36,1
1778522207.7152073,1,1692,200,53,122,43,0
1778522207.7299507,2,307,100,59,122,36,2
1778522207.7339375,1,1694,50,45,121,43,2
1778522207.7478206,2,307,50,56,121,36,1
1778522207.7512188,1,1694,50,41,122,43,2
1778522207.7655334,2,308,0,55,122,36,2
1778522207.7686741,1,1694,50,38,122,43,2
1778522207.7827337,2,307,0,55,122,36,1
1778522207.7858775,1,1694,0,39,122,43,2
1778522207.8009524,2,307,50,51,122,36,1
1778522207.80414,1,1695,0,37,122,43,1
1778522207.818333,2,307,-50,44,122,36,1
1778522207.8213413,1,1694,0,27,122,43,2
1778522207.8361638,2,308,50,31,122,36,1
1778522207.8395941,1,1694,0,20,122,43,1
1778522207.8536966,2,308,50,24,122,36,0
1778522207.8565905,1,1694,0,39,122,43,2
1778522207.871134,2,307,0,50,121,36,1
1778522207.8746119,1,1694,0,68,122,43,5
1778522207.8887873,2,306,-50,80,122,36,2
1778522207.8918715,1,1693,-50,99,121,43,3
1778522207.906292,2,304,-100,109,121,36,3
1778522207.9099324,1,1692,-50,136,121,43,5
1778522207.9239404,2,301,-100,149,120,36,4
1778522207.9267688,1,1688,-50,178,121,44,8
1778522207.9413788,2,296,-250,184,121,36,6
1778522207.945355,1,1682,-200,215,121,43,10
1778522207.9595807,2,288,-400,220,120,36,7
1778522207.9631577,1,1672,-450,240,120,43,9
1778522207.9775877,2,277,-550,251,120,36,7
1778522207.9806368,1,1661,-550,267,118,43,11
1778522207.9945662,2,266,-650,278,120,36,9
1778522207.9976733,1,1649,-600,295,118,43,14
1778522208.0120878,2,253,-650,307,118,36,9
1778522208.0153804,1,1636,-750,322,120,43,18
1778522208.0295155,2,238,-800,332,120,36,13
1778522208.0323472,1,1621,-800,350,117,43,58
1778522208.0474734,2,221,-850,352,120,36,10
1778522208.050906,1,1604,-950,367,117,43,58
1778522208.0650516,2,203,-950,360,120,36,9
1778522208.0677893,1,1586,-1000,372,118,43,60
1778522208.0821717,2,184,-1050,354,120,36,8
1778522208.0854394,1,1569,-1000,369,118,43,55
1778522208.099417,2,166,-1050,341,121,36,6
1778522208.1026747,1,1551,-1000,358,118,43,16
1778522208.1170974,2,147,-1100,320,121,36,5
1778522208.1203704,1,1532,-1100,334,118,43,11
1778522208.1343594,2,129,-1050,295,121,36,4
1778522208.1373785,1,1516,-1000,312,119,43,46
1778522208.1517508,2,113,-1050,263,120,36,3
1778522208.1551344,1,1499,-950,286,121,43,7
1778522208.1690216,2,100,-900,240,121,36,3
1778522208.1718364,1,1485,-850,260,119,43,38
1778522208.186192,2,86,-800,216,121,36,3
1778522208.1897979,1,1471,-800,231,119,43,30
1778522208.2037523,2,74,-700,191,121,36,3
1778522208.2065508,1,1460,-650,202,122,43,21
1778522208.220913,2,64,-650,164,121,36,2
1778522208.2249131,1,1450,-650,174,122,43,4
1778522208.2389474,2,55,-500,135,122,35,2
1778522208.2419312,1,1442,-550,149,122,43,13
1778522208.256841,2,49,-400,110,122,36,1
1778522208.2601798,1,1435,-400,124,121,43,10
1778522208.2743766,2,44,-300,85,122,36,1
1778522208.2773745,1,1430,-350,100,121,43,3
1778522208.2921627,2,40,-300,63,121,36,1
1778522208.2954407,1,1426,-250,76,122,43,2
1778522208.3098612,2,38,-200,39,122,36,1
1778522208.3129516,1,1424,-150,53,122,43,1
1778522208.327749,2,37,-100,18,122,36,0
1778522208.3310642,1,1424,-50,28,122,43,0
1778522208.3450558,2,37,-50,40,122,36,1
1778522208.34783,1,1424,0,28,122,43,0
1778522208.3623412,2,37,0,67,122,36,3
1778522208.365726,1,1424,0,58,122,43,1
1778522208.379859,2,38,50,99,121,36,3
1778522208.3832161,1,1426,0,92,121,43,3
1778522208.3981965,2,40,50,138,121,36,4
1778522208.401391,1,1427,100,128,121,43,13
1778522208.4157481,2,45,250,175,121,36,5
1778522208.418949,1,1429,50,173,119,43,22
1778522208.4333863,2,51,350,205,120,36,7
1778522208.437384,1,1436,250,211,120,43,9
1778522208.4514632,2,60,500,240,121,36,8
1778522208.4548693,1,1445,450,244,119,43,42
1778522208.4692113,2,72,500,272,120,36,10
1778522208.4723926,1,1456,550,274,120,43,48
1778522208.4863477,2,83,600,300,120,36,10
1778522208.489319,1,1469,700,302,118,43,50
1778522208.5038753,2,97,750,324,118,36,11
1778522208.5072184,1,1484,850,321,120,43,12
1778522208.5211074,2,113,850,349,120,36,12
1778522208.5238981,1,1499,850,327,117,43,47
1778522208.5383923,2,129,950,368,118,36,14
1778522208.5420368,1,1516,900,323,120,43,45
1778522208.556341,2,147,950,386,118,36,12
1778522208.559379,1,1533,900,312,120,43,14
1778522208.573975,2,167,1100,393,120,36,12
1778522208.5771766,1,1549,1000,289,120,43,6
1778522208.5911717,2,186,1100,391,121,36,11
1778522208.59422,1,1565,900,266,121,43,32
1778522208.608765,2,207,1100,380,121,36,10
1778522208.6119406,1,1578,800,244,119,43,7
1778522208.625876,2,226,1200,356,120,36,9
1778522208.628774,1,1591,750,218,119,43,6
1778522208.6432717,2,242,1050,339,121,36,7
1778522208.646715,1,1602,650,192,120,43,22
1778522208.6608787,2,261,1000,317,121,36,6
1778522208.6638963,1,1611,650,164,121,43,3
1778522208.6783302,2,277,1000,291,121,36,4
1778522208.6818752,1,1620,550,136,121,43,16
1778522208.696125,2,294,900,259,121,36,4
1778522208.6990988,1,1627,500,106,121,43,8
1778522208.7136242,2,308,800,231,121,36,4
1778522208.717606,1,1632,350,81,122,43,5
1778522208.731912,2,320,700,199,121,36,4
1778522208.7351432,1,1635,250,63,121,43,1
1778522208.7499468,2,329,700,169,122,36,3
1778522208.7532003,1,1637,150,49,122,43,2
1778522208.7673194,2,337,500,149,122,67,3
1778522208.7704613,1,1638,50,35,121,43,0
1778522208.7849967,2,343,400,126,122,36,3
1778522208.7881753,1,1639,0,18,122,43,0
1778522208.8022852,2,349,350,103,122,36,2
1778522208.8052773,1,1638,0,33,122,43,0
1778522208.8198347,2,353,300,78,122,37,1
1778522208.823263,1,1638,0,61,122,43,2
1778522208.8372636,2,355,200,51,121,36,1
1778522208.8400702,1,1637,0,93,121,43,8
1778522208.854778,2,356,50,29,122,36,0
1778522208.8583903,1,1636,-50,129,122,43,4
1778522208.8724296,2,356,0,28,122,36,0
1778522208.8752286,1,1633,-100,166,122,43,6
1778522208.8894093,2,355,0,54,121,36,0
1778522208.892907,1,1627,-200,205,121,43,9
1778522208.9069276,2,354,-50,86,119,36,2
1778522208.9100173,1,1618,-450,235,121,43,9
1778522208.924826,2,353,-100,119,121,36,3
1778522208.927971,1,1608,-550,264,118,43,19
1778522208.9422634,2,348,-50,157,121,36,5
1778522208.9452171,1,1596,-650,286,118,43,46
1778522208.9592218,2,343,-300,172,120,36,5
1778522208.9622536,1,1584,-650,294,118,43,13
1778522208.9767742,2,336,-350,177,119,36,3
1778522208.979951,1,1570,-750,291,121,43,16
1778522208.9939015,2,328,-450,171,121,36,3
1778522208.9967225,1,1557,-750,283,120,43,39
1778522209.011295,2,321,-450,156,121,36,3
1778522209.0145037,1,1543,-800,267,118,43,9
1778522209.0284295,2,314,-450,136,120,36,2
1778522209.0313344,1,1530,-800,243,120,43,7
1778522209.045663,2,308,-400,114,121,36,2
1778522209.053056,1,1518,-700,213,121,43,5
1778522209.0678375,2,302,-300,88,121,36,1
1778522209.0715904,1,1505,-600,186,121,43,5
1778522209.0856547,2,298,-300,66,122,36,0
1778522209.0884557,1,1497,-550,158,122,43,4
1778522209.1029348,2,296,-150,58,122,36,1
1778522209.1065738,1,1490,-400,131,122,43,16
1778522209.120731,2,294,-150,47,121,36,1
1778522209.1235936,1,1484,-300,108,122,43,3
1778522209.137846,2,294,-50,43,121,36,1
1778522209.1414042,1,1480,-300,87,122,43,3
1778522209.1557107,2,294,0,42,122,36,1
1778522209.1586845,1,1478,-250,70,122,43,1
1778522209.1734803,2,294,0,42,122,36,1
1778522209.1775348,1,1476,-150,60,122,43,3
1778522209.1916978,2,294,0,42,121,36,1
1778522209.1950884,1,1475,-100,53,122,43,4
1778522209.2097855,2,294,0,42,122,36,1
1778522209.2128131,1,1475,0,53,122,43,4
1778522209.2269287,2,294,0,42,122,36,1
1778522209.2300491,1,1475,0,53,121,43,3
1778522209.2448504,2,294,0,42,121,36,1
1778522209.2482455,1,1475,0,53,122,43,4
1778522209.2626107,2,294,0,42,121,36,1
1778522209.2657347,1,1475,-50,51,121,43,3
1778522209.279695,2,294,0,42,121,36,1
1778522209.2831628,1,1475,50,51,121,43,3
1778522209.2985802,2,294,0,42,122,36,1
1778522209.3018005,1,1475,0,53,122,43,3
1778522209.315997,2,294,0,42,122,36,1
1778522209.3191414,1,1475,0,53,122,43,4
1778522209.333857,2,294,0,42,121,36,1
1778522209.337493,1,1475,0,53,121,43,4
1778522209.3515742,2,294,0,42,122,36,1
1778522209.355224,1,1475,0,53,122,43,3
1778522209.3695161,2,294,0,42,122,36,1
1778522209.3724942,1,1474,0,53,122,43,3
1778522209.3864784,2,294,0,42,121,36,1
1778522209.389506,1,1475,0,53,122,43,4
1778522209.4040387,2,294,0,42,122,37,1
1778522209.407312,1,1475,0,53,122,43,3
1778522209.421164,2,294,0,42,122,36,0
1778522209.4239767,1,1475,0,53,121,43,3
1778522209.4383767,2,294,0,42,122,36,0
1778522209.4419684,1,1475,0,53,122,43,3
1778522209.455966,2,294,0,42,122,36,1
1778522209.4587092,1,1475,0,53,122,43,4
1778522209.473159,2,294,0,42,122,36,1
1778522209.477091,1,1475,-50,49,122,43,3
1778522209.4910858,2,294,0,42,122,36,1
1778522209.4943633,1,1475,50,54,122,43,4
1778522209.5090482,2,294,0,42,122,36,1
1778522209.5122383,1,1475,0,53,122,43,3
1778522209.526185,2,294,0,42,122,36,1
1778522209.5291574,1,1475,0,53,122,43,3
1778522209.5436287,2,294,0,42,122,36,1
1778522209.5473673,1,1475,0,53,122,43,4
1778522209.5614362,2,294,0,42,121,36,1
1778522209.564405,1,1475,0,53,122,43,3
1778522209.5790825,2,294,0,42,122,36,1
1778522209.5826728,1,1475,0,53,121,43,3
1778522209.59695,2,294,0,42,121,36,0
1778522209.5998142,1,1475,0,53,121,43,3
1778522209.6145606,2,294,0,42,122,36,1
1778522209.6181781,1,1475,0,53,122,43,4
1778522209.6324747,2,294,0,43,121,36,1
1778522209.6353545,1,1475,0,53,121,43,3
1778522209.6499372,2,294,0,49,121,36,2
1778522209.653553,1,1475,0,53,121,43,3
1778522209.6675067,2,294,0,64,121,36,2
1778522209.670868,1,1475,0,53,122,43,4
1778522209.6855001,2,293,0,84,122,36,3
1778522209.6888578,1,1475,-50,50,122,43,3
1778522209.7030127,2,291,-100,101,121,36,3
1778522209.7060492,1,1475,50,52,121,43,3
1778522209.720832,2,288,-100,127,121,36,4
1778522209.7241716,1,1475,0,53,121,43,3
1778522209.7382517,2,283,-200,150,121,36,5
1778522209.7410414,1,1475,-50,52,121,43,4
1778522209.7553737,2,277,-300,174,121,36,5
1778522209.758681,1,1474,0,49,121,43,3
1778522209.7726634,2,270,-400,199,121,36,6
1778522209.7753987,1,1475,0,49,121,43,3
1778522209.789764,2,261,-450,224,121,36,7
1778522209.7936356,1,1475,50,54,121,43,3
1778522209.807531,2,250,-600,251,121,36,8
1778522209.8106868,1,1475,0,53,121,43,4
1778522209.825464,2,238,-600,277,121,36,9
1778522209.8286757,1,1475,-50,50,121,43,3
1778522209.842902,2,224,-700,298,121,36,9
1778522209.8459997,1,1475,50,52,121,43,3
1778522209.8608637,2,210,-750,308,121,36,8
1778522209.8640738,1,1475,0,53,121,43,3
1778522209.8779237,2,194,-850,305,121,36,7
1778522209.880658,1,1475,0,53,121,43,3
1778522209.8953056,2,178,-950,290,121,36,5
1778522209.8989305,1,1475,0,53,121,43,4
1778522209.912892,2,162,-900,270,121,36,5
1778522209.9156442,1,1475,0,53,121,43,4
1778522209.9299757,2,148,-850,249,121,36,4
1778522209.9335468,1,1475,-50,49,121,43,3
1778522209.9475822,2,133,-800,223,121,36,2
1778522209.9503448,1,1475,50,53,121,43,4
1778522209.9649334,2,122,-800,196,121,36,3
1778522209.9689837,1,1475,0,53,121,43,3
1778522209.982925,2,111,-700,167,121,36,2
1778522209.9857848,1,1475,0,53,122,43,4
1778522210.000368,2,103,-600,142,122,36,2
1778522210.0036995,1,1475,0,53,122,43,3
1778522210.0179832,2,96,-450,118,121,36,1
1778522210.0208917,1,1475,0,53,121,43,4
1778522210.0357256,2,89,-350,94,121,36,1
1778522210.0390198,1,1474,0,53,122,43,3
1778522210.0534096,2,85,-300,71,122,36,1
1778522210.0562398,1,1475,0,53,122,43,4
1778522210.0710773,2,83,-200,49,122,36,1
1778522210.075176,1,1474,0,53,122,43,3
1778522210.0892746,2,81,-100,23,122,36,0
1778522210.092079,1,1475,0,53,122,43,3
1778522210.106524,2,81,0,32,122,36,0
1778522210.1100683,1,1475,0,53,122,43,4
1778522210.12457,2,81,50,58,122,36,2
1778522210.127622,1,1475,0,53,122,43,4
1778522210.1419547,2,82,50,88,122,36,2
1778522210.1455154,1,1475,0,53,122,43,4
1778522210.1600566,2,83,0,128,121,36,4
1778522210.1631207,1,1475,0,53,122,43,4
1778522210.1770782,2,87,100,165,121,36,6
1778522210.1798425,1,1475,0,53,121,43,4
1778522210.1942525,2,93,250,198,121,36,7
1778522210.1979394,1,1475,0,53,121,43,4
1778522210.212195,2,101,450,228,121,36,7
1778522210.215202,1,1475,0,53,121,43,3
1778522210.2297802,2,112,550,255,121,36,8
1778522210.2337596,1,1475,0,53,121,43,4
1778522210.2476954,2,124,650,283,121,36,10
1778522210.2509906,1,1475,0,53,121,43,4
1778522210.2653775,2,136,700,313,121,36,11
1778522210.2683866,1,1475,0,53,121,43,4
1778522210.2823215,2,150,700,345,121,36,12
1778522210.2853556,1,1475,0,53,121,43,3
1778522210.3014867,2,166,800,374,121,36,14
1778522210.3049319,1,1475,0,53,121,43,3
1778522210.3195448,2,187,950,385,121,36,11
1778522210.3236587,1,1475,0,53,121,43,3
1778522210.3378096,2,209,1100,379,121,36,10
1778522210.340468,1,1475,0,53,121,43,3
1778522210.354991,2,227,1100,370,121,36,10
1778522210.3583715,1,1474,0,53,121,43,4
1778522210.3722968,2,244,1050,356,121,36,7
1778522210.3750787,1,1475,0,53,121,43,3
1778522210.38981,2,263,1100,336,121,36,6
1778522210.393833,1,1475,0,53,121,43,3
1778522210.4078243,2,282,1000,309,121,36,5
1778522210.4114888,1,1475,0,53,121,43,4
1778522210.426163,2,299,950,283,121,36,5
1778522210.4292464,1,1475,0,53,121,43,3
1778522210.4433906,2,314,850,254,121,36,5
1778522210.446583,1,1475,-50,50,121,43,4
1778522210.4610598,2,327,850,224,121,36,4
1778522210.464329,1,1475,50,53,121,43,3
1778522210.4783065,2,337,750,196,121,36,3
1778522210.481279,1,1475,0,53,121,43,4
1778522210.4957538,2,347,550,178,121,36,3
1778522210.4991035,1,1475,0,53,121,43,4
1778522210.5134141,2,355,550,149,122,36,2
1778522210.5167024,1,1475,0,53,121,43,3
1778522210.5309927,2,362,450,122,121,36,2
1778522210.534577,1,1475,0,53,122,43,4
1778522210.549367,2,368,300,96,121,36,2
1778522210.5522885,1,1475,0,53,122,43,4
1778522210.5663855,2,371,250,77,121,36,2
1778522210.5693247,1,1475,0,53,122,43,3
1778522210.5839925,2,374,100,64,122,36,1
1778522210.5873783,1,1475,0,53,121,43,4
1778522210.6016505,2,375,100,55,122,36,2
1778522210.604482,1,1475,0,53,122,43,4
1778522210.618843,2,376,100,42,122,36,1
1778522210.6222334,1,1475,0,53,122,43,3
1778522210.6367083,2,376,50,25,122,36,0
1778522210.6397858,1,1474,0,53,122,43,4
1778522210.653713,2,376,0,26,122,36,0
1778522210.6566973,1,1475,0,53,122,43,4
1778522210.6711762,2,376,0,51,122,36,2
1778522210.6748073,1,1475,-50,52,122,43,4
1778522210.689295,2,374,-50,80,121,36,2
1778522210.6925306,1,1475,-50,49,121,43,3
1778522210.7068903,2,373,-100,114,121,36,2
1778522210.7104323,1,1475,0,49,122,43,3
1778522210.7243881,2,370,-150,151,121,36,6
1778522210.7271152,1,1475,50,54,121,43,4
1778522210.7417176,2,364,-150,185,121,36,6
1778522210.7454798,1,1474,0,53,121,43,3
1778522210.7593164,2,355,-350,219,121,36,7
1778522210.7622418,1,1475,0,53,121,43,4
1778522210.776782,2,346,-450,247,121,36,8
1778522210.7801268,1,1475,0,53,121,43,3
1778522210.7940598,2,335,-600,274,121,37,9
1778522210.797175,1,1474,0,53,121,43,3
1778522210.8115969,2,322,-650,303,121,36,11
1778522210.8149984,1,1475,0,53,121,43,3
1778522210.828919,2,307,-800,332,121,36,13
1778522210.8317502,1,1475,0,53,121,43,3
1778522210.8461125,2,291,-900,355,121,36,12
1778522210.849703,1,1475,0,53,121,43,3
1778522210.8639805,2,272,-1050,371,121,36,10
1778522210.8667955,1,1475,0,53,121,43,4
1778522210.8816917,2,252,-1150,374,121,36,10
1778522210.8856544,1,1475,-50,49,121,43,3
1778522210.899662,2,231,-1150,367,121,36,8
1778522210.9030924,1,1475,50,53,121,43,3
1778522210.9176304,2,211,-1100,358,121,36,7
1778522210.9206383,1,1475,0,53,121,43,4
1778522210.9347134,2,192,-1150,337,121,36,6
1778522210.9378643,1,1475,0,53,121,43,4
1778522210.9524682,2,173,-1100,314,121,36,5
1778522210.9558043,1,1475,0,53,121,43,4
1778522210.9697113,2,154,-1050,290,121,36,4
1778522210.9725852,1,1475,-50,52,122,43,4
1778522210.9871845,2,139,-950,263,121,36,3
1778522210.990799,1,1475,-50,49,122,43,3
1778522211.004836,2,124,-850,236,121,36,3
1778522211.0075862,1,1475,0,49,122,43,3
1778522211.0220702,2,111,-750,210,121,36,3
1778522211.025832,1,1475,50,54,122,43,4
1778522211.0399106,2,100,-650,183,121,36,3
1778522211.0427191,1,1475,0,53,121,43,4
1778522211.0576348,2,90,-650,157,121,36,2
1778522211.0617857,1,1475,0,53,122,43,3
1778522211.076001,2,81,-550,128,122,36,1
1778522211.0798953,1,1475,0,53,122,43,4
1778522211.0944166,2,75,-450,100,121,36,2
1778522211.0972705,1,1474,0,53,122,43,4
1778522211.1113448,2,70,-300,80,121,36,1
1778522211.1143875,1,1475,0,53,122,43,3
1778522211.1290896,2,67,-250,58,122,36,1
1778522211.1324313,1,1475,0,53,122,43,4
1778522211.1463904,2,65,-100,38,122,36,1
1778522211.1493466,1,1475,0,53,122,43,4
1778522211.163913,2,64,-50,0,122,36,0
1778522211.167309,1,1475,0,53,122,43,3
1778522211.1812007,2,65,0,40,122,36,1
1778522211.1839917,1,1475,0,53,122,43,4
1778522211.1984491,2,65,0,69,122,36,2
1778522211.201983,1,1475,0,53,121,43,4
1778522211.216352,2,66,0,104,121,36,3
1778522211.2193844,1,1475,0,53,121,43,3
1778522211.233637,2,67,50,140,121,36,4
1778522211.2372,1,1475,0,53,121,43,3
1778522211.25114,2,72,150,178,121,36,5
1778522211.254188,1,1475,0,53,121,43,3
1778522211.2688482,2,79,300,211,121,36,8
1778522211.272002,1,1475,-50,52,121,43,3
1778522211.2861688,2,88,500,239,121,36,9
1778522211.2891068,1,1475,50,51,121,43,3
1778522211.3039842,2,99,550,264,121,36,8
1778522211.3073497,1,1475,50,54,121,43,4
1778522211.3213055,2,112,750,272,121,36,8
1778522211.3240714,1,1474,0,53,121,43,4
1778522211.3384044,2,124,750,267,121,36,8
1778522211.3419573,1,1475,0,53,121,43,4
1778522211.355986,2,137,700,262,121,36,6
1778522211.35875,1,1475,0,53,121,43,4
1778522211.3733811,2,148,700,248,121,36,5
1778522211.377389,1,1474,-50,51,121,43,3
1778522211.3913257,2,162,700,227,121,36,5
1778522211.393963,1,1475,50,52,121,43,3
1778522211.408349,2,172,700,201,121,36,4
1778522211.411746,1,1475,0,53,121,43,3
1778522211.4257545,2,183,600,173,121,36,3
1778522211.4285367,1,1475,0,53,121,43,3
1778522211.4430523,2,191,500,148,122,36,3
1778522211.446621,1,1475,0,53,122,43,4
1778522211.4607704,2,197,400,120,121,36,3
1778522211.463635,1,1475,0,53,122,43,3
1778522211.4781723,2,203,400,95,121,36,2
1778522211.4818013,1,1475,0,53,122,43,4
1778522211.4960146,2,206,300,73,122,36,1
1778522211.4988496,1,1475,0,53,121,43,3
1778522211.513635,2,208,150,64,121,52,1
1778522211.5175793,1,1475,0,53,121,43,4
1778522211.531768,2,208,100,49,122,36,1
1778522211.5349748,1,1475,-50,51,122,43,3
1778522211.551579,2,208,0,32,122,36,0
1778522211.554842,1,1475,50,52,122,43,4
1778522211.5697377,2,208,0,21,122,36,0
1778522211.5736864,1,1475,0,53,122,43,4
1778522211.5877593,2,208,0,48,121,36,1
1778522211.5913386,1,1475,0,53,122,43,3
1778522211.6059763,2,207,-50,80,122,36,2
1778522211.6089587,1,1475,0,53,122,43,4
1778522211.622899,2,206,-50,118,121,36,3
1778522211.6257865,1,1475,0,53,122,43,3
1778522211.6404147,2,202,-150,155,121,36,5
1778522211.6439197,1,1475,0,53,121,43,4
1778522211.65801,2,196,-350,192,121,36,6
1778522211.660886,1,1475,0,53,121,43,5
1778522211.6754375,2,188,-350,225,121,36,7
1778522211.678896,1,1475,0,53,121,43,3
1778522211.6931179,2,178,-500,253,121,36,8
1778522211.6959083,1,1475,0,53,121,43,4
1778522211.710712,2,166,-600,274,121,36,8
1778522211.7143238,1,1475,0,53,121,43,3
1778522211.728471,2,151,-750,281,121,36,8
1778522211.7312415,1,1475,0,53,121,43,4
1778522211.7454958,2,138,-750,281,121,36,6
1778522211.749047,1,1475,0,53,121,43,4
1778522211.763012,2,122,-850,269,121,36,6
1778522211.7661743,1,1475,0,53,121,43,4
1778522211.780748,2,109,-800,250,121,36,5
1778522211.7841694,1,1475,0,53,122,43,3
1778522211.7980354,2,95,-750,228,121,36,4
1778522211.8007922,1,1475,0,53,121,43,4
1778522211.8151622,2,84,-750,206,122,36,4
1778522211.8184562,1,1475,0,53,122,43,4
1778522211.832768,2,73,-700,178,122,36,3
1778522211.835753,1,1475,0,53,122,43,4
1778522211.849584,2,64,-600,152,122,36,2
1778522211.8523672,1,1475,0,53,122,43,4
1778522211.8669605,2,56,-550,124,122,36,1
1778522211.8705058,1,1475,0,53,122,43,4
1778522211.8847187,2,50,-350,99,121,36,2
1778522211.887507,1,1475,-50,52,122,43,4
1778522211.9022696,2,46,-250,78,122,36,1
1778522211.9059308,1,1475,-50,51,122,43,4
1778522211.9201677,2,43,-200,61,121,36,1
1778522211.9230313,1,1474,50,54,122,43,4
1778522211.9379978,2,41,-100,44,121,36,1
1778522211.942088,1,1474,0,53,122,43,3
1778522211.956093,2,40,-50,22,122,36,1
1778522211.9600253,1,1475,0,53,122,43,4
1778522211.9750814,2,41,-50,35,122,36,0
1778522211.9780903,1,1475,0,53,122,43,3
1778522211.992119,2,41,50,55,121,36,1
1778522211.9953437,1,1475,0,53,122,43,4
1778522212.0092528,2,42,0,89,122,36,2
1778522212.012133,1,1475,0,53,121,43,4
1778522212.0264962,2,43,50,123,121,36,3
1778522212.0300364,1,1475,0,53,122,43,3
1778522212.0445917,2,46,100,162,121,36,6
1778522212.0475755,1,1475,0,53,121,43,4
1778522212.0615406,2,52,300,196,121,36,6
1778522212.0642834,1,1475,0,53,121,43,4
1778522212.0788352,2,60,450,225,121,36,8
1778522212.0822475,1,1475,0,53,121,43,4
1778522212.0968254,2,70,550,254,121,36,9
1778522212.1001232,1,1474,0,53,121,43,4
1778522212.1141515,2,82,550,286,121,36,12
1778522212.1171768,1,1475,0,53,121,43,4
1778522212.1317286,2,95,700,309,121,36,11
1778522212.135186,1,1475,-50,50,121,43,3
1778522212.1492178,2,111,750,339,121,36,13
1778522212.1519647,1,1475,0,49,121,43,4
1778522212.1665287,2,126,900,359,121,36,13
1778522212.1701272,1,1475,50,52,121,43,3
1778522212.1843374,2,144,950,374,121,36,11
1778522212.1872842,1,1475,0,53,121,43,4
1778522212.2021148,2,163,1000,379,121,36,12
1778522212.2060533,1,1475,0,53,121,43,4
1778522212.2200887,2,184,1100,371,121,36,10
1778522212.2239728,1,1474,0,53,121,43,3
1778522212.2389166,2,204,1100,353,121,36,8
1778522212.242045,1,1475,0,53,121,43,4
1778522212.2561047,2,223,1050,331,121,36,8
1778522212.2589161,1,1474,0,53,121,43,3
1778522212.273435,2,237,1050,309,121,36,9
1778522212.2773383,1,1475,0,53,121,43,4
1778522212.2912447,2,255,950,284,121,37,4
1778522212.2942681,1,1475,0,53,121,43,3
1778522212.3089247,2,269,900,258,121,36,5
1778522212.3122134,1,1475,-50,50,121,43,3
1778522212.326328,2,283,850,227,121,36,4
1778522212.3292563,1,1475,50,52,122,43,4
1778522212.3432713,2,294,700,201,121,36,3
1778522212.3466191,1,1475,0,53,121,43,4
1778522212.3611734,2,305,600,175,121,36,3
1778522212.3644238,1,1475,0,53,121,43,4
1778522212.378363,2,313,550,147,121,36,3
1778522212.381425,1,1475,0,53,122,43,3
1778522212.3959827,2,319,350,119,122,36,3
1778522212.3993719,1,1475,0,53,121,43,4
1778522212.4133613,2,324,350,96,121,36,2
1778522212.416173,1,1475,0,53,122,43,3
1778522212.430483,2,327,250,80,122,36,2
1778522212.4340856,1,1475,0,53,121,43,4
1778522212.4486277,2,329,150,69,122,36,1
1778522212.451557,1,1475,0,53,121,43,3
1778522212.4655793,2,330,100,63,121,36,1
1778522212.4686205,1,1475,0,53,122,43,4
1778522212.4829357,2,331,100,56,122,36,1
1778522212.4865413,1,1475,0,53,121,43,4
1778522212.500793,2,332,50,51,121,36,2
1778522212.5037022,1,1474,-50,52,121,43,3
1778522212.5175965,2,332,0,50,122,36,1
1778522212.5204208,1,1474,-50,49,122,43,3
1778522212.5348685,2,333,50,49,122,36,1
1778522212.538277,1,1475,50,54,121,43,4
1778522212.5526934,2,333,50,45,122,36,1
1778522212.5557098,1,1475,0,53,122,43,3
1778522212.570019,2,333,0,46,121,36,0
1778522212.5739043,1,1475,0,53,122,43,3
1778522212.5887446,2,333,0,46,122,36,1
1778522212.5919685,1,1475,0,53,122,43,3
1778522212.6057763,2,333,0,46,122,36,1
1778522212.6084917,1,1475,0,53,122,43,4
1778522212.6230147,2,333,0,46,122,36,1
1778522212.6263134,1,1475,-50,51,122,43,3
1778522212.6404443,2,333,0,46,122,36,1
1778522212.6434581,1,1475,50,51,122,43,3
1778522212.6578207,2,333,0,46,121,36,1
1778522212.6614416,1,1475,50,53,122,43,4
1778522212.6754296,2,333,0,46,121,36,1
1778522212.678243,1,1475,0,53,122,43,4
1778522212.69264,2,333,0,46,122,36,1
1778522212.6969388,1,1475,0,53,122,43,3
1778522212.7110374,2,333,0,46,122,36,0
1778522212.7142563,1,1475,0,53,121,43,4
1778522212.7287216,2,333,0,46,122,36,1
1778522212.7320135,1,1475,0,53,122,43,3
1778522212.7459784,2,333,0,46,121,36,1
1778522212.7488859,1,1475,0,53,121,43,4
1778522212.7633417,2,333,0,46,122,36,1
1778522212.7668314,1,1475,0,53,122,43,3
1778522212.780781,2,333,0,46,121,36,1
1778522212.783571,1,1475,0,53,121,43,3
1778522212.7982123,2,333,0,46,122,36,1
1778522212.801908,1,1475,0,53,121,43,4
1778522212.8166347,2,333,0,46,122,36,1
1778522212.8196251,1,1475,0,53,121,43,3
1778522212.8337028,2,333,0,46,122,36,1
1778522212.8367763,1,1474,0,53,121,43,4
1778522212.8513122,2,333,0,46,122,36,1
1778522212.8547914,1,1475,0,53,121,43,3
1778522212.8687112,2,333,0,46,122,36,1
1778522212.8714418,1,1475,0,53,121,43,4
1778522212.8859491,2,333,0,46,121,36,1
1778522212.8899734,1,1475,0,53,122,43,4
1778522212.9040878,2,333,0,46,122,36,1
1778522212.9068654,1,1475,0,53,122,43,4
1778522212.9214032,2,333,0,46,122,36,1
1778522212.9253833,1,1475,0,53,122,43,4
1778522212.9393241,2,333,0,46,121,36,0
1778522212.9421577,1,1475,0,53,121,43,3
1778522212.9568863,2,333,0,46,122,36,1
1778522212.9602811,1,1475,0,53,122,43,4
1778522212.9743812,2,333,0,46,122,36,1
1778522212.9774585,1,1475,0,53,121,43,4
1778522212.99208,2,333,0,46,122,36,1
1778522212.9955,1,1475,0,53,122,43,4
1778522213.0095131,2,333,0,46,121,36,0
1778522213.0122588,1,1475,0,53,122,43,4
1778522213.0268483,2,333,0,46,122,36,1
1778522213.030493,1,1475,0,53,122,43,3
1778522213.044913,2,333,0,46,122,36,1
1778522213.050106,1,1475,0,53,121,43,4
1778522213.064639,2,333,0,46,122,36,1
1778522213.0679355,1,1475,0,53,122,43,3
1778522213.0820074,2,333,0,46,122,36,0
1778522213.0849097,1,1475,0,53,122,43,4
1778522213.0996056,2,333,0,46,121,36,1
1778522213.1029449,1,1475,0,53,122,43,3
1778522213.1170402,2,333,0,46,122,36,1
1778522213.1200325,1,1475,0,53,121,43,4
1778522213.1344721,2,333,0,46,121,36,1
1778522213.1379864,1,1475,0,53,122,43,3
1778522213.1519713,2,333,0,46,122,36,1
1778522213.1547093,1,1474,0,53,121,43,3
1778522213.169171,2,333,0,46,122,36,1
1778522213.1731496,1,1475,0,53,122,43,4
1778522213.1870565,2,333,0,46,121,36,1
1778522213.1903317,1,1475,0,53,122,43,3
1778522213.2050886,2,333,0,46,122,36,1
1778522213.2082725,1,1475,0,53,122,43,4
1778522213.222042,2,333,0,46,121,36,1
1778522213.224854,1,1475,0,53,122,43,4
1778522213.2393484,2,333,0,46,122,36,1
1778522213.242748,1,1474,0,53,122,43,4
1778522213.25695,2,333,0,46,121,36,1
1778522213.259948,1,1474,-50,52,121,43,3
1778522213.2743673,2,333,0,46,121,36,1
1778522213.2780128,1,1475,-50,51,122,43,3
1778522213.2920332,2,333,0,46,121,36,1
1778522213.294924,1,1475,50,54,121,43,4
1778522213.309307,2,333,0,46,121,36,1
1778522213.3129315,1,1475,0,53,121,43,3
1778522213.327162,2,333,0,46,121,36,1
1778522213.3302364,1,1475,0,53,122,43,3
1778522213.3448036,2,333,0,46,121,36,1
1778522213.3480716,1,1475,0,53,122,43,4
1778522213.3619044,2,333,0,46,122,36,1
1778522213.36483,1,1475,0,53,122,43,4
1778522213.379416,2,333,0,46,122,36,1
1778522213.3828,1,1475,0,53,122,43,4
1778522213.3970604,2,333,0,46,122,36,1
1778522213.4000614,1,1475,0,53,122,43,4
1778522213.4140108,2,333,0,46,121,36,1
1778522213.4168534,1,1475,0,53,122,43,3
1778522213.4314134,2,333,0,46,122,36,1
1778522213.4350038,1,1475,0,53,121,43,4
1778522213.4493537,2,333,0,46,122,36,1
1778522213.452363,1,1475,-50,49,122,43,3
1778522213.4672117,2,333,0,46,122,36,1
1778522213.4709046,1,1475,50,53,122,43,4
1778522213.4851372,2,333,0,46,121,36,1
1778522213.4879332,1,1475,0,53,122,43,3
1778522213.5026329,2,333,0,46,122,36,1
1778522213.5063848,1,1475,0,53,122,43,3
1778522213.5206912,2,333,0,46,122,36,1
1778522213.5235822,1,1475,0,53,122,43,4
1778522213.5383158,2,333,0,46,122,36,0
1778522213.542253,1,1474,0,53,121,43,3
1778522213.5564613,2,333,0,44,122,36,1
1778522213.5596557,1,1475,0,53,122,43,3
1778522213.5743585,2,333,0,38,121,36,0
1778522213.5775764,1,1474,-50,52,122,43,4
1778522213.5923223,2,333,0,24,122,36,0
1778522213.5965488,1,1474,-50,51,122,43,3
1778522213.6107607,2,333,0,30,122,36,0
1778522213.6137378,1,1475,50,54,121,43,3
1778522213.6284137,2,332,0,56,122,36,1
1778522213.6319065,1,1475,0,53,122,43,4
1778522213.645869,2,331,-50,86,122,36,2
1778522213.6487381,1,1474,-50,50,122,43,3
1778522213.66345,2,330,-50,120,122,36,4
1778522213.6669188,1,1475,50,53,121,43,4
1778522213.6810772,2,326,-100,159,121,36,5
1778522213.6839306,1,1475,-50,50,121,43,4
1778522213.6982105,2,320,-250,193,121,36,6
1778522213.7017822,1,1475,50,52,121,43,4
1778522213.716306,2,312,-400,226,121,36,8
1778522213.7193353,1,1475,0,53,121,43,4
1778522213.7331805,2,302,-550,253,121,36,8
1778522213.7359512,1,1475,0,53,121,43,3
1778522213.7503014,2,291,-650,280,121,36,8
1778522213.7539482,1,1474,0,53,121,43,4
1778522213.768077,2,277,-800,308,121,36,9
1778522213.7708635,1,1475,0,53,121,43,3
1778522213.785552,2,262,-800,333,121,36,10
1778522213.7895749,1,1475,0,53,121,43,3
1778522213.8039098,2,243,-950,350,121,36,10
1778522213.8072693,1,1475,-50,50,121,43,3
1778522213.822025,2,225,-950,364,121,36,11
1778522213.8250005,1,1475,50,53,121,43,3
1778522213.8393707,2,205,-1000,368,121,36,9
1778522213.8424954,1,1475,0,53,121,43,3
1778522213.8573408,2,186,-1100,358,121,36,6
1778522213.8613775,1,1475,0,53,121,44,3
1778522213.8755183,2,165,-1150,338,121,36,6
1778522213.8789744,1,1474,-50,51,121,43,4
1778522213.8938873,2,146,-1100,313,121,36,6
1778522213.8971379,1,1475,50,51,121,43,3
1778522213.9112635,2,128,-1050,285,121,36,5
1778522213.9144301,1,1475,0,53,121,43,4
1778522213.9291532,2,111,-900,258,121,36,4
1778522213.9323633,1,1475,0,53,121,43,3
1778522213.946506,2,97,-900,232,121,36,3
1778522213.9494567,1,1475,0,53,121,43,3
1778522213.9642057,2,84,-800,205,121,36,3
1778522213.9675546,1,1475,0,53,122,43,4
1778522213.9817593,2,73,-700,180,121,36,2
1778522213.9846408,1,1475,0,53,121,43,3
1778522213.999496,2,64,-600,157,121,36,2
1778522214.0029469,1,1475,0,53,122,43,3
1778522214.017487,2,55,-550,126,122,36,1
1778522214.020474,1,1475,0,53,122,43,3
1778522214.0345154,2,49,-350,103,121,36,1
1778522214.0375066,1,1475,-50,51,122,43,3
1778522214.052258,2,45,-300,82,122,36,1
1778522214.055684,1,1475,50,51,122,43,4
1778522214.0705082,2,42,-200,64,122,36,1
1778522214.0748053,1,1475,0,53,122,43,4
1778522214.0892608,2,40,-100,50,122,36,1
1778522214.0921016,1,1475,0,53,122,43,4
1778522214.107025,2,39,-50,38,122,36,0
1778522214.1106174,1,1474,0,53,122,43,4
1778522214.1250093,2,39,-50,19,122,36,0
1778522214.1278002,1,1475,0,53,121,43,4
1778522214.142503,2,39,0,32,122,36,0
1778522214.146036,1,1475,0,53,122,43,3
1778522214.1603415,2,39,0,59,122,36,1
1778522214.163213,1,1475,0,53,121,43,3
1778522214.1779923,2,40,0,90,122,36,3
1778522214.1819422,1,1475,0,53,122,43,3
1778522214.1960976,2,41,50,128,121,36,3
1778522214.1993988,1,1475,0,53,121,43,3
1778522214.2144706,2,45,200,163,121,36,5
1778522214.2176223,1,1475,0,53,121,43,3
1778522214.2317955,2,52,300,197,121,36,6
1778522214.2346537,1,1474,0,53,121,43,3
1778522214.2495136,2,59,400,229,121,36,8
1778522214.2537277,1,1475,0,53,121,43,4
1778522214.2679513,2,72,600,262,121,36,9
1778522214.271549,1,1475,0,53,121,43,3
1778522214.286015,2,83,700,288,121,36,11
1778522214.2891808,1,1474,0,53,121,43,4
1778522214.3033862,2,97,700,316,121,36,10
1778522214.3067658,1,1475,0,53,121,43,3
1778522214.3212118,2,113,800,343,121,36,12
1778522214.3244202,1,1475,0,53,121,44,4
1778522214.338403,2,129,900,362,121,36,13
1778522214.3415115,1,1475,0,53,121,43,4
1778522214.3561532,2,146,950,381,121,36,14
1778522214.3595357,1,1475,0,53,121,43,3
1778522214.373565,2,166,1000,395,121,36,13
1778522214.376394,1,1474,0,53,121,43,4
1778522214.3909059,2,186,1150,397,121,36,12
1778522214.3943107,1,1474,0,53,121,43,4
1778522214.408247,2,207,1200,389,121,36,10
1778522214.4110355,1,1475,0,53,121,43,3
1778522214.4253814,2,226,1150,374,121,36,10
1778522214.4293895,1,1475,0,53,121,43,3
1778522214.4433546,2,245,1150,353,121,36,9
1778522214.4466376,1,1475,0,53,121,43,4
1778522214.4616168,2,264,1000,340,121,36,8
1778522214.4648948,1,1475,0,53,121,43,3
1778522214.478836,2,282,1100,312,121,36,5
1778522214.4818623,1,1474,0,53,121,43,3
1778522214.4965687,2,298,1000,283,121,36,5
1778522214.5000072,1,1475,0,53,121,43,4
1778522214.5140002,2,315,950,251,121,36,5
1778522214.5168777,1,1475,0,53,121,43,4
1778522214.5315723,2,328,750,225,121,36,4
1778522214.535006,1,1475,0,53,122,43,4
1778522214.549585,2,338,650,200,121,36,4
1778522214.5525882,1,1474,-50,52,121,43,4
1778522214.5668797,2,348,550,177,121,36,3
1778522214.5700307,1,1475,-50,51,121,43,4
1778522214.5847545,2,356,450,151,121,36,2
1778522214.5879288,1,1475,50,54,122,43,3
1778522214.601902,2,363,450,124,121,36,2
1778522214.604661,1,1475,0,53,121,43,4
1778522214.6191196,2,369,400,98,121,43,2
1778522214.6226468,1,1475,0,53,122,43,3
1778522214.6366606,2,373,300,77,122,36,1
1778522214.6394083,1,1475,0,53,121,43,4
1778522214.6541665,2,375,200,63,121,36,1
1778522214.6580362,1,1475,0,53,122,43,3
1778522214.671976,2,377,100,54,122,37,1
1778522214.6759448,1,1475,0,53,122,43,4
1778522214.6902168,2,377,50,49,122,36,1
1778522214.693284,1,1474,0,53,122,43,3
1778522214.7072027,2,377,0,48,122,36,1
1778522214.7103076,1,1475,0,53,122,43,3
1778522214.7247927,2,377,0,48,122,36,1
1778522214.7279525,1,1475,0,53,122,43,3
1778522214.741952,2,377,0,48,121,36,1
1778522214.744886,1,1475,0,53,121,43,4
1778522214.7593198,2,377,0,48,122,36,1
1778522214.762862,1,1475,0,53,122,43,3
1778522214.7771406,2,377,0,48,122,36,1
1778522214.7801163,1,1475,-50,50,121,43,3
1778522214.793932,2,377,0,48,122,36,1
1778522214.7967532,1,1475,50,52,121,43,4
1778522214.811377,2,377,0,48,122,36,1
1778522214.8149514,1,1475,0,53,121,43,4
1778522214.8295195,2,377,0,48,121,36,1
1778522214.8324964,1,1475,-50,51,122,43,3
1778522214.8473785,2,377,0,48,122,36,1
1778522214.850959,1,1475,50,51,122,43,3
1778522214.865343,2,377,0,48,122,36,1
1778522214.8682704,1,1475,50,53,121,43,4
1778522214.8822873,2,377,0,48,121,36,1
1778522214.8852708,1,1474,0,53,122,43,4
1778522214.8998425,2,377,0,48,122,36,1
1778522214.9032052,1,1475,0,53,122,43,4
1778522214.9171064,2,377,0,48,121,36,1
1778522214.9199045,1,1475,0,53,122,43,4
1778522214.9343932,2,377,0,48,122,36,1
1778522214.9379992,1,1475,0,53,122,43,3
1778522214.952563,2,377,0,48,122,36,1
1778522214.9557538,1,1475,0,53,122,43,4
1778522214.9703474,2,377,0,48,121,36,1
1778522214.9743056,1,1474,0,53,122,43,3
1778522214.988948,2,377,0,48,122,36,1
1778522214.991759,1,1475,0,53,122,43,4
1778522215.0067003,2,377,0,46,122,36,1
1778522215.0107806,1,1474,-50,52,122,43,3
1778522215.0252464,2,377,0,37,122,36,0
1778522215.0280514,1,1475,50,51,122,43,3
1778522215.0428665,2,377,0,24,122,36,0
1778522215.046478,1,1475,50,54,122,43,3
1778522215.0635908,2,376,-50,30,122,36,0
1778522215.0679457,1,1475,0,53,122,43,3
1778522215.082328,2,376,0,58,122,36,1
1778522215.0853488,1,1474,0,53,122,43,4
1778522215.1000957,2,375,0,94,122,36,2
1778522215.1033912,1,1475,0,53,122,43,4
1778522215.1175127,2,373,-100,127,122,36,4
1778522215.1203322,1,1475,0,53,121,43,3
1778522215.1347487,2,369,-100,166,121,36,5
1778522215.1383657,1,1475,0,53,122,42,3
1778522215.1526186,2,362,-300,198,120,36,6
1778522215.1554625,1,1474,-50,50,121,43,3
1778522215.1702662,2,353,-450,227,121,36,7
1778522215.1739326,1,1474,50,52,121,43,4
1778522215.1882663,2,342,-550,254,121,36,8
1778522215.1910985,1,1475,0,53,121,43,3
1778522215.2060142,2,331,-650,264,121,36,7
1778522215.2101004,1,1474,0,53,121,43,3
1778522215.2241557,2,317,-750,262,121,36,7
1778522215.227661,1,1475,0,53,121,43,4
1778522215.2426946,2,303,-750,249,121,36,4
1778522215.2458594,1,1475,0,53,121,43,3
1778522215.2603831,2,290,-750,231,121,36,3
1778522215.263687,1,1475,0,53,121,43,3
1778522215.2784753,2,277,-750,206,121,36,3
1778522215.282151,1,1475,0,53,122,43,3
1778522215.2971714,2,265,-700,177,122,36,2
1778522215.300154,1,1475,0,53,122,43,4
1778522215.3142877,2,256,-600,151,122,37,2
1778522215.317225,1,1475,0,53,121,43,3
1778522215.332063,2,248,-500,124,122,36,2
1778522215.3356218,1,1475,0,53,122,43,4
1778522215.3497667,2,242,-400,97,122,36,0
1778522215.3525379,1,1474,0,53,122,43,4
1778522215.3671982,2,237,-250,77,122,36,2
1778522215.3708205,1,1475,0,53,122,43,3
1778522215.3849986,2,235,-200,61,121,36,1
1778522215.3877454,1,1475,0,53,122,43,4
1778522215.402347,2,233,-100,50,122,36,2
1778522215.4060407,1,1475,0,53,122,43,3
1778522215.42016,2,232,-100,44,122,36,1
1778522215.4229488,1,1475,0,53,122,43,3
1778522215.4376392,2,232,-50,40,122,36,0
1778522215.441605,1,1475,0,53,122,43,4
1778522215.4557016,2,232,0,41,122,36,1
1778522215.4590306,1,1474,0,53,122,43,4
1778522215.4738293,2,232,0,41,122,36,0
1778522215.476825,1,1475,0,53,122,43,4
1778522215.4909368,2,232,0,41,122,36,1
1778522215.4938788,1,1475,0,53,122,43,3
1778522215.5086823,2,232,0,41,122,36,2
1778522215.5120049,1,1474,0,53,122,43,4
1778522215.526181,2,232,0,41,122,36,1
1778522215.5291057,1,1475,0,53,122,43,3
1778522215.5439432,2,232,0,41,122,36,1
1778522215.5474567,1,1475,0,53,122,43,3
1778522215.5616322,2,232,0,41,122,36,1
1778522215.5643384,1,1475,0,53,122,43,4
1778522215.5791183,2,232,0,41,122,37,1
1778522215.5824277,1,1474,0,53,122,43,4
1778522215.5965796,2,232,0,41,122,36,1
1778522215.5994098,1,1475,0,53,122,43,3
1778522215.6136885,2,232,0,41,121,36,0
1778522215.6173394,1,1475,-50,50,122,43,3
1778522215.6312141,2,232,0,41,122,36,1
1778522215.6341689,1,1474,50,53,122,43,2
1778522215.6486983,2,232,0,41,122,36,1
1778522215.65184,1,1475,0,53,122,43,4
1778522215.666002,2,232,0,41,122,36,1
1778522215.668907,1,1475,-50,51,122,43,3
1778522215.6837556,2,232,0,41,122,36,0
1778522215.687184,1,1475,0,49,122,43,3
1778522215.701358,2,232,0,41,122,36,0
1778522215.7041786,1,1475,50,51,122,43,3
1778522215.7188203,2,232,0,41,122,36,0
1778522215.722465,1,1474,50,54,122,43,3
1778522215.7368903,2,232,0,41,122,36,1
1778522215.739761,1,1475,0,53,122,43,4
1778522215.754488,2,232,0,41,122,36,0
1778522215.7580078,1,1474,0,53,122,43,4
1778522215.7724755,2,232,0,41,122,37,1
1778522215.7754874,1,1475,0,53,122,43,4
1778522215.7894452,2,232,0,41,122,36,0
1778522215.7922046,1,1475,0,53,122,43,4
1778522215.8067696,2,232,0,41,122,36,1
1778522215.8103578,1,1475,0,53,122,43,4
1778522215.825053,2,232,0,41,122,36,1
1778522215.8289752,1,1475,0,53,122,43,3
1778522215.8429995,2,232,0,41,122,36,0
1778522215.845977,1,1475,0,53,122,43,3
1778522215.860422,2,232,0,41,122,36,1
1778522215.8636568,1,1474,-50,52,122,43,3
1778522215.8776872,2,232,0,41,122,36,1
1778522215.880685,1,1475,-50,49,122,43,4
1778522215.8950593,2,232,0,41,122,36,1
1778522215.8987036,1,1474,0,49,122,43,3
1778522215.9130924,2,232,0,41,122,36,1
1778522215.9160507,1,1475,50,53,122,43,4
1778522215.9298499,2,232,0,41,122,36,1
1778522215.9327528,1,1475,-50,50,122,43,3
1778522215.9472115,2,232,0,41,122,36,0
1778522215.9506989,1,1474,50,52,122,43,4
1778522215.964656,2,232,0,41,122,36,1
1778522215.967584,1,1475,0,53,121,43,4
1778522215.982072,2,232,0,41,121,36,1
1778522215.9857168,1,1475,0,53,122,43,4
1778522215.9998798,2,232,0,41,122,36,1
1778522216.0027719,1,1475,0,53,122,43,3
1778522216.017595,2,232,0,41,122,36,1
1778522216.0215902,1,1475,0,53,121,43,4
1778522216.0356355,2,232,0,41,122,36,1
1778522216.0390124,1,1475,0,53,122,43,4
1778522216.053587,2,232,0,41,122,36,0
1778522216.0568674,1,1475,-50,49,122,43,3
1778522216.0713584,2,232,0,41,122,36,1
1778522216.0753248,1,1475,50,53,122,43,3
1778522216.0893764,2,232,0,41,122,36,1
1778522216.092126,1,1475,0,53,122,43,4
1778522216.106366,2,232,0,41,121,36,1
1778522216.109917,1,1475,0,53,122,43,4
1778522216.124432,2,232,0,41,122,36,1
1778522216.1275487,1,1475,0,53,122,43,4
1778522216.1415591,2,232,0,41,122,36,1
1778522216.1444945,1,1475,0,53,122,43,3
1778522216.1590335,2,232,0,41,122,36,0
1778522216.162403,1,1475,0,53,122,43,3
1778522216.1763997,2,232,0,41,122,36,1
1778522216.1792924,1,1475,0,53,122,43,4
1778522216.1938488,2,232,0,41,122,36,1
1778522216.1978648,1,1475,0,53,122,43,3
1778522216.2117765,2,232,0,41,121,36,1
1778522216.2150917,1,1475,0,53,122,43,3
1778522216.2294402,2,232,0,41,122,36,1
1778522216.2325807,1,1475,0,53,122,43,3
1778522216.2466538,2,232,0,41,122,36,1
1778522216.2497613,1,1475,0,53,122,43,4
1778522216.2642374,2,232,0,41,122,36,1
1778522216.267536,1,1474,0,53,122,43,3
1778522216.281668,2,232,0,41,122,36,1
1778522216.284469,1,1475,0,53,121,43,4
1778522216.2986941,2,232,0,41,122,36,1
1778522216.302307,1,1475,0,53,122,43,3
1778522216.3168375,2,232,0,41,122,36,1
1778522216.3200202,1,1475,0,53,122,43,4
1778522216.3345792,2,232,0,41,122,36,1
1778522216.338161,1,1475,0,53,122,43,3
1778522216.3526175,2,232,0,41,122,36,1
1778522216.3557017,1,1475,0,53,122,43,3
1778522216.3704185,2,232,0,41,122,36,1
1778522216.3739426,1,1475,0,53,121,43,4
1778522216.387941,2,232,0,41,122,36,1
1778522216.3908384,1,1475,0,53,122,43,4
1778522216.4051812,2,232,0,41,122,36,1
1778522216.408986,1,1475,0,53,122,43,3
1778522216.4230635,2,232,0,41,122,36,1
1778522216.4262817,1,1475,0,53,121,43,3
1778522216.4407532,2,232,0,41,122,36,1
1778522216.4439957,1,1475,0,53,121,43,4
1778522216.4580092,2,232,0,41,122,36,0
1778522216.4608288,1,1475,0,53,122,43,4
1778522216.4752924,2,232,0,41,121,36,1
1778522216.4788597,1,1475,0,53,122,43,4
1778522216.4932067,2,232,0,41,122,36,1
1778522216.4961185,1,1475,0,53,121,43,3
1778522216.5100014,2,232,0,41,122,36,1
1778522216.5129967,1,1474,0,53,121,43,4
1778522216.5273843,2,232,0,41,122,36,1
1778522216.5307746,1,1475,0,53,122,43,3
1778522216.544761,2,232,0,41,122,36,1
1778522216.5476792,1,1475,0,53,122,43,4
1778522216.5622501,2,232,0,41,122,36,0
1778522216.56579,1,1475,-50,51,121,43,4
1778522216.580395,2,232,0,41,122,36,1
1778522216.5834694,1,1475,0,49,122,43,3
1778522216.597342,2,232,0,41,122,36,1
1778522216.6001186,1,1475,50,51,122,43,3
1778522216.614382,2,232,0,41,122,36,1
1778522216.617935,1,1475,50,54,121,43,3
1778522216.6319098,2,232,0,41,122,36,1
1778522216.6346698,1,1475,0,53,122,43,4
1778522216.649075,2,232,0,41,122,36,1
1778522216.6530359,1,1475,0,53,122,43,3
1778522216.667187,2,232,0,41,121,36,1
1778522216.6702566,1,1475,0,53,121,43,3
1778522216.6847785,2,232,0,41,122,36,1
1778522216.687977,1,1475,-50,50,122,43,3
1778522216.7021465,2,232,0,41,122,36,0
1778522216.7051904,1,1475,50,52,122,43,4
1778522216.719016,2,232,0,41,121,36,0
1778522216.722102,1,1475,0,53,122,43,4
1778522216.7366097,2,232,0,41,122,36,1
1778522216.7397468,1,1475,0,53,122,43,4
1778522216.7538953,2,232,0,41,122,36,1
1778522216.7568135,1,1475,0,53,121,43,3
1778522216.7716434,2,232,0,41,121,36,1
1778522216.775119,1,1474,0,53,122,43,4
1778522216.7896116,2,232,0,41,121,36,0
1778522216.7926326,1,1475,-50,49,122,43,3
1778522216.8067513,2,232,0,41,121,36,0
1778522216.8099403,1,1475,50,53,122,43,3
1778522216.8242872,2,232,0,41,121,36,0
1778522216.8275604,1,1475,0,53,122,43,4
1778522216.8416378,2,232,0,41,122,36,1
1778522216.844529,1,1474,0,53,122,43,3
1778522216.8588543,2,232,0,41,122,36,1
1778522216.8624551,1,1475,0,53,121,43,4
1778522216.8768969,2,232,0,41,122,36,1
1778522216.8799977,1,1475,0,53,121,43,4
1778522216.8939402,2,232,0,41,121,36,1
1778522216.8968356,1,1475,0,53,122,43,4
1778522216.9113371,2,232,0,41,121,36,1
1778522216.9146483,1,1475,0,53,122,43,4
1778522216.9289126,2,232,0,41,122,36,1
1778522216.931932,1,1475,0,53,121,43,3
1778522216.9462366,2,232,0,41,122,36,0
1778522216.9498465,1,1475,0,53,122,43,4
1778522216.964407,2,232,0,41,122,36,1
1778522216.9674258,1,1475,0,53,122,43,3
1778522216.9815807,2,232,0,41,122,36,1
1778522216.9845417,1,1475,-50,51,122,43,3
1778522216.999417,2,232,0,41,122,36,1
1778522217.002891,1,1475,50,52,122,43,4
1778522217.0169866,2,232,0,42,122,36,1
1778522217.019764,1,1474,0,53,121,43,3
1778522217.0342135,2,232,0,44,122,36,1
1778522217.0378566,1,1475,0,53,122,43,4
1778522217.051972,2,232,0,44,122,36,1
1778522217.0547228,1,1474,0,53,122,43,3
1778522217.069087,2,232,0,44,122,36,0
1778522217.0729973,1,1475,0,53,121,43,4
1778522217.087043,2,231,0,44,122,36,0
1778522217.0899968,1,1475,0,53,122,43,4
1778522217.1045504,2,231,-50,40,122,36,1
1778522217.1078563,1,1475,0,53,122,43,4
1778522217.1219654,2,231,0,40,121,36,0
1778522217.124794,1,1474,0,53,121,43,3
1778522217.1391904,2,231,0,40,122,36,1
1778522217.1425378,1,1475,0,53,122,43,3
1778522217.1566067,2,231,0,40,122,36,0
1778522217.1595244,1,1474,0,53,121,43,4
1778522217.1739028,2,231,0,40,121,36,1
1778522217.1774347,1,1475,0,53,122,43,4
1778522217.1917632,2,231,0,40,122,36,1
1778522217.194557,1,1475,0,53,122,43,4
1778522217.209674,2,231,0,41,121,36,1
1778522217.2137346,1,1475,0,53,122,43,4
1778522217.2279212,2,231,0,50,121,36,1
1778522217.2313216,1,1474,0,53,122,43,3
1778522217.2461698,2,231,0,63,122,36,2
1778522217.2493143,1,1475,0,53,121,43,4
1778522217.2634342,2,231,0,84,121,36,3
1778522217.2663803,1,1475,0,53,122,43,3
1778522217.2809732,2,230,-50,107,121,36,4
1778522217.2848501,1,1475,-50,50,121,43,3
1778522217.3000338,2,226,-100,138,121,36,0
1778522217.3034735,1,1475,50,52,121,43,4
1778522217.3184435,2,221,-250,165,121,36,5
1778522217.3218844,1,1475,0,53,121,43,4
1778522217.3358355,2,214,-350,189,121,36,6
1778522217.338783,1,1475,0,53,121,43,3
1778522217.3534398,2,207,-450,213,121,36,7
1778522217.3574684,1,1475,0,53,121,43,4
1778522217.3714194,2,196,-450,240,121,36,6
1778522217.3747435,1,1475,0,53,121,43,4
1778522217.3893719,2,185,-550,266,121,36,8
1778522217.3926606,1,1475,0,53,121,43,3
1778522217.4066021,2,172,-700,286,121,36,10
1778522217.4096692,1,1474,0,53,121,43,4
1778522217.4241745,2,157,-750,309,121,36,9
1778522217.4273932,1,1475,0,53,121,43,4
1778522217.4414773,2,141,-900,331,121,36,9
1778522217.4442406,1,1475,0,53,120,43,3
1778522217.4589393,2,125,-900,351,121,36,11
1778522217.4625509,1,1475,0,53,121,43,3
1778522217.4766557,2,107,-1050,366,121,36,10
1778522217.4795866,1,1474,0,53,121,43,3
1778522217.4943905,2,86,-1100,371,121,36,10
1778522217.4980505,1,1474,0,53,121,43,3
1778522217.5122707,2,66,-1100,368,121,36,10
1778522217.515074,1,1475,-50,52,121,43,4
1778522217.5299168,2,46,-1100,357,121,36,8
1778522217.533857,1,1475,50,51,121,43,3
1778522217.5478272,2,26,-1150,335,121,36,7
1778522217.5513313,1,1475,50,54,121,43,4
1778522217.5656602,2,7,-1050,316,121,36,5
1778522217.5686305,1,1475,0,53,121,43,3
1778522217.5824704,2,4086,-1050,291,121,36,4
1778522217.5854135,1,1475,0,53,121,43,4
1778522217.599995,2,4070,-950,268,121,36,4
1778522217.6032608,1,1475,0,53,121,43,4
1778522217.6172764,2,4056,-900,239,121,36,3
1778522217.620057,1,1475,0,53,122,43,4
1778522217.6344054,2,4044,-700,215,121,36,3
1778522217.6379914,1,1475,0,53,121,43,3
1778522217.6526656,2,4033,-650,190,121,36,4
1778522217.6557367,1,1475,0,53,121,43,3
1778522217.669734,2,4024,-650,163,121,36,4
1778522217.6726089,1,1475,0,53,121,43,3
1778522217.687388,2,4020,-450,148,121,36,4
1778522217.6910655,1,1474,0,53,121,43,4
1778522217.7057142,2,4017,-250,136,121,36,6
1778522217.7087338,1,1475,0,53,121,43,3
1778522217.7228565,2,4016,-150,126,121,36,7
1778522217.7257187,1,1475,-50,49,121,43,3
1778522217.7402356,2,4016,0,122,121,36,4
1778522217.7435887,1,1475,50,53,121,43,4
1778522217.7576838,2,4016,0,112,121,36,5
1778522217.7605312,1,1474,-50,50,121,43,3
1778522217.7750478,2,4016,0,95,121,36,4
1778522217.7785482,1,1475,50,52,121,43,4
1778522217.7928813,2,4016,0,72,121,36,2
1778522217.796014,1,1475,0,53,121,43,4
1778522217.810524,2,4016,0,45,122,36,1
1778522217.8140755,1,1475,0,53,122,43,4
1778522217.828162,2,4016,0,23,122,36,0
1778522217.83113,1,1475,0,53,121,43,4
1778522217.8456504,2,4017,0,62,121,36,0
1778522217.849639,1,1475,0,53,122,43,4
1778522217.8636372,2,4019,50,109,121,36,2
1778522217.8668425,1,1475,0,53,122,43,3
1778522217.8814275,2,4023,150,153,121,36,4
1778522217.8847232,1,1475,0,53,121,43,4
1778522217.8988793,2,4026,250,194,121,36,5
1778522217.9019737,1,1475,0,53,121,43,3
1778522217.9165878,2,4034,300,242,121,36,7
1778522217.9199877,1,1475,0,53,121,43,4
1778522217.9339705,2,4044,550,284,121,36,9
1778522217.936814,1,1475,-50,51,121,43,3
1778522217.9513748,2,4057,700,318,121,36,12
1778522217.9547274,1,1474,0,49,121,43,3
1778522217.969184,2,4072,700,349,121,36,12
1778522217.9722123,1,1475,50,51,121,43,3
1778522217.986519,2,4088,850,373,121,36,12
1778522217.9901047,1,1475,50,54,120,43,3
1778522218.0046077,2,12,950,390,121,36,16
1778522218.0075376,1,1475,-50,49,121,43,3
1778522218.0213428,2,32,1100,396,121,36,14
1778522218.0240996,1,1475,50,53,121,43,3
1778522218.0385208,2,48,1100,403,121,36,13
1778522218.0421946,1,1475,-50,50,121,43,3
1778522218.0562716,2,71,1100,411,121,36,13
1778522218.0592332,1,1475,50,52,121,43,3
1778522218.0737464,2,92,1250,411,121,36,11
1778522218.0769548,1,1475,0,53,121,43,5
1778522218.090967,2,113,1250,407,121,36,12
1778522218.0941048,1,1475,0,53,121,43,3
1778522218.108628,2,135,1250,405,121,36,12
1778522218.111934,1,1475,0,53,121,43,4
1778522218.1259825,2,155,1200,405,121,36,12
1778522218.1289198,1,1475,0,53,121,43,3
1778522218.1432831,2,176,1150,404,121,36,11
1778522218.1469028,1,1475,0,53,121,43,4
1778522218.1609833,2,198,1250,390,121,36,9
1778522218.163864,1,1475,0,53,121,43,4
1778522218.1780958,2,219,1200,374,121,36,9
1778522218.181797,1,1475,0,53,121,43,3
1778522218.1959887,2,238,1150,352,121,36,8
1778522218.198939,1,1475,0,53,121,43,3
1778522218.213732,2,256,1000,333,121,36,7
1778522218.217653,1,1475,-50,51,121,43,4
1778522218.2316651,2,275,1050,308,121,36,6
1778522218.2348955,1,1475,50,52,121,43,3
1778522218.2494624,2,291,950,281,121,36,5
1778522218.2527716,1,1475,0,53,121,43,4
1778522218.2667508,2,306,950,249,121,36,5
1778522218.269769,1,1475,0,53,121,43,4
1778522218.2843204,2,319,850,222,121,36,4
1778522218.2877917,1,1474,0,53,121,43,4
1778522218.3018334,2,330,700,197,121,36,5
1778522218.3047915,1,1474,0,53,121,43,4
1778522218.3193016,2,338,600,174,121,36,3
1778522218.3227553,1,1475,0,53,122,43,3
1778522218.337048,2,347,450,152,121,36,3
1778522218.3399332,1,1475,0,53,121,43,3
1778522218.3537922,2,354,450,126,121,36,2
1778522218.3568313,1,1475,0,53,121,43,3
1778522218.3712668,2,359,300,100,122,36,1
1778522218.3745363,1,1475,0,53,121,43,4
1778522218.388554,2,363,250,81,121,36,1
1778522218.3914864,1,1475,0,53,122,43,3
1778522218.4061837,2,366,250,64,121,36,2
1778522218.4098406,1,1475,0,53,122,43,4
1778522218.4241302,2,368,150,54,121,36,1
1778522218.4269154,1,1475,0,53,121,43,4
1778522218.4412415,2,368,100,47,122,36,1
1778522218.4453647,1,1475,0,53,122,43,4
1778522218.4595037,2,368,0,38,122,36,1
1778522218.462827,1,1475,0,53,121,43,4
1778522218.477541,2,368,0,25,122,36,0
1778522218.4808035,1,1475,0,53,122,43,4
1778522218.4949284,2,368,0,27,121,36,1
1778522218.4979382,1,1474,0,53,122,43,3
1778522218.5125995,2,367,-50,53,122,36,1
1778522218.5159476,1,1475,0,53,122,43,4
1778522218.529975,2,366,-50,81,122,36,1
1778522218.5327346,1,1475,0,53,122,43,4
1778522218.5475283,2,365,-50,115,122,36,3
1778522218.5511029,1,1475,0,53,121,43,4
1778522218.5652378,2,361,-50,160,121,36,5
1778522218.5681121,1,1475,0,53,121,43,3
1778522218.5824482,2,355,-200,193,121,36,6
1778522218.5859523,1,1475,0,53,121,43,4
1778522218.6001375,2,347,-400,222,121,36,8
1778522218.6029236,1,1475,0,53,121,43,3
1778522218.6176572,2,337,-500,249,121,36,8
1778522218.6215885,1,1475,0,53,121,43,4
1778522218.6355238,2,325,-600,279,121,36,10
1778522218.6386805,1,1474,0,53,121,43,4
1778522218.653297,2,312,-700,309,121,36,10
1778522218.6564746,1,1475,0,53,121,43,4
1778522218.670459,2,296,-850,335,121,36,10
1778522218.673412,1,1474,0,53,121,43,3
1778522218.6880765,2,279,-1000,356,121,36,10
1778522218.6914744,1,1475,0,53,121,43,3
1778522218.7054265,2,260,-1000,369,121,36,9
1778522218.7081869,1,1474,0,53,121,43,4
1778522218.7227373,2,241,-1050,379,121,36,10
1778522218.7263963,1,1475,0,53,121,43,3
1778522218.7407007,2,221,-1100,381,121,36,9
1778522218.7434988,1,1475,0,53,121,43,3
1778522218.7582045,2,201,-1150,375,121,36,8
1778522218.7619,1,1475,0,53,121,43,4
1778522218.7760663,2,178,-1200,356,121,36,6
1778522218.7790365,1,1475,0,53,121,43,4
1778522218.7937922,2,159,-1150,337,121,36,4
1778522218.797815,1,1475,0,53,121,43,4
1778522218.8120575,2,138,-1100,310,121,36,4
1778522218.8154683,1,1474,0,53,121,43,4
1778522218.8296597,2,122,-1000,286,121,36,4
1778522218.832729,1,1475,0,53,122,43,4
1778522218.8466458,2,106,-900,263,121,36,4
1778522218.8494468,1,1475,0,53,121,43,4
1778522218.8639371,2,93,-900,236,121,36,3
1778522218.8673973,1,1475,0,53,122,43,2
1778522218.881405,2,79,-850,207,121,36,2
1778522218.884208,1,1475,0,53,121,43,4
1778522218.8991497,2,67,-700,182,121,36,3
1778522218.902772,1,1474,0,53,122,42,4
1778522218.9173882,2,57,-650,154,122,36,2
1778522218.9204538,1,1475,0,53,122,43,4
1778522218.9346821,2,50,-500,128,122,36,1
1778522218.937585,1,1475,0,53,122,43,4
1778522218.9518554,2,44,-400,104,121,36,1
1778522218.9551916,1,1474,0,53,122,43,3
1778522218.9695969,2,39,-250,82,122,36,2
1778522218.9728336,1,1475,0,53,121,43,4
1778522218.9871178,2,36,-200,63,122,36,0
1778522218.9904225,1,1474,0,53,122,43,4
1778522219.0049708,2,34,-100,40,122,36,0
1778522219.008085,1,1475,0,53,122,43,4
1778522219.0220435,2,34,-100,0,122,36,0
1778522219.024863,1,1475,0,53,122,43,4
1778522219.0393665,2,34,0,36,122,36,0
1778522219.0429232,1,1475,0,53,122,43,4
1778522219.0571482,2,34,0,65,122,36,2
1778522219.0602415,1,1475,0,53,122,43,4
1778522219.074528,2,35,50,95,121,36,2
1778522219.0775225,1,1475,-50,49,122,43,3
1778522219.0919716,2,37,0,135,121,36,4
1778522219.0961688,1,1475,50,53,122,43,4
1778522219.1102571,2,41,200,176,121,36,6
1778522219.1131358,1,1475,0,53,121,43,3
1778522219.1276717,2,47,350,209,121,36,8
1778522219.1311328,1,1475,0,53,121,43,4
1778522219.1451757,2,56,500,240,121,36,8
1778522219.1479087,1,1475,0,53,121,43,3
1778522219.162487,2,66,500,270,121,36,9
1778522219.1660542,1,1475,0,53,121,43,4
1778522219.1801472,2,80,600,300,121,36,12
1778522219.183022,1,1474,0,53,121,43,4
1778522219.1976075,2,93,750,323,121,37,11
1778522219.201652,1,1475,0,53,121,43,4
1778522219.2156458,2,110,850,349,121,36,12
1778522219.2190115,1,1475,0,53,121,43,3
1778522219.2335446,2,128,950,368,121,36,13
1778522219.236622,1,1475,0,53,121,43,4
1778522219.250512,2,144,950,385,121,36,12
1778522219.2535048,1,1475,0,53,121,43,4
1778522219.2681673,2,163,1100,396,121,36,12
1778522219.2714272,1,1474,0,53,121,43,3
1778522219.28536,2,184,1150,397,121,36,11
1778522219.2881587,1,1475,0,53,121,43,4
1778522219.302615,2,204,1150,391,121,36,12
1778522219.3062491,1,1475,0,53,121,43,3
1778522219.3205607,2,225,1200,373,121,36,10
1778522219.3235846,1,1475,0,53,121,43,4
1778522219.338027,2,244,1150,354,121,36,9
1778522219.341676,1,1475,0,53,121,43,4
1778522219.3561819,2,263,1050,335,121,36,8
1778522219.3593798,1,1475,0,53,121,43,3
1778522219.3737078,2,282,1050,310,121,36,6
1778522219.3773153,1,1475,0,53,122,43,3
1778522219.3915172,2,299,950,284,121,36,5
1778522219.3945286,1,1475,0,53,121,43,3
1778522219.4091015,2,314,950,254,121,36,5
1778522219.4134002,1,1474,0,53,122,43,4
1778522219.4274466,2,328,750,223,121,36,3
1778522219.4308016,1,1475,0,53,121,43,3
1778522219.44539,2,338,600,199,121,36,3
1778522219.448645,1,1475,0,53,122,43,3
1778522219.4626713,2,348,550,177,122,51,3
1778522219.4656837,1,1475,0,53,122,43,4
1778522219.4801774,2,356,550,148,122,36,2
1778522219.4835057,1,1475,0,53,121,43,3
1778522219.497427,2,363,500,120,122,36,1
1778522219.5001435,1,1475,0,53,121,43,4
1778522219.514994,2,369,350,97,122,36,1
1778522219.5185688,1,1475,-50,49,121,43,3
1778522219.5325487,2,372,250,78,122,36,2
1778522219.5353255,1,1475,50,53,122,43,4
1778522219.5494058,2,375,200,63,121,36,1
1778522219.5528035,1,1475,0,53,121,43,3
1778522219.5667543,2,376,100,53,122,36,1
1778522219.5697355,1,1475,-50,50,121,43,3
1778522219.5842218,2,376,0,50,122,36,1
1778522219.5875006,1,1475,50,52,121,43,4
1778522219.601503,2,376,0,50,122,36,1
1778522219.6043575,1,1474,-50,51,122,43,3
1778522219.6187694,2,376,0,50,122,36,1
1778522219.6224077,1,1475,50,51,122,43,3
1778522219.6364124,2,376,0,50,121,36,1
1778522219.639237,1,1475,50,54,122,43,2
1778522219.6535406,2,376,0,50,122,36,1
1778522219.6571226,1,1475,0,53,122,43,4
1778522219.6710527,2,376,0,50,122,36,2
1778522219.6739845,1,1475,0,53,122,43,3
1778522219.6884973,2,376,0,50,122,36,1
1778522219.69168,1,1475,0,53,121,43,4
1778522219.7055867,2,376,0,50,122,36,1
1778522219.708352,1,1475,0,53,121,43,3
1778522219.7229142,2,376,0,50,122,36,1
1778522219.7265258,1,1475,0,53,122,43,4
1778522219.7406402,2,376,0,50,122,36,1
1778522219.7434938,1,1475,0,53,122,43,3
1778522219.758398,2,376,0,50,122,36,1
1778522219.7620885,1,1475,0,53,122,43,3
1778522219.7762468,2,376,0,48,122,36,1
1778522219.7789915,1,1475,0,53,122,43,4
1778522219.7934623,2,376,0,47,121,36,1
1778522219.7975948,1,1475,0,53,122,43,3
1778522219.811515,2,376,0,47,122,36,1
1778522219.8145244,1,1475,0,53,122,43,4
1778522219.8289423,2,376,0,47,122,36,1
1778522219.8321645,1,1475,0,53,122,43,3
1778522219.8461065,2,376,0,47,122,36,1
1778522219.8490112,1,1475,0,53,122,43,3
1778522219.8635042,2,376,0,47,122,36,1
1778522219.866878,1,1475,0,53,121,43,4
1778522219.8809488,2,376,0,47,122,36,1
1778522219.8839455,1,1475,0,53,122,43,3
1778522219.8983948,2,376,0,47,122,36,1
1778522219.9020648,1,1474,0,53,122,43,4
1778522219.9162538,2,376,0,47,122,36,1
1778522219.9194107,1,1475,-50,52,122,43,3
1778522219.9339473,2,376,0,47,122,36,0
1778522219.9375787,1,1475,-50,49,122,43,3
1778522219.9515505,2,376,0,47,122,37,0
1778522219.9543974,1,1475,50,54,122,43,4
1778522219.9691315,2,376,0,47,122,36,1
1778522219.9731228,1,1475,0,53,122,43,4
1778522219.9873538,2,376,0,47,122,36,1
1778522219.9902604,1,1475,0,53,122,43,4
1778522220.0051343,2,376,0,47,122,36,1
1778522220.0085769,1,1475,0,53,122,43,4
1778522220.0227242,2,376,0,47,122,36,1
1778522220.0255198,1,1475,0,53,122,43,4
1778522220.040312,2,376,0,47,121,36,2
1778522220.0438106,1,1475,-50,51,122,43,3
1778522220.0579698,2,376,0,47,122,36,1
1778522220.0608525,1,1475,50,51,122,43,4
1778522220.0755124,2,377,0,47,122,36,1
1778522220.0789566,1,1474,-50,52,122,43,4
1778522220.093176,2,376,0,47,122,36,1
1778522220.0960152,1,1474,-50,49,122,43,3
1778522220.1104467,2,376,0,47,122,36,1
1778522220.1140528,1,1474,50,54,122,43,4
1778522220.1282017,2,376,0,47,122,36,2
1778522220.1310449,1,1474,-50,50,122,43,3
1778522220.1456103,2,376,0,47,122,36,1
1778522220.1492798,1,1475,50,53,122,43,4
1778522220.1632218,2,376,0,47,122,36,1
1778522220.166597,1,1474,0,53,122,43,3
1778522220.1812315,2,376,0,47,122,36,1
1778522220.1844795,1,1475,0,53,122,43,3
1778522220.1984339,2,376,0,47,122,36,2
1778522220.201427,1,1475,0,53,122,43,4
1778522220.2158277,2,376,0,47,122,36,1
1778522220.2193167,1,1475,0,53,121,43,4
1778522220.2332556,2,376,0,47,122,36,0
1778522220.2360878,1,1475,0,53,122,43,4
1778522220.2503495,2,376,0,47,122,36,1
1778522220.2539144,1,1475,0,53,122,43,2
1778522220.2679875,2,376,0,47,122,36,1
1778522220.2707517,1,1475,0,53,122,43,4
1778522220.2855515,2,376,0,47,122,36,1
1778522220.2895694,1,1475,0,53,122,43,4
1778522220.3038423,2,376,0,47,122,36,1
1778522220.307448,1,1475,0,53,122,43,4
1778522220.322637,2,376,50,43,122,36,1
1778522220.3258514,1,1475,0,53,122,43,3
1778522220.339774,2,376,-50,40,122,36,1
1778522220.342568,1,1475,0,53,122,43,3
1778522220.356898,2,376,-50,44,122,36,0
1778522220.3607867,1,1475,0,53,122,43,4
1778522220.3747728,2,376,0,43,122,36,0
1778522220.3778253,1,1474,-50,52,122,43,4
1778522220.392269,2,376,0,43,122,36,1
1778522220.3955047,1,1475,-50,48,122,43,3
1778522220.409454,2,376,0,43,122,36,1
1778522220.4122114,1,1474,50,54,122,43,4
1778522220.4266574,2,376,0,43,122,36,2
1778522220.4303138,1,1475,0,53,122,43,3
1778522220.444482,2,376,0,43,122,36,0
1778522220.447282,1,1475,0,53,122,43,4
1778522220.4619608,2,376,0,42,122,36,1
1778522220.4654756,1,1475,0,53,122,43,3
1778522220.4795964,2,376,0,33,122,36,0
1778522220.4825933,1,1474,0,53,122,43,3
1778522220.4972913,2,376,0,21,122,36,0
1778522220.5005858,1,1475,0,53,122,43,4
1778522220.514485,2,376,0,31,122,36,0
1778522220.517391,1,1474,0,53,122,43,4
1778522220.5318036,2,376,0,57,122,36,1
1778522220.5350888,1,1475,0,53,122,43,3
1778522220.5495465,2,374,-50,87,121,36,1
1778522220.5526206,1,1475,0,53,122,43,3
1778522220.5664568,2,373,-50,120,122,36,3
1778522220.5694473,1,1475,0,53,121,43,3
1778522220.5837753,2,370,-150,155,122,36,5
1778522220.5870838,1,1475,0,53,122,43,4
1778522220.6010609,2,363,-350,188,121,37,5
1778522220.6038685,1,1475,0,53,121,43,4
1778522220.6181746,2,356,-450,214,121,36,7
1778522220.6217382,1,1475,0,53,121,43,4
1778522220.6357563,2,345,-450,246,121,36,8
1778522220.6386254,1,1475,0,53,121,43,4
1778522220.652957,2,335,-550,274,121,36,8
1778522220.6569731,1,1474,-50,52,121,43,3
1778522220.6708758,2,320,-650,305,121,36,10
1778522220.6738427,1,1475,-50,48,121,43,4
1778522220.6883743,2,306,-800,329,121,36,10
1778522220.6917286,1,1475,0,49,121,43,3
1778522220.705685,2,290,-900,353,121,36,10
1778522220.7084842,1,1475,50,53,121,43,3
1778522220.7230551,2,271,-1050,366,121,36,10
1778522220.7265875,1,1475,0,53,121,43,3
1778522220.7407146,2,251,-1100,375,121,36,10
1778522220.743461,1,1475,0,53,121,43,4
1778522220.7576084,2,232,-1100,381,121,36,11
1778522220.7612338,1,1475,-50,51,121,43,3
1778522220.7750745,2,211,-1100,388,121,36,10
1778522220.777978,1,1474,50,51,121,42,4
1778522220.792421,2,192,-1150,391,121,36,9
1778522220.7956934,1,1475,0,53,121,43,3
1778522220.809767,2,170,-1250,387,121,36,8
1778522220.8127024,1,1475,0,53,121,43,3
1778522220.8272266,2,149,-1200,387,121,36,8
1778522220.8305008,1,1475,0,53,121,43,3
1778522220.844533,2,127,-1250,384,121,36,8
1778522220.84733,1,1475,0,53,121,43,4
1778522220.8617349,2,107,-1150,385,121,36,8
1778522220.8656929,1,1475,0,53,121,43,4
1778522220.879887,2,84,-1200,382,121,36,7
1778522220.8831656,1,1475,0,53,121,43,3
1778522220.8977923,2,62,-1250,371,121,36,7
1778522220.9007447,1,1475,0,53,121,43,4
1778522220.9147313,2,42,-1250,350,121,36,6
1778522220.917706,1,1475,0,53,121,43,3
1778522220.9324126,2,24,-1150,332,121,36,5
1778522220.9357593,1,1475,0,53,122,43,3
1778522220.9496365,2,6,-1050,314,121,36,5
1778522220.9524415,1,1474,0,53,121,43,4
1778522220.9669755,2,4084,-1050,291,121,36,4
1778522220.9704843,1,1475,0,53,121,43,4
1778522220.9845529,2,4068,-950,265,121,36,4
1778522220.9875042,1,1475,0,53,121,43,3
1778522221.002055,2,4054,-850,240,121,36,4
1778522221.0055742,1,1475,0,53,122,43,3
1778522221.0195527,2,4041,-750,214,122,36,4
1778522221.0223777,1,1475,0,53,122,43,4
1778522221.0369728,2,4031,-600,192,121,36,4
1778522221.0409265,1,1475,0,53,122,43,3
1778522221.054916,2,4022,-600,169,121,36,4
1778522221.0579164,1,1475,0,53,121,43,3
1778522221.0726,2,4018,-450,150,121,36,5
1778522221.0759676,1,1474,-50,52,121,43,3
1778522221.0900798,2,4015,-250,140,121,36,7
1778522221.0929701,1,1475,50,51,121,43,4
1778522221.1077397,2,4015,-100,134,121,36,8
1778522221.1110578,1,1475,50,54,121,43,4
1778522221.1251938,2,4015,0,130,121,36,8
1778522221.1279511,1,1475,-50,49,121,43,3
1778522221.1421995,2,4015,0,120,121,36,6
1778522221.145814,1,1475,0,49,121,43,3
1778522221.159784,2,4015,0,104,121,36,5
1778522221.162502,1,1475,0,49,121,43,3
1778522221.1771808,2,4015,0,83,122,36,3
1778522221.1810672,1,1475,50,52,122,43,4
1778522221.194948,2,4015,0,55,121,36,1
1778522221.1982021,1,1475,0,53,122,43,4
1778522221.212745,2,4015,0,19,122,36,0
1778522221.2159088,1,1475,0,53,122,43,3
1778522221.229852,2,4015,0,52,122,36,1
1778522221.23265,1,1475,0,53,122,43,4
1778522221.247107,2,4017,0,97,122,36,1
1778522221.250633,1,1475,0,53,122,43,4
1778522221.2647495,2,4020,150,141,122,36,3
1778522221.2675803,1,1475,0,53,121,43,3
1778522221.2819622,2,4025,250,183,121,36,5
1778522221.2855573,1,1474,-50,49,122,43,3
1778522221.2997847,2,4030,300,229,121,36,8
1778522221.3027537,1,1475,50,53,121,43,4
1778522221.3170714,2,4039,500,271,121,36,10
1778522221.320976,1,1475,-50,50,121,43,3
1778522221.3354208,2,4053,700,311,121,36,10
1778522221.3386285,1,1475,50,52,121,43,4
1778522221.3529935,2,4067,700,345,121,36,13
1778522221.3569372,1,1475,0,53,121,43,3
1778522221.3709085,2,4084,800,373,121,36,16
1778522221.373953,1,1475,0,53,121,43,3
1778522221.3884075,2,6,950,389,121,36,16
1778522221.3916354,1,1474,-50,52,121,43,3
1778522221.4055152,2,27,1100,396,121,36,14
1778522221.4083436,1,1475,-50,49,121,43,3
1778522221.4228466,2,44,1100,403,121,36,12
1778522221.426236,1,1475,50,54,121,43,3
1778522221.440179,2,64,1100,409,121,36,16
1778522221.4430277,1,1475,-50,50,121,43,3
1778522221.4574535,2,85,1250,411,121,36,14
1778522221.4612951,1,1475,50,53,121,43,4
1778522221.4751241,2,109,1200,409,121,36,12
1778522221.4785204,1,1475,0,53,121,43,3
1778522221.4932306,2,129,1200,409,121,36,12
1778522221.4963915,1,1474,0,53,121,43,4
1778522221.5103753,2,150,1250,404,121,36,12
1778522221.5133746,1,1475,0,53,121,43,4
1778522221.5279453,2,171,1150,409,121,36,13
1778522221.5314453,1,1474,-50,52,121,43,3
1778522221.5454042,2,193,1250,401,121,36,11
1778522221.5483394,1,1475,-50,48,121,42,3
1778522221.562898,2,215,1250,388,121,36,10
1778522221.5665147,1,1475,50,54,121,43,4
1778522221.5808141,2,236,1150,371,121,36,7
1778522221.5837042,1,1475,0,53,121,43,3
1778522221.5975387,2,253,1100,355,121,36,7
1778522221.6003387,1,1474,0,53,121,43,3
1778522221.6147547,2,271,1050,337,121,36,8
1778522221.6183295,1,1475,0,53,121,43,4
1778522221.6328435,2,291,1050,310,121,36,5
1778522221.6358387,1,1475,0,53,121,43,4
1778522221.6496282,2,308,1050,280,121,36,6
1778522221.6526377,1,1475,-50,52,122,43,3
1778522221.667107,2,322,950,252,121,36,4
1778522221.670443,1,1475,50,51,121,43,3
1778522221.684735,2,334,850,223,122,36,4
1778522221.6877358,1,1475,50,54,122,43,3
1778522221.7016432,2,345,600,204,121,36,3
1778522221.7044163,1,1474,0,53,122,43,3
1778522221.7187119,2,355,600,181,121,36,4
1778522221.7222936,1,1475,0,53,122,43,4
1778522221.7363856,2,364,500,155,121,36,3
1778522221.7392256,1,1475,0,53,122,43,3
1778522221.7535183,2,371,450,130,122,36,2
1778522221.7570794,1,1475,0,53,122,43,3
1778522221.7709188,2,377,450,97,122,36,2
1778522221.773726,1,1474,0,53,122,43,4
1778522221.788081,2,381,300,81,122,36,2
1778522221.7915044,1,1475,0,53,122,43,4
1778522221.8056948,2,383,250,63,122,36,1
1778522221.8086588,1,1475,0,53,122,43,3
1778522221.822939,2,385,100,56,122,36,1
1778522221.8262331,1,1475,0,53,122,43,4
1778522221.840966,2,386,50,51,121,36,1
1778522221.8449733,1,1475,-50,49,122,43,3
1778522221.8588498,2,386,50,48,122,36,1
1778522221.8617578,1,1475,0,49,122,43,3
1778522221.8763337,2,386,0,46,122,36,1
1778522221.87979,1,1475,50,53,122,43,4
1778522221.8939588,2,386,0,46,122,36,1
1778522221.8968623,1,1475,0,53,122,43,3
1778522221.9116423,2,386,0,46,122,35,1
1778522221.91495,1,1475,0,53,122,43,4
1778522221.9294403,2,386,0,46,122,36,1
1778522221.9324503,1,1475,0,53,122,43,3
1778522221.9464908,2,386,0,46,122,36,1
1778522221.9495337,1,1475,0,53,122,43,4
1778522221.9640148,2,386,0,46,122,36,1
1778522221.9673297,1,1475,0,53,122,43,3
1778522221.981393,2,386,0,46,122,36,1
1778522221.9841535,1,1475,0,53,121,43,4
1778522221.9987502,2,386,0,46,121,36,1
1778522222.0023599,1,1475,0,53,122,43,3
1778522222.0171452,2,386,0,46,122,36,0
1778522222.0200815,1,1475,-50,50,122,43,3
1778522222.0338752,2,386,0,46,122,36,1
1778522222.0366628,1,1475,50,53,122,43,3
1778522222.0510712,2,386,0,46,122,36,1
1778522222.0545766,1,1475,0,53,122,43,3
1778522222.0688696,2,386,0,46,122,36,1
1778522222.072844,1,1474,0,53,122,43,4
1778522222.0881245,2,386,0,44,122,36,1
1778522222.0912437,1,1474,0,53,122,43,3
1778522222.1055067,2,386,0,37,122,36,0
1778522222.1084318,1,1474,0,53,122,43,3
1778522222.1224103,2,386,0,23,122,36,0
1778522222.125354,1,1475,0,53,122,43,4
1778522222.1398337,2,386,0,28,122,36,0
1778522222.143227,1,1475,0,53,122,43,4
1778522222.1571164,2,386,0,54,122,36,1
1778522222.1599677,1,1475,0,53,122,43,4
1778522222.1744304,2,384,-100,80,122,36,2
1778522222.1779816,1,1475,0,53,122,43,1
1778522222.192363,2,383,-50,116,122,36,3
1778522222.1953535,1,1475,0,53,121,43,3
1778522222.2095764,2,380,-50,157,121,36,4
1778522222.213192,1,1475,-50,51,121,43,3
1778522222.2270715,2,373,-200,192,121,36,6
1778522222.230368,1,1475,50,51,121,43,3
1778522222.2450163,2,366,-350,221,121,36,7
1778522222.248281,1,1475,0,53,121,43,4
1778522222.262255,2,355,-500,249,121,36,8
1778522222.2651446,1,1475,0,53,121,43,3
1778522222.279571,2,343,-650,274,121,36,9
1778522222.2828577,1,1475,-50,49,121,43,3
1778522222.2967925,2,330,-700,302,121,36,10
1778522222.2995298,1,1475,50,53,121,43,4
1778522222.3139148,2,316,-800,327,121,36,10
1778522222.317487,1,1475,0,53,121,43,4
1778522222.331567,2,299,-950,354,121,36,11
1778522222.334332,1,1475,0,53,121,43,3
1778522222.3488343,2,281,-950,370,121,36,11
1778522222.3528824,1,1475,0,53,121,43,4
1778522222.3668132,2,261,-1050,380,121,36,10
1778522222.3697824,1,1475,0,53,121,43,4
1778522222.384203,2,241,-1150,382,121,36,10
1778522222.3875754,1,1475,0,53,121,43,4
1778522222.4015734,2,220,-1150,385,121,36,10
1778522222.4043176,1,1475,0,53,121,43,4
1778522222.4189837,2,200,-1150,389,121,36,9
1778522222.422326,1,1475,0,53,121,43,3
1778522222.436275,2,178,-1200,390,121,36,8
1778522222.4391434,1,1475,0,53,121,43,3
1778522222.4537392,2,157,-1250,388,121,36,10
1778522222.4576745,1,1475,0,53,121,43,4
1778522222.4716022,2,134,-1250,384,121,36,8
1778522222.474951,1,1475,0,53,121,43,4
1778522222.4894276,2,114,-1200,382,121,36,9
1778522222.4923902,1,1475,-50,51,121,43,3
1778522222.5063057,2,94,-1200,377,121,36,9
1778522222.5091586,1,1475,50,52,121,43,4
1778522222.5236058,2,73,-1200,368,121,36,8
1778522222.5268886,1,1475,0,53,121,43,3
1778522222.5409913,2,52,-1200,351,121,36,5
1778522222.5438735,1,1475,0,53,121,43,4
1778522222.5586565,2,33,-1100,335,121,36,6
1778522222.5623028,1,1475,0,53,122,43,4
1778522222.576598,2,14,-1050,314,121,36,5
1778522222.5793636,1,1475,-50,49,121,43,3
1778522222.593713,2,4093,-1000,294,121,36,4
1778522222.5976853,1,1475,50,53,122,43,4
1778522222.6116195,2,4077,-950,266,121,36,4
1778522222.6148162,1,1475,0,53,122,43,3
1778522222.6294136,2,4062,-800,239,121,36,4
1778522222.632589,1,1475,0,53,122,43,3
1778522222.6464927,2,4049,-800,214,121,36,3
1778522222.6494362,1,1475,0,53,122,43,3
1778522222.663988,2,4039,-750,188,121,36,3
1778522222.6673377,1,1475,0,53,121,43,3
1778522222.6811647,2,4029,-600,164,121,36,3
1778522222.6839557,1,1475,0,53,122,43,4
1778522222.6986465,2,4023,-450,144,122,36,4
1778522222.7022212,1,1475,0,53,122,43,4
1778522222.7162673,2,4019,-300,126,122,36,5
1778522222.7190158,1,1475,0,53,121,43,3
1778522222.7334917,2,4018,-100,115,121,36,5
1778522222.737513,1,1475,0,53,122,43,3
1778522222.7515829,2,4017,-50,108,121,36,5
1778522222.755025,1,1475,0,53,121,43,3
1778522222.7695005,2,4017,0,99,121,36,5
1778522222.7725837,1,1475,-50,50,122,43,3
1778522222.7864153,2,4017,0,85,121,36,3
1778522222.7893918,1,1475,50,52,121,43,4
1778522222.8039112,2,4017,0,65,122,36,2
1778522222.8072724,1,1475,0,53,121,43,3
1778522222.8213074,2,4017,0,39,122,36,1
1778522222.8241746,1,1475,0,53,121,43,3
1778522222.8385165,2,4017,0,24,122,36,1
1778522222.842166,1,1475,0,53,122,43,4
1778522222.8563647,2,4018,50,59,122,36,1
1778522222.8591053,1,1475,-50,49,121,43,3
1778522222.8735747,2,4020,50,99,121,36,2
1778522222.8775122,1,1475,50,54,122,43,4
1778522222.8913736,2,4023,200,142,121,37,3
1778522222.8946478,1,1475,0,53,121,43,4
1778522222.9092336,2,4027,150,187,121,36,5
1778522222.9123995,1,1475,0,53,121,43,4
1778522222.9263437,2,4033,150,238,121,36,7
1778522222.92926,1,1475,0,53,121,43,4
1778522222.9437838,2,4043,400,273,121,36,9
1778522222.9471076,1,1475,0,53,121,43,3
1778522222.961226,2,4055,600,305,121,36,12
1778522222.9641018,1,1475,0,53,121,43,3
1778522222.9781046,2,4069,750,332,121,36,13
1778522222.9810002,1,1475,0,53,121,43,3
1778522222.9954815,2,4084,850,358,121,36,14
1778522222.9988635,1,1475,0,53,121,43,3
1778522223.0128033,2,6,950,378,121,36,13
1778522223.015595,1,1475,0,53,121,43,4
1778522223.0302784,2,25,1100,390,121,36,13
1778522223.0342185,1,1475,0,53,121,43,4
1778522223.050035,2,45,1050,400,121,36,14
1778522223.0529382,1,1475,-50,50,121,43,3
1778522223.0674763,2,67,1150,408,121,36,12
1778522223.0708659,1,1475,50,52,121,43,3
1778522223.0850332,2,87,1150,411,121,36,11
1778522223.0880187,1,1475,0,53,121,43,4
1778522223.1027153,2,110,1200,410,121,36,12
1778522223.1063118,1,1475,0,53,121,43,4
1778522223.1203835,2,132,1250,406,121,36,11
1778522223.123243,1,1475,0,53,121,43,4
1778522223.1374824,2,151,1200,406,121,36,11
1778522223.1410632,1,1475,0,53,121,43,3
1778522223.1549268,2,173,1200,406,121,36,11
1778522223.157725,1,1475,0,53,121,43,3
1778522223.1722624,2,194,1200,401,121,36,9
1778522223.1756785,1,1475,0,53,121,43,4
1778522223.1897125,2,217,1250,389,121,36,9
1778522223.1925943,1,1475,0,53,121,43,4
1778522223.2070582,2,236,1150,372,121,36,7
1778522223.2108228,1,1474,0,53,121,43,4
1778522223.224809,2,255,1150,351,121,36,7
1778522223.227722,1,1475,0,53,121,43,3
1778522223.242299,2,274,1050,335,121,36,7
1778522223.245727,1,1475,0,53,121,43,4
1778522223.2596655,2,292,1100,306,121,36,6
1778522223.2624507,1,1474,0,53,122,43,4
1778522223.2768962,2,309,1000,279,121,36,5
1778522223.2808475,1,1474,0,53,121,43,3
1778522223.2950497,2,324,900,250,121,36,5
1778522223.298193,1,1474,0,53,122,43,4
1778522223.3127873,2,335,750,224,121,36,3
1778522223.3159525,1,1475,0,53,121,43,4
1778522223.3299956,2,347,600,201,122,36,3
1778522223.332921,1,1474,0,53,122,43,3
1778522223.347499,2,356,600,178,122,37,3
1778522223.3508391,1,1475,0,53,122,43,3
1778522223.3648517,2,365,600,149,122,36,3
1778522223.3676493,1,1475,0,53,122,43,3
1778522223.3821778,2,372,500,122,122,36,2
1778522223.3857985,1,1475,-50,51,122,43,3
1778522223.400449,2,378,400,93,122,36,1
1778522223.403491,1,1475,50,51,122,43,3
1778522223.4174995,2,382,250,75,122,36,1
1778522223.420263,1,1475,0,53,122,43,4
1778522223.4349496,2,384,200,62,122,36,1
1778522223.4385881,1,1475,0,53,122,43,3
1778522223.4529874,2,385,100,53,122,36,2
1778522223.4559813,1,1475,0,53,122,43,4
1778522223.470086,2,386,0,50,122,36,1
1778522223.4731607,1,1475,-50,49,122,43,3
1778522223.4877374,2,386,50,48,122,36,1
1778522223.4909859,1,1475,50,53,122,43,3
1778522223.5051217,2,386,0,46,122,36,1
1778522223.5081525,1,1475,0,53,122,43,3
1778522223.5225277,2,386,0,46,122,36,1
1778522223.5258534,1,1475,0,53,122,43,4
1778522223.5407255,2,386,0,46,121,36,1
1778522223.544932,1,1475,-50,51,122,43,3
1778522223.559326,2,386,0,46,122,36,1
1778522223.562406,1,1475,50,51,122,43,4
1778522223.577298,2,386,0,45,122,36,1
1778522223.5804532,1,1475,0,53,121,43,4
1778522223.5946581,2,386,0,43,122,36,1
1778522223.597783,1,1475,0,53,121,43,4
1778522223.6124928,2,386,0,43,122,36,1
1778522223.615786,1,1475,0,53,122,43,3
1778522223.6297,2,386,0,43,122,36,1
1778522223.6325493,1,1475,0,53,122,43,3
1778522223.6470792,2,386,0,43,122,36,1
1778522223.6508017,1,1475,0,53,122,43,4
1778522223.665,2,386,0,43,122,36,1
1778522223.6679785,1,1475,0,53,122,43,3
1778522223.682349,2,386,0,43,122,36,1
1778522223.685912,1,1475,0,53,121,43,4
1778522223.6998768,2,386,0,43,122,36,1
1778522223.7026405,1,1475,0,53,121,43,3
1778522223.717073,2,386,0,43,122,36,1
1778522223.72101,1,1475,0,53,121,43,4
1778522223.7350008,2,386,0,43,122,36,1
1778522223.737874,1,1475,0,53,121,43,3
1778522223.752428,2,386,0,43,122,36,1
1778522223.7557895,1,1475,0,53,122,43,4
1778522223.7698674,2,386,0,43,122,36,1
1778522223.7727308,1,1475,0,53,121,43,3
1778522223.7870662,2,386,0,43,122,36,1
1778522223.7904058,1,1475,0,53,122,43,4
1778522223.804447,2,386,0,43,121,36,0
1778522223.807311,1,1474,-50,50,121,43,4
1778522223.821944,2,386,0,43,122,36,1
1778522223.8255641,1,1474,50,52,122,43,4
1778522223.8395674,2,386,0,43,121,37,1
1778522223.8428292,1,1475,0,53,122,43,4
1778522223.857554,2,386,0,43,122,36,1
1778522223.8607728,1,1475,-50,51,122,43,3
1778522223.8748107,2,386,0,43,122,36,1
1778522223.8778598,1,1475,50,51,122,43,3
1778522223.892798,2,386,0,43,122,36,0
1778522223.8960245,1,1474,50,54,122,43,3
1778522223.9100997,2,386,0,43,122,36,1
1778522223.9129257,1,1475,0,53,122,43,3
1778522223.9278471,2,386,0,43,122,36,0
1778522223.9314506,1,1475,0,53,122,43,3
1778522223.945481,2,386,0,43,122,36,1
1778522223.9482453,1,1475,0,53,122,43,3
1778522223.9626317,2,386,0,43,122,36,1
1778522223.9661148,1,1475,0,53,122,43,4
1778522223.9800987,2,386,0,43,122,36,1
1778522223.9828901,1,1475,0,53,122,43,3
1778522223.9975345,2,386,0,43,122,36,1
1778522224.0014372,1,1474,-50,51,122,43,3
1778522224.015288,2,386,0,43,122,36,1
1778522224.0182946,1,1475,50,51,122,43,3
1778522224.0327744,2,386,0,43,122,36,0
1778522224.036,1,1475,0,53,121,43,4
1778522224.0502603,2,386,0,43,122,36,1
1778522224.0533247,1,1474,0,53,122,44,4
1778522224.0682044,2,386,0,43,121,36,0
1778522224.071631,1,1475,0,53,122,43,4
1778522224.0858498,2,386,0,43,121,36,1
1778522224.0885987,1,1475,0,53,122,43,4
1778522224.1033897,2,386,0,43,121,36,1
1778522224.1070096,1,1475,0,53,122,43,3
1778522224.1210124,2,386,0,43,122,36,0
1778522224.1238132,1,1475,0,53,122,43,4
1778522224.1385021,2,386,0,43,122,36,1
1778522224.1420193,1,1475,0,53,121,43,4
1778522224.1561096,2,386,0,43,121,36,1
1778522224.1588826,1,1475,0,53,122,43,4
1778522224.1735833,2,386,0,43,122,36,1
1778522224.1775002,1,1475,0,53,122,43,4
1778522224.1914585,2,386,0,43,122,36,1
1778522224.1944082,1,1474,0,53,121,43,3
1778522224.2088048,2,386,0,43,122,36,1
1778522224.2120183,1,1475,-50,49,122,43,3
1778522224.2258825,2,386,0,43,122,36,1
1778522224.2287896,1,1475,50,53,122,43,4
1778522224.2433944,2,386,0,43,122,36,1
1778522224.2468462,1,1475,0,53,122,43,3
1778522224.260935,2,386,0,43,122,36,1
1778522224.2637608,1,1475,0,53,121,43,4
1778522224.277987,2,386,0,43,121,36,1
1778522224.2815204,1,1475,0,53,122,43,3
1778522224.2955394,2,386,0,43,122,36,0
1778522224.2983177,1,1474,0,53,121,43,3
1778522224.313007,2,386,0,43,122,36,0
1778522224.317003,1,1475,0,53,122,43,4
1778522224.3313177,2,386,0,43,122,36,0
1778522224.3342743,1,1475,0,53,121,43,3
1778522224.3486474,2,386,0,43,121,36,1
1778522224.352443,1,1474,0,53,122,43,3
1778522224.3663793,2,386,0,43,122,36,1
1778522224.369213,1,1474,0,53,121,43,4
1778522224.384146,2,386,0,43,122,36,1
1778522224.387397,1,1475,0,53,122,43,3
1778522224.4014966,2,386,0,43,121,36,1
1778522224.4041824,1,1475,0,53,121,43,4
1778522224.418426,2,386,0,43,121,36,1
1778522224.4220083,1,1475,0,53,122,43,4
1778522224.4360516,2,386,0,43,122,36,1
1778522224.4388373,1,1475,0,53,122,43,4
1778522224.4531682,2,386,0,43,122,36,1
1778522224.4571238,1,1475,0,53,121,43,3
1778522224.471208,2,386,0,43,122,36,1
1778522224.4742842,1,1475,0,53,121,43,4
1778522224.4886944,2,386,0,43,121,36,0
1778522224.4918385,1,1475,0,53,122,43,4
1778522224.5059516,2,386,0,43,122,36,1
1778522224.5088105,1,1474,0,53,122,43,4
1778522224.5234928,2,386,0,43,122,36,0
1778522224.5269165,1,1475,0,53,121,43,3
1778522224.5409932,2,386,0,43,121,36,1
1778522224.5437396,1,1475,0,53,122,43,3
1778522224.5586057,2,386,0,43,122,36,1
1778522224.5623155,1,1475,0,53,122,43,4
1778522224.5763495,2,386,0,43,121,36,1
1778522224.579183,1,1475,0,53,121,43,4
1778522224.593523,2,386,0,43,122,36,1
1778522224.5975256,1,1475,0,53,122,43,4
1778522224.6115227,2,386,0,43,122,36,1
1778522224.6148837,1,1475,0,53,122,43,4
1778522224.629607,2,386,0,43,122,36,1
1778522224.6328306,1,1475,0,53,122,43,3
1778522224.64679,2,386,0,43,122,36,0
1778522224.6498609,1,1475,0,53,121,43,3
1778522224.6644557,2,386,0,43,122,36,1
1778522224.667881,1,1474,0,53,122,43,3
1778522224.6818292,2,386,0,43,121,36,1
1778522224.6846607,1,1475,0,53,122,43,3
1778522224.6991148,2,386,0,43,122,36,1
1778522224.7023947,1,1474,0,53,122,43,3
1778522224.7164505,2,386,0,43,122,36,1
1778522224.7194653,1,1475,0,53,122,43,4
1778522224.7340672,2,386,0,43,122,36,1
1778522224.7376816,1,1475,0,53,122,43,4
1778522224.7517688,2,386,0,43,121,36,1
1778522224.7545764,1,1475,0,53,121,43,3
1778522224.7694087,2,386,0,43,122,36,1
1778522224.7733946,1,1475,0,53,121,43,4
1778522224.7875476,2,386,0,43,122,36,1
1778522224.790976,1,1475,0,53,122,43,3
1778522224.805787,2,386,0,43,122,36,1
1778522224.8089445,1,1475,0,53,122,43,4
1778522224.8230493,2,386,0,43,121,36,1
1778522224.826245,1,1475,0,53,121,43,3
1778522224.8409216,2,386,0,43,122,36,1
1778522224.8440917,1,1475,0,53,122,43,4
1778522224.858069,2,386,0,43,121,36,1
1778522224.8609536,1,1474,0,53,122,43,3
1778522224.875398,2,386,0,43,122,36,0
1778522224.878674,1,1475,0,53,121,43,3
1778522224.8929646,2,386,0,43,122,36,1
1778522224.8960688,1,1475,0,53,121,43,3
1778522224.9101062,2,386,0,43,122,36,1
1778522224.9130156,1,1474,0,53,122,43,4
1778522224.9279351,2,386,0,43,121,36,1
1778522224.9312305,1,1474,-50,52,122,43,4
1778522224.9452775,2,386,0,43,122,36,1
1778522224.948071,1,1475,-50,49,122,43,3
1778522224.9630344,2,386,0,43,122,36,1
1778522224.966597,1,1475,50,54,122,43,3
1778522224.9807425,2,386,0,43,122,36,1
1778522224.9835856,1,1475,0,53,122,43,4
1778522224.997989,2,386,0,43,122,36,0
1778522225.0014975,1,1475,-50,50,121,43,3
1778522225.0154939,2,386,0,43,121,36,0
1778522225.0182614,1,1475,50,52,122,43,4
1778522225.0328174,2,386,0,43,122,36,1
1778522225.036853,1,1475,0,53,122,43,4
1778522225.0510602,2,386,0,43,122,36,1
1778522225.0540771,1,1475,-50,51,122,43,4
1778522225.068624,2,386,0,43,122,36,1
1778522225.0719852,1,1474,0,49,122,43,3
1778522225.0861013,2,386,0,43,122,36,1
1778522225.0889914,1,1475,0,49,121,43,4
1778522225.1037755,2,386,0,43,121,36,1
1778522225.1071029,1,1475,50,54,122,43,4
1778522225.12124,2,386,0,43,122,36,1
1778522225.1240668,1,1474,0,53,122,43,3
1778522225.1385753,2,386,0,43,121,36,1
1778522225.1421096,1,1475,0,53,122,43,3
1778522225.1562672,2,386,0,43,122,36,1
1778522225.1590896,1,1475,0,53,122,43,3
1778522225.173748,2,386,0,43,122,36,0
1778522225.177594,1,1474,0,53,122,43,3
1778522225.191675,2,386,0,43,122,36,1
1778522225.195047,1,1475,0,53,122,43,4
1778522225.2098107,2,386,0,43,122,36,1
1778522225.2127824,1,1475,0,53,122,43,3
1778522225.2268727,2,386,0,43,122,36,0
1778522225.229824,1,1474,-50,52,121,43,4
1778522225.2445724,2,386,0,43,122,36,1
1778522225.2480102,1,1475,-50,48,122,43,3
1778522225.262108,2,386,0,43,122,36,0
1778522225.2648962,1,1475,0,49,122,43,3
1778522225.279524,2,386,0,43,122,36,1
1778522225.2829568,1,1475,50,53,122,43,3
1778522225.2988095,2,386,0,43,122,36,1
1778522225.3019924,1,1475,0,53,121,43,3
1778522225.3163974,2,386,0,43,122,36,1
1778522225.319707,1,1475,-50,50,122,43,3
1778522225.3338025,2,386,0,43,122,36,1
1778522225.3368268,1,1475,50,52,122,43,3
1778522225.351313,2,386,0,43,121,36,0
1778522225.354982,1,1475,0,53,122,43,4
1778522225.369077,2,386,0,43,122,36,1
1778522225.3718529,1,1475,0,53,121,43,4
1778522225.3861947,2,386,0,43,122,36,1
1778522225.3897946,1,1475,0,53,122,43,3
1778522225.4044456,2,386,0,43,122,36,1
1778522225.4076865,1,1475,0,53,122,43,4
1778522225.4224703,2,386,0,43,122,36,1
1778522225.4260209,1,1475,0,53,122,43,4
1778522225.4407153,2,386,0,43,121,36,0
1778522225.4436758,1,1475,0,53,121,43,4
1778522225.4576042,2,386,0,43,122,37,1
1778522225.4604063,1,1475,0,53,122,43,4
1778522225.474795,2,386,0,43,122,36,1
1778522225.4784198,1,1475,0,53,121,43,4
1778522225.49274,2,386,0,43,122,36,1
1778522225.4957993,1,1475,-50,51,122,43,4
1778522225.5100281,2,386,0,43,122,36,1
1778522225.5136096,1,1475,50,52,122,43,3
1778522225.5280685,2,386,0,43,122,36,1
1778522225.5311902,1,1475,0,53,122,43,4
1778522225.5459692,2,386,0,43,122,36,0
1778522225.5501182,1,1475,0,53,121,43,3
1778522225.5642376,2,386,0,43,121,36,1
1778522225.5677128,1,1475,0,53,122,43,4
1778522225.5824125,2,386,0,43,122,36,0
1778522225.58542,1,1475,0,53,121,43,3
1778522225.5996768,2,386,0,43,122,36,1
1778522225.6031208,1,1475,0,53,122,43,3
1778522225.6178632,2,386,0,43,122,36,1
1778522225.6209188,1,1475,0,53,122,43,4
1778522225.6349697,2,386,0,43,122,36,1
1778522225.6380155,1,1475,0,53,122,43,4
1778522225.6525764,2,386,0,43,122,36,1
1778522225.656006,1,1474,0,53,121,43,3
1778522225.6699347,2,386,0,43,122,36,1
1778522225.6727786,1,1475,0,53,121,43,4
1778522225.6873567,2,386,0,43,122,36,1
1778522225.6907961,1,1474,0,53,122,43,3
1778522225.7049646,2,386,0,43,122,36,1
1778522225.7082005,1,1474,-50,52,121,43,4
1778522225.7225707,2,386,0,43,122,36,1
1778522225.7261348,1,1475,-50,51,122,43,3
1778522225.7401397,2,386,0,43,121,36,1
1778522225.7429345,1,1475,50,54,121,43,4
1778522225.7573457,2,386,0,43,122,36,1
1778522225.7612948,1,1475,0,53,122,43,4
1778522225.7755651,2,386,0,43,121,36,1
1778522225.7789228,1,1475,0,53,121,43,3
1778522225.793557,2,386,0,43,122,36,1
1778522225.79675,1,1475,0,53,121,43,4
1778522225.8107417,2,386,0,43,121,36,2
1778522225.8137817,1,1474,0,53,122,43,4
1778522225.8283188,2,386,0,43,122,36,1
1778522225.8317075,1,1475,0,53,121,43,4
1778522225.8456979,2,386,0,43,122,36,0
1778522225.8485432,1,1475,0,53,122,43,3
1778522225.8628478,2,386,0,43,122,36,1
1778522225.8665764,1,1474,0,53,122,43,4
1778522225.8810277,2,386,0,43,122,36,1
1778522225.8839397,1,1475,0,53,122,43,4
1778522225.897981,2,386,0,43,122,35,1
1778522225.900982,1,1475,0,53,122,43,4
1778522225.9153817,2,386,0,43,122,36,1
1778522225.919056,1,1475,0,53,122,43,4
1778522225.9335601,2,386,0,43,121,36,0
1778522225.9365447,1,1474,0,53,122,43,4
1778522225.9507244,2,386,0,43,122,36,1
1778522225.953607,1,1475,0,53,121,43,3
1778522225.9682467,2,386,0,43,122,36,1
1778522225.9716058,1,1474,0,53,122,43,4
1778522225.9857397,2,386,0,43,122,36,1
1778522225.9884884,1,1475,0,53,121,43,4
1778522226.0031655,2,386,0,43,122,36,1
1778522226.0067525,1,1475,0,53,122,43,3
1778522226.0208507,2,386,0,43,122,36,1
1778522226.0235837,1,1475,0,53,122,43,4
1778522226.0378735,2,386,0,43,122,36,1
1778522226.041462,1,1475,0,53,122,43,3
1778522226.0556707,2,386,0,43,121,36,1
1778522226.0585437,1,1475,0,53,121,43,3
1778522226.073251,2,386,0,43,122,36,1
1778522226.076621,1,1475,0,53,122,43,3
1778522226.0905147,2,386,0,43,121,36,1
1778522226.0933762,1,1474,0,53,122,43,4
1778522226.1078963,2,386,0,43,122,36,1
1778522226.1112247,1,1475,0,53,121,43,3
1778522226.1252046,2,386,0,43,122,36,0
1778522226.1279676,1,1475,0,53,121,43,3
1778522226.142457,2,386,0,43,122,36,1
1778522226.1459653,1,1475,0,53,122,43,4
1778522226.160447,2,386,0,43,122,36,0
1778522226.1634116,1,1475,0,53,122,43,3
1778522226.177473,2,386,0,43,122,36,0
1778522226.1804855,1,1475,0,53,122,43,4
1778522226.194812,2,386,0,43,122,36,1
1778522226.1979604,1,1475,0,53,122,43,3
1778522226.212819,2,386,0,43,122,36,1
1778522226.2161663,1,1475,-50,50,121,43,3
1778522226.2302065,2,386,0,43,122,36,1
1778522226.2330568,1,1475,50,53,122,43,4
1778522226.2478638,2,386,0,43,122,36,1
1778522226.2512605,1,1475,0,53,122,43,3
1778522226.2653136,2,386,0,43,122,36,1
1778522226.2681124,1,1475,0,53,122,43,3
1778522226.2824135,2,386,0,43,121,36,1
1778522226.2859912,1,1475,0,53,122,43,4
1778522226.3002508,2,386,0,43,122,36,1
1778522226.3032348,1,1475,0,53,122,43,3
1778522226.3177905,2,386,0,43,121,36,1
1778522226.3216274,1,1475,0,53,122,43,3
1778522226.335549,2,386,0,43,122,36,1
1778522226.3388972,1,1475,0,53,122,43,4
1778522226.353403,2,386,0,43,122,36,0
1778522226.3564427,1,1475,0,53,122,43,4
1778522226.3704298,2,386,0,43,121,36,1
1778522226.3735015,1,1475,0,53,121,43,4
1778522226.3879936,2,386,0,43,121,36,1
1778522226.3913825,1,1475,0,53,121,43,4
1778522226.405256,2,386,0,43,122,36,1
1778522226.408053,1,1475,0,53,122,43,4
1778522226.4223144,2,386,0,43,121,36,1
1778522226.4258792,1,1475,0,53,121,43,3
1778522226.4399025,2,386,0,43,121,36,1
1778522226.4428444,1,1475,0,53,121,43,3
1778522226.4574132,2,386,0,43,121,36,1
1778522226.4614432,1,1475,0,53,122,43,4
1778522226.475652,2,386,0,43,121,36,0
1778522226.4789379,1,1475,-50,49,121,43,3
1778522226.4938853,2,386,0,43,122,36,1
1778522226.4970834,1,1475,50,54,121,43,3
1778522226.5112104,2,386,0,43,122,36,1
1778522226.5143461,1,1475,0,53,122,43,3
1778522226.528959,2,386,0,43,121,36,1
1778522226.5321193,1,1475,0,53,122,43,3
1778522226.546232,2,386,0,43,121,36,1
1778522226.5507367,1,1475,0,53,121,43,4
1778522226.5655615,2,386,0,43,122,36,1
1778522226.568925,1,1475,0,53,122,43,4
1778522226.5830662,2,386,0,43,122,36,1
1778522226.5861573,1,1475,-50,51,121,43,3
1778522226.6006737,2,386,0,43,122,36,1
1778522226.603952,1,1475,50,51,122,43,3
1778522226.6180284,2,386,0,43,122,36,0
1778522226.6209161,1,1475,50,53,121,43,3
1778522226.6354525,2,386,0,43,122,36,1
1778522226.6387923,1,1475,0,53,122,43,4
1778522226.6529608,2,386,0,43,122,36,1
1778522226.6559541,1,1475,-50,49,122,43,3
1778522226.6705868,2,386,0,43,122,36,1
1778522226.6741662,1,1475,50,53,122,43,4
1778522226.6882365,2,386,0,43,122,36,1
1778522226.6910853,1,1475,-50,50,122,43,3
1778522226.705873,2,386,0,43,121,36,1
1778522226.7096698,1,1475,0,49,122,43,3
1778522226.7238102,2,386,0,43,122,36,1
1778522226.727212,1,1475,50,52,122,43,4
1778522226.7419412,2,386,0,43,122,36,1
1778522226.7449825,1,1475,0,53,122,43,4
1778522226.758862,2,386,0,43,122,36,1
1778522226.761906,1,1475,0,53,122,43,4
1778522226.7764678,2,386,0,43,122,36,1
1778522226.7798197,1,1475,0,53,122,43,3
1778522226.7937293,2,386,0,43,122,36,1
1778522226.7966661,1,1475,0,53,121,43,4
1778522226.8112433,2,386,0,43,122,36,1
1778522226.8148324,1,1475,-50,49,122,43,3
1778522226.829213,2,386,0,43,121,36,1
1778522226.8321486,1,1475,50,53,121,43,3
1778522226.8460917,2,386,0,43,122,36,1
1778522226.8489387,1,1474,0,53,121,43,4
1778522226.8637543,2,386,0,43,121,36,1
1778522226.867178,1,1475,0,53,122,43,3
1778522226.8813024,2,386,0,43,121,36,1
1778522226.8840828,1,1475,0,53,122,43,4
1778522226.898446,2,386,0,43,122,36,1
1778522226.902009,1,1475,0,53,122,43,4
1778522226.916109,2,386,0,43,122,36,1
1778522226.9189527,1,1475,0,53,122,43,3
1778522226.9337823,2,386,0,43,121,36,1
1778522226.9376023,1,1475,0,53,122,43,4
1778522226.9517024,2,386,0,43,121,36,1
1778522226.9550605,1,1475,0,53,121,43,3
1778522226.9699087,2,386,0,43,122,36,0
1778522226.9731412,1,1474,0,53,122,43,4
1778522226.987122,2,386,0,43,122,36,1
1778522226.9901698,1,1474,0,53,121,43,4
1778522227.0045671,2,386,0,43,122,36,1
1778522227.007738,1,1475,0,53,122,43,3
1778522227.021617,2,386,0,43,122,36,0
1778522227.024357,1,1475,-50,51,122,43,3
1778522227.0390944,2,386,0,43,122,36,1
1778522227.0426338,1,1475,50,51,122,43,4
1778522227.0567594,2,386,0,43,121,36,1
1778522227.0599327,1,1474,-50,52,122,43,4
1778522227.074458,2,386,0,43,122,36,1
1778522227.0776541,1,1475,-50,48,122,43,3
1778522227.091707,2,386,0,43,122,36,1
1778522227.0946825,1,1475,50,54,121,43,4
1778522227.1094766,2,386,0,43,122,36,1
1778522227.1134686,1,1475,0,53,122,43,4
1778522227.1276429,2,386,0,43,122,36,1
1778522227.1307366,1,1475,0,53,122,43,4
1778522227.1452706,2,386,0,43,122,36,1
1778522227.1484084,1,1475,0,53,122,43,3
1778522227.1623807,2,386,0,43,122,36,1
1778522227.1654527,1,1475,0,53,122,43,3
1778522227.1797876,2,386,0,43,122,36,0
1778522227.1830487,1,1474,-50,51,122,43,4
1778522227.1971068,2,386,0,43,121,36,1
1778522227.20001,1,1475,50,51,121,43,3
1778522227.214723,2,386,0,43,122,36,1
1778522227.2183092,1,1475,0,53,122,43,4
1778522227.2324283,2,386,0,43,122,36,1
1778522227.23532,1,1475,0,53,122,43,3
1778522227.2497625,2,386,0,43,122,36,1
1778522227.2536268,1,1475,0,53,122,43,4
1778522227.2674649,2,386,0,43,122,36,1
1778522227.270817,1,1474,0,53,122,43,4
1778522227.2854588,2,386,0,43,122,36,1
1778522227.2886748,1,1475,0,53,122,43,4
1778522227.3025796,2,386,0,43,121,36,1
1778522227.3055344,1,1475,0,53,122,43,3
1778522227.3199942,2,386,0,43,122,36,1
1778522227.3232663,1,1475,0,53,122,43,3
1778522227.3371706,2,386,0,43,122,36,1
1778522227.3399272,1,1475,0,53,121,43,4
1778522227.3546002,2,386,0,43,122,36,1
1778522227.358269,1,1475,0,53,122,43,4
1778522227.3725667,2,386,0,43,122,36,1
1778522227.3753366,1,1475,0,53,122,43,3
1778522227.3899677,2,386,0,43,122,36,1
1778522227.3935688,1,1475,0,53,122,43,4
1778522227.4077199,2,386,0,43,121,36,1
1778522227.4107742,1,1475,0,53,121,43,3
1778522227.425528,2,386,0,43,122,36,1
1778522227.4287205,1,1475,0,53,121,43,4
1778522227.4427843,2,386,0,43,122,36,0
1778522227.4459283,1,1475,0,53,122,43,4
1778522227.4604945,2,386,0,43,122,36,1
1778522227.4637463,1,1475,-50,51,122,43,3
1778522227.4780622,2,386,0,43,122,36,1
1778522227.4812229,1,1475,0,49,122,43,3
1778522227.4959285,2,386,0,43,122,36,1
1778522227.499298,1,1475,50,51,121,43,3
1778522227.5132272,2,386,0,43,122,36,1
1778522227.5159364,1,1475,0,53,121,43,4
1778522227.5304315,2,386,0,43,122,36,1
1778522227.5339646,1,1474,0,53,121,43,3
1778522227.5494397,2,386,0,43,122,36,1
1778522227.552245,1,1475,0,53,122,43,4
1778522227.5667434,2,386,0,43,122,36,0
1778522227.5703406,1,1475,0,53,122,43,4
1778522227.5844486,2,386,0,43,122,36,0
1778522227.5872972,1,1475,0,53,121,43,3
1778522227.6019385,2,386,0,43,122,36,1
1778522227.6057749,1,1475,0,53,121,43,3
1778522227.6196299,2,386,0,43,122,35,1
1778522227.6229317,1,1475,-50,51,121,43,4
1778522227.6373878,2,386,0,43,122,36,1
1778522227.6404297,1,1475,50,52,122,43,3
1778522227.6544292,2,386,0,43,122,36,1
1778522227.6573746,1,1475,0,53,122,43,3
1778522227.6719162,2,386,0,43,122,36,1
1778522227.675301,1,1475,0,52,122,43,4
1778522227.6892042,2,386,0,43,122,36,1
1778522227.6919816,1,1475,-50,49,122,43,3
1778522227.706383,2,386,0,43,122,36,1
1778522227.7099445,1,1475,50,54,121,43,4
1778522227.7239916,2,386,0,43,122,36,1
1778522227.7267742,1,1475,0,53,122,43,4
1778522227.7411556,2,386,0,43,121,36,1
1778522227.745145,1,1474,0,53,122,43,4
1778522227.7591581,2,386,0,43,122,36,0
1778522227.7624702,1,1474,-50,51,122,43,4
1778522227.7773361,2,386,0,43,121,36,0
1778522227.7805905,1,1475,50,52,121,43,3
1778522227.7946122,2,386,0,43,122,36,1
1778522227.7977564,1,1475,0,53,121,43,3
1778522227.8123415,2,386,0,43,122,36,1
1778522227.815784,1,1475,0,53,121,43,4
1778522227.8298142,2,386,0,43,122,36,1
1778522227.8326635,1,1475,0,53,122,43,4
1778522227.8471334,2,386,0,43,122,36,1
1778522227.8504765,1,1475,-50,49,122,43,3
1778522227.8644018,2,386,0,43,121,36,1
1778522227.8672323,1,1475,50,53,122,43,4
1778522227.8814905,2,386,0,43,122,36,1
1778522227.8850155,1,1475,0,53,121,43,4
1778522227.8989952,2,386,0,43,122,36,1
1778522227.9018736,1,1475,0,53,121,43,4
1778522227.916358,2,386,0,43,122,36,1
1778522227.9197407,1,1475,0,53,122,43,3
1778522227.9336488,2,386,0,43,121,36,1
1778522227.9364376,1,1475,0,53,121,43,4
1778522227.9508762,2,386,0,43,122,36,1
1778522227.9543498,1,1475,0,53,121,43,4
1778522227.968398,2,386,0,43,122,36,1
1778522227.9712002,1,1475,0,53,121,43,3
1778522227.985645,2,386,0,43,121,36,1
1778522227.989595,1,1475,0,53,122,43,3
1778522228.0035694,2,386,0,43,121,36,1
1778522228.006944,1,1475,0,53,122,43,4
1778522228.0214622,2,386,0,43,121,36,0
1778522228.0247984,1,1475,0,53,122,43,4
1778522228.0387924,2,386,0,43,122,36,1
1778522228.0419345,1,1475,0,53,121,43,3
1778522228.056156,2,386,0,43,121,36,1
1778522228.0592887,1,1475,0,53,121,43,3
1778522228.0736244,2,386,0,43,122,36,0
1778522228.0772197,1,1475,0,53,122,43,3
1778522228.091287,2,386,0,43,122,36,1
1778522228.0944843,1,1474,-50,52,122,43,3
1778522228.1089041,2,386,0,43,122,36,1
1778522228.1120706,1,1475,-50,48,122,43,4
1778522228.126151,2,386,0,43,121,36,2
1778522228.1293092,1,1475,50,54,122,43,3
1778522228.1439393,2,386,0,43,122,36,2
1778522228.14735,1,1475,0,53,121,43,3
1778522228.1612654,2,386,0,43,122,36,0
1778522228.164093,1,1475,0,53,121,43,4
1778522228.1785216,2,386,0,43,121,36,1
1778522228.1818862,1,1474,0,53,122,43,4
1778522228.1961722,2,386,0,43,121,36,0
1778522228.200309,1,1474,0,53,122,43,4
1778522228.2144833,2,386,0,43,122,36,1
1778522228.2173648,1,1475,0,53,122,43,4
1778522228.2318206,2,386,0,43,121,36,1
1778522228.2351115,1,1475,0,53,122,43,4
1778522228.2491543,2,386,0,43,122,36,1
1778522228.2520227,1,1475,0,53,122,43,4
1778522228.2660997,2,386,0,43,122,36,1
1778522228.2691321,1,1475,0,53,122,43,3
1778522228.28336,2,386,0,43,122,36,1
1778522228.286564,1,1475,0,53,121,43,4
1778522228.3010762,2,386,0,43,121,36,1
1778522228.304916,1,1475,0,53,122,43,4
1778522228.3189082,2,386,0,43,121,36,1
1778522228.3218896,1,1475,0,53,122,43,3
1778522228.3364046,2,386,0,43,121,36,0
1778522228.3397615,1,1475,-50,51,121,43,3
1778522228.3536925,2,386,0,43,122,36,1
1778522228.3565254,1,1475,50,52,122,43,4
1778522228.3710842,2,386,0,43,121,36,1
1778522228.3747041,1,1475,0,53,122,43,3
1778522228.3887103,2,386,0,43,122,36,1
1778522228.3915548,1,1475,0,53,121,43,3
1778522228.405958,2,386,0,43,122,36,1
1778522228.4095356,1,1474,0,53,122,43,3
1778522228.4235377,2,386,0,43,121,36,0
1778522228.426263,1,1475,0,53,121,43,4
1778522228.4409027,2,386,0,43,122,36,1
1778522228.4448657,1,1475,0,53,121,43,3
1778522228.4588306,2,386,0,43,122,36,1
1778522228.461827,1,1475,0,53,121,43,3
1778522228.4764142,2,386,0,43,122,36,1
1778522228.479901,1,1475,-50,50,122,43,3
1778522228.4940927,2,386,0,43,122,36,0
1778522228.4969807,1,1475,50,52,122,43,4
1778522228.5117557,2,386,0,43,121,36,1
1778522228.515216,1,1475,0,53,122,43,4
1778522228.5292966,2,386,0,43,121,36,1
1778522228.5320861,1,1475,0,53,121,43,3
1778522228.546458,2,386,0,43,122,36,1
1778522228.550012,1,1475,0,53,121,43,3
1778522228.564327,2,386,0,43,122,36,1
1778522228.5671103,1,1475,0,53,122,43,3
1778522228.5814435,2,386,0,43,122,36,1
1778522228.58508,1,1475,-50,49,122,43,3
1778522228.5989738,2,386,0,43,122,36,1
1778522228.6019435,1,1475,50,53,121,43,4
1778522228.6163788,2,386,0,43,122,36,1
1778522228.6196132,1,1474,-50,50,122,43,3
1778522228.6335838,2,386,0,43,122,36,1
1778522228.6364927,1,1475,50,52,122,43,4
1778522228.6507976,2,386,0,43,121,36,1
1778522228.6543286,1,1475,0,53,121,43,3
1778522228.668335,2,386,0,43,122,36,1
1778522228.6711133,1,1475,0,53,122,43,3
1778522228.6859233,2,386,0,43,121,36,1
1778522228.6898837,1,1475,0,53,122,43,4
1778522228.7039618,2,386,0,43,122,36,1
1778522228.7075036,1,1475,0,53,121,43,3
1778522228.722079,2,386,0,43,122,36,1
1778522228.725133,1,1475,0,53,121,43,4
1778522228.7391975,2,386,0,43,122,36,1
1778522228.7423356,1,1475,0,53,122,43,5
1778522228.7567859,2,386,0,43,121,36,1
1778522228.75993,1,1475,0,53,122,43,4
1778522228.7738342,2,386,0,43,122,36,0
1778522228.77661,1,1475,0,53,121,43,4
1778522228.791286,2,386,0,43,122,36,1
1778522228.7947094,1,1475,0,53,121,43,4
1778522228.808626,2,386,0,43,122,37,1
1778522228.8117194,1,1474,0,53,122,43,4
1778522228.826192,2,386,0,43,122,36,1
1778522228.829402,1,1475,0,53,121,43,3
1778522228.8433592,2,386,0,43,122,36,1
1778522228.8465495,1,1475,0,53,122,43,4
1778522228.8609657,2,386,0,43,122,36,1
1778522228.864167,1,1475,0,53,122,43,4
1778522228.878106,2,386,0,43,121,36,1
1778522228.8809562,1,1475,0,53,122,43,3
1778522228.8953612,2,386,0,43,122,36,1
1778522228.8989837,1,1475,0,53,121,43,4
1778522228.912993,2,386,0,43,122,36,1
1778522228.915798,1,1475,0,53,122,43,3
1778522228.9305038,2,386,0,43,122,36,1
1778522228.9340699,1,1475,0,53,122,43,3
1778522228.9488184,2,386,0,43,122,36,0
1778522228.9518495,1,1474,-50,51,121,43,4
1778522228.966178,2,386,0,41,122,36,0
1778522228.9692717,1,1475,50,51,121,43,3
1778522228.9834511,2,386,0,33,122,36,0
1778522228.9865394,1,1474,50,54,121,43,4
1778522229.0014489,2,386,0,20,122,36,0
1778522229.0047083,1,1475,0,53,121,43,3
1778522229.019216,2,386,0,32,122,36,0
1778522229.0222838,1,1475,0,53,122,43,4
1778522229.0371919,2,385,0,59,121,36,1
1778522229.0411782,1,1475,-50,50,122,43,3
1778522229.0556264,2,384,-50,90,122,36,2
1778522229.058934,1,1475,50,53,122,43,4
1778522229.0734906,2,383,-50,127,121,36,3
1778522229.0767858,1,1475,-50,50,121,43,3
1778522229.0909295,2,378,-150,160,121,36,5
1778522229.0939722,1,1475,50,52,121,43,3
1778522229.1085694,2,372,-300,193,121,36,6
1778522229.1119244,1,1475,0,53,121,43,3
1778522229.1258523,2,363,-450,224,121,36,7
1778522229.1286812,1,1475,0,53,121,43,3
1778522229.1431525,2,353,-550,251,121,36,8
1778522229.146499,1,1475,0,53,121,43,3
1778522229.1603904,2,341,-650,278,121,36,9
1778522229.1632285,1,1475,0,53,121,43,4
1778522229.1777384,2,329,-650,308,121,36,10
1778522229.1812794,1,1475,-50,49,121,43,3
1778522229.1958532,2,313,-800,332,121,36,11
1778522229.2000449,1,1475,50,53,121,43,4
1778522229.2143614,2,294,-850,360,121,36,11
1778522229.2172585,1,1475,0,53,121,43,3
1778522229.231965,2,276,-950,371,121,36,10
1778522229.235469,1,1475,-50,50,121,43,3
1778522229.2493892,2,256,-1150,366,121,36,7
1778522229.252165,1,1475,0,49,121,43,3
1778522229.266657,2,237,-1150,352,121,36,7
1778522229.2701948,1,1474,50,51,121,43,3
1778522229.2841995,2,217,-1100,334,121,36,6
1778522229.286874,1,1475,0,53,121,43,3
1778522229.3016884,2,199,-1050,315,122,36,6
1778522229.3058596,1,1475,0,53,121,43,5
1778522229.3199663,2,180,-1000,288,121,36,5
1778522229.3238218,1,1475,0,53,121,43,3
1778522229.3389914,2,163,-950,262,121,36,4
1778522229.3420706,1,1475,0,53,121,43,4
1778522229.3558996,2,149,-950,230,121,36,2
1778522229.3586826,1,1475,0,53,122,43,4
1778522229.373562,2,136,-800,206,121,36,2
1778522229.377624,1,1475,0,53,122,43,3
1778522229.3918295,2,124,-700,178,121,36,2
1778522229.395067,1,1475,0,53,122,43,3
1778522229.409982,2,115,-550,156,122,36,2
1778522229.4132638,1,1474,0,53,121,43,3
1778522229.4273057,2,107,-550,130,122,36,2
1778522229.430533,1,1475,0,53,121,43,3
1778522229.445154,2,100,-350,105,122,36,1
1778522229.4484775,1,1474,0,53,122,43,4
1778522229.4624386,2,96,-300,82,122,36,2
1778522229.4655468,1,1475,0,53,121,43,4
1778522229.4802182,2,93,-200,64,121,36,1
1778522229.4835386,1,1475,0,53,121,43,3
1778522229.4975088,2,90,-150,51,122,36,1
1778522229.5002918,1,1474,0,53,121,43,5
1778522229.5151067,2,89,-150,41,122,36,1
1778522229.518722,1,1475,0,53,122,43,4
1778522229.5328608,2,89,-50,39,121,36,1
1778522229.5356526,1,1475,0,53,122,43,4
1778522229.549965,2,89,0,39,121,36,1
1778522229.5535805,1,1475,0,53,122,43,3
1778522229.5674777,2,88,0,39,121,36,0
1778522229.5705855,1,1474,-50,51,122,43,4
1778522229.5851328,2,89,0,39,122,36,1
1778522229.5883007,1,1475,50,51,122,43,3
1778522229.6023588,2,89,0,39,122,36,0
1778522229.6053903,1,1475,0,53,122,43,4
1778522229.6198025,2,88,0,39,122,36,0
1778522229.6230772,1,1475,0,53,121,43,3
1778522229.63694,2,89,0,39,122,36,1
1778522229.6397133,1,1475,0,53,122,43,4
1778522229.6539958,2,88,0,39,122,36,0
1778522229.657565,1,1475,-50,50,121,43,3
1778522229.6718452,2,89,-50,35,122,36,1
1778522229.6747894,1,1475,50,53,122,43,4
1778522229.689418,2,88,50,38,121,36,0
1778522229.693488,1,1475,0,53,121,43,4
1778522229.70746,2,89,-50,35,122,36,0
1778522229.7106316,1,1475,-50,51,121,43,3
1778522229.7253466,2,89,0,35,122,36,0
1778522229.7285514,1,1474,50,52,122,43,3
1778522229.7426457,2,88,0,35,122,36,1
1778522229.7457514,1,1475,-50,52,121,43,4
1778522229.760392,2,88,0,35,122,36,1
1778522229.7638507,1,1475,50,51,122,43,3
1778522229.7779498,2,88,0,35,122,36,0
1778522229.7808368,1,1474,50,54,121,43,4
1778522229.7953672,2,88,0,35,121,36,0
1778522229.7989118,1,1475,0,53,122,43,3
1778522229.8130991,2,88,0,35,122,36,1
1778522229.816171,1,1475,0,53,122,43,3
1778522229.8306208,2,88,50,39,121,36,1
1778522229.8342004,1,1475,0,53,122,43,4
1778522229.848398,2,88,0,39,122,36,0
1778522229.85155,1,1474,0,53,122,43,4
1778522229.8659708,2,89,-50,36,122,36,1
1778522229.8694954,1,1475,-50,51,122,43,3
1778522229.88353,2,88,50,38,122,36,0
1778522229.8863604,1,1475,50,51,122,43,3
1778522229.9009178,2,88,-50,37,122,36,1
1778522229.9041362,1,1475,0,53,122,43,3
1778522229.9182813,2,88,0,35,122,36,1
1778522229.9209218,1,1475,0,53,121,43,4
1778522229.9354303,2,88,0,35,122,36,1
1778522229.9388642,1,1475,0,53,122,43,3
1778522229.9528055,2,89,0,35,122,36,0
1778522229.9556272,1,1475,0,53,122,43,3
1778522229.9699545,2,88,0,35,122,36,0
1778522229.973502,1,1475,0,53,122,43,3
1778522229.9880621,2,88,0,35,122,36,0
1778522229.991201,1,1475,-50,50,122,43,3
1778522230.0050006,2,88,0,35,121,36,1
1778522230.0077496,1,1475,50,52,122,43,4
1778522230.0225806,2,88,0,35,122,36,1
1778522230.02625,1,1475,0,53,122,43,3
1778522230.0405347,2,88,0,35,122,36,1
1778522230.0435553,1,1474,0,53,121,43,3
1778522230.0582962,2,88,0,35,122,36,1
1778522230.0619733,1,1475,0,53,122,43,3
1778522230.0767527,2,88,0,35,122,36,1
1778522230.07982,1,1475,0,53,122,43,4
1778522230.0945454,2,88,0,33,122,36,1
1778522230.0981631,1,1474,-50,49,122,43,3
1778522230.1129863,2,88,0,25,122,36,0
1778522230.1159644,1,1475,50,54,122,43,4
1778522230.130063,2,88,0,20,122,36,0
1778522230.1329417,1,1474,0,53,122,43,3
1778522230.147726,2,89,0,40,122,36,0
1778522230.151425,1,1475,-50,50,122,43,3
1778522230.1655927,2,89,50,65,122,37,2
1778522230.1683192,1,1474,50,52,121,43,4
1778522230.183088,2,90,0,96,122,36,3
1778522230.1866984,1,1475,0,53,122,43,4
1778522230.201252,2,91,50,136,121,36,4
1778522230.2041564,1,1475,0,53,121,43,4
1778522230.2180583,2,95,200,170,121,36,6
1778522230.2208617,1,1475,-50,52,121,43,3
1778522230.2354758,2,102,400,201,121,36,7
1778522230.238921,1,1475,-50,49,121,43,3
1778522230.2529976,2,111,400,232,121,36,8
1778522230.2557805,1,1475,50,54,121,43,4
1778522230.270594,2,121,500,256,121,36,10
1778522230.274286,1,1475,0,53,121,43,3
1778522230.2884297,2,133,600,284,121,36,10
1778522230.291331,1,1475,0,53,121,43,4
1778522230.3060691,2,144,650,314,121,36,11
1778522230.309744,1,1475,0,53,121,43,3
1778522230.3239496,2,160,750,334,120,36,10
1778522230.3271966,1,1475,0,53,121,43,4
1778522230.3419187,2,177,950,336,121,36,10
1778522230.3451316,1,1475,0,53,121,43,3
1778522230.3592067,2,195,950,330,121,36,9
1778522230.3622992,1,1475,0,53,121,43,3
1778522230.3767433,2,212,1000,314,121,36,8
1778522230.3798845,1,1475,0,53,121,43,4
1778522230.3939497,2,228,900,294,121,36,7
1778522230.3968034,1,1475,0,53,121,43,4
1778522230.4112968,2,241,900,271,121,36,6
1778522230.4146678,1,1475,-50,49,122,43,3
1778522230.4285748,2,255,750,257,121,36,5
1778522230.4314063,1,1475,50,53,122,43,3
1778522230.4459214,2,267,800,230,121,36,4
1778522230.449965,1,1475,0,53,121,43,4
1778522230.4641645,2,280,700,201,121,36,4
1778522230.4672654,1,1475,0,53,121,43,4
1778522230.4814684,2,290,650,172,122,36,3
1778522230.485078,1,1475,-50,51,122,43,4
1778522230.499219,2,298,500,143,121,36,2
1778522230.5020597,1,1475,50,51,122,43,3
1778522230.5168138,2,305,400,115,122,36,3
1778522230.5200868,1,1475,0,53,122,43,3
1778522230.5340104,2,310,300,90,122,36,2
1778522230.5367868,1,1475,0,53,122,43,3
1778522230.5515044,2,312,300,65,122,36,2
1778522230.5548475,1,1475,0,53,121,43,3
1778522230.5689785,2,313,100,51,122,36,0
1778522230.572935,1,1475,0,53,122,43,4
1778522230.5874007,2,314,100,24,122,36,0
1778522230.5904815,1,1474,0,53,122,43,3
1778522230.605144,2,314,0,30,122,36,1
1778522230.6089866,1,1475,0,53,122,43,4
1778522230.6229596,2,313,-50,59,122,36,1
1778522230.6258187,1,1474,0,53,121,43,3
1778522230.6401358,2,312,-50,91,122,36,2
1778522230.6434467,1,1475,-50,51,122,43,3
1778522230.6574786,2,310,-50,128,121,36,3
1778522230.6603372,1,1474,50,51,121,43,3
1778522230.6747534,2,306,-250,166,121,36,5
1778522230.6783357,1,1474,50,52,121,43,4
1778522230.692637,2,298,-400,200,121,36,6
1778522230.6956162,1,1475,-50,49,121,43,2
1778522230.7103984,2,290,-400,227,121,36,6
1778522230.7140436,1,1475,50,54,121,43,4
1778522230.7283762,2,279,-450,244,121,36,7
1778522230.7312288,1,1475,0,53,121,44,4
1778522230.7460485,2,267,-650,239,121,36,4
1778522230.7500432,1,1475,0,53,121,43,4
1778522230.763997,2,254,-700,225,121,36,4
1778522230.7679243,1,1475,0,53,121,43,4
1778522230.782974,2,241,-700,204,122,36,3
1778522230.7859576,1,1475,0,53,121,43,3
1778522230.799837,2,232,-600,184,121,36,2
1778522230.8025758,1,1475,0,53,122,43,3
1778522230.8170729,2,223,-550,162,121,36,2
1778522230.8209667,1,1475,0,53,121,43,2
1778522230.835091,2,214,-500,134,122,36,2
1778522230.8380358,1,1474,-50,52,122,43,3
1778522230.8528042,2,208,-350,108,122,37,1
1778522230.8560655,1,1475,-50,48,121,43,3
1778522230.8703825,2,203,-350,83,122,36,1
1778522230.8733232,1,1475,50,54,122,43,4
1778522230.8880837,2,199,-300,62,122,36,0
1778522230.8914745,1,1474,0,53,122,43,4
1778522230.905823,2,197,-150,53,122,36,1
1778522230.9086413,1,1475,0,53,122,43,4
1778522230.9233527,2,196,-100,46,122,36,1
1778522230.9269166,1,1475,0,53,122,43,4
1778522230.9411082,2,195,-100,39,122,36,0
1778522230.9438782,1,1475,0,53,122,43,4
1778522230.958399,2,194,-50,35,122,36,1
1778522230.9619925,1,1474,-50,51,122,43,3
1778522230.976089,2,194,0,34,122,36,1
1778522230.9789405,1,1475,0,49,122,43,2
1778522230.9932537,2,194,0,34,122,36,1
1778522230.9970744,1,1475,50,51,122,42,3
1778522231.0109782,2,194,0,34,122,36,1
1778522231.0137737,1,1475,50,54,122,43,4
1778522231.0282695,2,194,0,34,122,36,1
1778522231.0316286,1,1475,-50,49,122,43,3
1778522231.045807,2,194,0,34,122,36,1
1778522231.0519714,1,1475,0,49,122,43,4
1778522231.0668132,2,194,0,34,122,36,1
1778522231.0702677,1,1474,50,53,122,43,4
1778522231.0850735,2,194,0,34,122,36,1
1778522231.0891156,1,1475,0,53,122,43,3
1778522231.103413,2,194,0,34,121,36,1
1778522231.1063643,1,1475,-50,50,122,43,3
1778522231.121266,2,194,0,34,122,36,0
1778522231.124661,1,1474,50,52,122,43,4
1778522231.1386628,2,194,0,34,122,36,1
1778522231.141723,1,1475,0,53,122,43,4
1778522231.1561432,2,194,0,34,122,36,1
1778522231.1595054,1,1475,0,53,122,43,4
1778522231.173514,2,194,0,34,122,36,1
1778522231.1764238,1,1475,0,53,122,43,4
1778522231.190899,2,194,0,34,122,36,1
1778522231.1945608,1,1475,0,53,122,43,3
1778522231.2086623,2,194,0,34,122,36,1
1778522231.2114975,1,1474,0,53,122,43,4
1778522231.2259068,2,194,0,34,122,36,1
1778522231.229448,1,1474,0,53,122,43,3
1778522231.2434719,2,194,0,34,122,36,1
1778522231.2463048,1,1475,0,53,122,43,4
1778522231.2608514,2,194,0,34,122,36,1
1778522231.2650194,1,1475,0,53,122,43,4
1778522231.2790344,2,194,0,34,122,36,0
1778522231.282083,1,1475,0,53,122,44,4
1778522231.2968886,2,194,0,34,122,36,1
1778522231.3002589,1,1475,0,53,122,43,4
1778522231.314454,2,194,0,34,122,36,1
1778522231.3173304,1,1474,0,53,122,43,4
1778522231.3322062,2,194,0,34,122,36,1
1778522231.3356032,1,1475,0,53,122,43,4
1778522231.3499513,2,194,0,34,122,36,1
1778522231.3529248,1,1474,0,53,121,43,4
1778522231.3678222,2,194,0,35,122,36,1
1778522231.371208,1,1475,-50,49,122,43,3
1778522231.3853428,2,194,0,43,122,36,1
1778522231.3881385,1,1475,50,53,122,43,4
1778522231.4024374,2,194,0,56,122,36,1
1778522231.405976,1,1475,0,53,122,43,3
1778522231.4201102,2,194,0,77,122,37,3
1778522231.4229484,1,1475,0,53,121,43,3
1778522231.4376504,2,193,0,102,122,36,3
1778522231.4416473,1,1475,0,53,122,43,3
1778522231.4554982,2,191,-100,132,121,36,4
1778522231.458872,1,1474,0,53,121,43,3
1778522231.473559,2,186,-250,158,121,36,5
1778522231.4767995,1,1474,0,53,121,43,3
1778522231.4908483,2,179,-350,182,121,36,5
1778522231.4938598,1,1475,0,53,121,43,4
1778522231.5082908,2,172,-350,207,121,36,6
1778522231.511536,1,1475,0,53,121,43,4
1778522231.5257049,2,162,-450,232,121,36,7
1778522231.5285864,1,1474,0,53,121,43,4
1778522231.543381,2,151,-550,250,121,36,7
1778522231.5475082,1,1475,-50,49,121,43,3
1778522231.5617137,2,137,-650,256,121,36,7
1778522231.564576,1,1475,0,49,121,43,3
1778522231.5793173,2,125,-750,248,121,36,5
1778522231.5828204,1,1475,50,53,121,43,3
1778522231.5969331,2,112,-700,237,121,36,4
1778522231.599738,1,1475,-50,51,121,43,3
1778522231.6141453,2,101,-700,221,121,36,4
1778522231.6178398,1,1475,50,52,121,43,4
1778522231.632052,2,88,-700,197,121,36,3
1778522231.635043,1,1475,0,53,122,43,4
1778522231.6494884,2,78,-600,172,121,36,2
1778522231.6535265,1,1475,-50,52,122,43,3
1778522231.6676044,2,69,-500,145,122,36,2
1778522231.6710005,1,1475,-50,49,122,43,4
1778522231.685199,2,61,-500,116,122,36,1
1778522231.6881676,1,1475,50,54,122,43,4
1778522231.7027106,2,56,-400,91,122,36,1
1778522231.7064312,1,1474,0,53,121,43,4
1778522231.721265,2,52,-300,69,122,36,1
1778522231.724237,1,1475,0,53,122,43,4
1778522231.7383952,2,49,-150,58,122,36,2
1778522231.741297,1,1474,0,53,122,43,4
1778522231.7564251,2,48,-150,48,122,36,0
1778522231.759948,1,1475,0,53,122,43,3
1778522231.7741747,2,47,-50,40,122,36,0
1778522231.777185,1,1475,0,53,122,43,4
1778522231.792132,2,47,0,31,122,36,1
1778522231.7954686,1,1475,0,53,122,43,4
1778522231.8095784,2,47,0,17,122,36,0
1778522231.8123891,1,1475,0,53,122,43,3
1778522231.8270447,2,47,0,34,122,36,0
1778522231.8306575,1,1475,0,53,122,43,3
1778522231.8448777,2,47,0,61,122,36,1
1778522231.8477411,1,1475,0,53,122,43,4
1778522231.8622124,2,48,0,93,122,36,2
1778522231.8658712,1,1475,0,53,121,43,4
1778522231.880666,2,49,50,130,122,36,3
1778522231.8837976,1,1475,0,53,121,43,4
1778522231.898095,2,53,150,164,121,36,5
1778522231.9012969,1,1475,0,53,121,43,3
1778522231.9158955,2,59,250,200,121,36,6
1778522231.9193306,1,1475,-50,51,121,43,3
1778522231.9332488,2,69,450,230,121,36,9
1778522231.936095,1,1474,50,52,121,43,4
1778522231.9504676,2,78,550,257,121,36,8
1778522231.9540632,1,1475,0,53,121,43,4
1778522231.968315,2,91,700,284,121,36,10
1778522231.9714553,1,1475,0,53,121,43,3
1778522231.9860437,2,103,700,311,121,36,11
1778522231.9895566,1,1474,0,53,121,43,3
1778522232.0044081,2,120,750,342,121,36,13
1778522232.0086753,1,1475,0,53,121,43,3
1778522232.0227911,2,137,900,362,121,36,13
1778522232.0258014,1,1475,0,53,121,43,4
1778522232.040233,2,154,900,383,121,36,14
1778522232.0434964,1,1475,0,53,121,43,4
1778522232.057555,2,173,1050,389,121,36,13
1778522232.060422,1,1475,0,53,121,43,3
1778522232.0749764,2,193,1100,386,121,36,9
1778522232.078365,1,1475,-50,51,121,43,4
1778522232.0922086,2,214,1150,373,121,36,11
1778522232.095031,1,1475,50,52,121,43,4
1778522232.1095896,2,231,1100,357,121,36,8
1778522232.1136284,1,1475,-50,52,121,43,3
1778522232.1275327,2,250,1050,335,121,36,7
1778522232.1309566,1,1474,0,49,121,43,3
1778522232.1452322,2,269,1050,311,121,36,7
1778522232.1481397,1,1475,0,49,121,43,4
1778522232.162525,2,285,1000,284,121,36,5
1778522232.1660626,1,1475,50,54,122,43,4
1778522232.1800718,2,301,900,258,121,36,5
1778522232.1830149,1,1475,0,53,121,43,4
1778522232.1977851,2,314,900,226,121,36,5
1778522232.2017589,1,1475,-50,50,122,43,3
1778522232.215608,2,326,700,197,121,36,3
1778522232.2189136,1,1474,50,52,121,43,4
1778522232.2334144,2,334,550,176,121,36,4
1778522232.2366557,1,1475,0,53,122,43,4
1778522232.2506025,2,343,450,152,122,36,3
1778522232.2535594,1,1474,0,53,122,43,3
1778522232.268049,2,349,400,129,122,36,3
1778522232.271376,1,1474,0,53,122,43,4
1778522232.2852013,2,355,350,103,122,36,1
1778522232.2879808,1,1475,0,53,122,43,4
1778522232.302497,2,359,350,79,122,36,1
1778522232.3059754,1,1475,0,53,122,43,4
1778522232.3198829,2,362,250,62,122,36,1
1778522232.3234577,1,1475,0,53,122,43,4
1778522232.3377469,2,363,100,56,122,36,1
1778522232.340761,1,1475,0,53,122,43,4
1778522232.3547091,2,364,100,49,122,36,1
1778522232.3577116,1,1475,0,53,122,43,4
1778522232.372218,2,364,0,47,122,36,1
1778522232.3754847,1,1475,-50,51,122,43,3
1778522232.389497,2,364,0,47,122,36,1
1778522232.3922746,1,1475,50,51,122,43,4
1778522232.4067674,2,364,0,47,122,36,1
1778522232.4103694,1,1474,0,53,122,43,4
1778522232.4247983,2,364,0,47,122,37,1
1778522232.4277382,1,1475,0,53,122,43,4
1778522232.4420907,2,364,0,47,122,36,1
1778522232.445702,1,1475,0,53,122,43,4
1778522232.4599516,2,364,0,47,122,36,1
1778522232.4627054,1,1475,-50,49,122,43,3
1778522232.4774914,2,364,0,47,122,36,1
1778522232.4817102,1,1474,50,53,122,43,3
1778522232.4960258,2,364,0,47,122,36,1
1778522232.4995883,1,1475,0,53,122,43,3
1778522232.5141249,2,364,0,46,121,36,1
1778522232.5171828,1,1475,0,53,122,43,4
1778522232.530976,2,364,0,44,122,36,1
1778522232.5339737,1,1474,0,53,122,43,3
1778522232.548402,2,364,0,44,121,36,1
1778522232.5516803,1,1475,0,53,122,43,3
1778522232.5654907,2,364,0,44,122,36,1
1778522232.5683577,1,1475,0,53,122,43,4
1778522232.5829043,2,364,0,44,121,36,1
1778522232.5864823,1,1475,0,53,122,43,3
1778522232.6004324,2,364,0,44,121,36,1
1778522232.6032777,1,1475,0,53,122,43,4
1778522232.6176593,2,364,0,44,121,36,1
1778522232.6215434,1,1475,0,53,122,43,3
1778522232.6354234,2,364,0,44,121,36,1
1778522232.6387596,1,1475,0,53,122,43,3
1778522232.6533554,2,364,0,44,122,36,1
1778522232.6563952,1,1475,0,53,122,43,3
1778522232.6706498,2,364,0,44,122,36,1
1778522232.6736865,1,1475,0,53,122,43,4
1778522232.6885788,2,364,0,42,122,36,0
1778522232.6919897,1,1475,0,53,122,43,4
1778522232.706111,2,364,0,34,122,36,1
1778522232.708982,1,1475,0,53,122,43,3
1778522232.7238476,2,364,0,21,122,36,0
1778522232.7272463,1,1475,0,53,122,43,4
1778522232.7412643,2,364,0,30,122,36,0
1778522232.7440507,1,1475,0,53,122,43,3
1778522232.7587495,2,363,0,58,122,36,1
1778522232.7620316,1,1475,0,53,122,43,4
1778522232.775997,2,362,-50,85,122,36,2
1778522232.7788723,1,1475,-50,50,122,43,3
1778522232.7936997,2,361,-50,119,121,37,3
1778522232.7977512,1,1475,50,53,121,43,4
1778522232.8116784,2,357,-150,157,121,36,5
1778522232.8148174,1,1475,0,53,121,43,4
1778522232.8294535,2,350,-300,192,121,36,6
1778522232.8327417,1,1474,0,53,121,43,3
1778522232.846699,2,342,-450,221,121,36,7
1778522232.8495207,1,1475,0,53,121,43,4
1778522232.8638117,2,333,-550,248,121,36,9
1778522232.8672588,1,1475,0,53,121,43,3
1778522232.8814692,2,321,-550,280,121,36,9
1778522232.8846412,1,1475,0,53,121,43,3
1778522232.8991091,2,307,-650,309,121,36,10
1778522232.9028819,1,1475,0,53,121,43,3
1778522232.9171064,2,292,-800,334,121,36,12
1778522232.9199123,1,1475,-50,49,121,43,3
1778522232.9344747,2,275,-900,354,121,36,11
1778522232.93834,1,1475,50,53,121,43,3
1778522232.9525707,2,255,-1000,370,121,36,12
1778522232.9553132,1,1475,0,53,121,43,4
1778522232.9699736,2,236,-1100,378,121,36,10
1778522232.9739807,1,1475,0,53,121,43,3
1778522232.9879413,2,215,-1100,386,121,36,10
1778522232.9915557,1,1475,0,53,121,43,4
1778522233.0061066,2,195,-1200,389,121,36,10
1778522233.009076,1,1475,0,53,121,43,3
1778522233.022924,2,173,-1200,389,121,37,9
1778522233.0260122,1,1475,0,53,121,43,3
1778522233.0405848,2,151,-1200,389,121,36,8
1778522233.0440135,1,1475,0,53,121,43,4
1778522233.0581388,2,129,-1250,384,121,36,8
1778522233.0612307,1,1475,0,53,121,43,3
1778522233.075784,2,109,-1200,385,121,36,7
1778522233.0789676,1,1475,0,53,121,43,3
1778522233.0934162,2,88,-1200,380,121,36,8
1778522233.097333,1,1475,0,53,121,43,3
1778522233.1113229,2,66,-1200,370,121,36,7
1778522233.11458,1,1474,0,53,121,43,4
1778522233.1291258,2,45,-1200,352,121,36,8
1778522233.1322834,1,1475,0,53,121,43,3
1778522233.1461864,2,27,-1100,333,121,36,6
1778522233.1493258,1,1475,-50,51,121,43,4
1778522233.1640978,2,8,-1050,312,121,36,4
1778522233.1675377,1,1475,50,51,121,43,3
1778522233.1817465,2,4086,-1000,287,121,36,5
1778522233.1844888,1,1475,0,53,121,43,4
1778522233.1993468,2,4071,-1000,261,121,36,5
1778522233.202807,1,1475,0,53,121,43,4
1778522233.2170057,2,4057,-900,234,122,36,3
1778522233.2199516,1,1475,0,53,121,43,3
1778522233.234522,2,4044,-750,213,121,36,3
1778522233.238091,1,1475,0,53,121,43,4
1778522233.2521422,2,4033,-700,186,121,36,3
1778522233.2549427,1,1474,0,53,121,43,3
1778522233.269394,2,4025,-500,169,121,36,4
1778522233.2733529,1,1475,-50,50,121,43,4
1778522233.2874362,2,4020,-400,148,121,37,5
1778522233.290831,1,1474,50,52,121,43,3
1778522233.3051932,2,4017,-200,133,121,36,7
1778522233.3082776,1,1475,-50,51,121,43,3
1778522233.3228736,2,4016,-50,124,121,36,7
1778522233.3272197,1,1475,50,51,121,43,4
1778522233.341492,2,4016,0,122,121,36,7
1778522233.344143,1,1474,0,53,121,43,3
1778522233.358462,2,4016,0,122,121,36,6
1778522233.362088,1,1475,0,53,121,43,4
1778522233.3760593,2,4016,0,122,121,36,6
1778522233.378809,1,1475,-50,49,121,43,3
1778522233.3935094,2,4016,0,122,121,36,7
1778522233.3974347,1,1475,50,53,121,43,4
1778522233.411577,2,4016,0,122,121,36,7
1778522233.4149613,1,1475,0,53,121,43,4
1778522233.4298062,2,4016,0,120,121,36,7
1778522233.4328866,1,1475,0,53,121,43,3
1778522233.4469674,2,4016,0,114,121,36,6
1778522233.4501004,1,1475,0,53,121,43,4
1778522233.4649746,2,4016,0,99,121,36,4
1778522233.4683173,1,1475,0,53,121,43,4
1778522233.4824626,2,4016,0,78,121,36,3
1778522233.4853995,1,1475,0,53,121,43,3
1778522233.5001569,2,4016,0,53,122,36,1
1778522233.503578,1,1475,0,53,121,43,4
1778522233.517632,2,4016,0,20,122,36,0
1778522233.5204074,1,1475,0,53,122,43,3
1778522233.535121,2,4017,0,48,122,36,1
1778522233.5386932,1,1475,0,53,122,43,4
1778522233.5528297,2,4018,50,93,121,36,2
1778522233.5556278,1,1475,-50,49,121,43,3
1778522233.5699637,2,4021,150,132,122,36,3
1778522233.5734987,1,1475,0,49,122,43,3
1778522233.5876634,2,4025,200,177,121,36,4
1778522233.5904758,1,1475,50,52,121,43,4
1778522233.6048884,2,4030,250,219,121,36,7
1778522233.6088014,1,1475,0,53,121,43,3
1778522233.6229765,2,4040,450,268,121,36,10
1778522233.626095,1,1475,-50,51,121,43,3
1778522233.6407545,2,4051,650,307,121,36,11
1778522233.6440945,1,1475,0,49,121,43,3
1778522233.6579747,2,4066,650,342,121,36,12
1778522233.6608613,1,1474,0,51,121,43,3
1778522233.6753764,2,4081,800,366,121,36,14
1778522233.678595,1,1475,50,54,121,43,4
1778522233.6928518,2,4,950,383,121,36,13
1778522233.6959097,1,1475,0,53,121,43,3
1778522233.7098055,2,23,1050,393,121,36,14
1778522233.7126155,1,1475,0,53,121,43,4
1778522233.7275548,2,41,1150,398,121,36,12
1778522233.7310095,1,1475,0,53,121,43,3
1778522233.7452118,2,62,1050,407,121,36,14
1778522233.7480884,1,1474,0,53,121,43,4
1778522233.7625136,2,83,1200,411,121,36,13
1778522233.7661645,1,1475,0,53,121,43,3
1778522233.7802498,2,105,1250,410,121,36,12
1778522233.7830765,1,1475,0,53,121,43,3
1778522233.797633,2,126,1250,406,121,36,11
1778522233.801314,1,1474,-50,52,121,43,3
1778522233.8153334,2,148,1250,403,121,36,10
1778522233.8184288,1,1475,-50,49,121,43,4
1778522233.8331065,2,169,1150,407,121,36,11
1778522233.8363369,1,1475,50,54,121,43,4
1778522233.8504872,2,191,1200,402,121,36,10
1778522233.8535793,1,1475,-50,49,121,43,4
1778522233.868194,2,212,1250,390,121,36,8
1778522233.8717215,1,1475,50,53,121,43,4
1778522233.885972,2,232,1200,371,121,36,9
1778522233.8888006,1,1475,0,53,121,43,3
1778522233.9033816,2,251,1050,355,121,36,7
1778522233.9069643,1,1475,0,53,121,43,4
1778522233.9211214,2,271,1100,334,121,36,6
1778522233.9240239,1,1475,-50,51,121,43,4
1778522233.9384718,2,289,1050,307,121,36,6
1778522233.9420652,1,1474,50,51,121,43,4
1778522233.9564276,2,306,1050,275,121,36,6
1778522233.9594505,1,1475,0,53,121,43,4
1778522233.9735193,2,320,950,247,121,36,4
1778522233.9771647,1,1475,0,53,121,43,3
1778522233.9913874,2,332,800,222,121,36,4
1778522233.9942691,1,1475,-50,49,121,43,3
1778522234.0083919,2,342,600,205,121,36,4
1778522234.0122557,1,1475,50,53,122,43,3
1778522234.0273445,2,353,600,178,121,36,4
1778522234.0302882,1,1475,0,53,121,43,4
1778522234.044248,2,362,550,151,121,36,2
1778522234.0470877,1,1475,0,53,121,43,4
1778522234.0615754,2,369,450,122,121,36,2
1778522234.0655494,1,1475,0,53,122,43,3
1778522234.0797374,2,375,300,94,122,36,2
1778522234.0830874,1,1475,-50,51,121,43,3
1778522234.0981584,2,378,200,75,122,36,2
1778522234.1013374,1,1474,50,51,122,43,3
1778522234.115845,2,381,200,61,122,36,2
1778522234.1190262,1,1475,0,53,122,43,3
1778522234.133234,2,382,150,52,121,36,1
1778522234.1361701,1,1475,0,53,121,43,4
1778522234.1501877,2,382,50,49,122,36,1
1778522234.153318,1,1475,-50,49,122,43,3
1778522234.1679935,2,383,50,45,122,36,1
1778522234.1714165,1,1475,50,53,121,43,4
1778522234.1853359,2,383,0,45,121,36,1
1778522234.1881106,1,1475,-50,50,122,43,3
1778522234.2029028,2,382,0,45,122,36,1
1778522234.2065399,1,1475,50,52,122,43,3
1778522234.2209573,2,383,0,45,121,36,1
1778522234.2238379,1,1475,0,53,121,42,3
1778522234.2386084,2,383,0,45,122,36,1
1778522234.2421923,1,1475,0,53,122,43,4
1778522234.2563493,2,383,0,43,122,36,1
1778522234.2592182,1,1475,0,53,121,43,3
1778522234.2735207,2,382,0,42,122,36,0
1778522234.2770724,1,1475,0,53,122,43,4
1778522234.2912228,2,383,0,42,122,36,1
1778522234.2942138,1,1475,0,53,122,43,3
1778522234.308956,2,383,-50,45,121,36,1
1778522234.313044,1,1475,0,53,122,43,4
1778522234.3270485,2,383,50,42,122,36,1
1778522234.3302288,1,1475,0,53,122,43,3
1778522234.3447387,2,383,0,42,122,36,1
1778522234.347921,1,1475,0,53,122,43,4
1778522234.3618765,2,383,0,42,122,36,1
1778522234.364705,1,1474,0,53,122,43,3
1778522234.379304,2,383,0,42,122,36,1
1778522234.3830287,1,1475,0,53,122,43,4
1778522234.3975608,2,383,0,42,122,36,1
1778522234.4005878,1,1475,0,53,122,43,4
1778522234.4154832,2,383,0,42,122,36,1
1778522234.4189818,1,1475,0,53,122,43,3
1778522234.433556,2,383,0,40,122,36,0
1778522234.4365444,1,1474,0,53,122,43,3
1778522234.4512794,2,383,0,32,122,36,0
1778522234.454706,1,1474,0,53,122,43,4
1778522234.4689758,2,383,0,19,122,36,0
1778522234.4718614,1,1475,0,53,122,43,4
1778522234.4863286,2,382,0,33,122,36,0
1778522234.4900267,1,1475,0,53,122,43,4
1778522234.5041628,2,382,-50,57,122,36,1
1778522234.506987,1,1474,0,53,122,43,4
1778522234.5216763,2,380,-50,85,121,36,2
1778522234.525571,1,1475,0,53,122,43,4
1778522234.5394747,2,379,-50,122,121,36,3
1778522234.543016,1,1475,0,53,122,43,3
1778522234.557557,2,375,-250,158,121,36,4
1778522234.560575,1,1475,0,53,121,43,4
1778522234.5745354,2,369,-250,189,121,36,5
1778522234.5775802,1,1475,0,53,121,43,4
1778522234.5920558,2,361,-350,221,121,36,7
1778522234.5954945,1,1474,0,52,121,43,4
1778522234.6095161,2,350,-450,252,121,36,8
1778522234.6123052,1,1475,-50,49,121,43,3
1778522234.6270053,2,339,-600,278,121,36,8
1778522234.630367,1,1474,50,54,121,43,4
1778522234.644293,2,325,-700,307,121,36,10
1778522234.6471379,1,1475,-50,50,121,43,4
1778522234.661696,2,311,-850,331,121,36,12
1778522234.6653242,1,1474,50,53,121,43,4
1778522234.6792932,2,294,-900,354,121,36,11
1778522234.6825764,1,1475,-50,51,121,43,4
1778522234.6974099,2,275,-1050,370,121,36,11
1778522234.7007346,1,1475,50,52,121,43,3
1778522234.714488,2,254,-1150,378,121,36,9
1778522234.7173674,1,1475,0,53,121,43,4
1778522234.7317507,2,235,-1150,381,121,36,10
1778522234.7350922,1,1475,0,53,121,42,3
1778522234.7492418,2,216,-1150,385,121,36,9
1778522234.7521434,1,1475,0,53,121,43,4
1778522234.7661617,2,195,-1150,388,121,36,9
1778522234.769255,1,1475,0,53,121,43,4
1778522234.7837756,2,173,-1200,389,121,36,10
1778522234.7870686,1,1475,0,53,121,43,3
1778522234.8013656,2,151,-1250,386,121,36,8
1778522234.8044362,1,1474,0,53,121,43,3
1778522234.8186355,2,130,-1200,385,121,36,8
1778522234.8219352,1,1475,0,53,121,43,3
1778522234.8359795,2,109,-1200,385,121,36,9
1778522234.8388784,1,1474,0,53,121,43,3
1778522234.8532155,2,90,-1200,380,121,36,8
1778522234.8571522,1,1475,0,53,121,43,4
1778522234.8712595,2,67,-1200,370,121,36,7
1778522234.874033,1,1475,0,53,121,43,4
1778522234.8883257,2,47,-1200,353,121,36,8
1778522234.8924825,1,1475,0,53,121,43,3
1778522234.9066231,2,27,-1150,331,121,36,6
1778522234.909479,1,1475,0,53,121,43,3
1778522234.9240243,2,10,-1050,312,121,36,5
1778522234.9273427,1,1474,0,53,121,43,4
1778522234.9412148,2,4088,-1000,292,121,36,4
1778522234.943997,1,1475,-50,50,121,43,3
1778522234.9583328,2,4072,-950,267,121,36,4
1778522234.961969,1,1475,50,52,121,43,4
1778522234.9760487,2,4057,-850,239,121,36,4
1778522234.9788132,1,1474,0,53,121,43,3
1778522234.993138,2,4045,-850,213,121,36,3
1778522234.996991,1,1474,-50,52,122,43,3
1778522235.0109265,2,4034,-750,185,122,36,3
1778522235.0137806,1,1475,50,51,122,43,3
1778522235.0283215,2,4026,-600,163,121,36,3
1778522235.0318294,1,1474,50,54,122,43,4
1778522235.0457525,2,4020,-450,144,121,36,5
1778522235.0487266,1,1474,0,53,121,43,4
1778522235.0633402,2,4017,-200,134,121,36,6
1778522235.0667872,1,1475,0,53,121,43,3
1778522235.0808194,2,4016,-150,123,121,36,7
1778522235.0835853,1,1475,0,53,121,43,3
1778522235.0976818,2,4016,0,120,121,36,7
1778522235.101207,1,1475,-50,51,121,43,3
1778522235.1161132,2,4016,0,120,121,36,6
1778522235.119266,1,1475,50,52,121,43,4
1778522235.1336963,2,4016,0,120,121,36,7
1778522235.1367588,1,1475,0,53,121,43,3
1778522235.1509504,2,4016,0,120,121,36,7
1778522235.153936,1,1474,-50,52,121,43,3
1778522235.168825,2,4016,0,120,121,36,6
1778522235.1721005,1,1475,-50,51,121,43,3
1778522235.1859732,2,4016,0,120,121,36,6
1778522235.1889124,1,1475,50,54,121,43,4
1778522235.2033243,2,4016,0,120,121,36,7
1778522235.2066596,1,1475,-50,49,121,43,4
1778522235.2206333,2,4016,0,120,121,36,6
1778522235.223436,1,1475,50,53,121,43,4
1778522235.238202,2,4016,0,120,121,36,6
1778522235.2421584,1,1475,0,53,121,43,4
1778522235.256049,2,4016,0,120,121,36,6
1778522235.260002,1,1474,0,53,121,43,4
1778522235.2743502,2,4016,0,120,121,36,6
1778522235.2773452,1,1475,0,53,121,43,4
1778522235.2912035,2,4016,0,120,121,36,6
1778522235.294324,1,1474,0,53,121,43,4
1778522235.3089216,2,4016,0,120,121,36,7
1778522235.3123145,1,1475,0,53,121,43,4
1778522235.3263867,2,4016,0,120,121,36,6
1778522235.3291888,1,1475,0,53,121,43,4
1778522235.3436503,2,4016,0,120,121,36,7
1778522235.346816,1,1475,0,53,121,43,3
1778522235.3606527,2,4016,0,120,121,36,6
1778522235.3634248,1,1475,0,53,121,43,3
1778522235.3777835,2,4016,0,120,121,36,6
1778522235.3813527,1,1475,0,53,121,43,4
1778522235.3952928,2,4016,0,120,121,36,6
1778522235.3982162,1,1475,0,53,121,43,4
1778522235.4129317,2,4016,0,120,121,36,6
1778522235.416339,1,1474,0,53,121,43,4
1778522235.430423,2,4016,0,118,121,36,6
1778522235.433502,1,1475,0,53,121,43,4
1778522235.4483774,2,4016,0,112,121,36,6
1778522235.4518063,1,1475,0,53,121,43,4
1778522235.4660218,2,4016,0,97,121,36,4
1778522235.4687564,1,1474,0,53,121,43,4
1778522235.4837534,2,4016,0,77,121,36,3
1778522235.4874098,1,1475,-50,49,122,43,3
1778522235.5016484,2,4016,0,49,121,36,2
1778522235.5043976,1,1475,50,53,122,43,4
1778522235.5189848,2,4016,0,18,122,36,0
1778522235.5226777,1,1475,-50,50,122,43,3
1778522235.5367653,2,4017,0,52,121,36,1
1778522235.539591,1,1475,50,52,121,43,4
1778522235.5539098,2,4018,100,92,122,36,2
1778522235.5574706,1,1475,0,53,121,43,3
1778522235.5714862,2,4022,200,135,122,36,3
1778522235.5742416,1,1474,0,53,122,43,4
1778522235.5886073,2,4025,200,177,121,36,4
1778522235.5924675,1,1475,0,53,122,43,3
1778522235.6064384,2,4032,200,229,121,36,7
1778522235.6092389,1,1475,0,53,121,43,3
1778522235.623799,2,4040,350,271,121,36,10
1778522235.627142,1,1475,0,53,121,43,4
1778522235.6414056,2,4052,600,304,121,36,9
1778522235.6443899,1,1475,0,53,121,43,3
1778522235.6583183,2,4066,700,337,121,36,11
1778522235.661268,1,1474,0,53,121,43,4
1778522235.6756485,2,4082,900,363,121,36,12
1778522235.678875,1,1475,0,53,121,43,3
1778522235.693183,2,3,1000,380,121,36,14
1778522235.6961749,1,1475,0,53,121,43,3
1778522235.710068,2,23,1100,391,120,36,14
1778522235.7129638,1,1475,0,53,121,43,4
1778522235.7274015,2,41,1100,399,121,36,13
1778522235.7306404,1,1475,0,53,121,43,3
1778522235.744584,2,60,1050,410,120,36,13
1778522235.7474535,1,1475,0,53,121,43,3
1778522235.7620287,2,81,1150,413,121,36,12
1778522235.7659857,1,1475,0,53,121,43,3
1778522235.7797806,2,104,1250,410,121,36,12
1778522235.7830412,1,1475,0,53,121,43,4
1778522235.7995033,2,126,1250,406,121,36,10
1778522235.8027282,1,1475,0,53,121,43,3
1778522235.8175554,2,149,1200,405,121,36,11
1778522235.8215504,1,1475,0,53,121,43,3
1778522235.8354368,2,172,1200,405,121,36,10
1778522235.838409,1,1474,0,53,121,43,4
1778522235.8529298,2,193,1200,400,121,36,9
1778522235.856281,1,1475,0,53,121,43,4
1778522235.8703308,2,215,1250,389,121,36,11
1778522235.8732564,1,1475,0,53,121,43,4
1778522235.8876486,2,234,1250,368,121,36,8
1778522235.89092,1,1475,0,53,121,43,4
1778522235.904804,2,252,1100,355,121,36,8
1778522235.9076145,1,1475,0,53,121,43,3
1778522235.9220004,2,271,1100,334,121,36,7
1778522235.9254978,1,1475,0,53,121,43,4
1778522235.9403622,2,289,1050,309,121,36,5
1778522235.943627,1,1475,0,53,121,43,4
1778522235.9576046,2,307,1000,280,121,36,6
1778522235.9603581,1,1475,0,53,121,43,3
1778522235.974713,2,321,900,252,121,36,5
1778522235.9782941,1,1475,0,53,121,43,4
1778522235.992372,2,333,750,225,121,36,4
1778522235.9953156,1,1475,0,53,121,43,4
1778522236.009717,2,344,600,202,121,36,3
1778522236.0136664,1,1475,0,53,122,43,4
1778522236.027783,2,355,600,177,122,36,3
1778522236.0310178,1,1475,0,53,122,43,3
1778522236.0456362,2,363,550,151,122,36,2
1778522236.0488963,1,1475,0,53,121,43,3
1778522236.0628107,2,370,500,121,122,36,2
1778522236.0657287,1,1475,0,53,121,43,4
1778522236.0801992,2,376,350,98,122,36,2
1778522236.0834365,1,1475,0,53,122,43,4
1778522236.097509,2,380,300,76,122,36,1
1778522236.1003273,1,1475,0,53,122,43,3
1778522236.1146991,2,382,150,64,122,36,1
1778522236.1183317,1,1475,0,53,122,43,4
1778522236.1329055,2,383,100,55,122,36,2
1778522236.1361632,1,1475,0,53,122,43,4
1778522236.1507041,2,384,50,50,122,36,1
1778522236.154304,1,1475,0,53,122,43,3
1778522236.1684058,2,384,0,47,122,36,1
1778522236.1712332,1,1475,0,53,122,43,5
1778522236.185924,2,384,0,47,121,36,1
1778522236.1895318,1,1475,0,53,122,43,4
1778522236.203702,2,384,0,47,122,36,1
1778522236.2071419,1,1474,-50,52,122,43,3
1778522236.2218654,2,384,0,47,122,36,1
1778522236.224823,1,1475,-50,49,122,43,3
1778522236.2386172,2,384,0,47,122,36,1
1778522236.2416093,1,1474,50,54,122,43,4
1778522236.2560015,2,384,0,47,122,36,1
1778522236.2594674,1,1475,0,53,122,43,4
1778522236.2735536,2,384,0,47,122,36,0
1778522236.2763815,1,1475,0,53,122,43,3
1778522236.290664,2,384,0,47,121,36,1
1778522236.2941556,1,1475,0,53,122,43,4
1778522236.3086622,2,384,0,47,122,36,1
1778522236.3117237,1,1475,0,53,122,43,4
1778522236.3255365,2,384,0,47,122,36,1
1778522236.3283432,1,1475,-50,52,122,43,3
1778522236.342824,2,384,0,47,122,36,1
1778522236.3462029,1,1475,50,51,122,43,3
1778522236.3602455,2,384,0,47,121,36,1
1778522236.3630188,1,1475,50,54,122,43,4
1778522236.3774853,2,384,0,47,122,36,1
1778522236.381436,1,1475,0,53,122,43,3
1778522236.3955188,2,385,0,47,122,36,1
1778522236.3988805,1,1475,0,53,122,43,4
1778522236.4136662,2,384,0,47,122,36,1
1778522236.4166923,1,1475,-50,50,122,43,3
1778522236.4308052,2,384,0,46,122,36,1
1778522236.4338074,1,1475,50,52,122,43,4
1778522236.448731,2,384,0,39,122,36,1
1778522236.4521255,1,1475,0,53,122,43,4
1778522236.4663713,2,384,0,25,122,36,0
1778522236.469441,1,1475,0,53,122,43,3
1778522236.4841301,2,384,0,27,122,36,0
1778522236.4874735,1,1475,-50,52,122,43,4
1778522236.5015724,2,384,0,53,121,36,1
1778522236.5043538,1,1475,-50,49,122,43,3
1778522236.5188231,2,383,0,83,122,36,2
1778522236.5225728,1,1474,0,49,122,43,3
1778522236.536905,2,382,-100,118,121,36,4
1778522236.5398278,1,1474,50,54,122,43,4
1778522236.5545518,2,378,-100,155,121,36,4
1778522236.5581734,1,1475,0,53,121,43,4
1778522236.5722165,2,371,-300,190,121,36,6
1778522236.5751207,1,1475,0,53,121,43,3
1778522236.5897772,2,364,-450,220,121,36,7
1778522236.5937958,1,1475,-50,50,121,43,3
1778522236.608195,2,353,-550,250,121,36,8
1778522236.6113133,1,1475,50,52,121,44,4
1778522236.6259162,2,341,-550,279,121,36,9
1778522236.6299422,1,1475,-50,51,121,43,4
1778522236.6438107,2,326,-700,307,121,36,9
1778522236.6470883,1,1474,0,49,121,43,3
1778522236.661843,2,312,-800,333,121,36,11
1778522236.6650286,1,1475,50,51,121,43,3
1778522236.6787806,2,294,-850,357,121,36,11
1778522236.681779,1,1475,50,54,121,43,4
1778522236.6962779,2,276,-1000,371,121,36,10
1778522236.6995041,1,1475,0,53,121,43,4
1778522236.7135642,2,256,-1100,379,121,36,10
1778522236.7162926,1,1475,0,53,121,43,3
1778522236.7304616,2,237,-1150,384,121,36,10
1778522236.734105,1,1475,0,53,121,43,4
1778522236.7482316,2,216,-1150,387,121,36,10
1778522236.751079,1,1475,-50,51,121,43,4
1778522236.7656953,2,196,-1200,389,121,36,9
1778522236.769609,1,1475,50,52,121,43,4
1778522236.783425,2,173,-1200,389,121,36,9
1778522236.7867365,1,1475,0,53,121,43,4
1778522236.8020551,2,151,-1250,385,121,36,7
1778522236.8052926,1,1475,0,53,121,43,4
1778522236.8198285,2,128,-1200,385,121,36,7
1778522236.8240979,1,1475,0,53,121,43,3
1778522236.8381786,2,106,-1200,385,121,36,9
1778522236.8409624,1,1475,0,53,121,43,3
1778522236.8555622,2,85,-1200,381,121,36,9
1778522236.858815,1,1475,0,53,121,43,4
1778522236.8727238,2,64,-1250,368,121,36,7
1778522236.8755941,1,1475,0,53,121,43,4
1778522236.8899186,2,45,-1150,353,121,36,6
1778522236.8934274,1,1475,0,53,121,43,3
1778522236.9079823,2,25,-1100,334,121,36,6
1778522236.9110138,1,1475,0,53,121,43,4
1778522236.9249077,2,7,-1050,313,121,36,6
1778522236.9276948,1,1475,0,53,121,43,3
1778522236.9421227,2,4085,-1050,290,121,36,5
1778522236.9457047,1,1475,0,53,122,43,4
1778522236.9604063,2,4069,-1000,262,121,36,4
1778522236.963371,1,1475,0,53,122,43,4
1778522236.9773076,2,4056,-900,237,122,36,4
1778522236.9802005,1,1474,0,53,121,43,3
1778522236.9945982,2,4043,-750,215,121,36,3
1778522236.9981663,1,1475,0,53,122,43,4
1778522237.0122747,2,4032,-700,190,121,36,3
1778522237.0150878,1,1475,0,53,121,43,3
1778522237.0297124,2,4024,-500,168,121,36,4
1778522237.0336401,1,1475,0,53,121,43,4
1778522237.0485013,2,4019,-350,149,121,36,5
1778522237.0527532,1,1475,0,53,121,43,3
1778522237.0673187,2,4016,-150,135,121,36,9
1778522237.070393,1,1474,0,53,121,43,4
1778522237.0854065,2,4015,-50,128,121,36,7
1778522237.089457,1,1475,0,53,121,43,4
1778522237.1036937,2,4015,0,124,121,36,7
1778522237.1071665,1,1475,-50,51,121,43,3
1778522237.1219654,2,4015,0,117,121,36,6
1778522237.1250033,1,1475,0,49,121,43,3
1778522237.1389105,2,4015,0,115,121,36,8
1778522237.141874,1,1475,50,51,121,43,3
1778522237.1563716,2,4015,0,115,121,36,5
1778522237.1597133,1,1474,50,54,121,43,4
1778522237.1737201,2,4015,0,115,121,36,6
1778522237.176536,1,1475,0,53,121,43,3
1778522237.191067,2,4015,0,115,121,36,6
1778522237.1943996,1,1475,-50,50,122,43,3
1778522237.2084806,2,4015,0,115,121,36,6
1778522237.2112632,1,1474,50,53,121,43,4
1778522237.2257276,2,4015,0,115,121,36,6
1778522237.229498,1,1475,-50,51,121,43,3
1778522237.2434494,2,4015,0,115,121,36,7
1778522237.2467108,1,1475,50,52,121,43,3
1778522237.26133,2,4015,0,115,121,36,6
1778522237.264566,1,1475,0,53,121,43,3
1778522237.2784986,2,4015,0,115,121,36,7
1778522237.281598,1,1475,0,53,121,43,4
1778522237.2961323,2,4015,0,115,122,36,6
1778522237.2995915,1,1474,0,53,121,43,3
1778522237.3141832,2,4015,0,113,121,36,7
1778522237.3173528,1,1475,-50,49,121,43,3
1778522237.3321762,2,4015,0,107,121,36,5
1778522237.3356218,1,1475,50,54,122,43,3
1778522237.3497968,2,4015,0,92,121,36,4
1778522237.3527622,1,1475,0,53,122,43,5
1778522237.3677242,2,4015,0,71,122,36,3
1778522237.3712459,1,1475,-50,50,122,43,3
1778522237.385278,2,4015,0,44,121,36,1
1778522237.3880742,1,1475,50,52,122,43,3
1778522237.4026499,2,4015,0,19,122,36,0
1778522237.4059756,1,1475,0,53,122,43,1
1778522237.4200084,2,4016,0,57,122,36,0
1778522237.4236364,1,1474,0,53,122,43,4
1778522237.4380443,2,4018,50,99,122,36,2
1778522237.441133,1,1475,0,53,122,43,3
1778522237.454967,2,4021,100,142,122,36,3
1778522237.4579961,1,1475,0,53,122,43,3
1778522237.4723518,2,4025,250,181,121,36,4
1778522237.4755628,1,1475,0,53,121,43,5
1778522237.489632,2,4031,250,227,121,36,7
1778522237.492857,1,1475,0,53,121,43,4
1778522237.5071442,2,4040,450,269,121,36,10
1778522237.510114,1,1475,0,53,121,43,4
1778522237.5248315,2,4052,650,305,121,36,9
1778522237.52912,1,1475,0,53,121,43,3
1778522237.5432603,2,4068,850,340,121,36,11
1778522237.5464933,1,1474,0,53,121,43,4
1778522237.5610998,2,4083,850,364,121,36,14
1778522237.5643535,1,1475,-50,51,121,43,3
1778522237.5783532,2,6,900,384,121,36,19
1778522237.5814984,1,1474,0,49,121,43,3
1778522237.5960364,2,25,1050,393,121,36,13
1778522237.599392,1,1474,0,49,121,43,3
1778522237.6135159,2,44,1100,400,121,36,12
1778522237.616304,1,1475,0,49,121,43,4
1778522237.630806,2,63,1050,410,121,36,13
1778522237.634455,1,1475,50,54,121,43,4
1778522237.6485999,2,86,1250,410,121,36,12
1778522237.6514447,1,1475,0,53,121,43,4
1778522237.6657503,2,107,1200,409,121,36,12
1778522237.6694574,1,1475,-50,50,121,43,3
1778522237.683586,2,130,1250,407,121,36,12
1778522237.6864145,1,1475,50,52,121,43,4
1778522237.7009823,2,149,1250,406,121,36,12
1778522237.7049253,1,1475,0,53,121,43,4
1778522237.7188926,2,171,1150,409,121,36,13
1778522237.7219496,1,1475,-50,51,121,43,4
1778522237.7364094,2,192,1250,399,121,36,10
1778522237.7396083,1,1475,50,51,121,43,3
1778522237.7535443,2,215,1250,386,121,36,10
1778522237.756335,1,1475,50,54,121,43,3
1778522237.7707536,2,234,1200,370,121,36,7
1778522237.7740717,1,1475,0,53,121,43,3
1778522237.7880225,2,253,1050,354,121,36,8
1778522237.7907772,1,1475,-50,50,121,43,3
1778522237.8051438,2,271,1100,337,121,36,6
1778522237.8090963,1,1475,50,53,121,43,4
1778522237.823018,2,290,1050,308,121,36,6
1778522237.8262122,1,1475,-50,51,121,43,4
1778522237.8409173,2,306,950,280,121,36,5
1778522237.8440862,1,1475,50,52,121,43,3
1778522237.8580177,2,321,950,249,121,36,4
1778522237.8608377,1,1475,0,53,121,43,4
1778522237.8753772,2,333,850,223,121,36,4
1778522237.8790038,1,1474,-50,52,121,43,3
1778522237.8931177,2,344,650,203,121,36,3
1778522237.8959627,1,1475,-50,48,121,43,3
1778522237.9103363,2,354,600,179,121,36,3
1778522237.913903,1,1475,50,54,122,43,4
1778522237.9279613,2,363,550,151,122,36,2
1778522237.9307666,1,1475,0,53,122,43,3
1778522237.94511,2,370,400,126,121,36,2
1778522237.948938,1,1475,0,53,122,43,4
1778522237.9629178,2,376,350,100,121,40,2
1778522237.9658134,1,1475,0,53,121,43,3
1778522237.9801698,2,380,250,79,122,36,1
1778522237.9834592,1,1475,0,53,122,43,4
1778522237.9974775,2,382,250,61,122,36,2
1778522238.0003796,1,1474,0,53,122,43,4
1778522238.014798,2,383,150,52,122,36,0
1778522238.0185215,1,1475,0,53,122,43,4
1778522238.0326092,2,384,50,49,122,36,1
1778522238.0354424,1,1475,0,53,122,43,4
1778522238.0513353,2,384,0,49,122,36,1
1778522238.0550663,1,1475,0,53,122,43,4
1778522238.0699575,2,384,0,49,122,36,1
1778522238.0741956,1,1475,0,53,122,43,4
1778522238.0885937,2,384,0,49,121,37,1
1778522238.0925934,1,1475,0,53,122,43,4
1778522238.1070886,2,384,0,49,122,36,1
1778522238.110043,1,1475,0,53,122,43,3
1778522238.1247048,2,385,0,49,122,36,1
1778522238.1289768,1,1474,-50,50,122,43,3
1778522238.1432612,2,384,0,49,122,36,1
1778522238.1462684,1,1475,50,53,122,43,3
1778522238.160772,2,384,0,49,122,36,1
1778522238.1641183,1,1474,0,53,122,43,4
1778522238.1781173,2,384,0,49,121,36,1
1778522238.1810324,1,1475,0,53,121,43,3
1778522238.1957366,2,384,0,49,122,36,1
1778522238.1993322,1,1475,0,53,121,43,4
1778522238.2141192,2,384,0,49,122,36,1
1778522238.217728,1,1475,0,53,122,43,4
1778522238.2324395,2,384,50,45,122,36,1
1778522238.2355285,1,1475,0,53,122,43,4
1778522238.2495124,2,384,0,45,122,36,1
1778522238.2523801,1,1475,0,53,122,43,4
1778522238.2665737,2,384,0,45,122,36,1
1778522238.2700477,1,1475,0,53,122,43,4
1778522238.2840924,2,385,0,45,122,36,1
1778522238.286838,1,1475,0,53,122,43,3
1778522238.3015382,2,384,0,45,122,36,1
1778522238.305577,1,1475,0,53,122,43,3
1778522238.3193915,2,385,0,45,122,36,1
1778522238.3227463,1,1475,0,53,122,43,4
1778522238.3373241,2,385,0,45,122,36,1
1778522238.3404632,1,1475,0,53,122,43,4
1778522238.354431,2,384,-50,49,122,36,1
1778522238.3574157,1,1475,0,53,122,43,4
1778522238.371854,2,384,0,49,122,36,1
1778522238.3752768,1,1475,0,53,122,43,3
1778522238.3892775,2,384,50,45,122,36,0
1778522238.3920765,1,1475,0,53,122,43,3
1778522238.4064424,2,384,-50,48,122,36,1
1778522238.4099905,1,1474,0,53,122,43,4
1778522238.424045,2,384,0,49,122,36,1
1778522238.42689,1,1475,0,53,122,43,4
1778522238.4412794,2,384,0,49,122,36,1
1778522238.4451745,1,1475,-50,50,122,43,3
1778522238.459068,2,385,50,47,122,36,1
1778522238.4619613,1,1475,50,52,121,43,4
1778522238.4765518,2,384,50,44,121,36,0
1778522238.4800167,1,1475,0,53,122,43,4
1778522238.4939356,2,385,0,45,122,36,1
1778522238.4968963,1,1475,-50,52,122,43,3
1778522238.511351,2,384,0,45,122,36,0
1778522238.514819,1,1475,50,51,122,43,3
1778522238.529006,2,384,-50,48,122,36,1
1778522238.5319996,1,1475,50,54,122,43,5
1778522238.5459645,2,385,50,46,122,36,1
1778522238.5488636,1,1474,0,53,121,43,3
1778522238.5633178,2,385,0,45,122,36,1
1778522238.5667624,1,1475,0,53,122,43,4
1778522238.5807607,2,385,-50,47,122,36,1
1778522238.5835402,1,1475,0,53,122,43,3
1778522238.5979607,2,384,0,49,122,36,1
1778522238.6014626,1,1475,0,53,122,43,4
1778522238.6154575,2,384,0,49,122,36,1
1778522238.6182861,1,1475,0,53,122,43,4
1778522238.6325572,2,385,0,49,121,36,1
1778522238.6363807,1,1474,0,53,122,43,4
1778522238.6502821,2,385,50,45,121,36,1
1778522238.6530058,1,1475,0,53,122,43,4
1778522238.66753,2,384,0,45,122,36,1
1778522238.6709318,1,1474,0,53,122,43,3
1778522238.6849556,2,385,0,45,122,36,1
1778522238.687743,1,1474,0,53,122,43,4
1778522238.7019897,2,385,-50,47,122,36,1
1778522238.7054532,1,1475,0,53,122,43,3
1778522238.7194715,2,385,0,49,122,36,1
1778522238.7222998,1,1474,0,53,122,43,3
1778522238.7368264,2,384,0,49,122,36,1
1778522238.7410588,1,1475,0,53,122,43,3
1778522238.75507,2,385,0,49,122,36,1
1778522238.757953,1,1475,0,53,122,43,3
1778522238.7726016,2,385,0,49,122,36,1
1778522238.7759488,1,1475,0,53,121,43,4
1778522238.7899172,2,385,0,49,122,36,1
1778522238.7927203,1,1475,0,53,122,43,4
1778522238.8072457,2,385,50,45,122,36,1
1778522238.8108513,1,1475,0,53,122,43,3
1778522238.8249667,2,384,-50,48,121,36,1
1778522238.8277962,1,1475,-50,49,121,43,3
1778522238.842128,2,385,50,46,122,36,1
1778522238.8458147,1,1475,50,53,122,43,4
1778522238.8603828,2,384,-50,47,122,36,1
1778522238.863386,1,1474,-50,50,122,43,3
1778522238.8774028,2,384,0,49,122,36,1
1778522238.8803759,1,1475,50,52,121,43,3
1778522238.8942084,2,384,0,49,121,36,1
1778522238.897158,1,1475,0,53,121,43,4
1778522238.9116426,2,385,0,49,122,36,1
1778522238.9149253,1,1475,-50,52,121,43,3
1778522238.9291985,2,385,0,49,122,36,1
1778522238.9321342,1,1475,50,51,122,43,4
1778522238.9459794,2,384,50,45,121,36,1
1778522238.9488611,1,1475,50,54,122,43,4
1778522238.9633145,2,384,0,45,122,36,0
1778522238.966723,1,1474,0,53,122,43,4
1778522238.980834,2,384,0,45,121,36,1
1778522238.9837697,1,1475,0,53,121,43,3
1778522238.9980793,2,385,-50,46,122,36,1
1778522239.001714,1,1475,0,53,121,43,4
1778522239.015736,2,384,0,49,121,36,1
1778522239.0185108,1,1475,0,53,121,43,3
1778522239.0329213,2,384,0,49,122,36,1
1778522239.0369818,1,1475,0,53,122,43,3
1778522239.051187,2,384,50,44,121,36,1
1778522239.0539954,1,1475,0,53,122,43,3
1778522239.0686097,2,385,0,45,121,36,1
1778522239.07283,1,1474,-50,52,122,43,4
1778522239.086937,2,384,-50,48,121,36,0
1778522239.090106,1,1475,-50,48,122,43,3
1778522239.1048706,2,384,0,49,121,36,1
1778522239.1080825,1,1475,50,54,121,43,3
1778522239.1220033,2,384,50,46,121,36,1
1778522239.1249905,1,1474,0,53,121,43,4
1778522239.1396494,2,385,0,45,122,36,1
1778522239.1430566,1,1475,-50,50,121,43,3
1778522239.1572268,2,384,-50,46,121,36,1
1778522239.160183,1,1475,50,53,122,43,4
1778522239.1746593,2,384,0,49,121,36,2
1778522239.1782854,1,1475,0,53,121,43,4
1778522239.1923866,2,384,0,49,121,36,1
1778522239.1952565,1,1475,0,53,122,43,4
1778522239.2096212,2,385,0,49,121,36,1
1778522239.2135558,1,1475,0,53,122,43,3
1778522239.2274976,2,385,0,49,121,36,1
1778522239.230907,1,1475,0,53,122,43,4
1778522239.2454653,2,385,50,45,122,36,1
1778522239.2486532,1,1474,0,53,122,43,4
1778522239.26256,2,385,-50,48,122,36,1
1778522239.2654338,1,1475,0,53,122,43,4
1778522239.279871,2,384,0,49,122,36,1
1778522239.283241,1,1475,0,53,121,43,3
1778522239.2975368,2,385,50,47,122,36,1
1778522239.300429,1,1475,0,53,122,43,4
1778522239.3149066,2,385,0,45,122,36,1
1778522239.3184981,1,1475,0,53,122,43,3
1778522239.3325975,2,385,0,45,121,36,1
1778522239.3354082,1,1475,0,53,122,43,3
1778522239.3496993,2,384,-50,49,122,36,1
1778522239.3532696,1,1475,0,53,121,43,4
1778522239.3671246,2,384,50,45,121,36,1
1778522239.3701434,1,1475,0,53,122,43,4
1778522239.384691,2,384,0,45,122,36,1
1778522239.3878431,1,1474,0,53,121,43,3
1778522239.401815,2,385,-50,48,122,36,1
1778522239.4045713,1,1475,0,53,122,43,4
1778522239.4189408,2,385,50,46,122,36,1
1778522239.422237,1,1474,0,53,122,43,3
1778522239.436195,2,384,-50,46,121,36,1
1778522239.439017,1,1474,-50,50,122,43,3
1778522239.4534369,2,384,50,47,122,36,1
1778522239.457378,1,1475,50,52,122,43,3
1778522239.4712062,2,384,50,44,122,36,1
1778522239.4744258,1,1475,0,53,121,43,4
1778522239.4891303,2,384,0,45,122,36,1
1778522239.492296,1,1475,0,53,122,43,4
1778522239.506239,2,385,0,45,122,36,1
1778522239.5091784,1,1475,0,53,122,43,4
1778522239.5236638,2,384,0,45,122,36,1
1778522239.5269423,1,1475,0,53,122,43,3
1778522239.5408468,2,385,-50,47,122,36,1
1778522239.5438037,1,1475,0,53,122,43,3
1778522239.5583675,2,385,50,46,121,36,1
1778522239.562364,1,1475,0,53,122,43,3
1778522239.5770717,2,384,-50,47,122,36,1
1778522239.5800571,1,1475,-50,50,122,43,3
1778522239.5940645,2,384,50,47,122,36,1
1778522239.597164,1,1475,50,53,122,43,3
1778522239.6117156,2,384,50,44,121,36,2
1778522239.6151934,1,1475,0,53,122,43,4
1778522239.6291363,2,384,0,45,122,36,1
1778522239.6318884,1,1475,0,53,122,43,3
1778522239.6462262,2,385,-50,49,122,36,1
1778522239.6499233,1,1475,0,53,122,43,4
1778522239.6640098,2,384,0,49,121,36,1
1778522239.6668181,1,1475,0,53,121,43,4
1778522239.6811233,2,385,50,46,122,36,1
1778522239.6849854,1,1475,0,53,121,43,3
1778522239.6990302,2,384,-50,47,122,36,1
1778522239.7020905,1,1475,0,53,121,43,5
1778522239.7164762,2,384,50,47,122,36,1
1778522239.7199032,1,1475,0,53,121,43,4
1778522239.733868,2,385,0,45,122,36,1
1778522239.7368383,1,1475,0,53,121,43,3
1778522239.751317,2,384,0,45,122,37,1
1778522239.7546988,1,1475,0,53,122,43,4
1778522239.7688868,2,385,0,45,122,36,1
1778522239.7719781,1,1475,0,53,121,43,4
1778522239.7865224,2,385,0,45,121,36,1
1778522239.7900982,1,1475,0,53,122,43,3
1778522239.8043463,2,385,0,45,122,36,1
1778522239.8073874,1,1475,0,53,122,43,4
1778522239.8220444,2,384,-50,48,121,36,1
1778522239.8256319,1,1474,0,53,122,43,4
1778522239.839818,2,384,50,46,122,36,1
1778522239.8431501,1,1475,0,53,122,43,4
1778522239.8574154,2,385,-50,47,121,36,1
1778522239.8605494,1,1475,0,53,122,43,4
1778522239.8744302,2,384,0,49,122,36,2
1778522239.8774333,1,1475,0,53,122,43,4
1778522239.8919847,2,385,50,47,121,36,1
1778522239.895499,1,1475,0,53,122,43,4
1778522239.909478,2,384,50,44,122,36,1
1778522239.9122732,1,1475,0,53,122,43,3
1778522239.9267514,2,384,0,45,122,36,1
1778522239.930097,1,1475,0,53,121,43,3
1778522239.944029,2,385,0,45,122,36,1
1778522239.9468377,1,1475,0,53,122,43,3
1778522239.961635,2,384,-50,48,122,36,1
1778522239.965617,1,1475,0,53,122,43,3
1778522239.9795737,2,385,0,49,121,36,1
1778522239.9829671,1,1475,0,53,121,43,4
1778522239.9974678,2,384,0,49,122,36,1
1778522240.000742,1,1475,-50,49,122,43,3
1778522240.0146484,2,385,0,49,122,36,1
1778522240.0177164,1,1475,50,53,122,43,4
1778522240.0322134,2,384,0,49,121,36,1
1778522240.035559,1,1475,0,53,122,43,4
1778522240.0496573,2,384,0,49,121,36,0
1778522240.0524604,1,1475,-50,51,122,43,3
1778522240.0670261,2,385,50,44,122,36,0
1778522240.0703998,1,1474,50,52,122,43,3
1778522240.0842705,2,384,-50,49,122,36,1
1778522240.0871017,1,1475,0,53,122,43,3
1778522240.1016824,2,384,0,49,121,36,1
1778522240.1056497,1,1475,0,53,121,43,4
1778522240.1196516,2,385,50,45,122,36,1
1778522240.1230907,1,1475,0,53,121,43,3
1778522240.137451,2,385,-50,47,122,36,1
1778522240.1406126,1,1475,0,53,122,43,3
1778522240.154766,2,385,50,46,121,36,1
1778522240.1578567,1,1475,0,53,122,43,4
1778522240.172259,2,384,-50,46,121,36,2
1778522240.1755676,1,1474,-50,50,122,43,4
1778522240.1896617,2,385,50,47,122,36,1
1778522240.1925929,1,1475,50,52,122,43,4
1778522240.20672,2,385,50,44,122,36,0
1778522240.210377,1,1475,0,53,121,43,4
1778522240.2244034,2,385,-50,49,122,36,1
1778522240.2271872,1,1474,0,53,122,43,3
1778522240.2416923,2,385,0,49,122,36,1
1778522240.2456527,1,1475,0,53,122,43,4
1778522240.259691,2,384,0,49,121,36,1
1778522240.2626183,1,1475,0,53,121,43,3
1778522240.277225,2,385,0,49,122,36,1
1778522240.2804036,1,1475,0,53,122,43,3
1778522240.2943556,2,384,0,49,121,36,1
1778522240.299586,1,1475,0,53,121,43,3
1778522240.314309,2,385,0,49,122,36,1
1778522240.3177714,1,1475,0,53,122,43,4
1778522240.3321526,2,384,0,49,121,36,2
1778522240.3363714,1,1475,0,53,121,43,4
1778522240.35052,2,385,50,47,122,36,1
1778522240.3533368,1,1475,0,53,121,43,4
1778522240.367929,2,385,50,44,122,36,1
1778522240.3712244,1,1475,0,53,122,43,3
1778522240.3851986,2,385,-50,49,121,36,1
1778522240.3881018,1,1475,-50,51,122,43,3
1778522240.4027016,2,384,0,49,122,36,1
1778522240.406287,1,1475,50,51,122,43,4
1778522240.420328,2,385,0,49,122,36,1
1778522240.423158,1,1475,0,53,122,43,4
1778522240.4376786,2,385,50,46,122,36,1
1778522240.4416149,1,1475,0,53,121,43,4
1778522240.4554746,2,385,0,45,121,36,1
1778522240.4586377,1,1475,0,53,122,43,3
1778522240.4732516,2,384,0,45,122,36,1
1778522240.4764373,1,1475,0,53,122,43,4
1778522240.490626,2,384,-50,46,122,36,1
1778522240.4937344,1,1475,0,53,122,43,4
1778522240.508199,2,385,-50,49,122,36,1
1778522240.5115435,1,1475,0,53,122,43,4
1778522240.5255888,2,384,0,49,121,36,1
1778522240.5284789,1,1475,0,53,122,43,3
1778522240.5430973,2,385,0,49,122,36,1
1778522240.5468543,1,1475,0,53,122,43,3
1778522240.5612614,2,385,50,45,121,36,1
1778522240.5644374,1,1475,0,53,122,43,3
1778522240.578865,2,385,0,45,122,36,1
1778522240.582496,1,1475,-50,52,122,43,3
1778522240.596595,2,384,0,45,121,36,1
1778522240.5993767,1,1475,-50,49,122,43,3
1778522240.6136866,2,384,0,45,122,36,1
1778522240.6176474,1,1475,50,54,122,43,4
1778522240.6314697,2,385,0,45,122,36,1
1778522240.634829,1,1475,0,53,122,43,4
1778522240.6494498,2,385,0,45,122,36,1
1778522240.6526394,1,1475,0,53,122,43,4
1778522240.6665525,2,385,0,45,122,36,1
1778522240.6695857,1,1475,0,53,122,43,4
1778522240.684046,2,385,0,45,122,36,1
1778522240.6872907,1,1475,0,53,121,43,4
1778522240.7011833,2,385,-50,49,122,36,1
1778522240.703986,1,1475,0,53,121,43,4
1778522240.7181022,2,385,50,45,121,36,1
1778522240.7216744,1,1474,0,52,122,43,3
1778522240.7357223,2,385,-50,48,122,36,1
1778522240.7384484,1,1475,-50,49,121,43,3
1778522240.7531266,2,384,50,46,121,36,1
1778522240.7569911,1,1475,50,54,122,43,4
1778522240.7709394,2,385,-50,47,122,36,1
1778522240.7738903,1,1475,0,53,121,43,3
1778522240.788242,2,385,50,47,122,36,1
1778522240.7914758,1,1475,0,53,122,43,4
1778522240.805418,2,385,50,44,122,36,1
1778522240.8083234,1,1475,0,53,122,43,4
1778522240.8228796,2,385,-50,49,122,36,1
1778522240.826303,1,1474,0,53,122,43,3
1778522240.8409166,2,385,50,45,122,36,1
1778522240.8440967,1,1475,0,53,122,43,4
1778522240.8585231,2,385,-50,48,122,36,1
1778522240.8617933,1,1475,0,53,122,43,4
1778522240.87623,2,384,50,46,121,36,2
1778522240.8795395,1,1475,0,53,122,43,4
1778522240.8934448,2,384,0,45,122,36,1
1778522240.8962872,1,1475,-50,49,121,43,3
1778522240.910736,2,385,-50,47,122,36,1
1778522240.9143188,1,1474,50,53,122,43,3
1778522240.9286857,2,384,50,47,122,36,1
1778522240.9317825,1,1475,0,53,121,43,4
1778522240.946136,2,385,50,45,122,36,1
1778522240.9497283,1,1475,0,53,122,43,3
1778522240.963789,2,385,0,45,122,36,1
1778522240.9666045,1,1475,0,53,121,43,4
1778522240.980923,2,384,0,45,121,36,1
1778522240.984965,1,1475,0,53,122,43,3
1778522240.9989681,2,385,0,45,121,36,1
1778522241.0019205,1,1475,0,53,122,43,4
1778522241.016302,2,385,0,45,122,36,1
1778522241.0195117,1,1474,0,53,121,43,4
1778522241.033515,2,384,0,45,122,36,1
1778522241.0362732,1,1475,0,53,121,43,3
1778522241.0506957,2,385,0,45,122,36,1
1778522241.054131,1,1474,0,53,122,43,3
1778522241.0679677,2,384,-50,46,121,36,1
1778522241.0718813,1,1475,0,53,122,43,4
