Timestamp,ID,Position,Speed,Load,Voltage,Temperature,Current
1778523215.2072942,1,1502,800,293,121,53,13
1778523215.2214978,1,1513,800,293,121,53,14
1778523215.2350018,1,1525,800,293,121,53,12
1778523215.2486331,1,1537,850,290,120,53,8
1778523215.2623398,1,1548,850,288,117,53,10
1778523215.2759085,1,1559,850,285,114,53,12
1778523215.289487,1,1570,800,285,116,53,98
1778523215.303083,1,1580,800,285,121,53,91
1778523215.3164208,1,1591,800,285,121,53,9
1778523215.330106,1,1602,750,288,120,53,8
1778523215.3434882,1,1613,800,289,118,53,10
1778523215.3574808,1,1625,800,289,114,53,13
1778523215.371587,1,1636,850,286,114,53,93
1778523215.3852346,1,1647,800,285,115,53,89
1778523215.3987765,1,1659,800,285,121,53,12
1778523215.4123917,1,1669,800,285,121,53,10
1778523215.425841,1,1680,800,285,119,53,9
1778523215.439294,1,1690,800,285,114,53,11
1778523215.452913,1,1701,800,285,114,53,95
1778523215.466341,1,1713,800,285,121,53,86
1778523215.479933,1,1723,800,285,121,53,14
1778523215.4933128,1,1735,800,285,121,53,8
1778523215.5069313,1,1745,850,283,120,53,8
1778523215.520642,1,1757,800,281,114,53,10
1778523215.5347552,1,1768,800,281,114,53,86
1778523215.548369,1,1778,800,281,116,53,92
1778523215.5617554,1,1789,750,283,121,53,12
1778523215.575311,1,1799,750,286,121,53,8
1778523215.5889213,1,1811,750,288,118,53,9
1778523215.6026168,1,1821,800,289,116,53,12
1778523215.6162713,1,1832,800,289,114,53,98
1778523215.6297045,1,1843,850,286,118,53,99
1778523215.643351,1,1854,750,287,121,53,81
1778523215.656906,1,1865,750,290,121,53,13
1778523215.6705413,1,1876,800,289,121,53,8
1778523215.684114,1,1886,800,289,120,53,8
1778523215.6975126,1,1897,800,289,117,53,36
1778523215.7110653,1,1907,750,293,114,53,113
1778523215.7248032,1,1916,750,296,120,53,100
1778523216.5319502,2,278,-800,302,110,31,7
1778523216.5458694,2,266,-800,302,110,31,7
1778523216.5594604,2,254,-800,302,109,31,6
1778523216.5730767,2,244,-850,298,110,31,7
1778523216.5867953,2,233,-800,298,110,31,6
1778523216.6004937,2,222,-800,298,109,31,6
1778523216.614277,2,211,-800,298,110,31,7
1778523216.6279216,2,200,-800,298,110,31,5
1778523216.6413393,2,189,-800,298,109,31,7
1778523216.6548953,2,178,-800,298,111,31,6
1778523216.6685524,2,168,-800,298,110,31,7
1778523216.682188,2,156,-850,296,109,31,6
1778523216.6958,2,145,-850,294,111,31,7
1778523216.7093492,2,134,-750,297,110,31,7
1778523216.722846,2,123,-800,298,109,31,7
1778523216.7362566,2,113,-800,298,110,31,7
1778523216.7499082,2,102,-800,298,110,31,6
1778523216.763464,2,91,-800,298,110,31,7
1778523216.776984,2,80,-800,298,109,31,7
1778523216.7905428,2,69,-800,298,111,31,7
1778523216.804156,2,58,-850,296,110,31,7
1778523216.8176775,2,47,-850,293,109,31,6
1778523216.831211,2,37,-750,298,110,31,10
1778523216.8448265,2,27,-750,300,110,31,8
1778523216.858184,2,15,-750,303,108,31,7
1778523216.8717449,2,5,-800,302,109,31,6
1778523216.885195,2,4089,-800,302,110,31,8
1778523216.8987339,2,4079,-800,302,110,31,7
1778523216.9122999,2,4068,-800,302,109,31,7
1778523216.9259343,2,4057,-850,300,111,31,7
1778523216.9395719,2,4047,-750,299,110,31,8
1778523216.953149,2,4036,-750,302,108,31,8
1778523216.9667573,2,4026,-750,305,110,31,10
1778523217.7748296,2,4033,350,251,118,31,7
1778523217.77939,1,1906,-250,246,120,54,8
1778523217.7922895,2,4045,500,272,120,31,7
1778523217.7958722,1,1896,-450,272,114,54,12
1778523217.80934,2,4057,650,281,120,31,8
1778523217.8130887,1,1884,-650,288,113,54,14
1778523218.329886,2,68,0,48,121,31,1
1778523218.33444,1,1779,-50,69,122,54,2
1778523218.3494382,2,68,0,48,121,31,1
1778523218.3534985,1,1779,0,68,122,54,3
1778523218.3675847,2,68,0,48,121,31,1
1778523218.3710465,1,1779,0,68,122,54,2
1778523218.3855727,2,68,0,48,122,31,1
1778523218.3887646,1,1780,0,68,122,54,2
1778523218.4027805,2,68,0,48,121,31,1
1778523218.4058692,1,1779,0,68,121,54,1
1778523218.4206522,2,68,0,48,121,31,1
1778523218.4238591,1,1779,0,68,122,54,2
1778523218.4380116,2,68,0,48,121,31,1
1778523218.4409738,1,1779,0,68,122,54,2
1778523218.4555857,2,68,0,48,121,30,1
1778523218.459051,1,1779,0,68,122,54,2
1778523218.4732156,2,68,0,48,121,31,1
1778523218.476099,1,1780,0,68,122,54,2
1778523218.4904706,2,68,0,48,122,31,1
1778523218.494006,1,1780,0,68,121,55,2
1778523218.5081162,2,68,0,48,121,31,1
1778523218.5110393,1,1780,0,68,122,54,2
1778523218.5255268,2,68,0,48,122,31,1
1778523218.5295458,1,1779,0,68,121,54,2
1778523218.543613,2,68,0,48,121,31,1
1778523218.5472212,1,1780,0,68,121,54,2
1778523218.56189,2,68,0,48,122,31,1
1778523218.5649765,1,1779,0,68,122,54,2
1778523218.5789077,2,68,0,48,121,31,1
1778523218.5821548,1,1779,0,68,121,54,2
1778523218.5968106,2,68,0,48,121,31,1
1778523218.6000938,1,1779,50,73,121,54,2
1778523218.6141179,2,68,0,48,121,31,1
1778523218.6172156,1,1779,-50,68,122,54,2
1778523218.6317296,2,68,0,48,122,31,1
1778523218.6352537,1,1779,0,68,121,54,2
1778523218.6495256,2,68,0,48,121,31,1
1778523218.6524887,1,1779,0,68,121,54,2
1778523218.6664803,2,68,0,48,121,31,1
1778523218.6695447,1,1779,0,68,121,54,3
1778523218.6841688,2,68,0,48,121,31,1
1778523218.68758,1,1780,0,68,122,54,2
1778523218.7016575,2,68,0,48,121,31,1
1778523218.704443,1,1780,50,70,122,54,2
1778523218.7189004,2,68,0,48,122,31,1
1778523218.7225194,1,1779,50,71,122,54,2
1778523218.7369812,2,68,0,48,121,31,2
1778523218.7399387,1,1779,-50,68,122,54,2
1778523218.7539585,2,68,0,48,122,31,2
1778523218.7568793,1,1780,0,68,122,55,1
1778523218.7716162,2,68,0,48,121,31,1
1778523218.7751746,1,1779,0,68,121,54,2
1778523218.78922,2,68,0,48,121,31,1
1778523218.792038,1,1779,0,68,122,54,2
1778523218.8066998,2,68,0,48,121,31,1
1778523218.810546,1,1780,50,71,121,54,2
1778523218.8250027,2,68,0,48,121,31,1
1778523218.8279629,1,1779,-50,70,122,54,3
1778523218.841926,2,68,0,48,121,31,1
1778523218.844911,1,1779,0,68,122,54,2
1778523218.859629,2,68,0,48,121,31,1
1778523218.8630645,1,1779,0,68,121,53,2
1778523218.8773377,2,68,0,48,121,31,1
1778523218.880326,1,1780,0,68,121,54,2
1778523218.8943508,2,68,0,48,121,31,1
1778523218.8974404,1,1779,0,68,121,54,1
1778523218.9118874,2,68,0,48,121,31,1
1778523218.915197,1,1779,0,68,122,54,2
1778523218.9293065,2,68,0,48,122,31,1
1778523218.9321663,1,1780,50,72,121,54,2
1778523218.9465337,2,68,0,48,121,31,2
1778523218.9502182,1,1780,-50,69,121,54,2
1778523218.9642646,2,68,0,48,121,31,2
1778523218.9670787,1,1779,50,71,121,54,2
1778523218.981486,2,68,0,48,121,31,1
1778523218.9852424,1,1779,-50,70,122,54,2
1778523218.9993138,2,68,0,48,121,31,1
1778523219.0026548,1,1780,50,70,121,54,2
1778523219.017352,2,68,0,48,121,31,0
1778523219.0206642,1,1779,50,71,121,54,2
1778523219.034607,2,68,0,48,121,31,1
1778523219.0375628,1,1779,-50,68,122,54,2
1778523219.0520644,2,68,0,48,121,31,1
1778523219.0554066,1,1780,0,68,121,54,2
1778523219.070105,2,68,0,48,121,31,1
1778523219.0740972,1,1780,50,72,121,54,2
1778523219.0883152,2,68,0,48,121,31,2
1778523219.0911672,1,1779,-50,69,121,54,2
1778523219.1056573,2,68,0,48,122,31,1
1778523219.1096523,1,1780,0,68,122,54,2
1778523219.1236913,2,68,0,48,121,31,1
1778523219.12717,1,1779,0,68,121,54,2
1778523219.1416507,2,68,0,48,122,31,1
1778523219.1449041,1,1779,0,68,122,54,2
1778523219.1587818,2,68,0,48,121,31,1
1778523219.1617737,1,1779,0,68,121,54,2
1778523219.17622,2,68,0,48,122,31,1
1778523219.179571,1,1779,0,68,122,54,2
1778523219.1935081,2,68,0,48,121,31,1
1778523219.1962674,1,1780,50,73,121,54,2
1778523219.2106965,2,68,0,48,121,31,1
1778523219.2143161,1,1779,-50,68,122,54,2
1778523219.2286322,2,68,0,48,121,31,2
1778523219.231571,1,1779,0,68,122,54,2
1778523219.2461379,2,68,0,48,121,31,1
1778523219.250088,1,1780,50,72,122,54,3
1778523219.264154,2,68,0,48,121,31,1
1778523219.2669597,1,1780,-50,70,121,54,2
1778523219.2817934,2,68,0,48,121,31,1
1778523219.285708,1,1780,50,71,122,54,2
1778523219.2997317,2,68,0,48,121,31,1
1778523219.3032744,1,1780,-50,71,121,54,2
1778523219.3181252,2,68,0,48,121,31,1
1778523219.3213172,1,1779,0,68,121,54,2
1778523219.3353815,2,68,0,48,121,31,2
1778523219.3383632,1,1779,0,68,121,54,2
1778523219.3526773,2,68,0,48,122,31,1
1778523219.3567505,1,1780,50,73,122,54,2
1778523219.3707047,2,68,0,48,121,31,1
1778523219.3735468,1,1779,-50,68,121,54,2
1778523219.3880801,2,68,0,48,121,31,1
1778523219.3913803,1,1779,0,68,122,54,3
1778523219.4053686,2,68,0,48,121,31,1
1778523219.408127,1,1779,50,71,121,54,2
1778523219.422665,2,68,0,48,121,31,2
1778523219.4261668,1,1779,-50,70,121,55,2
1778523219.4402277,2,68,0,48,121,31,1
1778523219.4431458,1,1779,50,71,122,54,0
1778523219.4577236,2,68,0,48,121,31,2
1778523219.4615417,1,1779,-50,71,121,54,2
1778523219.4756594,2,68,0,48,121,31,1
1778523219.4791157,1,1779,0,68,122,54,2
1778523219.4936285,2,68,0,48,122,31,1
1778523219.4966636,1,1779,0,68,121,54,2
1778523219.5105786,2,68,0,48,122,31,1
1778523219.5135138,1,1779,0,68,121,54,2
1778523219.5280037,2,68,0,48,121,31,1
1778523219.531288,1,1779,50,72,122,54,2
1778523219.5451868,2,68,0,48,121,31,1
1778523219.5481946,1,1780,-50,69,122,54,2
1778523219.5626767,2,68,0,48,122,31,1
1778523219.5663624,1,1779,0,68,122,54,2
1778523219.5807815,2,68,0,48,121,31,1
1778523219.584014,1,1779,50,71,122,54,2
1778523219.5984702,2,68,0,48,121,31,1
1778523219.6020627,1,1779,0,72,122,54,3
1778523219.6162078,2,68,0,48,121,31,2
1778523219.6190288,1,1779,-50,71,121,54,2
1778523219.6336424,2,68,0,48,122,31,1
1778523219.6375597,1,1779,-50,67,122,54,2
1778523219.6515188,2,68,0,48,121,31,1
1778523219.6549892,1,1780,50,73,121,54,3
1778523219.6694844,2,68,0,48,121,31,1
1778523219.6726372,1,1779,0,72,122,54,2
1778523219.6865294,2,68,0,48,121,31,1
1778523219.6895714,1,1780,0,72,121,54,2
1778523219.7040458,2,68,0,48,121,31,1
1778523219.707337,1,1779,-50,69,121,54,2
1778523219.7212338,2,68,0,48,122,31,1
1778523219.7240157,1,1779,0,68,121,54,2
1778523219.7384057,2,68,0,48,121,31,1
1778523219.742095,1,1779,0,68,121,54,2
1778523219.756208,2,67,0,48,121,31,1
1778523219.759066,1,1780,50,70,122,54,2
1778523219.7736683,2,68,0,48,121,31,1
1778523219.777588,1,1779,-50,71,121,54,2
1778523219.7915382,2,68,0,48,121,31,1
1778523219.7949529,1,1779,-50,68,122,55,2
1778523219.809424,2,68,0,48,121,31,2
1778523219.8125968,1,1779,0,68,121,54,2
1778523219.8264744,2,68,0,48,121,31,1
1778523219.8295739,1,1780,0,68,121,54,2
1778523219.8472261,2,68,0,48,121,31,2
1778523219.8505628,1,1779,0,68,121,54,2
1778523219.8650725,2,68,0,48,121,31,1
1778523219.8682623,1,1779,0,68,122,54,2
1778523219.8823588,2,68,0,48,121,31,1
1778523219.885355,1,1780,0,68,122,54,2
1778523219.8992877,2,68,0,48,121,31,1
1778523219.902488,1,1779,0,68,121,54,2
1778523219.9168968,2,68,0,48,122,31,1
1778523219.9200387,1,1780,50,70,122,54,2
1778523219.9338791,2,68,0,48,121,31,1
1778523219.9367785,1,1779,-50,71,121,54,2
1778523219.9513664,2,68,0,48,121,31,1
1778523219.9548826,1,1779,-50,67,122,54,2
1778523219.9688308,2,67,0,48,121,31,1
1778523219.971609,1,1779,50,73,121,54,2
1778523219.9859793,2,68,0,48,121,31,2
1778523219.9894636,1,1779,-50,69,122,54,2
1778523220.0034606,2,68,0,48,121,31,1
1778523220.0062683,1,1779,50,72,122,54,2
1778523220.0205936,2,68,0,48,121,31,2
1778523220.0246418,1,1780,-50,70,121,54,2
1778523220.038579,2,68,0,48,121,31,1
1778523220.0415087,1,1779,0,68,121,54,2
1778523220.056163,2,68,0,48,121,31,2
1778523220.059354,1,1779,50,70,121,54,2
1778523220.073332,2,68,0,48,121,31,1
1778523220.0762386,1,1780,0,72,122,54,1
1778523220.0905366,2,68,0,48,121,31,0
1778523220.0941422,1,1780,0,72,121,54,2
1778523220.1087594,2,68,0,48,121,31,1
1778523220.1117048,1,1779,0,72,122,54,2
1778523220.1255157,2,68,0,48,122,31,1
1778523220.1283205,1,1779,-50,69,122,54,2
1778523220.1428099,2,68,0,48,121,31,2
1778523220.1464384,1,1779,50,72,121,54,2
1778523220.160828,2,68,0,48,121,31,1
1778523220.1638145,1,1780,0,72,121,54,3
1778523220.1778102,2,68,0,48,121,31,2
1778523220.180776,1,1779,-50,70,121,54,2
1778523220.1954627,2,68,0,48,121,31,1
1778523220.1988945,1,1779,50,70,122,54,2
1778523220.2128515,2,68,0,48,121,31,2
1778523220.215664,1,1779,-50,71,121,54,2
1778523220.230199,2,68,0,48,121,31,1
1778523220.2337952,1,1779,-50,67,121,54,2
1778523220.2477796,2,68,0,48,121,31,1
1778523220.2505128,1,1780,50,73,121,54,1
1778523220.2652256,2,68,0,48,121,31,1
1778523220.2691917,1,1779,-50,68,122,54,1
1778523220.283297,2,68,0,48,122,31,2
1778523220.2860622,1,1780,50,72,122,54,2
1778523220.300574,2,68,0,48,121,31,1
1778523220.3041508,1,1779,0,72,122,54,2
1778523220.318321,2,68,0,48,121,31,1
1778523220.3213556,1,1779,-50,70,122,54,2
1778523220.335672,2,68,0,48,122,31,1
1778523220.3387523,1,1779,0,68,121,55,2
1778523220.3535025,2,68,0,48,122,31,2
1778523220.3574727,1,1779,0,68,121,54,2
1778523220.371362,2,68,0,48,121,31,1
1778523220.374593,1,1780,50,70,121,53,3
1778523220.3891304,2,68,0,48,121,31,1
1778523220.3923512,1,1779,50,73,121,54,2
1778523220.4063094,2,68,0,48,121,31,1
1778523220.4092026,1,1780,-50,68,121,54,2
1778523220.423668,2,68,0,48,121,31,1
1778523220.427059,1,1779,50,72,122,54,2
1778523220.4409518,2,68,0,48,122,31,1
1778523220.4436712,1,1779,-50,69,121,54,2
1778523220.4579515,2,68,0,48,121,31,1
1778523220.461459,1,1779,50,71,122,54,2
1778523220.4760942,2,68,0,48,122,31,1
1778523220.479234,1,1780,-50,70,121,54,2
1778523220.4933083,2,68,0,48,122,31,1
1778523220.4963083,1,1780,0,68,122,54,2
1778523220.510685,2,68,0,48,122,31,2
1778523220.5142334,1,1779,0,68,122,54,2
1778523220.528211,2,68,0,48,121,31,1
1778523220.5309782,1,1779,0,68,122,54,2
1778523220.5454123,2,68,0,48,121,31,2
1778523220.5494344,1,1780,0,68,122,54,2
1778523220.5635426,2,68,0,48,122,31,2
1778523220.5669506,1,1780,50,72,122,54,3
1778523220.5814192,2,68,0,48,122,31,1
1778523220.584439,1,1779,-50,69,122,54,2
1778523220.5983894,2,68,0,48,122,31,1
1778523220.6015697,1,1779,0,68,122,54,2
1778523220.6162643,2,68,0,48,122,31,1
1778523220.619552,1,1779,0,68,122,54,2
1778523220.6334856,2,68,0,48,121,31,1
1778523220.6361585,1,1780,0,68,121,54,2
1778523220.6506364,2,68,0,48,121,31,1
1778523220.6542327,1,1779,0,68,122,54,2
1778523220.6683497,2,68,0,48,122,31,1
1778523220.6711135,1,1779,0,68,122,54,2
1778523220.6856806,2,68,0,48,122,31,1
1778523220.6895478,1,1779,0,68,122,54,1
1778523220.7035162,2,68,0,48,122,31,1
1778523220.7067683,1,1779,50,72,122,54,2
1778523220.7213845,2,68,0,48,122,31,2
1778523220.7246623,1,1779,0,72,122,54,2
1778523220.7385957,2,68,0,48,122,31,1
1778523220.741576,1,1779,-50,69,121,55,2
1778523220.7560773,2,68,0,48,122,31,1
1778523220.7594702,1,1779,0,68,122,54,2
1778523220.7734993,2,68,0,48,122,31,1
1778523220.7763507,1,1780,0,68,122,54,2
1778523220.7906685,2,68,0,48,122,31,1
1778523220.7942426,1,1779,0,68,122,54,2
1778523220.8083775,2,68,0,48,122,31,1
1778523220.8112338,1,1779,0,68,121,54,1
1778523220.8252625,2,68,0,48,122,31,1
1778523220.8290048,1,1779,0,68,122,54,2
1778523220.8428721,2,68,0,48,121,31,1
1778523220.8458374,1,1779,50,72,121,54,3
1778523220.860546,2,68,0,48,122,31,1
1778523220.863816,1,1779,0,72,122,54,2
1778523220.8778765,2,68,0,48,122,31,1
1778523220.8807623,1,1779,-50,69,122,54,2
1778523220.8952372,2,68,0,48,122,31,2
1778523220.8986154,1,1779,50,71,122,54,3
1778523220.9125955,2,68,0,48,121,31,1
1778523220.9153557,1,1780,-50,70,121,54,2
1778523220.9296143,2,68,0,48,122,31,1
1778523220.9331522,1,1779,0,68,122,54,2
1778523220.9472222,2,68,0,48,121,31,1
1778523220.9504793,1,1779,0,68,122,54,1
1778523220.9648795,2,68,0,48,122,31,1
1778523220.9681957,1,1779,0,68,122,54,2
1778523220.9821372,2,68,0,48,121,31,1
1778523220.9850183,1,1779,0,68,122,54,2
1778523220.9994812,2,68,0,48,122,31,1
1778523221.0028808,1,1779,0,68,122,54,2
1778523221.0171714,2,68,0,48,122,31,1
1778523221.0202677,1,1780,0,68,122,54,2
1778523221.0342824,2,68,0,48,122,31,1
1778523221.0373108,1,1780,0,68,122,54,2
1778523221.0515034,2,68,0,48,122,31,2
1778523221.054926,1,1780,50,71,122,54,3
1778523221.0692773,2,68,0,48,121,31,1
1778523221.0724618,1,1780,0,72,122,55,2
1778523221.0864766,2,68,0,48,121,31,1
1778523221.0895476,1,1780,0,72,121,54,2
1778523221.1041374,2,68,0,48,121,31,2
1778523221.1074784,1,1780,0,72,122,54,2
1778523221.1215737,2,68,0,48,122,31,1
1778523221.1243927,1,1780,-50,68,122,55,2
1778523221.1388829,2,68,0,48,122,31,1
1778523221.14228,1,1780,50,72,121,54,2
1778523221.1563969,2,68,0,48,122,31,1
1778523221.159242,1,1780,0,72,121,54,2
1778523221.1738334,2,68,0,48,121,31,1
1778523221.1777935,1,1780,-50,70,122,54,2
1778523221.1917543,2,68,0,48,122,31,1
1778523221.1950557,1,1779,0,68,122,55,2
1778523221.2095292,2,68,0,48,122,31,1
1778523221.2127445,1,1779,50,70,122,54,2
1778523221.2266145,2,68,0,48,121,31,1
1778523221.2296765,1,1779,0,72,121,54,3
1778523221.2440815,2,68,0,48,122,31,1
1778523221.247561,1,1779,0,72,122,54,2
1778523221.2616062,2,68,0,48,122,31,2
1778523221.2644157,1,1779,-50,68,122,54,2
1778523221.2788646,2,68,0,48,122,31,1
1778523221.2825115,1,1779,50,72,122,54,3
1778523221.296664,2,68,0,48,122,31,1
1778523221.299493,1,1779,0,72,121,54,2
1778523221.3138514,2,68,0,48,122,31,1
1778523221.3174262,1,1779,0,72,122,54,2
1778523221.3314435,2,68,0,48,122,31,1
1778523221.3341985,1,1780,-50,70,121,54,2
1778523221.3484972,2,68,0,48,122,31,1
1778523221.3523808,1,1779,0,68,122,54,2
1778523221.3663719,2,68,0,48,122,31,1
1778523221.369309,1,1779,0,68,122,54,2
1778523221.3834293,2,68,0,48,122,31,1
1778523221.3863373,1,1780,0,68,122,54,2
1778523221.4006393,2,68,0,48,121,31,1
1778523221.404653,1,1779,50,73,121,54,2
1778523221.4186418,2,68,0,48,121,31,1
1778523221.4216647,1,1779,0,72,122,55,2
1778523221.4361823,2,68,0,48,122,31,1
1778523221.4395375,1,1779,0,72,121,55,2
1778523221.453478,2,68,0,48,121,31,1
1778523221.456389,1,1779,0,72,122,54,2
1778523221.4709287,2,68,0,48,121,31,1
1778523221.4745398,1,1779,0,72,122,54,2
1778523221.4888625,2,68,0,48,122,31,1
1778523221.491751,1,1780,0,72,122,54,2
1778523221.5056112,2,68,0,48,121,31,1
1778523221.5084097,1,1779,-50,71,122,54,2
1778523221.5230796,2,68,0,48,122,31,1
1778523221.5265255,1,1780,-50,67,122,54,2
1778523221.5407214,2,68,0,48,122,31,1
1778523221.5436392,1,1779,0,68,122,54,2
1778523221.558219,2,68,0,48,122,31,1
1778523221.5618804,1,1779,0,68,122,56,1
1778523221.5758743,2,68,0,48,122,31,0
1778523221.5786543,1,1779,50,72,121,54,2
1778523221.5932157,2,68,0,48,121,31,1
1778523221.597074,1,1779,-50,69,122,55,2
1778523221.611021,2,68,0,48,122,31,1
1778523221.614052,1,1779,0,68,121,54,2
1778523221.6286082,2,68,0,48,122,31,2
1778523221.631807,1,1779,0,68,122,54,2
1778523221.6457791,2,68,0,48,122,31,1
1778523221.6488078,1,1779,0,68,122,54,2
1778523221.6633759,2,68,0,48,122,31,1
1778523221.6668582,1,1779,0,70,122,54,2
1778523221.6808598,2,68,0,48,121,31,1
1778523221.683691,1,1780,50,73,122,55,2
1778523221.6982691,2,68,0,48,121,31,1
1778523221.701892,1,1780,0,72,122,55,2
1778523221.715881,2,68,0,48,122,31,1
1778523221.718642,1,1780,0,72,122,54,2
1778523221.7329304,2,68,0,48,122,31,1
1778523221.7369428,1,1780,-50,69,122,54,2
1778523221.7508574,2,68,0,48,121,31,1
1778523221.7538998,1,1780,0,68,121,55,2
1778523221.7686634,2,68,0,48,122,31,1
1778523221.7719364,1,1779,50,71,122,54,3
1778523221.7859612,2,68,0,48,122,31,1
1778523221.7887542,1,1779,0,72,122,54,2
1778523221.8034337,2,68,0,48,122,31,1
1778523221.8069308,1,1780,0,72,122,55,2
1778523221.8211608,2,68,0,48,122,31,1
1778523221.8241265,1,1779,0,72,121,54,2
1778523221.8379505,2,68,0,48,121,31,2
1778523221.8408132,1,1780,-50,68,122,54,2
1778523221.8553777,2,68,0,48,122,31,2
1778523221.8587291,1,1779,50,72,122,54,3
1778523221.872725,2,68,0,48,121,31,1
1778523221.875478,1,1779,-50,69,122,55,2
1778523221.889959,2,68,0,48,122,31,1
1778523221.8939254,1,1779,0,68,122,55,2
1778523221.9079413,2,68,0,48,122,31,2
1778523221.9107132,1,1780,0,68,122,54,2
1778523221.9250546,2,68,0,48,122,31,1
1778523221.9289472,1,1779,0,68,122,54,2
1778523221.9428737,2,68,0,48,121,31,1
1778523221.9457603,1,1779,0,68,121,54,2
1778523221.9602263,2,68,0,48,122,31,2
1778523221.9635887,1,1779,0,68,122,54,2
1778523221.9775553,2,68,0,48,122,31,1
1778523221.9804912,1,1780,0,68,121,54,1
1778523221.9949813,2,68,0,48,122,31,1
1778523221.9984279,1,1780,0,68,122,54,2
1778523222.0124748,2,68,0,48,121,31,1
1778523222.0152996,1,1780,0,68,121,55,2
1778523222.0298464,2,68,0,48,122,31,1
1778523222.03337,1,1780,0,68,122,54,2
1778523222.0473943,2,68,0,48,121,31,2
1778523222.050654,1,1780,50,71,122,55,2
1778523222.0652092,2,68,0,48,122,31,1
1778523222.0683713,1,1779,-50,71,122,55,2
1778523222.0823214,2,68,0,48,122,31,1
1778523222.085212,1,1779,0,68,122,55,2
1778523222.0996935,2,68,0,48,122,31,1
1778523222.1030042,1,1779,0,68,122,54,2
1778523222.117319,2,68,0,48,122,31,1
1778523222.1204226,1,1780,0,68,122,55,1
1778523222.1349084,2,68,0,48,122,31,1
1778523222.1382961,1,1780,0,68,122,55,2
1778523222.1527505,2,68,0,48,122,31,1
1778523222.1559525,1,1779,0,68,122,55,2
1778523222.169823,2,68,0,48,122,31,1
1778523222.1726074,1,1779,50,71,121,55,3
1778523222.1871543,2,68,0,48,122,31,1
1778523222.1903822,1,1779,-50,70,122,54,2
1778523222.2046654,2,68,0,48,122,31,1
1778523222.2078006,1,1779,0,68,122,54,2
1778523222.2218168,2,68,0,48,122,31,1
1778523222.2248046,1,1779,0,68,121,54,2
1778523222.2388663,2,68,0,48,122,31,1
1778523222.241882,1,1779,0,68,122,55,2
1778523222.256373,2,68,0,48,122,31,1
1778523222.2596357,1,1779,50,73,121,54,2
1778523222.2736638,2,68,0,48,122,31,1
1778523222.2765803,1,1779,0,72,122,55,2
1778523222.2910354,2,68,-50,51,122,31,1
1778523222.2944086,1,1780,-50,69,122,54,1
1778523222.3085697,2,68,50,49,122,31,1
1778523222.3114102,1,1780,50,71,122,55,2
1778523222.3256762,2,68,0,48,122,31,2
1778523222.3292632,1,1780,-50,70,122,55,2
1778523222.3430974,2,68,0,48,121,31,1
1778523222.3462799,1,1779,0,68,122,55,2
1778523222.3608758,2,68,0,48,122,31,2
1778523222.3640642,1,1779,0,68,122,55,2
1778523222.3780506,2,68,0,48,121,31,1
1778523222.380821,1,1779,0,68,122,54,2
1778523222.3952057,2,68,0,48,122,31,1
1778523222.3986394,1,1780,0,68,121,55,2
1778523222.4126177,2,68,0,48,122,31,1
1778523222.4153938,1,1779,50,72,122,54,3
1778523222.430054,2,68,0,48,121,31,2
1778523222.4339607,1,1779,-50,69,122,55,2
1778523222.4478838,2,68,0,48,121,31,1
1778523222.4514425,1,1779,50,71,122,54,2
1778523222.4658856,2,68,0,48,122,31,1
1778523222.468937,1,1779,-50,70,122,55,2
1778523222.482792,2,68,0,48,121,31,1
1778523222.485791,1,1779,0,68,122,55,2
1778523222.5001738,2,68,0,48,121,31,2
1778523222.5034611,1,1779,0,68,121,55,2
1778523222.517544,2,68,0,48,121,31,1
1778523222.520328,1,1779,0,68,122,55,2
1778523222.5347328,2,68,0,48,122,31,2
1778523222.5379515,1,1780,50,73,122,55,2
1778523222.5522394,2,68,0,48,121,31,2
1778523222.5550637,1,1780,0,72,122,54,2
1778523222.56897,2,68,0,48,121,32,1
1778523222.572952,1,1779,-50,69,122,55,2
1778523222.5872831,2,67,0,48,122,31,1
1778523222.5902257,1,1780,0,68,121,55,1
1778523222.6044345,2,68,0,48,121,31,1
1778523222.608368,1,1779,0,68,122,55,2
1778523222.622391,2,68,0,48,122,31,1
1778523222.6254683,1,1779,0,68,122,54,2
1778523222.6399698,2,68,0,48,122,31,2
1778523222.6431837,1,1779,0,68,122,55,2
1778523222.6578243,2,68,0,48,121,31,1
1778523222.6617866,1,1780,0,70,122,55,2
1778523222.6755784,2,68,0,48,122,31,2
1778523222.678881,1,1779,50,73,121,55,3
1778523222.6934319,2,68,0,48,122,31,1
1778523222.696669,1,1779,-50,68,122,54,2
1778523222.7106419,2,68,0,48,122,31,1
1778523222.7136996,1,1779,50,72,121,55,2
1778523222.7282157,2,68,0,48,122,31,2
1778523222.7315018,1,1780,0,72,122,55,2
1778523222.7454946,2,68,0,48,121,30,1
1778523222.7482135,1,1779,-50,70,122,55,2
1778523222.7627366,2,68,0,48,122,31,1
1778523222.7663267,1,1780,50,71,122,55,2
1778523222.7804012,2,68,0,48,122,31,1
1778523222.783185,1,1779,-50,71,121,54,2
1778523222.7975547,2,68,0,48,122,31,2
1778523222.801314,1,1779,-50,68,122,55,2
1778523222.8154354,2,68,0,48,122,31,1
1778523222.8188298,1,1780,0,68,122,55,2
1778523222.8334541,2,68,0,48,121,31,1
1778523222.8366976,1,1780,50,73,122,55,2
1778523222.8506496,2,68,0,48,122,31,2
1778523222.8535402,1,1780,0,72,122,54,2
1778523222.8681512,2,68,0,48,122,31,1
1778523222.8715076,1,1780,-50,69,122,55,2
1778523222.88548,2,68,0,48,122,31,1
1778523222.8881922,1,1780,50,71,122,55,2
1778523222.9026494,2,68,0,48,121,31,1
1778523222.9062848,1,1779,0,72,122,55,2
1778523222.920376,2,68,0,48,122,31,2
1778523222.9232087,1,1779,0,72,122,55,3
1778523222.9375381,2,68,0,48,122,31,1
1778523222.9411242,1,1780,0,72,122,55,3
1778523222.9549732,2,68,0,48,122,31,1
1778523222.95779,1,1779,0,72,121,55,2
1778523222.9722247,2,68,0,48,122,31,1
1778523222.9757283,1,1780,0,72,121,55,2
1778523222.9897351,2,68,0,48,122,31,1
1778523222.9927225,1,1780,0,72,122,55,2
1778523223.0072393,2,68,0,48,122,31,1
1778523223.010526,1,1780,0,72,122,55,2
1778523223.0243824,2,68,0,48,121,31,1
1778523223.0271688,1,1780,0,72,122,55,2
1778523223.041858,2,68,0,48,122,31,1
1778523223.045904,1,1780,-50,70,122,55,2
1778523223.0601933,2,68,0,48,122,31,1
1778523223.063804,1,1780,0,68,122,55,2
1778523223.0784757,2,68,0,48,122,31,1
1778523223.0816941,1,1780,50,70,122,55,2
1778523223.0960329,2,68,0,48,122,31,1
1778523223.1001952,1,1779,-50,71,122,55,2
1778523223.1143818,2,68,0,48,122,31,1
1778523223.117314,1,1780,-50,68,122,54,1
1778523223.1318214,2,68,0,48,122,31,1
1778523223.1352952,1,1780,50,73,122,55,3
1778523223.149243,2,68,0,48,121,31,2
1778523223.152023,1,1779,-50,69,122,55,2
1778523223.1664195,2,68,0,48,122,31,2
1778523223.1699293,1,1779,0,68,122,55,2
1778523223.1839378,2,68,0,48,122,31,1
1778523223.1868322,1,1780,50,71,121,55,2
1778523223.201308,2,68,0,48,122,31,1
1778523223.205328,1,1780,0,72,122,55,2
1778523223.2194645,2,68,0,48,122,31,1
1778523223.2225387,1,1780,0,72,121,55,3
1778523223.2369952,2,68,0,48,122,31,1
1778523223.2401798,1,1779,0,72,122,55,2
1778523223.2542496,2,68,0,48,122,31,1
1778523223.2573175,1,1780,0,72,122,55,2
1778523223.2717571,2,68,0,48,121,31,1
1778523223.2750292,1,1779,-50,68,122,55,2
1778523223.2888978,2,68,0,48,122,31,0
1778523223.291674,1,1779,0,68,122,55,2
1778523223.3061273,2,68,0,48,122,31,1
1778523223.309643,1,1779,0,68,122,55,2
1778523223.3237343,2,68,0,48,122,31,2
1778523223.3265476,1,1780,0,68,122,55,2
1778523223.3411412,2,68,0,48,121,31,1
1778523223.3450415,1,1780,0,68,122,55,2
1778523223.3590403,2,68,0,48,122,31,1
1778523223.3620627,1,1779,50,70,122,55,2
1778523223.3763669,2,68,0,48,122,31,1
1778523223.379531,1,1779,-50,71,121,55,3
1778523223.3934376,2,68,0,48,122,31,1
1778523223.3961418,1,1780,-50,67,122,55,2
1778523223.4104307,2,68,-50,51,122,31,1
1778523223.4139516,1,1779,0,68,121,54,2
1778523223.427933,2,68,50,48,122,31,1
1778523223.4306908,1,1780,0,68,122,55,2
1778523223.4451277,2,68,0,48,122,31,1
1778523223.448979,1,1780,0,68,122,55,2
1778523223.4628265,2,68,0,48,121,31,1
1778523223.4656994,1,1779,0,68,121,55,1
1778523223.480058,2,68,-50,49,122,31,2
1778523223.4833384,1,1780,50,71,121,55,2
1778523223.4971719,2,68,50,50,122,31,1
1778523223.4999413,1,1779,-50,71,121,55,2
1778523223.5146034,2,68,50,47,122,31,1
1778523223.5182137,1,1779,0,68,122,55,2
1778523223.5322242,2,68,0,48,121,31,1
1778523223.535106,1,1780,0,68,122,55,2
1778523223.5495622,2,68,0,48,122,31,1
1778523223.553404,1,1780,0,68,122,55,2
1778523223.5673604,2,68,0,48,121,31,1
1778523223.5703297,1,1779,50,72,122,55,2
1778523223.5848439,2,68,0,48,122,31,1
1778523223.5880468,1,1779,0,72,122,55,2
1778523223.6020076,2,68,0,48,122,31,1
1778523223.604953,1,1780,0,72,122,55,2
1778523223.6193402,2,68,0,48,122,31,2
1778523223.6225834,1,1779,-50,70,122,55,2
1778523223.6367996,2,68,0,48,122,31,1
1778523223.6397517,1,1780,0,68,121,55,3
1778523223.653606,2,68,0,48,121,31,1
1778523223.656367,1,1779,0,68,121,55,2
1778523223.6708252,2,68,0,48,121,31,1
1778523223.6741571,1,1780,0,68,122,54,2
1778523223.6881423,2,68,0,48,122,31,1
1778523223.6908882,1,1779,0,68,121,55,2
1778523223.7053413,2,68,0,48,121,31,1
1778523223.709335,1,1779,0,68,122,55,2
1778523223.7232852,2,68,0,48,122,31,1
1778523223.726606,1,1779,50,72,121,55,3
1778523223.741181,2,68,0,48,122,31,2
1778523223.7443223,1,1779,-50,70,122,55,2
1778523223.7584286,2,68,0,48,122,31,1
1778523223.761446,1,1779,0,68,121,55,2
1778523223.7758431,2,68,0,48,121,31,1
1778523223.7790782,1,1780,0,68,122,55,2
1778523223.7929862,2,68,0,48,122,31,2
1778523223.7957757,1,1780,50,70,122,55,2
1778523223.810445,2,68,0,48,122,31,1
1778523223.8140216,1,1779,50,73,122,55,2
1778523223.828202,2,68,0,48,122,31,1
1778523223.8310306,1,1779,-50,68,122,55,2
1778523223.8456693,2,68,0,48,121,31,1
1778523223.849337,1,1779,0,68,122,55,2
1778523223.863405,2,68,0,48,121,31,2
1778523223.8665223,1,1780,0,68,122,55,2
1778523223.8810852,2,68,0,48,122,31,1
1778523223.8842626,1,1779,0,68,122,55,2
1778523223.8981981,2,67,0,48,121,31,1
1778523223.9011629,1,1780,50,71,122,55,2
1778523223.915641,2,68,0,48,122,31,1
1778523223.9188533,1,1779,0,72,122,55,2
1778523223.932779,2,68,0,48,121,31,1
1778523223.9356108,1,1779,-50,71,121,55,2
1778523223.9500036,2,68,0,48,122,31,1
1778523223.9535825,1,1780,-50,68,122,55,2
1778523223.9675896,2,68,0,48,122,31,1
1778523223.9704022,1,1780,0,68,122,55,2
1778523223.9849064,2,67,0,48,122,31,1
1778523223.9888365,1,1780,0,68,122,55,2
1778523224.0027213,2,68,0,48,121,31,1
1778523224.0056381,1,1779,50,72,122,55,2
1778523224.0201118,2,68,0,48,121,31,1
1778523224.0233564,1,1779,-50,69,122,55,2
1778523224.0373473,2,68,0,48,121,31,1
1778523224.040191,1,1780,50,71,122,53,2
1778523224.0547955,2,68,0,48,122,31,2
1778523224.0584157,1,1779,-50,70,122,55,2
1778523224.0728483,2,68,0,48,122,31,1
1778523224.0758615,1,1780,50,70,122,55,2
1778523224.090227,2,68,0,48,121,31,2
1778523224.0938876,1,1779,50,73,122,55,3
1778523224.1081324,2,68,0,48,122,31,1
1778523224.1112523,1,1780,0,72,122,55,2
1778523224.1259165,2,68,0,48,122,31,1
1778523224.1294963,1,1780,0,72,122,55,2
1778523224.1434026,2,68,0,48,121,31,1
1778523224.1466012,1,1779,-50,69,121,55,2
1778523224.1611202,2,68,0,48,122,31,0
1778523224.1643035,1,1780,0,68,122,55,1
1778523224.178208,2,68,0,48,122,31,1
1778523224.1810508,1,1779,50,71,121,55,2
1778523224.1955094,2,68,0,48,122,31,1
1778523224.1989403,1,1779,0,72,121,55,3
1778523224.2130167,2,68,0,48,122,31,1
1778523224.2157736,1,1779,-50,71,122,55,2
1778523224.2302032,2,68,0,48,122,31,1
1778523224.2334225,1,1780,-50,68,122,55,2
1778523224.2472856,2,68,0,48,122,31,1
1778523224.2505145,1,1779,0,68,122,55,2
1778523224.2651362,2,68,0,48,122,31,1
1778523224.2683177,1,1780,50,73,122,55,2
1778523224.2822454,2,68,0,48,122,31,1
1778523224.2852728,1,1780,0,72,122,55,2
1778523224.2997527,2,68,0,48,122,31,1
1778523224.3031867,1,1780,-50,69,122,55,2
1778523224.3175092,2,68,0,48,122,31,2
1778523224.3207064,1,1780,0,68,121,55,2
1778523224.3352695,2,68,0,48,122,31,1
1778523224.3389237,1,1780,0,68,122,56,2
1778523224.3529127,2,68,0,48,121,31,1
1778523224.3560624,1,1779,0,68,121,55,2
1778523224.370402,2,68,0,48,121,31,1
1778523224.3736668,1,1780,50,70,121,55,0
1778523224.3876956,2,68,0,48,122,31,1
1778523224.391106,1,1779,50,73,122,55,1
1778523224.4054608,2,68,0,48,121,31,1
1778523224.4085555,1,1779,0,72,121,55,2
1778523224.4223998,2,68,0,48,121,31,1
1778523224.4254694,1,1779,-50,69,121,55,2
1778523224.4399264,2,68,0,48,121,31,2
1778523224.4431868,1,1779,0,68,122,55,2
1778523224.4572709,2,68,0,48,121,31,2
1778523224.4601097,1,1779,0,68,122,55,2
1778523224.4744632,2,68,0,48,121,31,1
1778523224.4780095,1,1780,50,71,121,55,2
1778523224.492563,2,68,0,48,121,31,1
1778523224.4956088,1,1780,-50,70,121,55,2
1778523224.50961,2,68,0,48,121,31,2
1778523224.5124679,1,1779,0,68,121,55,1
1778523224.5268617,2,68,0,48,121,31,1
1778523224.530475,1,1779,0,68,121,55,2
1778523224.5444987,2,68,0,48,122,31,1
1778523224.5473535,1,1779,50,73,122,56,2
1778523224.5617788,2,68,0,48,122,31,2
1778523224.5653656,1,1779,-50,69,122,55,2
1778523224.5791948,2,68,0,48,121,31,1
1778523224.5822697,1,1779,0,68,121,55,2
1778523224.5969505,2,68,0,48,121,31,1
1778523224.6001568,1,1779,50,71,122,55,2
1778523224.6141212,2,68,0,48,122,31,2
1778523224.6171787,1,1780,-50,70,122,55,2
1778523224.631804,2,68,0,48,121,31,2
1778523224.6350954,1,1779,0,68,122,55,2
1778523224.649106,2,68,0,48,122,31,1
1778523224.6518915,1,1779,0,68,122,55,2
1778523224.666314,2,68,0,48,122,31,1
1778523224.66987,1,1780,0,68,121,55,2
1778523224.6841626,2,68,0,48,122,31,2
1778523224.6871607,1,1779,50,73,121,55,2
1778523224.7015254,2,68,0,48,122,31,2
1778523224.7051032,1,1779,-50,68,122,55,1
1778523224.7193828,2,68,0,48,122,31,1
1778523224.722307,1,1779,50,72,121,55,2
1778523224.7368526,2,68,0,48,121,31,1
1778523224.7407894,1,1779,-50,69,122,55,2
1778523224.754718,2,68,0,48,121,31,1
1778523224.7577772,1,1779,50,71,122,55,2
1778523224.7725534,2,68,0,48,121,31,1
1778523224.7759552,1,1780,0,72,122,55,2
1778523224.7898698,2,68,0,48,122,31,1
1778523224.7926757,1,1779,-50,71,121,55,2
1778523224.8073113,2,68,0,48,121,31,1
1778523224.8107538,1,1780,50,70,121,55,2
1778523224.8250325,2,68,0,48,122,31,1
1778523224.8281064,1,1780,50,73,122,55,3
1778523224.842548,2,68,0,48,122,31,1
1778523224.8461912,1,1780,0,72,121,55,2
1778523224.8634253,2,68,0,48,121,31,1
1778523224.8678498,1,1780,-50,68,122,55,2
1778523224.8820946,2,68,0,48,122,31,1
1778523224.884851,1,1779,0,68,121,55,2
1778523224.8993087,2,68,0,48,121,31,1
1778523224.9026127,1,1779,50,72,122,55,3
1778523224.9165466,2,68,0,48,121,31,1
1778523224.919392,1,1779,-50,69,122,55,1
1778523224.9341266,2,68,0,48,121,31,1
1778523224.9381242,1,1780,50,71,121,55,2
1778523224.95204,2,68,0,48,121,31,1
1778523224.9559045,1,1780,0,72,122,55,2
1778523224.9709826,2,68,0,48,121,31,1
1778523224.974221,1,1780,-50,70,122,55,3
1778523224.9881413,2,68,0,48,122,31,1
1778523224.9908915,1,1780,50,70,121,55,2
1778523225.0055559,2,68,0,48,121,31,1
1778523225.0096586,1,1779,50,71,122,55,2
1778523225.0236797,2,68,0,48,121,31,1
1778523225.027056,1,1779,-50,68,121,56,2
1778523225.0413804,2,68,0,48,121,31,1
1778523225.0443695,1,1779,50,73,121,55,2
1778523225.058385,2,68,0,48,121,31,1
1778523225.061391,1,1780,-50,69,122,55,2
1778523225.0760298,2,68,0,48,121,31,1
1778523225.0793786,1,1780,50,72,122,55,2
1778523225.093347,2,68,0,48,121,31,1
1778523225.0961924,1,1779,-50,70,121,55,2
1778523225.1105788,2,68,0,48,121,31,2
1778523225.114091,1,1779,0,68,122,55,3
1778523225.1281083,2,68,0,48,122,31,1
1778523225.1309104,1,1780,0,68,121,55,2
1778523225.1455598,2,68,0,48,121,31,1
1778523225.1495166,1,1779,0,68,122,55,2
1778523225.1633618,2,68,0,48,121,31,1
1778523225.1666832,1,1779,0,68,122,55,2
1778523225.1809592,2,68,0,48,122,31,2
1778523225.1839662,1,1780,50,73,122,55,2
1778523225.1984746,2,68,0,48,122,31,1
1778523225.202036,1,1780,-50,68,122,55,2
1778523225.2162802,2,68,0,48,122,31,1
1778523225.2193778,1,1780,0,68,122,55,1
1778523225.2339146,2,68,0,48,121,31,1
1778523225.2375593,1,1779,0,68,122,55,2
1778523225.251556,2,68,0,48,122,31,1
1778523225.2549024,1,1780,50,71,121,55,2
1778523225.2693586,2,68,0,48,121,31,1
1778523225.2722785,1,1779,-50,70,121,55,2
1778523225.2863228,2,68,0,48,122,31,1
1778523225.2893896,1,1780,50,70,122,55,2
1778523225.3032172,2,68,0,48,122,31,0
1778523225.3063812,1,1779,50,73,121,55,2
1778523225.3210545,2,68,0,48,121,31,1
1778523225.3242273,1,1780,0,72,121,55,2
1778523225.3382618,2,68,0,48,121,31,1
1778523225.3412726,1,1780,-50,68,121,55,2
1778523225.355872,2,68,0,48,121,31,1
1778523225.3592582,1,1779,0,68,122,55,2
1778523225.3732765,2,68,0,48,122,31,1
1778523225.3761098,1,1780,0,68,122,55,1
1778523225.390463,2,68,0,48,121,31,1
1778523225.3939593,1,1780,50,71,122,55,2
1778523225.4079857,2,68,0,48,122,31,2
1778523225.4108162,1,1779,-50,70,122,55,2
1778523225.4255645,2,68,0,48,121,31,8
1778523225.4295623,1,1780,50,70,122,55,2
1778523225.4438019,2,68,0,48,121,31,1
1778523225.4466987,1,1780,-50,71,121,55,1
1778523225.4610698,2,68,0,48,122,31,1
1778523225.4649518,1,1780,-50,68,121,55,2
1778523225.4791672,2,68,0,48,121,31,1
1778523225.4819748,1,1779,0,68,122,55,2
1778523225.496337,2,68,0,48,121,31,1
1778523225.5004904,1,1780,0,68,122,55,2
1778523225.5146186,2,68,0,48,122,31,1
1778523225.5176568,1,1780,50,72,122,55,2
1778523225.5322127,2,68,0,48,121,31,1
1778523225.5356188,1,1779,-50,69,122,55,2
1778523225.5496433,2,68,0,48,121,31,1
1778523225.5524762,1,1779,50,71,121,55,2
1778523225.5668995,2,68,0,48,121,31,1
1778523225.570476,1,1779,-50,70,121,55,2
1778523225.584482,2,68,0,48,122,31,2
1778523225.587292,1,1779,0,68,121,55,2
1778523225.6019664,2,68,0,48,121,31,1
1778523225.6059783,1,1780,0,68,121,55,2
1778523225.620005,2,68,0,48,121,31,1
1778523225.6239266,1,1780,50,73,122,55,3
1778523225.638325,2,68,0,48,121,31,1
1778523225.6413455,1,1779,-50,68,122,55,2
1778523225.6552427,2,68,0,48,121,31,1
1778523225.6582773,1,1780,0,68,122,55,2
1778523225.6727498,2,68,0,48,122,31,1
1778523225.676087,1,1779,50,72,122,55,2
1778523225.6900303,2,68,0,48,121,31,2
1778523225.6929882,1,1779,-50,70,122,55,2
1778523225.7074094,2,68,0,48,121,31,1
1778523225.7108617,1,1779,0,68,121,55,2
1778523225.7247934,2,68,0,48,121,31,1
1778523225.7275996,1,1780,50,70,121,55,2
1778523225.7419915,2,68,0,48,121,31,1
1778523225.7456374,1,1780,-50,71,122,55,2
1778523225.7597582,2,68,0,48,122,31,1
1778523225.7626104,1,1779,-50,68,122,55,2
1778523225.7769363,2,68,0,48,121,31,1
1778523225.7808537,1,1779,0,68,122,55,1
1778523225.7947376,2,68,0,48,121,31,2
1778523225.7975695,1,1779,0,68,122,55,2
1778523225.812267,2,68,0,48,121,31,1
1778523225.8156202,1,1779,50,72,122,55,2
1778523225.8294525,2,68,0,48,121,31,1
1778523225.832203,1,1779,-50,70,121,55,3
1778523225.8467693,2,68,0,48,122,31,2
1778523225.8501372,1,1779,0,68,122,55,2
1778523225.8648612,2,68,0,48,121,31,1
1778523225.8687978,1,1779,0,68,122,55,2
1778523225.8827753,2,68,0,48,122,31,2
1778523225.8856397,1,1779,0,68,122,55,2
1778523225.9001215,2,68,0,48,122,31,1
1778523225.903319,1,1779,0,68,122,55,1
1778523225.9172459,2,68,0,48,121,31,1
1778523225.9200566,1,1779,0,68,121,55,2
1778523225.9345493,2,68,0,48,121,31,1
1778523225.9379084,1,1780,0,68,122,55,1
1778523225.9523401,2,68,0,48,122,31,1
1778523225.9564846,1,1779,0,68,122,55,2
1778523225.9706335,2,68,0,48,121,31,1
1778523225.9735353,1,1779,50,72,121,55,3
1778523225.988133,2,68,0,48,122,31,2
1778523225.9913626,1,1779,-50,70,122,56,2
1778523226.005259,2,68,0,48,121,31,2
1778523226.0080538,1,1780,0,68,121,55,2
1778523226.0224824,2,68,0,48,121,31,2
1778523226.0261471,1,1780,0,68,121,55,2
1778523226.0401404,2,68,0,48,121,31,2
1778523226.043062,1,1779,0,68,121,55,2
1778523226.057612,2,68,0,48,122,31,2
1778523226.0612388,1,1779,0,68,122,55,2
1778523226.075076,2,68,0,48,122,31,1
1778523226.0783236,1,1779,0,68,122,55,2
1778523226.0930054,2,68,0,48,121,31,1
1778523226.0961685,1,1780,0,68,121,55,2
1778523226.1100605,2,68,0,48,121,31,1
1778523226.1128983,1,1779,0,68,121,55,2
1778523226.1274524,2,68,0,48,121,31,2
1778523226.1307473,1,1780,0,68,122,55,2
1778523226.144818,2,68,0,48,121,31,0
1778523226.1476223,1,1780,0,68,121,54,2
1778523226.1619678,2,68,0,48,121,31,2
1778523226.1655416,1,1779,50,70,122,55,2
1778523226.1794891,2,68,0,48,121,31,1
1778523226.1822717,1,1780,50,72,121,55,2
1778523226.1967459,2,68,0,48,121,30,1
1778523226.2007473,1,1779,0,72,122,55,2
1778523226.2149165,2,68,0,48,121,31,2
1778523226.217955,1,1779,0,72,121,55,2
1778523226.2324498,2,68,0,48,122,31,2
1778523226.2357807,1,1780,0,72,122,55,2
1778523226.2498133,2,68,0,48,121,31,1
1778523226.2527514,1,1779,-50,69,121,55,2
1778523226.2671723,2,68,0,48,121,31,1
1778523226.270461,1,1780,50,71,122,55,2
1778523226.2843626,2,68,0,48,121,31,1
1778523226.2871616,1,1780,-50,70,121,55,2
1778523226.3018963,2,68,0,48,121,31,1
1778523226.3059278,1,1779,0,68,122,55,3
1778523226.3200338,2,68,0,48,121,31,1
1778523226.3240128,1,1779,0,68,122,55,2
1778523226.3390307,2,68,0,48,122,31,2
1778523226.3421235,1,1779,0,68,121,55,2
1778523226.3559978,2,68,0,48,122,31,0
1778523226.3587368,1,1779,0,68,121,55,2
1778523226.3731785,2,68,0,48,121,31,1
1778523226.3770926,1,1779,50,73,121,55,2
1778523226.3910348,2,68,0,48,121,31,2
1778523226.3939617,1,1779,-50,69,121,55,2
1778523226.4084857,2,68,0,48,121,31,2
1778523226.4118242,1,1779,50,72,122,55,3
1778523226.4257388,2,68,0,48,121,31,2
1778523226.428561,1,1779,-50,70,121,55,3
1778523226.443089,2,68,0,48,121,31,1
1778523226.4464793,1,1779,50,71,122,55,2
1778523226.4607136,2,68,0,48,121,31,1
1778523226.4636889,1,1779,-50,71,122,55,2
1778523226.4780533,2,68,0,48,121,31,1
1778523226.4814992,1,1779,-50,68,122,55,2
1778523226.4953778,2,68,0,48,121,31,1
1778523226.4988158,1,1779,0,68,121,55,2
1778523226.513425,2,68,0,48,121,31,1
1778523226.516638,1,1779,0,68,121,55,16
1778523226.5306025,2,68,0,48,121,31,1
1778523226.533631,1,1779,0,68,121,55,11
1778523226.548277,2,68,0,48,121,31,1
1778523226.5517867,1,1779,0,68,121,55,16
1778523226.5657094,2,68,0,48,121,31,2
1778523226.568602,1,1779,0,68,121,55,17
1778523226.583042,2,68,0,48,121,31,1
1778523226.5863423,1,1779,0,68,121,55,14
1778523226.6002338,2,68,0,48,121,31,1
1778523226.6030903,1,1779,0,68,121,55,14
1778523226.6173666,2,68,0,48,121,31,1
1778523226.6209314,1,1779,0,68,121,55,13
1778523226.6349354,2,68,0,48,121,31,1
1778523226.637971,1,1779,0,68,121,55,17
1778523226.652412,2,68,0,48,121,31,1
1778523226.6556387,1,1779,0,68,121,55,17
1778523226.6695926,2,68,0,48,121,31,1
1778523226.6723714,1,1779,0,68,121,55,12
1778523226.6867588,2,68,0,48,121,31,1
1778523226.6904247,1,1779,0,68,121,55,16
1778523226.7044163,2,68,0,48,121,31,2
1778523226.707234,1,1779,0,68,121,55,17
1778523226.721573,2,68,0,48,120,31,2
1778523226.7252455,1,1779,0,68,121,55,14
1778523226.7393703,2,68,0,48,121,31,1
1778523226.742578,1,1779,0,68,121,55,17
1778523226.7572782,2,68,0,48,121,31,1
1778523226.7604377,1,1779,0,68,121,55,16
1778523226.774397,2,68,0,48,121,31,1
1778523226.7774882,1,1779,0,68,121,55,17
1778523226.7920074,2,68,0,48,121,31,1
1778523226.795432,1,1779,0,68,121,56,12
1778523226.8093855,2,68,0,48,120,31,1
1778523226.812159,1,1779,0,68,121,55,15
1778523226.826594,2,68,0,48,121,31,1
1778523226.8301594,1,1779,0,68,121,55,13
1778523226.8441417,2,68,0,48,121,31,1
1778523226.8469446,1,1779,0,68,121,55,17
1778523226.8612258,2,68,0,48,121,31,1
1778523226.8651621,1,1779,0,68,120,55,17
1778523226.8790963,2,68,0,48,121,31,2
1778523226.882001,1,1779,0,68,121,55,17
1778523226.8965557,2,68,0,48,121,31,1
1778523226.8998444,1,1779,0,68,121,55,14
1778523226.9139457,2,68,0,48,121,31,1
1778523226.916862,1,1779,0,68,121,55,14
1778523226.9313302,2,68,-50,50,121,31,2
1778523226.9347324,1,1779,0,68,121,55,16
1778523226.948762,2,68,50,50,121,31,1
1778523226.951746,1,1779,0,68,121,55,16
1778523226.966113,2,68,0,48,121,31,1
1778523226.969801,1,1779,0,68,121,55,17
1778523226.9842112,2,68,0,48,121,31,2
1778523226.9873605,1,1779,0,68,121,55,14
1778523227.001829,2,68,0,48,121,31,1
1778523227.0054257,1,1779,0,68,121,55,16
1778523227.0193136,2,68,0,48,121,31,1
1778523227.022632,1,1779,0,68,121,55,16
1778523227.0372329,2,68,0,48,121,31,1
1778523227.0404668,1,1779,0,68,121,55,12
1778523227.0547335,2,68,0,48,121,31,1
1778523227.0580564,1,1779,0,68,121,55,13
1778523227.072671,2,68,0,48,121,31,1
1778523227.075998,1,1779,0,68,121,55,16
1778523227.0899944,2,68,0,48,121,31,2
1778523227.0928946,1,1779,0,68,121,55,12
1778523227.107372,2,68,0,48,121,31,1
1778523227.1107469,1,1779,0,68,121,55,13
1778523227.1246212,2,68,0,48,120,31,1
1778523227.1275241,1,1779,0,68,121,55,16
1778523227.142315,2,68,0,48,121,31,1
1778523227.1462507,1,1779,0,68,121,55,13
1778523227.160395,2,68,0,48,121,31,1
1778523227.1632373,1,1779,0,68,121,55,14
1778523227.1777458,2,68,0,48,121,31,1
1778523227.181631,1,1779,0,68,121,55,16
1778523227.195527,2,68,0,48,121,31,1
1778523227.1988816,1,1779,0,68,121,55,16
1778523227.2131114,2,68,0,48,121,31,1
1778523227.216074,1,1779,0,68,121,55,17
1778523227.2307394,2,68,0,48,121,31,1
1778523227.234356,1,1779,0,68,121,55,14
1778523227.248404,2,68,0,48,121,31,1
1778523227.2512534,1,1779,0,68,121,55,12
1778523227.265956,2,68,0,48,121,31,1
1778523227.2698977,1,1779,0,68,121,55,17
1778523227.2839515,2,68,0,46,121,31,1
1778523227.287469,1,1779,0,68,121,55,15
1778523227.3016863,2,68,0,40,121,31,1
1778523227.3044662,1,1779,0,68,121,56,13
1778523227.3191473,2,68,0,26,120,31,1
1778523227.3224661,1,1779,0,68,121,55,16
1778523227.3363745,2,68,0,26,121,31,0
1778523227.3391964,1,1779,0,68,121,55,16
1778523227.3535516,2,67,-50,48,121,31,1
1778523227.3571036,1,1779,0,68,121,55,17
1778523227.3711843,2,66,-50,76,121,31,2
1778523227.3744435,1,1779,0,68,121,55,17
1778523227.3890638,2,65,-50,110,121,31,3
1778523227.392256,1,1779,0,68,121,55,14
1778523227.4063795,2,62,-100,150,121,31,4
1778523227.4093995,1,1779,0,68,121,55,17
1778523227.4240956,2,56,-350,186,121,31,5
1778523227.427459,1,1779,0,68,121,55,17
1778523227.4414856,2,48,-350,218,120,31,7
1778523227.4442437,1,1779,0,68,121,55,12
1778523227.4592519,2,39,-450,249,120,31,8
1778523227.4627094,1,1779,0,68,121,55,12
1778523227.4769933,2,27,-600,273,120,31,7
1778523227.479798,1,1779,0,68,120,55,14
1778523227.4945529,2,14,-650,292,120,31,10
1778523227.4981365,1,1779,0,68,121,55,17
1778523227.5123134,2,4095,-800,295,120,31,7
1778523227.5150802,1,1779,0,68,120,55,16
1778523227.5298185,2,4080,-900,286,121,31,5
1778523227.533761,1,1779,0,68,121,55,18
1778523227.547624,2,4064,-850,270,121,31,4
1778523227.5509408,1,1779,0,68,121,55,18
1778523227.5653512,2,4050,-800,251,121,31,4
1778523227.5683973,1,1779,0,68,121,55,17
1778523227.582266,2,4037,-800,228,121,31,4
1778523227.585134,1,1779,0,68,121,55,13
1778523227.5996711,2,4026,-750,203,121,31,4
1778523227.6030247,1,1779,0,68,121,55,16
1778523227.617158,2,4019,-600,185,121,32,5
1778523227.6201675,1,1779,0,68,121,55,14
1778523227.6345,2,4014,-400,171,120,31,8
1778523227.6379974,1,1779,0,68,120,55,16
1778523227.652036,2,4011,-200,164,120,31,9
1778523227.6548958,1,1779,0,68,120,55,17
1778523227.6693814,2,4011,-50,160,120,31,13
1778523227.6734517,1,1779,0,68,120,55,14
1778523227.6875525,2,4011,0,158,120,31,14
1778523227.6906476,1,1779,0,68,120,55,16
1778523227.7053845,2,4011,0,158,120,31,11
1778523227.7085683,1,1779,0,68,120,55,17
1778523227.7226434,2,4010,-50,156,120,31,10
1778523227.7256236,1,1779,0,66,120,55,14
1778523227.740157,2,4010,-50,145,121,31,11
1778523227.743476,1,1779,0,58,121,55,9
1778523227.7576022,2,4011,0,133,121,31,9
1778523227.7605007,1,1779,0,44,121,55,5
1778523227.7750506,2,4010,50,116,121,31,7
1778523227.7784271,1,1779,0,23,121,55,1
1778523227.7923424,2,4011,0,91,121,31,3
1778523227.7951813,1,1779,0,35,121,55,4
1778523227.8096428,2,4011,-50,58,120,31,2
1778523227.8136282,1,1779,0,69,122,55,1
1778523227.82761,2,4010,50,18,121,31,0
1778523227.8309875,1,1780,0,109,121,55,3
1778523227.8454537,2,4011,0,55,120,31,0
1778523227.848692,1,1782,100,147,121,55,5
1778523227.8625488,2,4013,100,104,118,31,1
1778523227.8655596,1,1784,50,194,121,55,7
1778523227.879917,2,4017,100,151,121,31,3
1778523227.8833807,1,1791,250,235,121,55,17
1778523227.8973145,2,4022,250,196,117,31,3
1778523227.9002447,1,1801,550,267,120,55,9
1778523227.9147112,2,4028,300,242,116,31,7
1778523227.9183993,1,1812,600,296,120,55,11
1778523227.9323509,2,4038,400,291,118,31,10
1778523227.935174,1,1826,750,325,120,55,20
1778523227.9496253,2,4051,650,328,119,31,12
1778523227.9534838,1,1841,750,354,118,55,14
1778523227.9673367,2,4066,800,361,120,31,14
1778523227.9705055,1,1856,850,377,114,55,18
1778523227.9854937,2,4083,950,379,119,31,13
1778523227.988719,1,1875,900,400,118,55,17
1778523228.0027845,2,6,1050,384,113,31,9
1778523228.0057042,1,1893,1000,407,119,55,24
1778523228.020202,2,25,1050,377,118,31,11
1778523228.0235343,1,1912,1100,402,111,56,138
1778523228.037476,2,42,1100,360,119,31,9
1778523228.0401814,1,1926,950,401,112,55,155
1778523228.0545907,2,58,950,350,118,31,9
1778523228.0582051,1,1936,650,408,110,55,172
1778523228.0723047,2,77,1000,329,117,31,7
1778523228.075121,1,1940,300,429,116,55,66
1778523228.0896916,2,93,1000,303,106,31,4
1778523228.0936587,1,1941,50,464,105,55,240
1778523228.1076467,2,109,900,271,106,31,4
1778523228.111004,1,1941,50,502,104,55,251
1778523228.1254003,2,121,750,245,106,31,5
1778523228.1283405,1,1941,0,539,102,56,276
1778523228.1421957,2,131,600,223,105,31,4
1778523228.1451232,1,1941,0,568,102,55,292
1778523228.1595423,2,139,600,198,102,31,4
1778523228.162921,1,1941,0,592,101,55,308
1778523228.1770294,2,147,450,182,102,31,3
1778523228.180028,1,1942,0,609,100,55,318
1778523228.1944418,2,154,450,157,103,31,3
1778523228.197995,1,1942,50,618,100,55,318
1778523228.212589,2,160,350,131,103,31,2
1778523228.2155988,1,1942,0,621,100,55,316
1778523228.2294905,2,164,300,110,102,31,1
1778523228.2323627,1,1942,0,621,100,55,324
1778523228.2469146,2,167,200,95,100,31,1
1778523228.2502227,1,1942,0,621,100,55,317
1778523228.2647262,2,170,150,82,101,31,2
1778523228.2676713,1,1942,0,621,100,55,315
1778523228.2817535,2,172,100,72,102,31,1
1778523228.2846375,1,1942,0,619,100,55,312
1778523228.299595,2,173,100,58,103,31,1
1778523228.3030403,1,1942,0,610,100,56,320
1778523228.3172383,2,173,100,37,101,31,1
1778523228.319972,1,1942,0,595,101,55,302
1778523228.3346527,2,173,0,18,103,31,0
1778523228.338259,1,1942,0,574,102,56,285
1778523228.3522217,2,172,0,40,104,31,1
1778523228.3549716,1,1942,0,548,103,55,267
1778523228.3693256,2,171,-50,67,107,31,1
1778523228.3733475,1,1942,0,513,104,55,247
1778523228.387343,2,171,-50,103,108,31,2
1778523228.3905191,1,1942,0,475,105,55,233
1778523228.4051938,2,169,-50,145,109,31,4
1778523228.4083896,1,1942,0,426,108,56,195
1778523228.4223623,2,164,-250,187,109,31,6
1778523228.425459,1,1942,0,375,109,55,156
1778523228.439854,2,157,-250,221,112,31,7
1778523228.4432218,1,1942,0,315,111,56,129
1778523228.4572856,2,148,-450,252,115,31,7
1778523228.4602318,1,1942,0,253,113,55,105
1778523228.4741828,2,137,-500,283,117,31,10
1778523228.4772148,1,1941,0,185,118,55,73
1778523228.491717,2,124,-700,310,119,31,10
1778523228.4949327,1,1941,-50,109,119,55,25
1778523228.508791,2,109,-800,334,121,31,12
1778523228.5115793,1,1940,0,30,121,55,0
1778523228.5258412,2,93,-900,357,120,31,11
1778523228.5293508,1,1938,0,83,120,55,0
1778523228.5438945,2,74,-1050,373,121,31,10
1778523228.5468822,1,1932,-200,151,121,56,2
1778523228.5608137,2,53,-1150,381,118,31,9
1778523228.5636022,1,1925,-300,211,120,55,3
1778523228.57838,2,35,-1150,384,116,31,9
1778523228.5823338,1,1915,-500,261,121,55,10
1778523228.5966625,2,12,-1100,392,120,31,10
1778523228.599446,1,1909,-450,309,119,55,116
1778523228.6138976,2,4089,-1200,387,118,31,8
1778523228.6175601,1,1896,-550,346,119,55,13
1778523228.6316082,2,4067,-1150,380,120,31,9
1778523228.6350183,1,1880,-850,360,112,55,19
1778523228.6493511,2,4047,-1200,363,120,31,7
1778523228.6523256,1,1864,-950,357,114,56,116
1778523228.6661956,2,4029,-1100,346,119,31,8
1778523228.6693568,1,1848,-900,346,120,56,107
1778523228.6837487,2,4014,-900,332,113,31,11
1778523228.687048,1,1831,-900,330,120,55,14
1778523228.701335,2,4005,-550,330,119,31,26
1778523228.7042768,1,1817,-900,310,112,55,11
1778523228.7181914,2,3999,-550,334,114,31,35
1778523228.7211106,1,1802,-900,284,118,55,8
1778523228.7357762,2,3996,-350,350,116,31,50
1778523228.739039,1,1789,-750,259,118,55,14
1778523228.7528782,2,3994,-150,372,116,31,68
1778523228.7556138,1,1778,-750,231,118,55,5
1778523228.769945,2,3994,-100,390,114,31,72
1778523228.773513,1,1768,-550,205,118,55,7
1778523228.7874432,2,3994,-50,404,116,31,78
1778523228.790278,1,1759,-500,179,117,55,4
1778523228.8048062,2,3994,50,417,116,31,89
1778523228.8089921,1,1752,-500,149,116,55,4
1778523228.8230572,2,3994,0,426,116,31,91
1778523228.8260372,1,1747,-450,117,116,55,3
1778523228.8406162,2,3994,0,426,115,31,93
1778523228.843778,1,1743,-250,103,116,55,28
1778523228.8576825,2,3993,0,426,116,31,86
1778523228.8605015,1,1741,-200,90,117,55,3
1778523228.875023,2,3993,-50,422,116,31,80
1778523228.8784113,1,1740,-100,82,117,55,2
1778523228.89263,2,3993,0,422,116,31,89
1778523228.8954282,1,1739,-50,78,116,55,2
1778523228.9099925,2,3993,0,421,116,31,82
1778523228.9135814,1,1738,-50,72,116,55,2
1778523228.9276614,2,3993,0,413,116,31,81
1778523228.931062,1,1738,0,62,117,55,2
1778523228.9457705,2,3993,0,399,116,31,76
1778523228.9487922,1,1738,0,46,118,55,1
1778523228.962955,2,3993,0,379,117,31,67
1778523228.9660182,1,1738,0,27,117,55,0
1778523228.9806855,2,3993,0,352,117,31,66
1778523228.9840026,1,1738,0,32,118,55,0
1778523228.9978776,2,3993,0,320,118,31,51
1778523229.0007107,1,1739,0,65,119,56,2
1778523229.0153008,2,3993,0,284,119,31,37
1778523229.018705,1,1740,50,102,118,55,26
1778523229.032704,2,3993,0,238,120,31,31
1778523229.0356033,1,1741,100,139,120,55,4
1778523229.0501804,2,3993,0,188,120,31,14
1778523229.0537794,1,1744,100,185,121,55,7
1778523229.06779,2,3993,0,130,120,31,7
1778523229.0711367,1,1750,300,229,121,55,67
1778523229.0856304,2,3993,0,66,117,31,4
1778523229.0886824,1,1760,500,267,121,55,11
1778523229.102523,2,3994,50,32,116,31,0
1778523229.105412,1,1771,500,301,120,55,12
1778523229.1199477,2,3998,200,96,118,31,0
1778523229.1234593,1,1783,700,324,121,55,24
1778523229.1374488,2,4004,300,163,120,32,0
1778523229.1402678,1,1798,700,358,112,55,19
1778523229.1548183,2,4012,300,224,120,31,3
1778523229.1584194,1,1814,850,383,112,55,22
1778523229.1724572,2,4021,500,272,120,31,7
1778523229.175255,1,1833,1000,398,111,55,22
1778523229.1900694,2,4029,450,323,117,31,9
1778523229.1940494,1,1852,1050,410,119,55,119
1778523229.2082026,2,4045,650,362,119,31,16
1778523229.2118554,1,1872,1150,411,111,55,17
1778523229.2266586,2,4061,900,377,113,31,10
1778523229.2298167,1,1894,1100,404,119,56,146
1778523229.2437158,2,4080,1000,375,120,31,12
1778523229.2464736,1,1913,1150,392,112,55,18
1778523229.2611043,2,3,1050,364,120,31,10
1778523229.2648857,1,1927,1150,371,111,55,25
1778523229.278807,2,22,1100,344,118,31,9
1778523229.2817461,1,1936,800,375,113,56,154
1778523229.296371,2,38,1100,317,118,31,7
1778523229.2999017,1,1939,400,398,117,55,59
1778523229.313982,2,52,900,300,117,31,5
1778523229.3168743,1,1940,150,429,116,55,74
1778523229.3313837,2,68,850,276,117,31,6
1778523229.3348372,1,1940,0,464,116,56,86
1778523229.3487935,2,81,850,248,115,31,4
1778523229.3516634,1,1940,0,492,115,56,92
1778523229.3662844,2,94,750,220,115,31,4
1778523229.3702981,1,1940,0,515,114,55,101
1778523229.3844545,2,105,600,191,114,32,4
1778523229.3872688,1,1940,0,532,114,55,108
1778523229.4017823,2,114,600,161,115,31,4
1778523229.4057064,1,1940,0,544,114,55,118
1778523229.4197607,2,121,400,130,115,31,3
1778523229.422636,1,1940,0,548,114,56,118
1778523229.4373465,2,126,300,107,115,31,2
1778523229.44144,1,1940,0,548,114,55,114
1778523229.4553394,2,129,300,84,115,31,2
1778523229.458607,1,1940,0,548,114,56,116
1778523229.4731615,2,131,150,76,114,34,2
1778523229.4763455,1,1940,0,548,114,56,115
1778523229.490735,2,133,150,65,114,46,1
1778523229.493835,1,1940,0,548,114,56,112
1778523229.5086553,2,134,50,61,114,31,2
1778523229.5121377,1,1940,0,545,114,55,123
1778523229.5263064,2,134,50,51,115,31,1
1778523229.5291932,1,1940,0,536,114,55,112
1778523229.5439334,2,134,0,35,116,31,1
1778523229.5473917,1,1940,0,521,115,56,103
1778523229.5617523,2,134,0,17,116,31,0
1778523229.5645564,1,1940,0,501,115,55,94
1778523229.5792897,2,134,0,42,116,31,1
1778523229.5829315,1,1940,0,472,116,55,87
1778523229.596955,2,133,-50,74,116,31,2
1778523229.5997028,1,1940,0,438,116,55,76
1778523229.6140757,2,131,-50,107,118,31,3
1778523229.6177137,1,1940,0,399,117,56,67
1778523229.6320736,2,129,-100,145,118,31,5
1778523229.6350932,1,1940,0,353,118,56,44
1778523229.6496491,2,123,-150,186,119,31,6
1778523229.6532705,1,1940,0,299,119,55,34
1778523229.667155,2,115,-350,220,120,31,6
1778523229.670419,1,1940,0,242,119,55,20
1778523229.6851335,2,105,-550,246,120,31,7
1778523229.6883535,1,1940,0,171,120,56,10
1778523229.702535,2,94,-600,274,121,31,8
1778523229.7056608,1,1940,0,102,121,55,5
1778523229.7201302,2,80,-750,302,121,31,9
1778523229.723534,1,1939,0,26,121,56,0
1778523229.7375333,2,64,-850,328,121,31,11
1778523229.7403314,1,1936,-100,79,121,55,0
1778523229.7549639,2,48,-850,351,121,31,9
1778523229.758265,1,1931,-150,154,117,56,39
1778523229.7727344,2,30,-950,369,121,31,12
1778523229.7756915,1,1923,-300,218,120,56,54
1778523229.7897162,2,11,-1000,377,120,31,9
1778523229.792641,1,1914,-500,261,120,55,12
1778523229.807464,2,4088,-1100,373,120,31,9
1778523229.8109102,1,1908,-400,305,113,56,115
1778523229.824809,2,4068,-1150,360,115,31,6
1778523229.827728,1,1895,-650,332,119,55,12
1778523229.8420205,2,4049,-1100,343,120,31,6
1778523229.8455381,1,1880,-850,340,112,55,46
1778523229.8596544,2,4031,-1050,323,117,31,6
1778523229.862519,1,1865,-850,334,120,56,96
1778523229.87733,2,4017,-850,306,115,31,8
1778523229.8811917,1,1849,-850,322,120,55,18
1778523229.8951356,2,4007,-550,296,119,31,21
1778523229.8979678,1,1834,-900,300,112,56,13
1778523229.9124403,2,4002,-550,293,114,31,31
1778523229.9158032,1,1820,-850,277,119,56,9
1778523229.9297976,2,3998,-300,306,116,31,50
1778523229.9326313,1,1807,-750,254,119,55,8
1778523229.947019,2,3997,-150,321,113,31,48
1778523229.9506645,1,1796,-700,227,118,56,6
1778523229.9647765,2,3996,-100,331,118,31,49
1778523229.9676206,1,1786,-550,202,113,56,60
1778523229.9820464,2,3996,0,341,115,31,49
1778523229.9855852,1,1778,-500,177,118,56,4
1778523229.9997265,2,3995,-50,345,117,31,71
1778523230.0025294,1,1771,-400,148,118,56,3
1778523230.0170088,2,3995,0,344,117,31,59
1778523230.02096,1,1766,-400,120,118,55,3
1778523230.0349176,2,3995,0,344,116,31,53
1778523230.0379317,1,1762,-300,101,117,55,27
1778523230.05223,2,3995,0,344,117,31,60
1778523230.0554447,1,1760,-200,88,118,55,3
1778523230.070214,2,3995,0,344,118,31,58
1778523230.0741725,1,1758,-100,80,118,55,3
1778523230.0883732,2,3995,0,344,118,31,69
1778523230.0912151,1,1758,-50,76,118,55,3
1778523230.1057992,2,3995,0,344,118,31,54
1778523230.1095157,1,1758,0,76,118,56,2
1778523230.1236403,2,3995,0,344,118,31,57
1778523230.1270983,1,1758,0,76,119,55,3
1778523230.141883,2,3995,0,342,118,31,53
1778523230.1448512,1,1758,0,73,118,55,2
1778523230.1590261,2,3995,0,336,118,31,54
1778523230.1622486,1,1758,0,65,118,55,2
1778523230.1769545,2,3995,0,321,118,31,50
1778523230.1801262,1,1758,0,50,119,55,1
1778523230.194249,2,3995,0,301,118,31,46
1778523230.1971188,1,1758,0,30,119,55,1
1778523230.2120945,2,3995,0,275,119,31,37
1778523230.2154734,1,1758,0,31,120,56,0
1778523230.2294936,2,3995,0,242,119,31,30
1778523230.23225,1,1759,50,60,119,56,9
1778523230.2465906,2,3995,0,205,120,31,24
1778523230.2502553,1,1760,50,95,121,57,2
1778523230.2647917,2,3995,0,159,121,31,11
1778523230.2677295,1,1761,50,137,119,56,45
1778523230.2816176,2,3995,0,107,121,31,4
1778523230.2843926,1,1764,100,183,120,56,55
1778523230.2988622,2,3995,0,51,121,31,1
1778523230.302198,1,1770,350,227,115,56,77
1778523230.3161511,2,3997,50,38,121,31,0
1778523230.3188708,1,1779,350,265,121,56,17
1778523230.333713,2,4000,200,99,118,31,0
1778523230.337586,1,1790,500,298,121,55,89
1778523230.3515732,2,4006,200,159,121,31,0
1778523230.355077,1,1803,650,321,114,56,105
1778523230.3695393,2,4014,350,196,115,31,2
1778523230.3726792,1,1818,750,332,121,56,16
1778523230.386489,2,4021,400,223,120,31,4
1778523230.3894894,1,1833,850,329,113,56,14
1778523230.4040258,2,4028,400,245,120,31,6
1778523230.4073865,1,1849,900,316,114,56,109
1778523230.421363,2,4039,550,253,115,31,5
1778523230.424071,1,1865,900,298,120,56,9
1778523230.438131,2,4050,650,249,121,31,6
1778523230.4418538,1,1879,850,276,114,56,10
1778523230.4558456,2,4061,650,237,117,31,4
1778523230.4586084,1,1893,850,249,121,56,5
1778523230.4735014,2,4072,650,218,118,31,4
1778523230.4775913,1,1906,800,218,121,55,6
1778523230.4915843,2,4083,650,191,118,31,5
1778523230.4951136,1,1915,700,189,121,56,5
1778523230.5095425,2,4092,550,169,121,50,3
1778523230.5125868,1,1921,500,168,121,55,7
1778523230.526641,2,4,500,142,119,31,3
1778523230.5297377,1,1923,200,162,116,56,61
1778523230.5442615,2,10,400,115,119,31,2
1778523230.5475695,1,1924,100,155,119,57,59
1778523230.5616925,2,14,350,90,118,32,2
1778523230.564493,1,1924,-50,155,119,56,48
1778523230.579059,2,17,150,76,119,31,2
1778523230.5823054,1,1924,50,155,119,56,59
1778523230.5963185,2,18,100,68,119,31,2
1778523230.599141,1,1924,0,153,117,55,59
1778523230.6135175,2,18,0,64,119,33,2
1778523230.6175728,1,1924,0,153,119,56,53
1778523230.6314332,2,18,0,64,119,31,2
1778523230.6348147,1,1923,0,153,119,56,57
1778523230.6494658,2,18,0,64,119,31,2
1778523230.6527517,1,1923,-50,157,116,56,48
1778523230.6666937,2,18,0,64,119,31,2
1778523230.6697721,1,1924,0,157,116,56,60
1778523230.6841774,2,18,0,64,119,31,2
1778523230.6874871,1,1924,0,157,119,56,55
1778523230.7014246,2,18,0,64,119,31,3
1778523230.7042832,1,1923,50,154,116,56,54
1778523230.7188249,2,19,0,64,119,32,2
1778523230.7222238,1,1924,0,153,119,56,46
1778523230.7360764,2,19,50,62,119,31,2
1778523230.7389457,1,1924,0,153,120,56,58
1778523230.7535698,2,19,0,60,119,31,2
1778523230.757522,1,1923,0,153,119,56,57
1778523230.77147,2,19,0,60,119,31,2
1778523230.7748876,1,1923,-50,157,119,56,61
1778523230.789288,2,19,0,60,119,31,1
1778523230.7922523,1,1924,50,152,119,56,42
1778523230.8061347,2,19,0,60,119,31,2
1778523230.8090622,1,1924,-50,156,119,56,58
1778523230.823533,2,19,0,60,119,31,2
1778523230.826768,1,1923,50,154,117,56,59
1778523230.8413105,2,19,0,60,119,31,2
1778523230.8453388,1,1924,-50,155,119,56,46
1778523230.859426,2,19,0,60,119,31,2
1778523230.8625617,1,1923,50,154,119,56,50
1778523230.8773942,2,19,0,60,119,31,2
1778523230.8807662,1,1924,0,153,119,56,46
1778523230.895035,2,19,0,58,118,32,1
1778523230.8981192,1,1924,0,151,121,56,57
1778523230.9129071,2,19,0,50,119,31,2
1778523230.9162025,1,1924,0,142,120,56,38
1778523230.930215,2,19,0,38,120,31,1
1778523230.9331906,1,1923,-50,133,120,56,43
1778523230.9478269,2,19,0,17,120,31,0
1778523230.9513159,1,1924,50,106,120,56,32
1778523230.9657643,2,19,0,36,120,31,0
1778523230.9688091,1,1924,0,85,121,56,22
1778523230.9833632,2,18,0,54,121,31,1
1778523230.9866593,1,1923,-50,70,121,56,13
1778523231.0005758,2,17,-100,61,120,31,1
1778523231.003458,1,1923,50,57,121,56,11
1778523231.0180595,2,16,0,66,121,31,1
1778523231.0216944,1,1924,-50,52,121,56,10
1778523231.035528,2,14,-100,62,121,31,1
1778523231.0386145,1,1923,0,53,121,56,7
1778523231.0528574,2,13,-100,55,121,31,1
1778523231.0558522,1,1923,0,53,121,56,8
1778523231.0702932,2,11,-100,48,121,31,1
1778523231.0742292,1,1924,0,53,121,56,9
1778523231.0883322,2,10,-100,41,121,31,1
1778523231.0911262,1,1923,0,53,121,56,11
1778523231.1057467,2,9,-50,38,121,31,1
1778523231.1096823,1,1923,0,53,121,56,10
1778523231.123668,2,9,-50,34,121,31,0
1778523231.1270924,1,1923,0,53,121,56,8
1778523231.1415138,2,9,0,34,121,31,1
1778523231.144529,1,1923,0,53,121,56,8
1778523231.1583614,2,9,0,34,121,31,1
1778523231.161356,1,1924,0,53,121,56,9
1778523231.1758206,2,9,0,34,121,31,1
1778523231.1791961,1,1924,0,53,121,56,8
1778523231.1935182,2,9,0,34,121,31,1
1778523231.1964905,1,1923,0,53,121,56,10
1778523231.2104864,2,9,0,34,121,31,1
1778523231.2135968,1,1923,0,53,121,56,8
1778523231.2280936,2,9,0,34,121,31,0
1778523231.2313516,1,1923,0,53,121,56,7
1778523231.2452202,2,9,0,34,121,31,1
1778523231.247943,1,1923,0,53,121,56,10
1778523231.2621906,2,9,0,34,121,31,1
1778523231.265842,1,1923,0,53,121,56,9
1778523231.279772,2,9,0,34,121,31,1
1778523231.2825139,1,1923,0,53,121,56,8
1778523231.2971432,2,9,0,34,121,31,1
1778523231.3010223,1,1923,0,53,121,56,11
1778523231.3149168,2,9,0,34,121,31,0
1778523231.3178868,1,1923,0,53,121,56,10
1778523231.3323395,2,9,0,34,121,31,0
1778523231.3357186,1,1923,0,53,121,56,8
1778523231.3497455,2,9,0,34,121,31,1
1778523231.3525648,1,1923,0,53,121,56,9
1778523231.3670092,2,9,0,34,121,31,1
1778523231.370532,1,1923,0,53,121,56,10
1778523231.3852074,2,9,0,34,121,31,1
1778523231.388178,1,1924,0,53,121,56,10
1778523231.4021516,2,9,0,34,121,31,1
1778523231.405077,1,1923,50,50,121,56,9
1778523231.4196365,2,9,0,34,121,31,0
1778523231.4228473,1,1924,-50,52,121,56,10
1778523231.43728,2,9,0,34,121,31,0
1778523231.4402142,1,1923,0,53,121,56,10
1778523231.454368,2,9,0,34,121,31,1
1778523231.4574401,1,1923,0,53,121,56,9
1778523231.4722567,2,9,0,34,121,31,0
1778523231.4756734,1,1923,0,53,121,56,10
1778523231.4897554,2,9,0,34,121,31,1
1778523231.4926052,1,1923,0,53,121,56,8
1778523231.5073144,2,9,0,34,121,31,1
1778523231.5106251,1,1923,0,53,121,56,10
1778523231.525141,2,9,0,34,121,31,1
1778523231.528089,1,1923,0,53,121,56,10
1778523231.5420449,2,9,0,34,121,31,0
1778523231.545143,1,1923,0,53,121,56,10
1778523231.5596547,2,9,0,34,121,31,1
1778523231.563084,1,1923,0,53,121,56,9
1778523231.5770004,2,9,0,34,121,31,1
1778523231.5798914,1,1923,0,53,121,56,10
1778523231.594172,2,9,0,34,121,31,0
1778523231.5977879,1,1923,0,53,121,56,8
1778523231.6117742,2,9,0,34,121,31,1
1778523231.6145935,1,1923,0,53,121,56,10
1778523231.6293268,2,9,0,34,121,31,0
1778523231.633359,1,1924,0,52,121,56,9
1778523231.647269,2,9,0,34,121,31,1
1778523231.6505704,1,1923,50,49,121,56,8
1778523231.6651897,2,9,0,34,121,31,1
1778523231.6683304,1,1923,-50,54,121,56,8
1778523231.6822166,2,9,0,34,121,31,1
1778523231.6851509,1,1923,0,53,121,56,10
1778523231.699721,2,9,0,34,121,31,1
1778523231.7030394,1,1923,0,53,121,56,8
1778523231.7169642,2,9,0,34,121,31,1
1778523231.7197616,1,1923,50,51,121,56,7
1778523231.734151,2,9,0,34,121,31,1
1778523231.7378013,1,1923,-50,52,121,56,10
1778523231.7522812,2,9,0,34,121,31,1
1778523231.7553086,1,1923,0,53,121,56,11
1778523231.7697835,2,9,0,34,121,31,1
1778523231.773473,1,1923,0,53,121,56,9
1778523231.7873616,2,9,0,34,121,31,1
1778523231.790566,1,1923,0,53,121,56,10
1778523231.8052354,2,9,0,34,121,31,0
1778523231.808448,1,1923,0,53,121,56,9
1778523231.8226092,2,9,0,34,121,31,1
1778523231.8257284,1,1923,0,53,121,56,7
1778523231.8401778,2,9,0,34,121,31,1
1778523231.8433971,1,1923,50,50,121,56,7
1778523231.8573298,2,9,0,34,121,31,1
1778523231.8600838,1,1923,-50,52,121,56,8
1778523231.8744807,2,9,0,34,121,31,1
1778523231.878022,1,1923,50,51,121,56,9
1778523231.8921068,2,9,0,34,121,31,0
1778523231.8948822,1,1923,-50,51,121,56,10
1778523231.9095795,2,9,0,34,121,31,1
1778523231.913574,1,1923,0,53,121,56,9
1778523231.9275985,2,9,0,34,121,31,1
1778523231.930993,1,1923,0,53,121,56,8
1778523231.9453988,2,9,0,34,121,31,0
1778523231.9485385,1,1924,0,53,121,56,11
1778523231.9626133,2,9,0,34,121,31,1
1778523231.965601,1,1923,0,53,121,56,8
1778523231.980215,2,9,0,34,121,31,1
1778523231.983588,1,1923,0,53,121,56,10
1778523231.9976451,2,9,0,34,121,31,0
1778523232.0003896,1,1923,50,50,121,56,7
1778523232.014941,2,9,0,34,121,31,1
1778523232.0183656,1,1923,-50,52,121,56,9
1778523232.0323024,2,9,0,34,121,31,1
1778523232.0350516,1,1923,0,53,121,56,11
1778523232.0497472,2,9,0,34,121,31,1
1778523232.0533142,1,1923,0,53,121,56,11
1778523232.067321,2,9,0,34,121,31,0
1778523232.0704007,1,1923,0,53,121,56,10
1778523232.0849273,2,9,0,34,121,31,1
1778523232.0881448,1,1923,0,53,121,56,9
1778523232.1020477,2,9,0,34,121,31,1
1778523232.10501,1,1923,0,53,121,56,10
1778523232.1194613,2,9,0,34,121,31,1
1778523232.1228158,1,1923,0,53,121,56,8
1778523232.1369085,2,9,0,34,121,31,1
1778523232.1398554,1,1924,0,53,121,56,10
1778523232.154611,2,9,0,36,121,31,1
1778523232.1581302,1,1923,0,51,121,56,9
1778523232.172291,2,9,0,44,121,31,1
1778523232.1751673,1,1923,50,40,121,56,4
1778523232.1899998,2,9,0,57,121,31,2
1778523232.1941054,1,1923,-50,24,122,56,2
1778523232.2080407,2,9,0,79,121,31,2
1778523232.2119079,1,1923,0,26,122,56,0
1778523232.226946,2,7,-100,104,122,31,3
1778523232.2301548,1,1922,-50,53,122,56,0
1778523232.2441413,2,3,-100,131,121,31,4
1778523232.2470207,1,1919,-50,85,121,56,0
1778523232.2614913,2,4094,-200,153,120,31,5
1778523232.2654908,1,1916,-200,110,120,56,33
1778523232.2797031,2,4087,-350,175,120,31,5
1778523232.2830195,1,1911,-200,135,121,56,45
1778523232.2976408,2,4080,-400,198,119,31,6
1778523232.300949,1,1910,-150,159,117,56,5
1778523232.3150945,2,4071,-450,226,118,31,6
1778523232.3183494,1,1905,-150,175,121,56,4
1778523232.3327916,2,4060,-550,254,121,31,7
1778523232.3359363,1,1898,-350,176,121,56,5
1778523232.349914,2,4049,-650,280,121,31,9
1778523232.3527257,1,1892,-400,163,121,56,50
1778523232.3672922,2,4036,-750,308,121,31,11
1778523232.3707247,1,1885,-400,143,120,56,43
1778523232.3847067,2,4021,-750,339,120,31,12
1778523232.3875551,1,1879,-400,118,120,56,27
1778523232.4020145,2,4011,-800,360,120,31,24
1778523232.4060872,1,1874,-350,94,120,56,2
1778523232.4201405,2,4001,-600,397,118,31,40
1778523232.4229307,1,1871,-250,77,119,56,0
1778523232.4375522,2,3995,-450,430,117,31,62
1778523232.4414647,1,1869,-150,66,118,56,2
1778523232.4554548,2,3991,-300,471,114,31,125
1778523232.45891,1,1868,-100,59,117,56,1
1778523232.4737964,2,3990,-150,514,112,31,115
1778523232.47683,1,1867,-50,53,114,56,1
1778523232.490929,2,3989,-50,558,113,31,148
1778523232.4940035,1,1867,0,50,113,56,1
1778523232.5086224,2,3989,0,598,111,31,158
1778523232.5119965,1,1867,0,50,112,56,1
1778523232.5258787,2,3988,-50,633,111,31,182
1778523232.5286791,1,1867,0,50,112,56,0
1778523232.5432346,2,3986,-50,658,110,31,234
1778523232.546929,1,1867,0,50,112,56,1
1778523232.5611691,2,3984,-100,675,110,31,201
1778523232.5639672,1,1867,0,50,109,56,1
1778523232.5783489,2,3984,-100,686,109,31,216
1778523232.5820136,1,1867,0,50,109,56,1
1778523232.5959792,2,3983,-50,694,108,31,224
1778523232.5988822,1,1867,0,50,108,56,0
1778523232.613378,2,3983,0,698,108,31,222
1778523232.6173728,1,1867,0,50,109,56,1
1778523232.631256,2,3983,0,698,108,31,229
1778523232.6342847,1,1867,0,50,110,56,0
1778523232.6488185,2,3983,0,698,108,31,224
1778523232.6519506,1,1867,0,50,109,56,1
1778523232.6657975,2,3983,0,698,108,31,224
1778523232.6687636,1,1867,0,50,108,56,1
1778523232.6833441,2,3983,0,698,108,31,223
1778523232.686662,1,1867,0,50,109,56,1
1778523232.7005646,2,3983,0,698,108,31,220
1778523232.703364,1,1867,0,50,109,56,1
1778523232.7181382,2,3983,0,698,108,31,222
1778523232.721727,1,1867,0,50,109,56,1
1778523232.7358885,2,3983,0,697,109,31,221
1778523232.7394164,1,1867,0,48,108,56,1
1778523232.754543,2,3983,0,689,109,31,221
1778523232.7577531,1,1867,0,39,108,56,0
1778523232.772188,2,3983,0,675,109,31,206
1778523232.7752395,1,1867,0,23,110,56,0
1778523232.7892036,2,3983,0,655,110,31,193
1778523232.792052,1,1867,0,28,110,56,0
1778523232.8065155,2,3983,0,630,111,31,177
1778523232.8101194,1,1867,0,54,111,56,1
1778523232.8242068,2,3983,0,596,111,31,162
1778523232.8271294,1,1868,50,87,112,56,2
1778523232.8416657,2,3983,0,560,111,31,144
1778523232.845724,1,1869,50,125,112,56,4
1778523232.8598397,2,3983,0,511,114,31,117
1778523232.8625965,1,1870,50,167,113,56,45
1778523232.8769596,2,3983,0,461,115,31,97
1778523232.8809366,1,1875,100,211,111,56,64
1778523232.8949757,2,3983,0,403,113,31,69
1778523232.8980877,1,1883,350,246,117,57,9
1778523232.912818,2,3983,0,338,114,31,52
1778523232.916053,1,1893,450,280,117,56,12
1778523232.9300144,2,3983,0,275,113,31,32
1778523232.9328642,1,1904,650,302,117,57,11
1778523232.9474032,2,3983,0,216,115,31,23
1778523232.950694,1,1916,650,314,119,56,18
1778523232.9646072,2,3983,0,166,119,31,13
1778523232.9673889,1,1925,550,322,119,56,22
1778523232.9817278,2,3984,0,121,119,31,8
1778523232.9857337,1,1931,550,335,119,56,130
1778523232.9997602,2,3986,50,85,119,31,5
1778523233.0024574,1,1934,350,348,118,56,45
1778523233.0170214,2,3988,100,60,118,31,3
1778523233.0209436,1,1936,200,369,118,56,52
1778523233.0347855,2,3991,150,42,118,31,2
1778523233.0376692,1,1936,50,394,117,56,60
1778523233.051913,2,3993,150,31,117,31,1
1778523233.0546322,1,1936,0,414,117,56,64
1778523233.0692916,2,3995,150,27,118,31,1
1778523233.073628,1,1936,0,429,117,56,76
1778523233.0877216,2,3997,100,27,117,31,1
1778523233.0911481,1,1936,0,437,117,56,77
1778523233.1055846,2,3998,50,30,117,31,1
1778523233.1088278,1,1936,0,438,117,56,72
1778523233.12262,2,3999,50,34,117,31,1
1778523233.125597,1,1936,0,438,117,56,77
1778523233.1400917,2,4000,50,37,117,31,1
1778523233.1433656,1,1936,0,438,116,56,76
1778523233.1572108,2,4000,50,41,117,31,0
1778523233.159974,1,1936,0,438,116,56,78
1778523233.174345,2,4000,0,41,117,31,0
1778523233.1779723,1,1936,0,438,117,56,88
1778523233.1920035,2,4000,0,41,117,31,0
1778523233.194763,1,1936,0,438,116,56,72
1778523233.2091875,2,4000,0,41,117,31,1
1778523233.2130473,1,1936,0,438,117,56,76
1778523233.2269726,2,4000,0,41,117,31,1
1778523233.2298446,1,1936,0,438,116,56,75
1778523233.244368,2,4000,0,41,117,31,1
1778523233.2477343,1,1936,0,438,117,56,71
1778523233.2616327,2,4000,0,41,117,31,1
1778523233.2644038,1,1936,0,438,116,56,77
1778523233.2788775,2,4000,0,41,117,31,1
1778523233.2821608,1,1936,0,438,107,56,226
1778523233.2963076,2,4000,0,41,110,31,1
1778523233.2991796,1,1937,0,438,107,56,249
1778523233.313704,2,4000,0,41,110,31,1
1778523233.31687,1,1938,50,434,107,56,203
1778523233.3308678,2,4000,0,41,108,31,0
1778523233.3339531,1,1938,0,434,107,56,198
1778523233.3486514,2,4000,0,41,108,31,0
1778523233.3518157,1,1938,50,431,107,56,194
1778523233.365786,2,4000,0,41,109,31,0
1778523233.368776,1,1938,-50,433,107,56,197
1778523233.3830857,2,4000,0,41,110,31,0
1778523233.3863256,1,1937,50,432,107,56,211
1778523233.400221,2,4000,0,41,110,31,0
1778523233.404132,1,1938,-50,432,108,56,202
1778523233.4184687,2,4000,0,41,108,31,0
1778523233.4213607,1,1937,-50,435,107,56,197
1778523233.435275,2,4000,0,41,108,31,0
1778523233.438382,1,1937,0,434,108,56,197
1778523233.452868,2,4000,0,41,109,31,1
1778523233.4560614,1,1937,0,434,108,56,193
1778523233.470027,2,4000,0,41,110,31,0
1778523233.472885,1,1938,0,434,107,56,199
1778523233.4874291,2,4000,0,41,110,31,1
1778523233.4909203,1,1937,0,434,108,56,195
1778523233.5050151,2,4000,0,41,108,31,1
1778523233.507857,1,1937,0,434,107,56,192
1778523233.5221593,2,4000,0,41,108,31,1
1778523233.5258,1,1937,0,434,107,56,194
1778523233.5398343,2,4000,0,41,109,31,1
1778523233.5426092,1,1937,0,434,108,56,200
1778523233.5572712,2,4000,0,41,110,31,1
1778523233.561245,1,1937,0,434,107,56,203
1778523233.5751853,2,4000,0,41,110,31,0
1778523233.5781941,1,1938,0,434,107,56,190
1778523233.5928063,2,4000,0,41,110,31,1
1778523233.5960956,1,1937,0,434,107,56,202
1778523233.6101012,2,4000,0,41,110,31,1
1778523233.6133597,1,1937,0,434,107,56,190
1778523233.6277928,2,4000,0,41,108,31,1
1778523233.6311724,1,1937,50,431,108,56,192
1778523233.6451511,2,4000,0,41,108,31,0
1778523233.647891,1,1938,-50,433,108,56,189
1778523233.6623132,2,4000,0,41,109,31,1
1778523233.6658528,1,1938,0,434,108,56,206
1778523233.6800663,2,4000,0,41,110,31,0
1778523233.6831021,1,1937,0,434,108,56,197
1778523233.6975422,2,4000,0,41,110,31,0
1778523233.7011325,1,1938,0,434,108,56,209
1778523233.7156065,2,4000,0,41,108,31,1
1778523233.718631,1,1937,0,434,107,56,206
1778523233.7331054,2,4000,0,41,109,31,1
1778523233.7370343,1,1937,0,434,107,56,206
1778523233.7510412,2,4000,0,41,110,31,1
1778523233.75392,1,1937,50,430,108,56,196
1778523233.7684531,2,4000,0,41,110,31,1
1778523233.771846,1,1938,0,430,108,56,191
1778523233.7856984,2,4000,0,41,110,31,1
1778523233.7884967,1,1938,-50,433,107,56,204
1778523233.803393,2,4000,0,41,110,31,1
1778523233.806983,1,1937,0,434,108,56,189
1778523233.8215556,2,4000,0,41,109,31,0
1778523233.8245387,1,1937,0,434,108,56,196
1778523233.8395288,2,4000,0,39,110,31,1
1778523233.8431911,1,1937,0,432,108,56,199
1778523233.8579361,2,4000,0,30,111,31,0
1778523233.8609974,1,1937,0,423,108,56,221
1778523233.8752244,2,4000,0,17,111,31,0
1778523233.8784366,1,1938,0,407,108,56,188
1778523233.8931494,2,4001,0,35,110,31,0
1778523233.8963783,1,1937,0,386,110,56,166
1778523233.9105093,2,4003,50,59,112,31,0
1778523233.9134696,1,1937,0,359,110,56,155
1778523233.9279516,2,4007,200,79,114,31,0
1778523233.9311748,1,1937,0,324,111,56,148
1778523233.945476,2,4011,250,100,115,31,0
1778523233.9484172,1,1937,50,280,113,56,108
1778523233.9625592,2,4014,200,131,116,38,2
1778523233.96553,1,1937,-50,238,114,56,78
1778523233.980223,2,4019,200,166,117,31,3
1778523233.983655,1,1937,0,185,116,56,66
1778523233.9976883,2,4024,250,206,119,32,5
1778523234.0005605,1,1937,0,128,119,56,38
1778523234.0150778,2,4031,300,246,120,31,8
1778523234.018329,1,1937,0,62,120,56,12
1778523234.0322711,2,4041,450,284,121,31,10
1778523234.0351436,1,1936,-50,33,121,56,0
1778523234.0498312,2,4053,650,315,120,31,11
1778523234.053927,1,1932,-50,108,121,56,0
1778523234.067927,2,4069,750,348,120,31,14
1778523234.071274,1,1927,-200,179,120,56,45
1778523234.0859284,2,4085,900,367,120,31,12
1778523234.089027,1,1919,-400,239,120,56,9
1778523234.1031842,2,8,1050,373,120,31,12
1778523234.1063342,1,1912,-450,290,120,56,104
1778523234.12112,2,26,1050,366,120,31,12
1778523234.125098,1,1903,-450,341,112,56,19
1778523234.139129,2,45,950,355,119,31,9
1778523234.1423497,1,1887,-800,368,114,56,128
1778523234.156708,2,61,950,343,118,31,7
1778523234.15964,1,1870,-950,375,119,56,120
1778523234.174323,2,79,1000,322,114,31,6
1778523234.1780236,1,1853,-950,368,113,56,117
1778523234.1921284,2,96,1000,293,120,31,6
1778523234.1949067,1,1836,-950,355,116,56,125
1778523234.2098377,2,111,900,266,115,31,5
1778523234.2137594,1,1818,-1000,330,120,56,96
1778523234.2278905,2,126,850,233,116,31,4
1778523234.231363,1,1802,-900,308,120,56,9
1778523234.2467766,2,137,650,206,121,31,5
1778523234.250038,1,1787,-850,281,114,56,88
1778523234.2642834,2,146,550,183,117,31,2
1778523234.267333,1,1774,-800,254,120,56,8
1778523234.2817914,2,155,500,156,121,31,3
1778523234.2854466,1,1762,-700,224,120,56,7
1778523234.2993574,2,162,400,127,121,31,2
1778523234.302303,1,1751,-650,193,122,56,67
1778523234.3168752,2,168,400,99,119,31,1
1778523234.3202484,1,1743,-500,161,121,56,4
1778523234.3342614,2,172,350,75,120,31,1
1778523234.3372836,1,1736,-500,132,121,56,4
1778523234.3518116,2,174,150,66,120,49,2
1778523234.3552594,1,1732,-350,109,120,56,28
1778523234.369507,2,176,150,56,121,31,0
1778523234.3724623,1,1728,-250,92,121,56,3
1778523234.3863466,2,177,50,51,122,31,1
1778523234.389306,1,1726,-200,79,121,56,2
1778523234.4038544,2,177,50,48,121,31,2
1778523234.4072416,1,1725,-50,74,121,56,15
1778523234.4212186,2,177,0,46,121,31,2
1778523234.4240506,1,1725,-50,70,121,56,17
1778523234.4384506,2,177,0,46,121,31,1
1778523234.4419453,1,1725,0,69,121,56,16
1778523234.4559524,2,177,0,46,121,31,1
1778523234.4587708,1,1725,0,69,121,56,17
1778523234.4730244,2,177,0,46,121,31,1
1778523234.4769113,1,1725,0,69,121,56,12
1778523234.4908864,2,177,0,46,121,31,1
1778523234.4938028,1,1725,0,69,120,56,15
1778523234.508318,2,177,0,46,121,31,1
1778523234.5116332,1,1725,0,69,121,56,12
1778523234.525664,2,177,0,46,121,31,1
1778523234.528433,1,1725,0,69,121,56,12
1778523234.5428784,2,177,0,46,121,31,1
1778523234.5461104,1,1725,0,69,121,56,13
1778523234.5601945,2,177,0,46,121,31,1
1778523234.5631435,1,1725,0,69,121,56,17
1778523234.5780292,2,177,0,46,121,31,1
1778523234.5819166,1,1725,0,69,121,56,17
1778523234.5959308,2,177,0,46,121,31,1
1778523234.5993006,1,1725,0,69,121,56,17
1778523234.614126,2,177,0,46,121,31,1
1778523234.6170847,1,1725,0,69,121,56,17
1778523234.6311672,2,177,0,46,121,31,1
1778523234.6344407,1,1725,0,69,121,56,13
1778523234.648861,2,177,0,46,121,31,1
1778523234.6520135,1,1725,0,69,121,56,13
1778523234.6659834,2,177,0,46,121,31,0
1778523234.6688886,1,1725,0,69,121,56,16
1778523234.6833103,2,177,0,46,121,31,1
1778523234.686647,1,1725,0,69,121,58,12
1778523234.7006187,2,177,0,46,121,31,1
1778523234.7034154,1,1725,0,69,121,56,17
1778523234.718186,2,177,0,46,121,31,1
1778523234.7220361,1,1725,0,69,121,56,17
1778523234.7359223,2,177,0,46,121,31,1
1778523234.7394056,1,1725,0,69,121,56,16
1778523234.7538905,2,177,0,46,121,31,1
1778523234.7568982,1,1725,0,69,121,56,13
1778523234.770901,2,177,0,46,121,31,1
1778523234.77392,1,1725,0,69,121,56,16
1778523234.7883916,2,177,0,46,121,31,1
1778523234.7917128,1,1725,0,69,121,56,13
1778523234.805803,2,177,0,46,121,31,1
1778523234.8088548,1,1725,0,69,121,56,16
1778523234.8232577,2,177,0,46,121,31,1
1778523234.826501,1,1725,0,69,121,56,15
1778523234.840783,2,177,0,46,121,31,1
1778523234.8446093,1,1725,0,69,121,56,17
1778523234.8585508,2,177,0,46,121,31,1
1778523234.86148,1,1725,0,69,121,56,16
1778523234.8758607,2,177,0,46,121,31,1
1778523234.8793619,1,1725,0,69,121,56,17
1778523234.8936858,2,177,0,46,120,31,1
1778523234.8973477,1,1725,0,69,121,56,15
1778523234.911703,2,177,0,46,121,31,1
1778523234.9146852,1,1725,0,69,121,56,17
1778523234.929071,2,177,0,46,121,31,2
1778523234.9329615,1,1725,0,69,121,56,14
1778523234.9470558,2,177,0,46,121,31,1
1778523234.950358,1,1725,0,69,121,56,17
1778523234.964826,2,177,0,46,121,31,0
1778523234.9680543,1,1725,0,69,121,56,16
1778523234.9820223,2,177,0,46,121,31,1
1778523234.9849741,1,1725,0,69,121,56,12
1778523234.999374,2,177,0,46,121,31,1
1778523235.0025856,1,1725,0,69,121,56,16
1778523235.0164948,2,177,0,46,121,31,1
1778523235.0193229,1,1725,0,69,121,56,16
1778523235.0337827,2,177,0,46,121,31,1
1778523235.0377889,1,1725,0,69,121,56,12
1778523235.0520003,2,177,0,46,121,31,1
1778523235.0548732,1,1725,0,69,121,56,17
1778523235.069364,2,177,0,46,121,31,1
1778523235.0732813,1,1725,0,69,121,56,16
1778523235.0872154,2,177,0,46,121,31,1
1778523235.090418,1,1725,0,69,121,56,14
1778523235.1053267,2,177,0,46,121,31,1
1778523235.108583,1,1725,0,69,121,56,17
1778523235.1227186,2,177,0,46,121,31,1
1778523235.125701,1,1725,0,69,121,56,17
1778523235.140102,2,177,0,46,121,31,1
1778523235.1435058,1,1725,0,69,121,56,17
1778523235.1575031,2,177,0,46,121,31,2
1778523235.160307,1,1725,0,69,121,56,17
1778523235.174743,2,177,0,46,121,31,1
1778523235.1779547,1,1725,0,69,121,56,14
1778523235.1922739,2,177,0,46,121,31,1
1778523235.1954045,1,1725,0,69,121,56,15
1778523235.2092278,2,177,0,46,121,31,1
1778523235.211996,1,1725,0,69,121,55,12
1778523235.226525,2,177,0,46,121,31,1
1778523235.2299917,1,1725,0,69,121,56,16
1778523235.2439194,2,177,0,46,121,31,1
1778523235.2466457,1,1725,0,69,121,56,14
1778523235.261028,2,177,0,46,121,31,1
1778523235.2648845,1,1725,0,69,121,56,11
1778523235.278784,2,177,0,46,121,31,1
1778523235.2817993,1,1725,0,69,121,55,16
1778523235.2964041,2,177,0,46,121,31,1
1778523235.2999563,1,1725,0,69,121,56,16
1778523235.314058,2,177,0,46,121,31,2
1778523235.3168993,1,1725,0,69,121,56,14
1778523235.331395,2,177,0,46,121,31,1
1778523235.3347049,1,1725,0,69,121,56,17
1778523235.3487823,2,177,0,46,121,31,1
1778523235.3515894,1,1725,0,69,121,56,12
1778523235.3658926,2,177,0,46,121,31,1
1778523235.369514,1,1725,0,69,121,56,13
1778523235.3841314,2,177,0,46,121,31,2
1778523235.3870947,1,1725,0,69,121,56,18
1778523235.4009533,2,177,0,46,121,31,1
1778523235.4037564,1,1725,0,69,121,56,14
1778523235.4182868,2,177,0,46,121,31,1
1778523235.4219124,1,1725,0,69,121,56,17
1778523235.4360573,2,177,0,46,120,31,1
1778523235.4388857,1,1725,0,69,121,56,17
1778523235.4534009,2,177,0,46,121,31,1
1778523235.457263,1,1725,0,69,121,56,17
1778523235.4712374,2,177,0,46,121,31,1
1778523235.4744244,1,1725,0,69,121,56,13
1778523235.488873,2,177,0,46,121,31,1
1778523235.4921153,1,1725,0,69,121,56,18
1778523235.5059614,2,177,0,46,121,31,1
1778523235.5088048,1,1725,0,69,121,56,17
1778523235.523547,2,177,0,46,121,31,1
1778523235.5269752,1,1725,0,69,121,56,17
1778523235.541322,2,177,0,46,121,31,1
1778523235.5441325,1,1725,0,69,121,56,17
1778523235.5590894,2,177,0,46,121,31,1
1778523235.5627367,1,1725,0,69,121,56,14
1778523235.576982,2,177,0,46,121,31,1
1778523235.5797515,1,1725,0,69,121,56,13
1778523235.5945888,2,177,0,46,121,31,1
1778523235.5982192,1,1725,0,69,121,56,13
1778523235.6124878,2,177,0,46,121,31,0
1778523235.6153743,1,1725,0,69,121,56,16
1778523235.6301203,2,177,0,46,121,31,1
1778523235.634041,1,1725,0,69,121,56,16
1778523235.648109,2,177,0,46,121,32,1
1778523235.651586,1,1725,0,69,121,56,15
1778523235.6666718,2,177,0,46,121,31,1
1778523235.6698296,1,1725,0,69,121,56,12
1778523235.6843402,2,177,0,46,121,31,1
1778523235.6873176,1,1725,0,69,121,56,17
1778523235.7012177,2,177,0,46,121,31,0
1778523235.7040935,1,1725,0,69,121,56,16
1778523235.7184737,2,177,0,46,121,31,1
1778523235.721985,1,1725,0,69,121,56,16
1778523235.7360744,2,177,0,46,121,31,1
1778523235.7390041,1,1725,0,69,121,56,17
1778523235.753561,2,177,0,46,121,31,1
1778523235.7575245,1,1725,0,69,121,56,16
1778523235.7717214,2,177,0,46,121,31,1
1778523235.7750757,1,1725,0,69,121,56,16
1778523235.7896452,2,177,0,46,121,31,2
1778523235.792705,1,1725,0,69,121,56,12
1778523235.8068144,2,177,0,46,121,31,0
1778523235.8100955,1,1725,0,69,121,56,13
1778523235.8242226,2,177,0,46,121,31,1
1778523235.8271058,1,1725,0,69,121,56,17
1778523235.8416872,2,177,0,46,121,31,1
1778523235.845701,1,1725,0,69,121,56,16
1778523235.859684,2,177,0,46,121,31,1
1778523235.863034,1,1725,0,69,121,56,17
1778523235.877629,2,177,0,46,120,31,2
1778523235.8809037,1,1725,0,69,121,56,17
1778523235.8947763,2,177,0,46,121,31,1
1778523235.8977766,1,1725,0,69,121,56,16
1778523235.912452,2,177,0,46,121,31,2
1778523235.9159296,1,1725,0,69,121,56,16
1778523235.9299252,2,177,0,46,121,31,1
1778523235.9327128,1,1725,0,69,121,56,16
1778523235.9472399,2,177,0,46,121,31,1
1778523235.9505253,1,1725,0,69,121,56,13
1778523235.9644399,2,177,0,46,121,31,1
1778523235.9672062,1,1725,0,69,121,56,17
1778523235.9819355,2,177,0,46,121,31,1
1778523235.985536,1,1725,0,69,121,56,17
1778523235.999722,2,177,0,46,121,31,1
1778523236.0032494,1,1725,0,69,121,56,16
1778523236.0187035,2,177,0,46,121,31,1
1778523236.0218885,1,1725,0,67,121,56,14
1778523236.035887,2,177,0,46,121,31,1
1778523236.0386393,1,1725,0,65,121,56,14
1778523236.0532098,2,177,0,46,121,31,1
1778523236.0570989,1,1725,0,65,121,56,16
1778523236.0711145,2,177,0,46,121,31,1
1778523236.07428,1,1725,0,65,121,57,11
1778523236.0889513,2,177,0,46,121,31,1
1778523236.0922077,1,1725,0,65,121,56,13
1778523236.1061368,2,177,0,46,121,32,1
1778523236.1090362,1,1725,0,65,121,56,16
1778523236.123506,2,177,0,46,121,31,1
1778523236.1267192,1,1725,0,65,121,56,16
1778523236.1405532,2,177,0,46,121,31,1
1778523236.1446238,1,1725,0,65,121,56,13
1778523236.158966,2,177,0,46,121,31,0
1778523236.1618564,1,1725,0,65,121,56,14
1778523236.1758115,2,177,0,46,121,31,1
1778523236.1791227,1,1725,0,65,121,56,12
1778523236.1936893,2,177,0,46,121,31,1
1778523236.1967142,1,1725,0,65,121,56,16
1778523236.2109396,2,177,0,46,121,31,1
1778523236.214304,1,1725,0,65,121,56,12
1778523236.229268,2,177,0,46,121,31,1
1778523236.2324343,1,1725,0,63,121,56,13
1778523236.2464886,2,177,0,44,121,31,1
1778523236.249489,1,1725,0,54,121,56,7
1778523236.2642992,2,177,0,36,121,31,0
1778523236.2677872,1,1725,0,39,121,56,4
1778523236.2819276,2,177,0,23,122,31,0
1778523236.2847078,1,1725,0,18,122,56,1
1778523236.2994492,2,177,0,29,121,31,0
1778523236.3030963,1,1725,0,41,121,56,6
1778523236.3176615,2,176,-50,53,122,31,2
1778523236.3207767,1,1725,0,76,122,56,2
1778523236.334725,2,175,-50,82,121,31,2
1778523236.337753,1,1726,0,115,121,56,4
1778523236.3525565,2,175,0,118,121,31,4
1778523236.3560355,1,1727,100,155,121,56,5
1778523236.369984,2,171,0,165,121,31,5
1778523236.372761,1,1731,100,199,121,56,7
1778523236.3873603,2,165,-200,197,120,31,7
1778523236.3908021,1,1739,400,240,115,56,80
1778523236.4052205,2,156,-400,225,120,31,7
1778523236.408319,1,1749,550,273,120,56,17
1778523236.4224393,2,146,-550,248,120,31,8
1778523236.4253585,1,1761,550,303,120,56,104
1778523236.440188,2,134,-600,272,120,31,8
1778523236.4435546,1,1774,700,329,112,56,17
1778523236.4577868,2,121,-700,282,116,31,7
1778523236.4606535,1,1789,750,360,120,56,108
1778523236.475459,2,108,-800,280,114,31,5
1778523236.4787674,1,1806,900,375,120,56,25
1778523236.4933257,2,93,-800,268,116,31,6
1778523236.496313,1,1825,1000,377,120,56,124
1778523236.5103612,2,79,-800,251,118,31,4
1778523236.5134706,1,1843,1000,374,118,57,126
1778523236.5274363,2,66,-800,228,120,31,4
1778523236.5306642,1,1861,1100,360,114,57,137
1778523236.5452712,2,54,-750,201,121,31,3
1778523236.5485876,1,1880,1000,339,113,56,14
1778523236.5626097,2,44,-650,177,121,31,3
1778523236.5655391,1,1896,1000,317,113,56,10
1778523236.5800061,2,35,-600,150,121,31,2
1778523236.5832896,1,1913,1000,289,117,56,92
1778523236.5972505,2,28,-400,125,121,31,3
1778523236.6000702,1,1923,850,268,114,56,90
1778523236.6144612,2,22,-350,102,117,31,2
1778523236.6179786,1,1929,600,256,120,56,24
1778523236.6319668,2,18,-250,80,120,31,1
1778523236.6347158,1,1931,200,263,120,56,24
1778523236.6489756,2,15,-250,63,120,31,1
1778523236.6528313,1,1931,50,275,119,56,28
1778523236.666789,2,13,-150,54,120,31,0
1778523236.6696875,1,1931,0,284,119,56,29
1778523236.6842444,2,11,-150,44,120,31,0
1778523236.6875336,1,1931,0,289,119,56,35
1778523236.7015073,2,10,-50,40,120,31,0
1778523236.7044144,1,1931,0,289,119,56,30
1778523236.7188082,2,10,-50,37,120,31,1
1778523236.7224011,1,1931,0,289,119,56,35
1778523236.7367613,2,10,0,36,120,31,0
1778523236.7396586,1,1931,0,289,119,56,34
1778523236.7537065,2,10,0,36,120,31,1
1778523236.7565608,1,1931,0,289,119,57,34
1778523236.7713923,2,10,0,36,120,31,1
1778523236.7749822,1,1931,0,289,119,56,33
1778523236.7893484,2,10,0,36,119,31,1
1778523236.7922053,1,1931,0,287,119,56,36
1778523236.8069782,2,10,0,36,120,31,1
1778523236.8106532,1,1931,0,278,119,56,36
1778523236.8249195,2,10,0,36,120,31,1
1778523236.8277264,1,1931,0,263,120,56,27
1778523236.8420422,2,10,0,36,120,31,0
1778523236.8456588,1,1931,0,242,120,56,21
1778523236.8597054,2,10,0,36,120,31,1
1778523236.8624835,1,1931,0,216,120,56,17
1778523236.8770924,2,10,0,36,121,31,0
1778523236.8810165,1,1931,0,181,121,56,11
1778523236.8949196,2,10,0,36,121,31,1
1778523236.8978832,1,1931,0,143,121,56,7
1778523236.912358,2,10,0,36,121,31,1
1778523236.9157248,1,1931,0,97,121,56,3
1778523236.9297395,2,10,0,36,122,31,1
1778523236.932558,1,1931,0,46,122,56,1
1778523236.9470227,2,10,0,36,122,31,0
1778523236.9503326,1,1931,0,45,122,56,0
1778523236.9643748,2,10,0,36,122,31,1
1778523236.9671254,1,1928,-100,103,122,56,1
1778523236.9812756,2,10,0,36,122,31,1
1778523236.9848113,1,1923,-300,160,121,56,4
1778523236.998667,2,10,0,36,119,31,0
1778523237.0015047,1,1916,-300,214,119,56,7
1778523237.0161343,2,10,0,36,121,31,1
1778523237.0196314,1,1911,-400,260,119,56,77
1778523237.033598,2,10,0,36,121,31,1
1778523237.0364559,1,1902,-300,307,113,56,21
1778523237.0509663,2,10,0,36,115,31,0
1778523237.0543585,1,1888,-600,327,121,56,17
1778523237.068258,2,10,0,36,121,31,1
1778523237.0721226,1,1874,-800,330,113,56,14
1778523237.0870128,2,10,0,36,121,31,0
1778523237.0899742,1,1858,-850,320,115,57,109
1778523237.104396,2,10,0,36,117,31,1
1778523237.1084888,1,1843,-850,302,121,56,12
1778523237.1227016,2,10,0,36,121,31,1
1778523237.125674,1,1828,-850,280,115,56,88
1778523237.1405315,2,10,0,36,121,31,1
1778523237.143956,1,1815,-700,254,118,56,9
1778523237.158147,2,10,0,36,121,31,1
1778523237.161175,1,1803,-700,230,119,56,8
1778523237.1756344,2,10,0,36,121,31,1
1778523237.1789143,1,1794,-700,198,121,56,71
1778523237.1930318,2,10,0,36,119,31,0
1778523237.195983,1,1785,-550,174,121,56,5
1778523237.2098022,2,10,0,36,120,31,1
1778523237.2127247,1,1778,-450,149,122,56,4
1778523237.227256,2,10,0,36,120,31,1
1778523237.2306142,1,1773,-350,124,122,56,3
1778523237.2444878,2,10,0,36,121,31,1
1778523237.2473657,1,1768,-300,102,120,56,28
1778523237.2617404,2,10,0,36,122,31,1
1778523237.2654445,1,1766,-150,87,122,56,3
1778523237.2793946,2,10,0,36,122,31,1
1778523237.2827332,1,1764,-100,78,122,56,2
1778523237.297015,2,10,0,36,122,31,1
1778523237.2999654,1,1763,-100,71,121,57,2
1778523237.314316,2,10,0,36,121,31,0
1778523237.3178427,1,1763,-50,68,122,56,2
1778523237.3323264,2,10,0,36,122,31,1
1778523237.3354373,1,1763,0,69,122,56,2
1778523237.3495617,2,10,0,36,122,31,1
1778523237.352729,1,1763,0,69,122,56,2
1778523237.366545,2,10,0,36,122,31,0
1778523237.3695085,1,1763,0,69,122,56,2
1778523237.384179,2,10,0,36,122,31,0
1778523237.3876321,1,1763,0,69,121,56,2
1778523237.4015868,2,10,0,36,121,31,0
1778523237.4043245,1,1763,0,69,122,56,2
1778523237.4189043,2,10,0,36,121,31,1
1778523237.4224718,1,1763,0,69,122,56,1
1778523237.4371097,2,10,0,36,122,31,1
1778523237.4403925,1,1763,0,69,122,56,2
1778523237.4546037,2,10,0,36,121,31,1
1778523237.4576151,1,1763,0,69,122,56,2
1778523237.4724457,2,10,0,36,122,31,1
1778523237.4759083,1,1763,0,69,122,56,2
1778523237.4901485,2,10,0,36,121,31,1
1778523237.493139,1,1763,-50,65,122,56,2
1778523237.5080376,2,10,0,36,122,31,1
1778523237.5116751,1,1763,50,68,122,56,2
1778523237.5258298,2,10,0,36,122,31,1
1778523237.5287974,1,1763,0,69,121,56,3
1778523237.5434642,2,10,0,36,122,31,1
1778523237.546944,1,1763,0,69,122,56,2
1778523237.5617073,2,10,0,36,122,31,1
1778523237.564689,1,1763,0,69,122,56,2
1778523237.578662,2,10,0,36,122,31,1
1778523237.581665,1,1763,0,69,122,56,2
1778523237.5963488,2,10,0,36,122,31,1
1778523237.5996687,1,1762,0,69,122,56,2
1778523237.6136587,2,10,0,36,122,31,1
1778523237.61647,1,1763,0,69,122,56,2
1778523237.6310527,2,10,0,36,122,31,1
1778523237.6345801,1,1762,-50,65,122,56,1
1778523237.648782,2,10,0,36,121,31,0
1778523237.6518576,1,1763,50,69,122,56,2
1778523237.6662145,2,10,0,36,122,31,1
1778523237.6697555,1,1763,0,69,122,56,2
1778523237.6843972,2,10,0,36,121,31,1
1778523237.6873562,1,1763,0,69,122,56,2
1778523237.7012703,2,10,0,36,122,31,1
1778523237.7040098,1,1762,0,69,122,56,2
1778523237.718792,2,10,0,36,122,31,1
1778523237.7223935,1,1763,0,69,122,56,2
1778523237.7369425,2,10,0,36,122,31,0
1778523237.7398133,1,1762,-50,67,122,56,2
1778523237.753782,2,10,0,36,122,31,0
1778523237.7566211,1,1763,-50,64,122,56,2
1778523237.7712898,2,10,0,36,122,31,1
1778523237.7747047,1,1763,50,69,122,56,2
1778523237.7892175,2,10,0,36,122,31,1
1778523237.7922974,1,1763,0,69,122,56,2
1778523237.8063858,2,10,0,36,122,31,0
1778523237.8094885,1,1763,0,69,122,56,2
1778523237.8241699,2,10,0,36,122,31,1
1778523237.8277066,1,1763,0,69,122,56,2
1778523237.8417754,2,10,0,36,122,31,1
1778523237.8447342,1,1763,-50,66,122,55,2
1778523237.859484,2,10,0,36,122,31,0
1778523237.862884,1,1763,50,67,122,56,2
1778523237.8768537,2,10,0,36,122,31,0
1778523237.8796754,1,1763,0,69,122,56,2
1778523237.8940985,2,10,0,36,122,31,1
1778523237.897728,1,1762,0,69,122,57,2
1778523237.9118216,2,10,0,36,122,31,0
1778523237.9145985,1,1763,0,69,122,56,2
1778523237.9294963,2,10,0,36,122,31,1
1778523237.9334936,1,1763,0,69,122,56,2
1778523237.947403,2,10,0,36,122,31,1
1778523237.9507353,1,1763,0,69,121,56,2
1778523237.9653106,2,10,0,36,122,31,1
1778523237.9685416,1,1763,0,69,122,56,2
1778523237.9825122,2,10,0,36,122,31,1
1778523237.9854364,1,1763,0,69,122,56,2
1778523237.9998374,2,10,0,36,122,32,1
1778523238.0031898,1,1763,0,69,122,56,2
1778523238.0174348,2,10,0,36,122,31,0
1778523238.020431,1,1763,0,69,122,56,2
1778523238.0342844,2,10,0,36,122,31,0
1778523238.037188,1,1762,-50,68,121,56,2
1778523238.051864,2,10,0,36,122,31,1
1778523238.055259,1,1762,-50,64,122,56,2
1778523238.069892,2,10,0,36,122,31,1
1778523238.0742867,1,1763,50,69,122,58,2
1778523238.0886369,2,10,0,36,122,31,1
1778523238.0926666,1,1763,0,69,122,56,2
1778523238.1069942,2,10,0,36,122,31,0
1778523238.1099954,1,1763,0,69,121,56,2
1778523238.1243496,2,10,0,36,122,31,1
1778523238.1284966,1,1763,0,69,122,56,2
1778523238.1427004,2,10,0,36,122,31,0
1778523238.1457405,1,1763,0,69,122,56,2
1778523238.1603234,2,10,0,36,122,31,1
1778523238.1637883,1,1763,-50,66,122,56,2
1778523238.1778097,2,10,0,36,122,31,1
1778523238.1804476,1,1763,50,67,122,56,2
1778523238.1949885,2,10,0,36,122,31,0
1778523238.198557,1,1763,0,69,122,56,2
1778523238.2125514,2,10,0,36,121,31,1
1778523238.2154002,1,1763,0,69,122,56,2
1778523238.2302186,2,10,0,36,122,31,1
1778523238.2338948,1,1763,0,69,122,56,2
1778523238.2480268,2,10,0,36,122,31,1
1778523238.2513773,1,1763,0,69,121,56,1
1778523238.2661073,2,10,0,36,122,31,0
1778523238.2693052,1,1763,0,69,121,56,2
1778523238.2832744,2,10,0,36,121,31,0
1778523238.286421,1,1762,0,69,122,56,2
1778523238.3008535,2,10,0,36,122,31,1
1778523238.3040555,1,1763,0,69,122,56,2
1778523238.3179688,2,10,0,36,121,31,0
1778523238.3208122,1,1762,0,69,122,56,2
1778523238.3352523,2,10,0,36,122,31,0
1778523238.3385122,1,1763,0,69,122,56,2
1778523238.3525934,2,10,0,36,122,31,0
1778523238.3555655,1,1763,0,69,121,57,2
1778523238.3699827,2,10,0,36,121,31,1
1778523238.3735702,1,1763,0,69,122,56,2
1778523238.3877285,2,10,0,36,122,31,0
1778523238.390651,1,1762,0,69,122,56,2
1778523238.4049215,2,10,0,36,122,31,1
1778523238.4089165,1,1763,0,69,122,56,2
1778523238.4229336,2,10,0,36,122,31,0
1778523238.4259608,1,1763,0,69,122,56,3
1778523238.4406106,2,10,0,36,122,31,0
1778523238.4440594,1,1762,0,69,122,56,2
1778523238.4582949,2,10,0,37,122,31,1
1778523238.4613352,1,1763,0,69,121,57,2
1778523238.476208,2,10,0,44,122,31,1
1778523238.4796093,1,1763,0,67,122,56,2
1778523238.4938695,2,10,0,59,121,31,2
1778523238.4965286,1,1763,0,58,122,58,1
1778523238.5114355,2,10,0,79,122,31,4
1778523238.515015,1,1763,0,43,122,57,0
1778523238.5291622,2,9,-50,104,122,31,3
1778523238.5319135,1,1763,0,22,122,56,1
1778523238.546446,2,6,-150,128,122,31,4
1778523238.5501466,1,1763,0,38,122,56,0
1778523238.564923,2,1,-250,155,121,31,5
1778523238.5682242,1,1763,0,72,121,56,1
1778523238.5822358,2,4090,-250,182,120,31,5
1778523238.5852056,1,1765,50,108,120,57,33
1778523238.599885,2,4082,-350,207,121,31,6
1778523238.603364,1,1766,50,150,121,56,36
1778523238.6173632,2,4073,-450,233,121,31,8
1778523238.6201525,1,1769,150,196,120,57,54
1778523238.6346824,2,4063,-600,251,119,31,9
1778523238.6383393,1,1776,350,234,119,57,11
1778523238.6524868,2,4051,-600,281,120,31,10
1778523238.6553931,1,1786,550,269,117,57,97
1778523238.6697764,2,4038,-750,307,120,31,10
1778523238.6737099,1,1797,550,301,114,57,106
1778523238.688084,2,4023,-800,335,114,31,11
1778523238.691088,1,1811,600,336,119,56,14
1778523238.7053156,2,4012,-650,362,119,31,23
1778523238.7089293,1,1826,800,360,112,57,127
1778523238.7228808,2,4003,-500,398,117,31,42
1778523238.7256372,1,1843,850,385,117,57,136
1778523238.7403562,2,3996,-500,428,115,31,62
1778523238.743814,1,1860,1000,400,109,57,142
1778523238.757703,2,3992,-400,462,115,31,86
1778523238.7605894,1,1879,1050,411,107,57,22
1778523238.7751324,2,3990,-200,502,110,31,113
1778523238.778395,1,1897,1050,421,112,57,23
1778523238.7928941,2,3989,-100,546,110,32,142
1778523238.7961078,1,1916,1050,426,105,57,150
1778523238.8102372,2,3988,0,588,109,31,147
1778523238.8133693,1,1930,800,432,110,57,43
1778523238.8278642,2,3988,-50,621,102,31,155
1778523238.8313727,1,1937,800,443,107,56,59
1778523238.8454096,2,3987,-50,648,103,31,176
1778523238.8482363,1,1941,400,482,97,57,209
1778523238.8628716,2,3986,-50,669,95,32,185
1778523238.866519,1,1941,150,528,94,57,235
1778523238.8807714,2,3985,-50,685,93,32,189
1778523238.8835456,1,1941,0,575,91,57,269
1778523238.8981829,2,3985,-50,692,93,32,188
1778523238.901862,1,1941,0,618,90,57,291
1778523238.9168415,2,3985,0,699,90,31,188
1778523238.9199274,1,1941,0,656,89,57,327
1778523238.9340603,2,3985,0,699,89,32,184
1778523238.9369452,1,1941,0,684,89,57,338
1778523238.951887,2,3985,0,699,88,32,184
1778523238.9553833,1,1942,50,705,88,57,352
1778523238.9695046,2,3985,0,697,88,32,180
1778523238.97228,1,1942,0,720,87,57,354
1778523238.9866781,2,3985,0,696,87,32,177
1778523238.99028,1,1942,0,731,86,57,359
1778523239.0047228,2,3985,0,696,88,32,178
1778523239.007659,1,1942,0,735,85,57,358
1778523239.021436,2,3985,0,696,87,32,180
1778523239.0241752,1,1942,0,734,86,57,360
1778523239.0385356,2,3985,0,696,86,32,179
1778523239.0420728,1,1942,0,734,86,57,362
1778523239.0564485,2,3985,0,696,86,32,176
1778523239.059743,1,1942,0,734,86,57,362
1778523239.0741246,2,3985,0,696,86,32,173
1778523239.0773187,1,1942,0,734,86,57,359
1778523239.0912097,2,3985,0,696,86,32,178
1778523239.0943706,1,1942,0,734,85,57,355
1778523239.1088583,2,3985,0,696,88,32,176
1778523239.1120894,1,1942,0,734,85,57,356
1778523239.12624,2,3985,0,696,87,31,172
1778523239.1291182,1,1942,0,734,85,57,352
1778523239.144045,2,3985,0,696,85,32,174
1778523239.147473,1,1942,0,732,85,57,355
1778523239.1618183,2,3985,0,694,85,32,171
1778523239.164789,1,1942,0,723,85,57,346
1778523239.1796863,2,3985,0,686,86,32,171
1778523239.1830108,1,1942,0,707,86,57,331
1778523239.1970973,2,3985,0,673,87,32,165
1778523239.199844,1,1942,0,686,87,57,316
1778523239.2142274,2,3985,0,654,89,32,155
1778523239.2179084,1,1942,0,659,87,57,298
1778523239.2320864,2,3985,0,625,91,32,146
1778523239.2350175,1,1942,0,624,89,57,279
1778523239.2497826,2,3985,0,594,93,32,137
1778523239.2537336,1,1942,0,583,91,57,253
1778523239.2675395,2,3985,0,555,95,32,121
1778523239.2709537,1,1942,0,536,94,57,236
1778523239.2854686,2,3985,0,509,96,32,100
1778523239.2887132,1,1942,0,482,97,57,212
1778523239.3028295,2,3985,50,460,100,31,83
1778523239.3058705,1,1942,0,425,100,57,174
1778523239.3204203,2,3985,50,403,105,32,67
1778523239.3238971,1,1942,0,358,104,57,133
1778523239.3379564,2,3985,-50,335,109,32,45
1778523239.3408327,1,1942,0,289,107,57,107
1778523239.355334,2,3985,0,268,112,31,29
1778523239.3587909,1,1942,0,211,115,57,60
1778523239.372808,2,3986,0,190,116,31,19
1778523239.3755958,1,1941,-50,132,118,57,33
1778523239.3899498,2,3985,50,113,120,32,8
1778523239.3934844,1,1941,0,47,121,58,1
1778523239.407664,2,3987,0,28,121,32,2
1778523239.4104922,1,1939,-100,63,120,56,13
1778523239.4251451,2,3991,150,78,120,32,0
1778523239.4292748,1,1934,-100,142,121,57,0
1778523239.4433036,2,3998,350,150,121,32,0
1778523239.446493,1,1926,-300,203,114,57,6
1778523239.461164,2,4006,500,204,119,31,0
1778523239.4643269,1,1917,-450,255,114,57,9
1778523239.47825,2,4015,500,254,113,32,3
1778523239.4811516,1,1911,-500,302,117,56,11
1778523239.4955974,2,4023,500,302,116,32,8
1778523239.498911,1,1899,-400,354,114,57,132
1778523239.512846,2,4035,500,349,112,32,11
1778523239.5156608,1,1884,-850,373,118,57,14
1778523239.5300055,2,4050,750,381,118,32,13
1778523239.53348,1,1867,-900,379,115,57,16
1778523239.5482569,2,4068,950,402,116,32,12
1778523239.5512671,1,1850,-1000,372,116,57,12
1778523239.5651662,2,4087,1050,411,118,32,13
1778523239.5679224,1,1834,-1000,359,109,57,16
1778523239.5822985,2,10,1150,408,117,31,13
1778523239.5859554,1,1818,-900,344,110,57,116
1778523239.6001933,2,32,1200,393,112,32,9
1778523239.603195,1,1801,-950,319,118,57,15
1778523239.6179,2,49,1200,371,119,32,8
1778523239.6219065,1,1787,-900,291,113,57,10
1778523239.635808,2,70,1000,358,114,32,7
1778523239.6393044,1,1774,-800,263,119,56,7
1778523239.6540687,2,88,1100,329,114,32,6
1778523239.6572442,1,1761,-700,235,120,57,7
1778523239.6715376,2,105,1000,302,117,32,5
1778523239.674652,1,1750,-650,205,113,57,10
1778523239.688836,2,121,950,270,119,32,6
1778523239.6918912,1,1741,-550,175,120,57,4
1778523239.705901,2,134,800,243,120,32,4
1778523239.7088904,1,1734,-400,146,120,57,4
1778523239.7235065,2,145,700,217,120,31,4
1778523239.726959,1,1729,-400,118,121,57,3
1778523239.7410429,2,156,600,188,118,32,3
1778523239.7439215,1,1725,-300,98,118,57,27
1778523239.758298,2,165,600,158,120,31,3
1778523239.7619693,1,1723,-200,86,121,56,2
1778523239.776031,2,172,550,126,121,31,2
1778523239.778823,1,1721,-100,78,121,56,2
1778523239.7932205,2,178,350,105,121,32,2
1778523239.7973285,1,1720,-100,71,121,57,2
1778523239.8116744,2,182,300,82,121,33,2
1778523239.8150737,1,1720,0,70,121,57,2
1778523239.8296857,2,185,250,64,121,32,1
1778523239.8326986,1,1720,0,70,121,57,2
1778523239.8465238,2,186,100,55,121,32,1
1778523239.8495052,1,1720,0,70,121,57,2
1778523239.8640368,2,187,50,51,121,31,1
1778523239.8675253,1,1720,0,70,121,56,2
1778523239.8815806,2,187,0,49,120,32,2
1778523239.8842952,1,1720,0,70,121,57,3
1778523239.8992767,2,187,0,49,121,31,1
1778523239.9027195,1,1720,0,70,121,57,2
1778523239.9169009,2,187,0,49,120,32,1
1778523239.919748,1,1720,0,70,121,57,2
1778523239.9344528,2,187,0,49,121,32,1
1778523239.938031,1,1720,0,70,121,57,2
1778523239.9523587,2,187,0,49,121,31,1
1778523239.9551082,1,1720,0,70,120,57,2
1778523239.969691,2,187,0,49,121,31,1
1778523239.973643,1,1720,0,70,121,57,2
1778523239.9876237,2,187,0,49,120,32,1
1778523239.991067,1,1720,0,70,121,57,2
1778523240.0058732,2,187,0,49,120,31,1
1778523240.0089324,1,1720,0,70,121,57,1
1778523240.022704,2,187,0,49,120,31,1
1778523240.0258482,1,1720,0,70,121,57,2
1778523240.040277,2,187,0,49,121,32,1
1778523240.0436442,1,1720,0,70,121,57,2
1778523240.0576978,2,187,0,49,120,32,1
1778523240.0607405,1,1720,0,70,120,57,2
1778523240.0753593,2,187,0,49,120,32,1
1778523240.078775,1,1720,0,70,120,57,2
1778523240.0928109,2,187,0,49,120,32,1
1778523240.095675,1,1720,0,70,121,57,2
1778523240.1103714,2,187,0,49,120,32,1
1778523240.1140199,1,1720,0,70,120,56,2
1778523240.128181,2,187,0,47,121,32,1
1778523240.1309664,1,1720,0,70,120,57,2
1778523240.1458018,2,187,0,41,120,32,1
1778523240.1496727,1,1720,0,70,121,57,3
1778523240.1638925,2,187,0,27,121,32,0
1778523240.1671999,1,1720,0,68,121,58,2
1778523240.1819754,2,187,0,24,121,32,0
1778523240.1851482,1,1720,0,59,121,57,1
1778523240.1993318,2,186,-50,45,121,32,1
1778523240.2024555,1,1720,0,44,121,57,1
1778523240.2172937,2,185,-50,74,121,31,1
1778523240.2204452,1,1720,0,23,121,57,0
1778523240.2343664,2,185,-50,108,120,32,3
1778523240.2372828,1,1720,0,35,120,57,1
1778523240.251835,2,182,0,151,120,32,4
1778523240.2553215,1,1721,0,70,120,57,1
1778523240.2691934,2,177,-250,182,120,32,3
1778523240.271912,1,1722,50,105,117,57,30
1778523240.286344,2,170,-350,211,119,31,6
1778523240.2899532,1,1723,100,143,119,57,4
1778523240.3040452,2,159,-500,243,118,32,8
1778523240.3068144,1,1725,100,189,119,57,7
1778523240.3212566,2,149,-600,269,117,32,8
1778523240.3249297,1,1732,350,232,117,57,69
1778523240.3389592,2,135,-700,299,111,32,8
1778523240.3420575,1,1741,350,273,117,57,10
1778523240.356577,2,122,-700,327,115,32,9
1778523240.3597796,1,1753,550,301,117,57,12
1778523240.3736985,2,106,-800,355,111,32,9
1778523240.3765678,1,1766,650,331,117,57,14
1778523240.3910754,2,88,-900,375,117,32,12
1778523240.3944404,1,1780,800,358,108,57,99
1778523240.4083903,2,71,-1050,385,115,32,11
1778523240.4111826,1,1795,800,386,116,57,120
1778523240.4259195,2,52,-1100,392,112,32,10
1778523240.4299862,1,1813,1000,405,108,57,139
1778523240.4439075,2,31,-1100,400,115,31,12
1778523240.4474015,1,1832,1050,417,106,57,23
1778523240.4617546,2,10,-1100,407,108,32,8
1778523240.4648526,1,1852,1100,426,113,57,29
1778523240.478784,2,4086,-1150,412,113,32,11
1778523240.4818215,1,1872,1100,433,109,57,141
1778523240.4963343,2,4066,-1200,414,104,32,7
1778523240.499614,1,1891,1150,436,118,57,29
1778523240.5136065,2,4045,-1200,414,116,32,11
1778523240.5163462,1,1913,1150,434,108,57,59
1778523240.5308468,2,4025,-1200,414,117,32,12
1778523240.5341842,1,1927,1100,429,114,57,28
1778523240.5483558,2,4010,-1050,421,108,32,21
1778523240.5514603,1,1937,750,440,113,57,54
1778523240.565983,2,3999,-750,440,105,32,40
1778523240.5696223,1,1942,350,469,102,57,210
1778523240.5841737,2,3993,-500,469,101,32,71
1778523240.5872412,1,1942,50,512,98,57,233
1778523240.601695,2,3990,-200,510,96,32,101
1778523240.6053565,1,1942,0,559,96,57,266
1778523240.6194181,2,3990,-50,558,94,32,118
1778523240.6226192,1,1942,0,600,93,57,282
1778523240.637632,2,3990,0,605,92,32,141
1778523240.6408288,1,1942,0,636,90,57,301
1778523240.6550105,2,3990,0,649,88,32,199
1778523240.6581402,1,1942,0,666,86,57,302
1778523240.6728525,2,3989,0,684,89,32,170
1778523240.6760259,1,1942,0,689,87,57,325
1778523240.6899595,2,3989,-50,710,88,32,177
1778523240.6928344,1,1942,0,705,84,57,326
1778523240.707379,2,3988,0,733,85,32,190
1778523240.7105947,1,1942,0,716,84,57,334
1778523240.7244802,2,3988,-50,748,85,32,198
1778523240.7272563,1,1942,0,720,82,57,332
1778523240.7416463,2,3987,-50,755,85,32,199
1778523240.7456284,1,1942,0,720,85,57,338
1778523240.7597775,2,3986,-50,757,85,32,202
1778523240.7631562,1,1942,0,720,84,57,341
1778523240.7776477,2,3986,0,756,85,32,202
1778523240.780733,1,1942,0,720,83,57,329
1778523240.7946274,2,3986,0,756,85,32,202
1778523240.7976432,1,1942,0,720,82,57,326
1778523240.8121498,2,3986,0,756,85,32,204
1778523240.8154714,1,1942,0,720,82,57,329
1778523240.8295217,2,3986,0,756,83,32,203
1778523240.8322742,1,1942,0,720,82,57,325
1778523240.8469312,2,3986,0,756,83,32,203
1778523240.850515,1,1942,0,720,83,57,326
1778523240.8648453,2,3986,0,754,84,32,200
1778523240.8676562,1,1942,0,720,83,57,326
1778523240.8824728,2,3986,0,748,84,32,194
1778523240.8861172,1,1942,0,720,83,57,325
1778523240.9004118,2,3986,0,733,85,32,190
1778523240.903334,1,1942,0,718,83,57,325
1778523240.9182477,2,3986,0,714,87,32,179
1778523240.9222977,1,1942,0,709,85,57,326
1778523240.9367955,2,3986,0,685,85,32,170
1778523240.9408343,1,1942,0,693,85,57,312
1778523240.9551194,2,3986,0,650,87,32,152
1778523240.9581175,1,1942,0,672,88,57,301
1778523240.972715,2,3986,0,613,89,32,138
1778523240.9766724,1,1942,0,643,89,57,286
1778523240.9911602,2,3986,0,563,92,32,118
1778523240.9943626,1,1942,0,608,90,57,281
1778523241.008936,2,3986,0,510,96,32,96
1778523241.0121331,1,1942,0,566,93,57,253
1778523241.0261192,2,3986,0,453,99,32,83
1778523241.0291402,1,1942,0,521,97,57,224
1778523241.0436773,2,3986,0,391,101,32,58
1778523241.0471807,1,1942,0,468,100,57,212
1778523241.0612984,2,3986,0,316,105,32,37
1778523241.0640094,1,1942,0,411,103,57,160
1778523241.0785666,2,3986,0,245,106,32,24
1778523241.0820608,1,1942,0,344,107,57,142
1778523241.0962155,2,3986,0,156,111,32,11
1778523241.0989082,1,1942,0,275,110,57,100
1778523241.1135352,2,3987,0,79,116,32,4
1778523241.1174512,1,1942,0,196,114,57,66
1778523241.1314185,2,3990,50,39,118,32,0
1778523241.1347466,1,1941,-50,115,119,57,27
1778523241.149371,2,3994,150,113,121,32,0
1778523241.152609,1,1941,0,28,121,57,0
1778523241.1664906,2,4001,300,173,121,32,0
1778523241.1694806,1,1938,-50,82,120,57,2
1778523241.1841464,2,4010,450,224,121,32,3
1778523241.1874359,1,1932,-250,153,121,57,2
1778523241.2013545,2,4019,500,276,116,32,6
1778523241.2041473,1,1925,-400,211,120,57,3
1778523241.2184978,2,4028,550,321,114,32,8
1778523241.2220526,1,1916,-550,263,119,57,7
1778523241.2361226,2,4043,750,361,116,32,12
1778523241.2388723,1,1909,-350,307,118,57,16
1778523241.253299,2,4058,750,388,118,32,16
1778523241.2572775,1,1897,-350,356,113,57,17
1778523241.271345,2,4077,900,405,117,32,13
1778523241.2744124,1,1881,-750,365,116,57,118
1778523241.288904,2,1,1050,403,110,32,11
1778523241.2921054,1,1865,-850,364,118,57,115
1778523241.3060615,2,21,1150,389,111,32,9
1778523241.3090296,1,1849,-950,351,118,57,13
1778523241.3233886,2,38,1150,370,118,32,8
1778523241.3265884,1,1834,-900,335,115,57,11
1778523241.3409767,2,56,950,356,116,32,8
1778523241.3448555,1,1818,-900,314,113,57,100
1778523241.358846,2,75,1050,334,115,32,7
1778523241.3617272,1,1803,-850,288,115,57,10
1778523241.3762183,2,92,950,307,114,32,6
1778523241.37954,1,1791,-700,262,119,57,7
1778523241.393528,2,108,950,276,115,31,5
1778523241.3963377,1,1778,-700,235,119,57,6
1778523241.4107683,2,122,950,241,120,32,5
1778523241.4143467,1,1769,-700,205,114,57,48
1778523241.42863,2,134,800,212,120,32,4
1778523241.4318593,1,1759,-550,177,120,57,4
1778523241.446301,2,143,650,186,120,32,3
1778523241.4499664,1,1752,-500,146,121,57,4
1778523241.463954,2,152,500,161,121,32,3
1778523241.4667065,1,1746,-350,121,121,57,3
1778523241.4811065,2,159,450,137,118,32,1
1778523241.4850676,1,1742,-250,101,119,57,3
1778523241.4990835,2,166,400,106,121,32,1
1778523241.5023491,1,1740,-150,87,121,57,3
1778523241.5167859,2,170,250,85,121,32,1
1778523241.5199275,1,1738,-100,78,121,57,2
1778523241.533848,2,173,200,68,121,32,2
1778523241.5365894,1,1738,-100,72,121,57,2
1778523241.5510993,2,175,200,55,121,33,1
1778523241.554505,1,1738,-50,69,121,57,2
1778523241.5683424,2,175,100,50,121,32,1
1778523241.5725513,1,1738,0,70,121,57,2
1778523241.587634,2,175,0,51,121,32,1
1778523241.590628,1,1738,0,70,121,57,2
1778523241.6048596,2,175,0,51,121,32,2
1778523241.6079106,1,1738,0,70,121,57,2
1778523241.622241,2,175,0,51,121,32,2
1778523241.6258452,1,1738,0,70,121,57,2
1778523241.6398926,2,175,0,51,121,32,1
1778523241.6426978,1,1738,0,70,121,57,2
1778523241.6573973,2,175,0,51,121,32,1
1778523241.6613019,1,1738,0,70,121,57,2
1778523241.675356,2,175,0,51,121,32,1
1778523241.6785643,1,1738,0,70,121,57,2
1778523241.6933491,2,175,0,51,121,32,1
1778523241.696744,1,1738,0,70,121,57,2
1778523241.7107964,2,175,0,51,121,32,1
1778523241.7137485,1,1738,0,70,121,57,2
1778523241.7285364,2,175,0,51,121,32,1
1778523241.7318792,1,1738,0,70,121,57,2
1778523241.746006,2,175,0,51,121,32,1
1778523241.7488956,1,1738,0,70,121,57,2
1778523241.7635777,2,175,0,51,121,32,1
1778523241.7668848,1,1738,0,67,121,57,2
1778523241.7808,2,175,0,51,121,32,2
1778523241.7835553,1,1738,0,66,121,57,2
1778523241.7979758,2,175,0,51,121,32,1
1778523241.801589,1,1738,0,66,121,57,2
1778523241.8159316,2,175,0,51,121,32,2
1778523241.8189366,1,1738,0,66,121,57,1
1778523241.8331795,2,175,0,51,121,32,2
1778523241.8370996,1,1738,0,66,121,57,2
1778523241.8511136,2,175,0,51,121,32,2
1778523241.8540704,1,1738,0,66,121,57,2
1778523241.868663,2,175,0,51,121,32,1
1778523241.8719833,1,1738,0,66,121,57,2
1778523241.8859801,2,175,0,51,121,32,2
1778523241.8889725,1,1738,0,66,121,57,2
1778523241.9033868,2,175,0,51,121,32,2
1778523241.9067771,1,1738,0,66,121,57,2
1778523241.9207535,2,175,0,51,121,32,1
1778523241.9235256,1,1738,0,66,121,57,1
1778523241.9378743,2,175,0,51,121,32,1
1778523241.9413888,1,1738,0,66,121,57,2
1778523241.9554613,2,175,0,51,121,32,2
1778523241.9581988,1,1738,0,66,121,57,2
1778523241.9729831,2,175,0,51,121,32,1
1778523241.977169,1,1738,0,66,121,57,2
1778523241.991526,2,175,0,49,121,32,2
1778523241.9950585,1,1738,0,66,121,57,2
1778523242.009915,2,175,0,41,121,32,1
1778523242.0129726,1,1738,0,64,121,57,1
1778523242.0272577,2,175,0,28,121,32,1
1778523242.0302749,1,1738,0,55,121,57,1
1778523242.0450501,2,175,0,25,121,32,0
1778523242.04833,1,1738,0,40,121,57,1
1778523242.0625036,2,174,0,51,121,32,1
1778523242.0654898,1,1738,0,21,121,57,1
1778523242.0800445,2,173,-50,81,121,32,2
1778523242.0834043,1,1738,0,39,121,57,0
1778523242.097363,2,173,-50,115,120,32,4
1778523242.1001368,1,1739,0,71,120,57,1
1778523242.1146972,2,170,-100,153,118,32,5
1778523242.1183507,1,1740,100,107,117,57,30
1778523242.132436,2,163,-350,192,119,32,6
1778523242.1353064,1,1741,50,148,120,69,5
1778523242.1497986,2,156,-350,222,119,32,7
1778523242.153755,1,1744,50,194,119,57,7
1778523242.1680424,2,145,-450,253,118,32,8
1778523242.1709297,1,1751,200,237,111,57,70
1778523242.1853192,2,134,-600,278,116,32,8
1778523242.1889255,1,1761,400,272,117,57,15
1778523242.203105,2,121,-700,305,115,32,10
1778523242.2060547,1,1773,600,299,117,57,17
1778523242.2206683,2,107,-750,334,116,32,10
1778523242.2248929,1,1785,650,332,112,57,109
1778523242.2391672,2,89,-800,367,109,32,10
1778523242.2420096,1,1800,750,365,116,57,17
1778523242.256739,2,72,-1000,384,116,32,11
1778523242.2609034,1,1816,900,389,115,57,19
1778523242.2751963,2,51,-1100,394,108,32,8
1778523242.2780104,1,1834,950,409,116,57,18
1778523242.2925532,2,32,-1100,401,108,32,7
1778523242.2968383,1,1853,1050,423,109,57,135
1778523242.3110216,2,11,-1100,408,116,32,12
1778523242.3144946,1,1873,1100,433,114,57,19
1778523242.32884,2,4085,-1100,415,112,32,9
1778523242.3317225,1,1894,1100,440,106,57,150
1778523242.346029,2,4066,-1200,413,115,32,10
1778523242.349612,1,1915,1150,436,114,57,21
1778523242.3642848,2,4045,-1150,417,105,32,7
1778523242.3673756,1,1929,1100,432,114,57,40
1778523242.3812644,2,4025,-1200,417,109,32,10
1778523242.3841827,1,1938,750,447,113,57,54
1778523242.3985782,2,4011,-1000,425,102,32,20
1778523242.40215,1,1942,350,480,99,57,217
1778523242.4161818,2,4000,-650,447,99,32,44
1778523242.4190037,1,1942,100,521,97,57,237
1778523242.4335835,2,3995,-450,476,97,32,67
1778523242.4375093,1,1942,0,567,94,57,260
1778523242.451588,2,3991,-150,519,92,32,96
1778523242.455141,1,1942,0,609,92,57,278
1778523242.4703155,2,3991,-50,567,91,32,145
1778523242.473537,1,1942,0,648,88,57,301
1778523242.487639,2,3990,-50,613,89,32,146
1778523242.4909625,1,1942,0,675,88,57,313
1778523242.5059106,2,3990,-50,653,90,32,148
1778523242.5091302,1,1942,0,698,86,57,329
1778523242.5233028,2,3989,0,690,88,32,167
1778523242.5266018,1,1942,0,715,86,57,342
1778523242.5411289,2,3988,-50,715,85,32,179
1778523242.5442932,1,1942,0,725,85,57,345
1778523242.5582962,2,3987,-50,736,82,32,224
1778523242.5611691,1,1942,0,729,84,57,338
1778523242.5756567,2,3987,-50,750,84,32,195
1778523242.5789726,1,1942,0,728,83,57,336
1778523242.5932858,2,3986,-50,757,84,32,200
1778523242.5963955,1,1942,0,728,83,57,333
1778523242.6111465,2,3986,0,760,85,32,207
1778523242.6147387,1,1942,0,728,82,57,328
1778523242.6287267,2,3986,0,760,83,32,201
1778523242.6315176,1,1942,0,728,82,57,332
1778523242.6460495,2,3986,0,760,85,32,208
1778523242.6500523,1,1942,0,728,85,57,343
1778523242.664735,2,3986,0,760,85,32,206
1778523242.6676824,1,1942,0,728,85,57,338
1778523242.681925,2,3986,0,760,86,32,206
1778523242.685122,1,1942,0,728,86,57,338
1778523242.699062,2,3986,0,760,86,32,205
1778523242.7020864,1,1942,0,728,85,57,339
1778523242.7166622,2,3986,0,760,86,32,214
1778523242.7198932,1,1942,0,728,85,57,341
1778523242.7340367,2,3986,0,760,87,32,210
1778523242.7369132,1,1942,0,728,85,57,342
1778523242.7517023,2,3986,0,760,87,32,209
1778523242.7551413,1,1942,0,728,85,57,336
1778523242.7694385,2,3986,0,759,85,32,206
1778523242.7722366,1,1942,0,728,85,57,337
1778523242.7870564,2,3986,0,752,86,32,200
1778523242.790691,1,1942,0,726,85,57,339
1778523242.804954,2,3986,0,738,88,32,193
1778523242.807685,1,1942,0,717,86,57,333
1778523242.822387,2,3986,0,718,88,32,185
1778523242.8258562,1,1942,0,701,88,57,327
1778523242.8403258,2,3986,0,690,90,32,172
1778523242.8434405,1,1942,0,680,89,57,313
1778523242.8572664,2,3986,0,658,92,32,162
1778523242.8600566,1,1942,0,655,91,57,292
1778523242.8745909,2,3986,0,622,95,32,144
1778523242.8781707,1,1942,0,620,93,57,277
1778523242.8926392,2,3986,0,576,97,32,128
1778523242.8955927,1,1942,0,579,95,57,262
1778523242.9093702,2,3986,0,526,99,32,112
1778523242.9121447,1,1942,0,536,98,57,234
1778523242.9264517,2,3986,0,472,100,32,85
1778523242.9300313,1,1942,0,485,101,57,245
1778523242.9446123,2,3986,0,408,105,32,67
1778523242.9477532,1,1942,0,426,104,57,172
1778523242.9617076,2,3986,0,336,108,32,45
1778523242.964743,1,1942,0,360,107,57,169
1778523242.9791656,2,3986,0,263,111,32,26
1778523242.982482,1,1941,0,292,111,57,104
1778523242.996825,2,3986,0,180,114,32,13
1778523242.9998267,1,1942,0,213,116,57,66
1778523243.0137105,2,3987,0,98,119,32,5
1778523243.016666,1,1941,-50,136,121,57,42
1778523243.0311081,2,3988,100,20,121,32,0
1778523243.0347116,1,1941,0,51,121,57,2
1778523243.051405,2,3993,200,99,122,32,0
1778523243.0544257,1,1938,-100,72,121,57,16
1778523243.0689695,2,4000,350,162,120,32,0
1778523243.0721185,1,1933,-250,145,122,57,0
1778523243.0859537,2,4009,350,220,121,32,1
1778523243.0888453,1,1926,-400,205,116,57,14
1778523243.1034179,2,4018,500,267,121,32,5
1778523243.1067493,1,1917,-400,260,114,57,9
1778523243.1209607,2,4027,550,311,114,32,8
1778523243.1239407,1,1910,-550,304,120,57,11
1778523243.1382272,2,4040,550,358,119,32,13
1778523243.1418333,1,1898,-350,358,113,57,121
1778523243.1561124,2,4056,850,385,112,32,13
1778523243.1591432,1,1882,-800,377,119,57,139
1778523243.173488,2,4074,1000,401,112,32,9
1778523243.1770458,1,1865,-950,379,119,57,26
1778523243.1909356,2,4094,1100,407,114,32,12
1778523243.1937683,1,1849,-1000,370,120,57,26
1778523243.2082922,2,18,1150,403,114,32,9
1778523243.2116733,1,1831,-950,355,120,57,21
1778523243.2255824,2,38,1150,390,116,32,10
1778523243.2283626,1,1815,-950,337,119,57,11
1778523243.2427704,2,55,1100,376,120,32,9
1778523243.24643,1,1800,-950,312,114,57,93
1778523243.260363,2,76,1100,352,116,32,6
1778523243.2631443,1,1784,-900,286,120,57,8
1778523243.2776954,2,94,1100,328,120,32,5
1778523243.2815313,1,1771,-850,255,121,57,19
1778523243.295475,2,112,1000,297,121,32,6
1778523243.2988715,1,1759,-700,230,121,57,9
1778523243.3133967,2,127,950,267,118,32,4
1778523243.3164334,1,1748,-650,201,121,58,5
1778523243.3303504,2,140,800,237,121,32,5
1778523243.3332975,1,1740,-550,172,121,57,45
1778523243.3477414,2,152,650,212,121,32,4
1778523243.3510725,1,1732,-450,141,119,57,42
1778523243.3650165,2,163,650,185,121,46,3
1778523243.3678095,1,1727,-300,115,121,57,3
1778523243.3821027,2,171,600,158,120,32,2
1778523243.3855984,1,1724,-300,93,121,57,3
1778523243.3995645,2,179,500,131,121,32,2
1778523243.4023447,1,1722,-150,86,121,57,3
1778523243.4167316,2,184,400,104,121,32,2
1778523243.4207077,1,1721,-100,79,122,57,2
1778523243.4346926,2,189,300,80,121,45,2
1778523243.4375296,1,1720,-100,72,121,57,18
1778523243.4520202,2,191,200,64,121,32,2
1778523243.4553218,1,1719,0,71,121,57,17
1778523243.469409,2,193,50,57,121,32,1
1778523243.4722679,1,1719,-50,69,121,57,16
1778523243.4869533,2,193,50,53,121,32,2
1778523243.4906368,1,1719,0,67,121,57,16
1778523243.5048401,2,193,50,51,121,32,1
1778523243.5076165,1,1719,0,67,121,57,16
1778523243.5220761,2,193,0,51,121,32,1
1778523243.5256197,1,1719,0,67,121,57,16
1778523243.5401838,2,193,0,51,121,32,1
1778523243.5433395,1,1719,0,67,121,57,12
1778523243.5580459,2,193,0,51,121,32,1
1778523243.5614421,1,1719,0,67,121,57,15
1778523243.5754335,2,193,0,49,121,32,2
1778523243.5789068,1,1719,0,67,121,57,16
1778523243.5936608,2,193,0,47,121,32,1
1778523243.5966384,1,1719,0,67,121,57,14
1778523243.610654,2,193,0,47,121,32,1
1778523243.6137419,1,1719,0,67,121,57,16
1778523243.6284852,2,193,0,47,121,32,1
1778523243.6319892,1,1719,0,65,121,57,11
1778523243.6459177,2,193,0,47,121,32,1
1778523243.648697,1,1719,0,64,121,57,10
1778523243.6633368,2,193,0,47,120,32,1
1778523243.6667705,1,1719,0,64,121,57,14
1778523243.6809182,2,193,0,47,121,32,1
1778523243.6839154,1,1719,0,64,121,57,13
1778523243.6985183,2,193,0,47,121,32,1
1778523243.702048,1,1719,0,64,121,57,14
1778523243.7161815,2,193,0,47,121,32,1
1778523243.7189915,1,1719,0,64,121,57,14
1778523243.733378,2,193,0,47,121,32,1
1778523243.737356,1,1719,0,64,121,57,14
1778523243.7512162,2,193,0,47,121,32,1
1778523243.754575,1,1719,0,64,121,57,14
1778523243.7692597,2,193,0,47,121,32,2
1778523243.772455,1,1719,0,64,121,57,12
1778523243.786635,2,193,0,47,121,32,1
1778523243.7895498,1,1719,0,64,121,57,14
1778523243.8043437,2,193,0,46,121,32,0
1778523243.80784,1,1719,0,64,121,57,13
1778523243.8220425,2,193,0,38,121,32,1
1778523243.8248925,1,1719,0,64,121,57,13
1778523243.8397832,2,193,0,24,121,32,0
1778523243.8430529,1,1719,0,64,121,57,13
1778523243.8572748,2,193,0,28,121,32,0
1778523243.8600485,1,1719,0,62,121,57,9
1778523243.8748348,2,192,-50,51,121,32,1
1778523243.8785303,1,1719,0,53,121,57,8
1778523243.89332,2,191,0,86,121,32,2
1778523243.8964148,1,1719,0,37,121,57,4
1778523243.910519,2,190,-50,120,121,32,4
1778523243.9135184,1,1719,0,17,121,57,0
1778523243.9283516,2,187,-150,159,121,32,5
1778523243.931797,1,1719,0,43,121,57,6
1778523243.9457831,2,180,-350,193,121,32,6
1778523243.948647,1,1719,0,76,121,57,2
1778523243.9631653,2,172,-350,223,121,32,6
1778523243.9665277,1,1721,50,115,121,57,3
1778523243.980453,2,162,-500,250,121,32,7
1778523243.9832933,1,1722,100,154,121,57,5
1778523243.9977353,2,150,-600,276,120,32,8
1778523244.001681,1,1725,100,200,121,57,8
1778523244.015567,2,135,-700,305,120,32,10
1778523244.0189142,1,1733,200,244,115,57,74
1778523244.0333543,2,121,-800,331,120,32,11
1778523244.0364594,1,1743,500,270,120,57,14
1778523244.0504801,2,105,-900,353,119,32,11
1778523244.0535216,1,1754,550,302,120,57,17
1778523244.0681255,2,87,-1000,370,120,32,10
1778523244.0715601,1,1769,750,330,113,57,117
1778523244.0855696,2,67,-1050,383,114,32,8
1778523244.0883074,1,1783,800,357,120,57,18
1778523244.1028137,2,48,-1050,391,119,32,9
1778523244.1061933,1,1798,900,381,119,57,18
1778523244.1200726,2,29,-1150,394,113,32,8
1778523244.1229274,1,1817,1050,398,119,57,18
1778523244.1376433,2,9,-1150,397,113,32,7
1778523244.141532,1,1836,1050,409,119,57,147
1778523244.1554115,2,4082,-1150,401,119,32,10
1778523244.158699,1,1855,1050,419,116,57,17
1778523244.1732676,2,4061,-1200,401,115,32,9
1778523244.1764894,1,1876,1150,422,113,57,140
1778523244.1904705,2,4040,-1200,401,120,32,11
1778523244.1933987,1,1897,1200,422,119,57,17
1778523244.2080698,2,4021,-1150,404,119,32,12
1778523244.2112803,1,1916,1150,419,111,57,23
1778523244.225278,2,4007,-850,413,118,32,27
1778523244.2280962,1,1931,950,421,111,57,166
1778523244.2426007,2,3998,-850,433,115,32,46
1778523244.2461777,1,1939,550,438,115,57,59
1778523244.2603438,2,3992,-600,459,104,32,73
1778523244.2632077,1,1942,200,471,102,57,209
1778523244.2780063,2,3990,-300,502,102,32,106
1778523244.281948,1,1942,200,517,99,57,231
1778523244.2960248,2,3990,-50,559,99,32,124
1778523244.2994773,1,1942,0,566,96,57,255
1778523244.3141987,2,3990,0,609,96,32,141
1778523244.3174024,1,1942,0,608,91,57,277
1778523244.3317282,2,3989,0,653,94,32,158
1778523244.33502,1,1942,0,645,91,57,301
1778523244.349697,2,3989,-50,684,90,32,170
1778523244.3529902,1,1942,0,674,89,57,315
1778523244.3669803,2,3988,-50,711,89,32,178
1778523244.3699863,1,1942,0,696,88,58,331
1778523244.384404,2,3987,-50,731,87,32,187
1778523244.387817,1,1942,0,712,87,57,339
1778523244.4016757,2,3986,-50,746,83,32,250
1778523244.404554,1,1942,0,723,86,57,338
1778523244.4190993,2,3986,-50,753,86,32,204
1778523244.4223568,1,1942,0,727,86,57,339
1778523244.4367101,2,3986,0,759,86,32,211
1778523244.4397113,1,1942,0,727,85,57,337
1778523244.4541698,2,3986,0,759,86,32,205
1778523244.4578748,1,1942,0,727,85,57,336
1778523244.4719288,2,3986,0,759,85,32,206
1778523244.474696,1,1942,0,727,85,57,333
1778523244.4890103,2,3985,0,759,87,32,204
1778523244.4928916,1,1942,0,727,85,57,334
1778523244.506831,2,3985,0,759,85,32,204
1778523244.5097716,1,1942,0,727,85,58,332
1778523244.5243902,2,3986,0,759,85,32,205
1778523244.5278616,1,1942,0,727,85,57,339
1778523244.5419538,2,3986,0,759,85,32,204
1778523244.5447443,1,1942,0,727,85,57,331
1778523244.5593793,2,3986,0,759,85,32,206
1778523244.562514,1,1942,0,727,85,58,337
1778523244.5766697,2,3986,0,759,86,32,205
1778523244.57964,1,1942,0,727,85,57,332
1778523244.5934896,2,3986,0,759,85,32,202
1778523244.5962443,1,1942,0,727,85,58,331
1778523244.6108189,2,3986,0,759,86,32,201
1778523244.614092,1,1942,0,727,85,58,330
1778523244.6288223,2,3986,0,759,86,32,205
1778523244.632847,1,1942,0,727,86,58,329
1778523244.6471117,2,3986,0,759,86,32,201
1778523244.6502326,1,1942,0,727,85,58,332
1778523244.6652021,2,3986,0,757,86,32,204
1778523244.6683836,1,1942,0,725,85,58,327
1778523244.6827075,2,3986,0,749,88,32,199
1778523244.6857255,1,1942,0,715,85,58,321
1778523244.7008033,2,3986,0,736,88,32,195
1778523244.7044294,1,1942,0,700,86,58,312
1778523244.7189422,2,3986,0,715,90,32,186
1778523244.7221243,1,1942,0,679,87,58,300
1778523244.736738,2,3986,0,687,90,32,172
1778523244.7400773,1,1942,0,650,90,57,285
1778523244.7539608,2,3986,0,653,92,32,158
1778523244.7568576,1,1942,0,617,92,58,276
1778523244.771153,2,3986,0,616,94,32,145
1778523244.7743025,1,1942,0,576,95,58,252
1778523244.7889485,2,3986,0,572,97,32,128
1778523244.7928994,1,1942,0,528,97,58,226
1778523244.8068976,2,3986,0,516,100,31,105
1778523244.8103347,1,1942,0,475,99,58,196
1778523244.824569,2,3986,0,460,105,32,86
1778523244.8275378,1,1942,0,417,103,57,173
1778523244.842115,2,3986,0,399,108,32,67
1778523244.8457365,1,1942,0,351,107,58,142
1778523244.8598073,2,3986,0,323,112,32,41
1778523244.8627164,1,1942,0,277,110,58,92
1778523244.8775554,2,3986,0,249,115,32,26
1778523244.8814876,1,1941,-50,201,116,57,61
1778523244.8955293,2,3986,0,159,118,32,13
1778523244.8990755,1,1941,0,116,119,58,33
1778523244.9134946,2,3986,0,77,121,32,3
1778523244.9164143,1,1941,0,30,121,57,0
1778523244.9304526,2,3989,50,38,121,32,0
1778523244.9336011,1,1938,-50,78,121,57,18
1778523244.9481676,2,3994,200,107,121,32,0
1778523244.9516907,1,1933,-150,153,121,57,1
1778523244.965787,2,4001,350,171,119,32,0
1778523244.96883,1,1925,-350,211,121,57,4
1778523244.983288,2,4010,550,222,117,32,1
1778523244.9867342,1,1916,-500,263,121,57,8
1778523245.0008385,2,4018,450,272,120,32,7
1778523245.0036194,1,1909,-400,313,120,57,66
1778523245.0180323,2,4028,450,323,119,32,9
1778523245.0215452,1,1896,-650,346,117,58,14
1778523245.0356774,2,4042,600,363,119,32,16
1778523245.0387325,1,1881,-850,362,113,57,119
1778523245.0534544,2,4058,800,391,117,32,14
1778523245.056801,1,1864,-850,360,116,58,121
1778523245.0707297,2,4078,1000,400,116,32,13
1778523245.0736954,1,1848,-950,348,120,57,22
1778523245.0883336,2,1,1100,398,116,32,11
1778523245.0917387,1,1831,-950,329,120,57,12
1778523245.1057603,2,22,1150,385,120,32,12
1778523245.1086476,1,1817,-900,309,114,57,121
1778523245.1231859,2,40,1100,368,116,32,7
1778523245.1264336,1,1802,-850,284,120,57,8
1778523245.1404057,2,58,1000,349,119,32,8
1778523245.1433237,1,1789,-750,260,121,57,9
1778523245.1576474,2,74,1000,330,117,32,6
1778523245.161267,1,1778,-700,234,121,57,7
1778523245.1754382,2,93,1050,297,118,32,4
1778523245.1787982,1,1767,-600,205,120,57,5
1778523245.1934285,2,108,950,267,121,32,5
1778523245.196652,1,1758,-550,174,121,58,28
1778523245.2106466,2,123,850,237,121,32,5
1778523245.2137089,1,1751,-550,140,120,57,36
1778523245.2281442,2,134,750,210,121,32,4
1778523245.2314813,1,1745,-350,119,121,57,3
1778523245.2454715,2,143,550,185,120,31,3
1778523245.2482042,1,1742,-300,98,121,57,3
1778523245.262819,2,152,550,159,121,32,3
1778523245.2665126,1,1739,-200,84,122,57,2
1778523245.2808046,2,160,400,130,121,32,2
1778523245.2837534,1,1738,-100,75,121,57,2
1778523245.2983372,2,166,400,103,121,32,1
1778523245.3019257,1,1738,0,72,122,57,2
1778523245.3164184,2,170,350,78,121,32,1
1778523245.3195105,1,1738,0,72,121,57,2
1778523245.3334713,2,172,250,62,121,32,1
1778523245.3362613,1,1738,0,72,121,57,2
1778523245.3510005,2,174,100,56,121,32,1
1778523245.3545787,1,1738,0,72,122,57,2
1778523245.368931,2,175,50,52,121,32,1
1778523245.3718336,1,1738,0,72,122,58,3
1778523245.3857903,2,175,50,49,121,32,1
1778523245.3887498,1,1738,0,72,122,57,2
1778523245.403824,2,175,0,47,121,32,1
1778523245.4074168,1,1738,0,72,122,57,2
1778523245.4216697,2,175,0,47,121,32,1
1778523245.4245908,1,1738,0,72,122,57,2
1778523245.4392831,2,175,0,46,121,32,1
1778523245.4427135,1,1738,0,72,121,58,2
1778523245.4569106,2,175,0,44,121,32,1
1778523245.45969,1,1738,0,72,122,57,2
1778523245.4742885,2,175,0,44,122,32,0
1778523245.4778686,1,1738,0,72,122,57,2
1778523245.4924543,2,175,0,44,122,31,1
1778523245.4954276,1,1738,0,72,122,58,2
1778523245.5095806,2,175,0,44,121,32,1
1778523245.5127025,1,1738,0,72,121,57,2
1778523245.5265267,2,175,0,44,121,32,1
1778523245.529494,1,1738,0,72,122,57,2
1778523245.5440412,2,175,0,44,121,32,1
1778523245.547553,1,1738,0,72,121,57,2
1778523245.5616257,2,175,0,44,121,32,1
1778523245.564551,1,1738,0,72,121,57,2
1778523245.5790045,2,175,0,44,121,32,1
1778523245.582516,1,1738,0,72,122,57,2
1778523245.596433,2,175,0,44,121,32,0
1778523245.5992045,1,1738,0,72,121,57,2
1778523245.6136086,2,175,0,44,121,32,1
1778523245.6175625,1,1738,0,72,122,57,2
1778523245.6314447,2,175,0,44,122,32,1
1778523245.6346378,1,1738,0,72,121,57,2
1778523245.6492043,2,175,0,44,121,32,1
1778523245.6524577,1,1738,0,72,122,57,2
1778523245.6663935,2,175,0,44,121,32,1
1778523245.6693726,1,1738,0,72,121,57,2
1778523245.683844,2,175,0,44,121,32,1
1778523245.6870236,1,1738,0,72,122,57,3
1778523245.7011194,2,175,0,44,121,32,1
1778523245.703885,1,1738,0,72,122,57,2
1778523245.7188325,2,175,0,44,121,32,1
1778523245.722543,1,1738,0,70,121,58,2
1778523245.7369478,2,175,0,44,121,32,1
1778523245.7397552,1,1738,0,61,121,57,2
1778523245.7544863,2,175,0,44,121,32,1
1778523245.7581673,1,1738,0,45,122,57,1
1778523245.7729084,2,175,0,44,121,32,0
1778523245.7759938,1,1738,0,24,122,57,1
1778523245.7900748,2,175,0,44,122,32,1
1778523245.7929485,1,1738,0,34,122,57,0
1778523245.8077185,2,175,0,44,121,32,1
1778523245.8110251,1,1738,0,69,122,57,2
1778523245.8255246,2,175,0,44,122,32,1
1778523245.8287737,1,1740,50,106,120,57,32
1778523245.842991,2,175,0,44,121,32,1
1778523245.846285,1,1741,50,150,122,57,5
1778523245.8602583,2,175,0,44,121,32,1
1778523245.8630536,1,1744,50,196,121,57,8
1778523245.8775046,2,175,0,44,121,32,1
1778523245.8814929,1,1751,300,238,116,58,70
1778523245.895678,2,175,0,44,121,32,1
1778523245.899153,1,1761,500,273,121,58,16
1778523245.9136229,2,175,0,44,121,32,1
1778523245.9167233,1,1773,700,301,120,58,101
1778523245.931009,2,175,0,44,121,32,1
1778523245.9344165,1,1786,700,328,113,58,18
1778523245.9491012,2,175,0,44,119,32,1
1778523245.9522438,1,1801,850,353,117,58,120
1778523245.966137,2,175,0,44,114,32,1
1778523245.9689796,1,1818,850,364,120,57,23
1778523245.9833372,2,175,0,44,115,32,1
1778523245.986778,1,1835,950,359,120,57,23
1778523246.0007248,2,175,0,44,116,32,1
1778523246.0035484,1,1852,1000,347,121,57,10
1778523246.0180776,2,175,0,44,117,32,1
1778523246.0221074,1,1870,1000,327,121,57,16
1778523246.0361538,2,175,0,44,116,32,1
1778523246.038937,1,1887,950,306,120,57,7
1778523246.0534837,2,175,0,44,121,32,1
1778523246.0573812,1,1903,900,279,114,57,10
1778523246.071337,2,175,0,44,117,32,0
1778523246.074523,1,1915,800,253,121,58,9
1778523246.0893178,2,175,0,44,117,32,1
1778523246.0925734,1,1924,500,231,120,57,11
1778523246.1064968,2,175,0,44,117,32,1
1778523246.1095428,1,1928,500,216,115,58,89
1778523246.1240575,2,175,0,44,117,32,1
1778523246.1273673,1,1929,200,223,115,58,84
1778523246.1416094,2,175,0,44,117,32,1
1778523246.1444876,1,1929,50,228,114,58,83
1778523246.1583545,2,175,0,44,117,32,1
1778523246.161398,1,1929,0,230,114,58,84
1778523246.1755419,2,175,0,44,117,32,1
1778523246.1786962,1,1929,0,230,114,58,93
1778523246.1926625,2,175,0,44,117,32,1
1778523246.1965907,1,1929,0,230,114,58,82
1778523246.2105217,2,175,0,44,117,32,1
1778523246.213469,1,1929,0,230,114,58,82
1778523246.2279398,2,175,0,44,117,32,1
1778523246.231303,1,1929,0,230,114,58,85
1778523246.2451365,2,175,0,44,117,32,1
1778523246.2480006,1,1929,0,230,114,58,89
1778523246.2624063,2,175,0,44,117,32,1
1778523246.2659755,1,1929,0,230,114,58,93
1778523246.280585,2,175,0,44,117,32,0
1778523246.2836428,1,1929,0,230,118,57,76
1778523246.2977345,2,175,0,44,115,32,1
1778523246.3006759,1,1929,0,230,114,58,81
1778523246.3154328,2,175,0,42,117,32,1
1778523246.3188603,1,1929,0,230,114,58,83
1778523246.333034,2,175,0,34,115,32,0
1778523246.3357995,1,1929,0,230,114,58,84
1778523246.3505278,2,175,0,22,115,32,0
1778523246.3540576,1,1929,0,230,118,58,85
1778523246.3687952,2,175,0,32,117,32,0
1778523246.371874,1,1929,0,230,117,58,100
1778523246.385774,2,174,-50,54,116,32,1
1778523246.3886263,1,1929,0,230,119,58,84
1778523246.403446,2,173,0,87,115,32,2
1778523246.4068344,1,1929,0,230,114,58,97
1778523246.420871,2,172,-50,122,117,32,3
1778523246.423742,1,1929,0,230,114,58,78
1778523246.438085,2,170,-150,158,115,32,4
1778523246.4415512,1,1929,0,230,114,58,78
1778523246.4556248,2,164,-300,196,116,32,6
1778523246.4585118,1,1929,0,230,120,58,95
1778523246.4731965,2,155,-300,231,116,32,7
1778523246.4771698,1,1929,0,230,114,58,80
1778523246.4912035,2,145,-500,257,116,32,8
1778523246.494004,1,1929,0,230,119,58,84
1778523246.5081239,2,133,-600,283,116,32,8
1778523246.512092,1,1929,0,230,114,58,77
1778523246.526217,2,120,-700,311,116,32,9
1778523246.529112,1,1929,0,230,116,58,91
1778523246.5436494,2,106,-800,337,116,32,10
1778523246.5469,1,1929,0,230,114,58,76
1778523246.5611324,2,88,-900,360,116,32,11
1778523246.564085,1,1929,0,230,116,57,78
1778523246.5780182,2,71,-1000,377,116,32,11
1778523246.5810006,1,1929,0,230,114,58,95
1778523246.5954118,2,52,-1100,388,116,32,10
1778523246.5987682,1,1929,0,230,114,58,76
1778523246.6128776,2,33,-1100,395,116,32,10
1778523246.6157792,1,1929,0,230,114,58,81
1778523246.6305852,2,13,-1050,403,117,32,9
1778523246.6340904,1,1929,0,230,114,58,83
1778523246.6483111,2,4086,-1200,395,116,32,9
1778523246.6511624,1,1929,0,230,113,58,89
1778523246.6657212,2,4067,-1200,381,116,32,7
1778523246.6697438,1,1929,0,230,113,58,76
1778523246.683631,2,4046,-1150,364,116,32,7
1778523246.6870058,1,1929,0,230,117,58,95
1778523246.7015054,2,4027,-1100,344,116,32,5
1778523246.7044418,1,1929,0,230,114,58,90
1778523246.7182443,2,4014,-850,331,116,32,12
1778523246.7211995,1,1929,0,230,116,58,80
1778523246.7356267,2,4005,-600,326,115,32,23
1778523246.7388763,1,1929,0,230,116,58,83
1778523246.752809,2,3999,-600,329,114,32,46
1778523246.7555947,1,1929,0,230,116,58,73
1778523246.770288,2,3996,-350,338,112,32,46
1778523246.7742383,1,1929,0,230,112,58,92
1778523246.788328,2,3995,-100,363,113,32,68
1778523246.7911024,1,1929,0,230,110,58,75
1778523246.8054059,2,3994,-100,377,112,32,69
1778523246.8090737,1,1929,0,230,112,58,84
1778523246.8229456,2,3994,0,392,111,32,65
1778523246.8259263,1,1929,0,230,113,58,73
1778523246.840634,2,3994,0,400,111,32,69
1778523246.8441563,1,1929,0,230,110,58,72
1778523246.8584495,2,3994,0,404,111,32,75
1778523246.8616447,1,1929,0,230,110,58,74
1778523246.8762069,2,3994,0,404,112,32,76
1778523246.8795907,1,1929,0,230,114,58,82
1778523246.8935635,2,3994,0,404,112,32,71
1778523246.896221,1,1929,0,230,110,58,83
1778523246.910818,2,3994,0,404,112,32,76
1778523246.914444,1,1929,0,230,110,58,83
1778523246.9285989,2,3994,0,404,111,32,68
1778523246.9313571,1,1929,0,230,110,58,82
1778523246.9459453,2,3994,0,404,112,32,71
1778523246.9494662,1,1929,0,230,110,58,72
1778523246.9633396,2,3994,0,404,111,32,74
1778523246.9665492,1,1929,0,230,110,58,80
1778523246.9812133,2,3994,0,404,111,32,74
1778523246.9843543,1,1929,0,230,110,58,86
1778523246.9982712,2,3994,0,404,111,32,72
1778523247.0012622,1,1929,0,230,110,58,81
1778523247.0157275,2,3994,0,404,111,32,75
1778523247.0190032,1,1929,0,230,110,58,81
1778523247.0328858,2,3994,0,404,111,32,76
1778523247.0356448,1,1929,0,230,110,58,91
1778523247.0498183,2,3994,0,404,112,32,73
1778523247.053256,1,1929,0,230,113,58,72
1778523247.067191,2,3994,0,404,112,32,73
1778523247.070481,1,1929,0,230,110,58,71
1778523247.085184,2,3994,0,404,113,32,68
1778523247.0883472,1,1929,0,230,110,58,85
1778523247.1022823,2,3994,0,404,113,32,68
1778523247.1051877,1,1929,0,230,110,58,83
1778523247.1197193,2,3994,0,404,112,32,87
1778523247.1229703,1,1929,0,230,113,58,89
1778523247.1371484,2,3994,0,404,112,32,71
1778523247.1402779,1,1929,0,230,113,58,91
1778523247.1546352,2,3994,0,404,112,32,82
1778523247.158148,1,1929,0,230,116,58,88
1778523247.1720996,2,3994,0,404,112,32,68
1778523247.1748846,1,1929,0,230,110,58,89
1778523247.1891844,2,3994,0,404,112,32,69
1778523247.193102,1,1929,0,230,110,58,92
1778523247.2070673,2,3994,0,404,112,32,68
1778523247.2099602,1,1929,0,230,110,58,74
1778523247.2245831,2,3994,0,404,112,32,69
1778523247.228044,1,1929,0,230,111,58,77
1778523247.2423055,2,3994,0,404,112,32,71
1778523247.2452958,1,1929,0,230,114,58,72
1778523247.2600784,2,3994,0,404,112,32,68
1778523247.2634664,1,1929,0,230,110,58,77
1778523247.2776477,2,3994,0,404,112,32,76
1778523247.2804399,1,1929,0,230,111,58,82
1778523247.2953575,2,3994,0,404,112,32,73
1778523247.2987733,1,1929,0,230,111,58,87
1778523247.3131897,2,3994,0,404,112,32,70
1778523247.3160737,1,1929,0,230,110,58,83
1778523247.3308897,2,3994,0,404,112,32,75
1778523247.3345118,1,1929,0,230,110,58,87
1778523247.3489094,2,3994,0,404,112,32,73
1778523247.3517835,1,1929,0,230,114,58,80
1778523247.3663135,2,3994,0,404,112,32,68
1778523247.3699849,1,1929,0,230,110,58,87
1778523247.3841667,2,3994,0,404,112,32,72
1778523247.38707,1,1929,0,230,111,58,90
1778523247.4016945,2,3994,0,404,112,32,81
1778523247.4053462,1,1929,0,230,111,58,90
1778523247.4192488,2,3994,0,404,112,32,73
1778523247.4225216,1,1929,0,230,114,58,74
1778523247.4372349,2,3994,0,404,112,32,68
1778523247.4403958,1,1929,0,230,111,58,82
1778523247.454375,2,3994,0,404,111,32,73
1778523247.4573455,1,1929,0,230,110,58,76
1778523247.4719934,2,3994,0,404,111,32,71
1778523247.4754362,1,1929,0,230,110,58,75
1778523247.4894683,2,3994,0,404,111,32,67
1778523247.4921572,1,1929,0,230,113,58,80
1778523247.5065787,2,3994,0,404,112,32,67
1778523247.5101364,1,1929,0,230,114,58,88
1778523247.5241318,2,3994,0,404,111,32,78
1778523247.5269568,1,1929,0,230,110,58,84
1778523247.5415282,2,3994,0,404,113,32,76
1778523247.5455253,1,1929,0,230,113,58,89
1778523247.5594332,2,3994,0,404,112,32,68
1778523247.5628097,1,1929,0,230,110,58,71
1778523247.5773265,2,3994,0,404,111,32,73
1778523247.5803251,1,1929,0,230,110,58,73
1778523247.5941503,2,3994,0,404,113,32,66
1778523247.5971856,1,1929,0,230,114,58,75
1778523247.611569,2,3994,0,404,113,32,73
1778523247.6148062,1,1929,0,230,110,58,85
1778523247.6292398,2,3994,0,404,112,32,89
1778523247.6322036,1,1929,0,230,110,58,72
1778523247.6460767,2,3994,0,404,112,32,78
1778523247.6489706,1,1929,0,230,110,58,91
1778523247.6635687,2,3994,0,404,113,32,67
1778523247.6668417,1,1929,0,230,110,58,81
1778523247.68098,2,3994,0,404,112,32,74
1778523247.684065,1,1929,0,230,113,58,78
1778523247.6983972,2,3994,0,404,112,32,74
1778523247.7019374,1,1929,0,230,111,58,80
1778523247.7160156,2,3994,0,404,113,32,74
1778523247.7188814,1,1929,0,230,111,58,98
1778523247.7332134,2,3994,0,404,112,32,67
1778523247.7371192,1,1929,0,230,111,58,72
1778523247.7512476,2,3994,0,404,112,32,69
1778523247.7545526,1,1929,0,230,111,58,88
1778523247.7692685,2,3994,0,404,112,32,74
1778523247.7724464,1,1929,0,230,110,58,86
1778523247.7863927,2,3994,0,404,112,32,72
1778523247.7893193,1,1929,0,230,111,58,74
1778523247.803838,2,3994,0,404,112,32,66
1778523247.8073118,1,1929,0,230,111,58,72
1778523247.821315,2,3994,0,404,112,32,74
1778523247.8241005,1,1929,0,230,113,58,88
1778523247.8387384,2,3994,0,404,112,32,68
1778523247.8423963,1,1929,0,230,111,58,78
1778523247.8566136,2,3994,0,404,112,32,75
1778523247.8593342,1,1929,0,230,111,58,84
1778523247.8742878,2,3994,0,404,112,32,69
1778523247.8783243,1,1929,0,230,111,58,87
1778523247.8927107,2,3994,0,404,113,32,74
1778523247.896373,1,1929,0,230,111,58,88
1778523247.9108977,2,3994,0,404,112,32,70
1778523247.9138157,1,1929,0,230,111,58,83
1778523247.9280598,2,3994,0,404,111,32,72
1778523247.9321733,1,1929,0,230,111,58,73
1778523247.9461417,2,3994,0,404,112,32,75
1778523247.9490554,1,1929,0,230,110,58,76
1778523247.9634802,2,3994,0,404,112,32,73
1778523247.9667854,1,1929,0,230,110,58,72
1778523247.9811115,2,3994,0,404,112,32,71
1778523247.9840686,1,1929,0,230,114,58,82
1778523247.9979844,2,3994,0,404,113,32,68
1778523248.0009503,1,1929,0,230,114,58,96
1778523248.0155914,2,3994,0,404,113,32,75
1778523248.0189314,1,1929,0,230,110,58,87
1778523248.0328457,2,3994,0,404,113,32,75
1778523248.0355814,1,1929,0,230,114,58,91
1778523248.05031,2,3994,0,404,113,32,75
1778523248.0539725,1,1929,0,230,111,58,80
1778523248.0682333,2,3994,0,402,112,32,70
1778523248.0711324,1,1929,0,230,113,58,96
1778523248.0860498,2,3994,0,396,113,32,72
1778523248.0901706,1,1929,0,230,114,58,76
1778523248.1044078,2,3994,0,380,113,32,64
1778523248.108244,1,1929,0,228,114,58,74
1778523248.1238012,2,3994,0,358,114,32,52
1778523248.1267552,1,1929,0,218,115,58,67
1778523248.140933,2,3994,0,330,114,32,48
1778523248.1437306,1,1929,0,203,117,58,67
1778523248.158185,2,3994,0,298,115,32,41
1778523248.161872,1,1929,0,182,117,58,70
1778523248.176134,2,3994,0,257,115,32,32
1778523248.1792507,1,1929,0,153,117,58,39
1778523248.1937895,2,3994,0,214,118,32,19
1778523248.197487,1,1929,0,120,119,58,37
1778523248.2114902,2,3994,0,158,120,32,14
1778523248.2146053,1,1929,0,79,120,58,17
1778523248.229162,2,3994,0,101,121,32,4
1778523248.2323074,1,1929,0,31,121,58,3
1778523248.2465584,2,3994,0,35,122,32,1
1778523248.2496004,1,1928,-50,47,121,58,0
1778523248.264259,2,3995,0,64,121,32,0
1778523248.2676885,1,1925,-50,104,120,58,20
1778523248.2816463,2,4000,100,134,121,32,0
1778523248.2844188,1,1921,-250,157,119,58,39
1778523248.299067,2,4007,300,194,118,32,1
1778523248.3024094,1,1914,-300,207,121,58,7
1778523248.3164392,2,4015,450,250,118,32,4
1778523248.3192747,1,1911,-250,259,118,58,11
1778523248.3333561,2,4023,450,301,120,32,9
1778523248.337358,1,1902,-250,303,118,58,13
1778523248.3514194,2,4036,650,347,114,32,11
1778523248.3547206,1,1889,-500,321,120,58,13
1778523248.3693361,2,4052,900,379,120,32,13
1778523248.3725631,1,1874,-750,317,114,58,109
1778523248.3864572,2,4069,900,399,115,32,13
1778523248.3894088,1,1860,-800,307,120,58,9
1778523248.4039185,2,4088,1000,406,120,32,16
1778523248.4072678,1,1846,-850,285,116,58,90
1778523248.4212096,2,13,1100,403,120,32,14
1778523248.4240417,1,1834,-750,264,115,58,83
1778523248.4385235,2,32,1200,386,121,32,11
1778523248.442126,1,1822,-700,240,119,58,73
1778523248.4561923,2,51,1100,369,121,32,11
1778523248.4589894,1,1811,-600,216,120,58,59
1778523248.4735174,2,70,1050,350,117,32,5
1778523248.4775023,1,1802,-600,188,121,58,4
1778523248.491433,2,90,1100,322,121,32,5
1778523248.4946587,1,1794,-550,159,121,58,4
1778523248.5092614,2,106,950,292,121,32,4
1778523248.5125768,1,1788,-400,132,121,58,3
1778523248.5264418,2,122,950,262,120,32,6
1778523248.5293696,1,1783,-350,109,121,58,3
1778523248.5438898,2,135,900,230,121,32,4
1778523248.5473018,1,1780,-200,94,121,58,2
1778523248.5612636,2,146,700,208,121,32,2
1778523248.5640545,1,1779,-150,83,120,58,17
1778523248.5785291,2,156,650,183,120,32,3
1778523248.5820105,1,1778,-50,77,121,58,18
1778523248.5964987,2,166,550,153,121,32,2
1778523248.5995078,1,1778,0,75,121,58,19
1778523248.6134698,2,172,450,126,121,32,2
1778523248.6162834,1,1778,0,75,120,58,19
1778523248.6308537,2,178,350,100,121,32,2
1778523248.6343398,1,1778,0,75,121,58,19
1778523248.6486373,2,181,200,80,121,32,2
1778523248.6517692,1,1778,0,75,121,58,19
1778523248.6662374,2,184,200,66,121,32,0
1778523248.6699638,1,1778,0,75,121,58,19
1778523248.6841948,2,186,150,56,121,32,1
1778523248.6871831,1,1778,0,75,121,58,19
1778523248.7016385,2,186,100,50,121,32,1
1778523248.7056222,1,1778,0,75,121,58,18
1778523248.7196329,2,186,0,50,121,32,1
1778523248.7230291,1,1778,0,75,121,57,14
1778523248.7375042,2,186,0,50,121,32,1
1778523248.7405534,1,1778,0,75,121,58,14
1778523248.7546349,2,186,0,50,121,31,1
1778523248.7577114,1,1778,0,75,121,58,19
1778523248.7724867,2,186,0,50,121,32,1
1778523248.7759109,1,1778,0,75,121,58,17
1778523248.790056,2,186,0,50,121,32,1
1778523248.7928703,1,1778,0,75,120,58,16
1778523248.8077672,2,186,0,50,121,32,1
1778523248.8112369,1,1778,0,75,121,58,14
1778523248.8253348,2,186,0,50,121,32,1
1778523248.8283956,1,1778,0,75,121,58,19
1778523248.8429039,2,186,0,50,121,32,2
1778523248.8464625,1,1778,0,75,121,58,18
1778523248.8607657,2,186,0,50,121,32,1
1778523248.8637543,1,1778,0,75,121,57,18
1778523248.8780203,2,186,0,50,121,32,1
1778523248.8815699,1,1778,0,75,121,58,19
1778523248.896272,2,186,0,50,121,32,1
1778523248.8994315,1,1778,0,75,121,58,14
1778523248.9134047,2,186,0,50,121,32,2
1778523248.9162712,1,1778,0,75,121,58,17
1778523248.9307635,2,186,0,50,121,32,1
1778523248.9343557,1,1778,0,75,121,58,19
1778523248.9489005,2,186,0,50,121,32,1
1778523248.9519732,1,1778,0,75,121,58,16
1778523248.9667606,2,186,0,48,121,32,1
1778523248.970421,1,1778,0,75,121,58,19
1778523248.984867,2,186,0,40,121,32,1
1778523248.987593,1,1778,0,73,121,58,17
1778523249.0023394,2,186,0,27,121,32,1
1778523249.0059938,1,1778,0,64,121,58,14
1778523249.0209086,2,186,0,27,121,32,0
1778523249.0238817,1,1778,0,49,121,58,8
1778523249.0379274,2,185,-50,49,121,32,1
1778523249.040949,1,1778,0,30,122,58,3
1778523249.055745,2,184,-50,78,121,32,2
1778523249.058987,1,1778,0,30,122,58,3
1778523249.073144,2,183,-50,113,121,32,3
1778523249.0761316,1,1779,50,62,121,58,14
1778523249.0905683,2,180,-100,152,121,32,5
1778523249.0941036,1,1780,50,97,121,58,3
1778523249.1083574,2,174,-300,190,119,32,6
1778523249.1115024,1,1781,50,140,119,58,36
1778523249.125804,2,166,-450,224,119,32,7
1778523249.1294117,1,1783,50,190,118,58,14
1778523249.143485,2,155,-450,257,117,32,8
1778523249.1462018,1,1790,150,235,120,58,9
1778523249.1606374,2,144,-600,279,120,32,9
1778523249.164788,1,1798,450,270,114,58,25
1778523249.1788957,2,129,-700,308,120,32,9
1778523249.1818507,1,1810,600,300,113,58,96
1778523249.1963158,2,115,-800,335,115,32,9
1778523249.1995072,1,1824,700,331,120,58,14
1778523249.2134047,2,99,-850,359,120,32,11
1778523249.2161906,1,1838,850,358,112,58,117
1778523249.2305334,2,81,-1050,373,117,32,10
1778523249.2340817,1,1854,900,380,113,58,126
1778523249.2483573,2,61,-1100,382,119,32,12
1778523249.251542,1,1872,900,402,111,58,142
1778523249.2660553,2,42,-1100,389,119,32,9
1778523249.2696204,1,1891,1000,414,120,58,26
1778523249.2836194,2,21,-1100,396,117,32,10
1778523249.2863672,1,1911,1100,415,114,58,145
1778523249.3008666,2,3,-1100,403,119,32,10
1778523249.304969,1,1926,1050,414,110,58,29
1778523249.319395,2,4076,-1200,402,110,32,6
1778523249.3224685,1,1937,750,428,115,58,51
1778523249.3370738,2,4054,-1200,402,109,32,5
1778523249.3412333,1,1941,400,456,107,58,208
1778523249.3553078,2,4033,-1150,406,106,32,9
1778523249.358447,1,1942,100,495,105,58,235
1778523249.372974,2,4017,-1100,412,105,32,12
1778523249.3761723,1,1942,0,540,103,58,257
1778523249.3899977,2,4005,-750,431,102,32,34
1778523249.3928277,1,1942,0,582,100,58,285
1778523249.4072497,2,3997,-500,461,101,32,56
1778523249.4104576,1,1942,0,618,97,58,302
1778523249.424671,2,3993,-250,502,98,32,91
1778523249.4276915,1,1942,0,646,94,58,316
1778523249.4421067,2,3990,-250,544,95,32,107
1778523249.4457865,1,1942,0,669,92,58,328
1778523249.4602053,2,3990,-150,594,93,32,126
1778523249.4632845,1,1942,0,686,91,58,334
1778523249.4778552,2,3990,0,644,88,32,194
1778523249.481511,1,1942,0,698,89,58,336
1778523249.4955053,2,3989,0,688,89,32,168
1778523249.4988003,1,1942,0,702,88,58,332
1778523249.513478,2,3988,-50,722,88,32,187
1778523249.5167036,1,1942,0,702,88,58,329
1778523249.5306103,2,3987,-50,747,87,32,193
1778523249.5335853,1,1942,0,702,87,58,323
1778523249.5483325,2,3986,-100,767,87,32,205
1778523249.5519092,1,1942,0,702,86,58,320
1778523249.5660536,2,3985,-50,780,88,32,213
1778523249.5687861,1,1942,0,702,88,58,327
1778523249.583811,2,3985,0,789,88,32,222
1778523249.5873477,1,1942,0,702,86,58,323
1778523249.6016996,2,3985,0,795,87,32,226
1778523249.6044314,1,1942,0,700,85,58,313
1778523249.6189904,2,3985,0,795,87,32,225
1778523249.622445,1,1942,0,699,85,58,310
1778523249.6364598,2,3985,0,795,87,32,225
1778523249.639259,1,1942,0,699,85,58,311
1778523249.6539733,2,3985,0,795,85,32,224
1778523249.6579103,1,1942,0,699,85,58,309
1778523249.6717255,2,3985,0,795,85,32,225
1778523249.6751947,1,1942,0,699,85,58,309
1778523249.6896183,2,3985,0,795,86,32,225
1778523249.6926708,1,1942,0,699,86,58,315
1778523249.706448,2,3985,0,795,86,32,222
1778523249.7095444,1,1942,0,699,85,58,310
1778523249.7240357,2,3985,0,795,86,32,221
1778523249.7273674,1,1942,0,699,85,58,312
1778523249.741374,2,3985,0,795,87,32,222
1778523249.7442112,1,1942,0,699,85,58,308
1778523249.7584536,2,3985,0,795,87,32,221
1778523249.7619271,1,1942,0,699,85,58,307
1778523249.7760246,2,3985,0,795,87,32,224
1778523249.778872,1,1942,0,699,85,58,313
1778523249.793461,2,3985,0,795,86,32,222
1778523249.7974317,1,1942,0,699,85,58,313
1778523249.8116271,2,3985,0,795,85,32,220
1778523249.8149085,1,1942,0,699,85,58,310
1778523249.8298123,2,3985,0,793,86,32,219
1778523249.8330116,1,1942,0,699,86,58,312
1778523249.8471987,2,3985,0,785,86,32,217
1778523249.8502204,1,1942,0,697,86,58,307
1778523249.8650799,2,3985,0,772,88,32,209
1778523249.8683321,1,1942,0,688,86,58,311
1778523249.88244,2,3985,0,750,89,32,198
1778523249.8855343,1,1942,0,673,87,58,299
1778523249.9078674,2,3985,0,710,90,32,181
1778523249.9125397,1,1942,0,641,90,58,276
1778523249.9264145,2,3985,0,672,93,32,161
1778523249.929507,1,1942,0,609,92,58,263
1778523249.9443564,2,3985,0,632,96,32,145
1778523249.9478366,1,1942,0,571,94,58,240
1778523249.9618084,2,3985,0,582,99,32,129
1778523249.9646282,1,1942,0,531,96,58,221
1778523249.9791608,2,3985,0,529,101,32,109
1778523249.982641,1,1942,0,480,100,58,199
1778523249.9969525,2,3985,0,467,104,32,85
1778523250.000034,1,1942,0,423,103,58,163
1778523250.0147831,2,3985,0,400,107,32,61
1778523250.0183818,1,1942,0,360,106,58,147
1778523250.0324821,2,3985,0,324,111,32,49
1778523250.0353005,1,1942,0,291,110,58,124
1778523250.049737,2,3985,0,247,113,32,27
1778523250.053819,1,1942,0,216,115,58,78
1778523250.0677757,2,3985,0,156,117,32,10
1778523250.0713499,1,1941,-50,139,118,58,41
1778523250.0858312,2,3986,50,77,120,32,4
1778523250.088942,1,1941,0,55,121,58,1
1778523250.102831,2,3988,100,36,121,32,0
1778523250.105917,1,1939,0,58,122,58,11
1778523250.120336,2,3993,100,110,121,32,0
1778523250.1235483,1,1934,-150,131,120,58,2
1778523250.1375346,2,4000,300,171,121,32,0
1778523250.1403072,1,1928,-250,195,121,58,67
1778523250.1546683,2,4009,450,220,121,32,2
1778523250.1579835,1,1918,-500,247,121,58,71
1778523250.1718695,2,4018,500,268,121,32,5
1778523250.1746478,1,1912,-450,297,116,58,91
1778523250.1889734,2,4026,450,318,119,32,10
1778523250.1928353,1,1902,-450,342,118,58,14
1778523250.2067895,2,4040,700,360,119,32,12
1778523250.2098112,1,1887,-850,370,113,58,123
1778523250.2241585,2,4056,900,387,119,32,14
1778523250.2275302,1,1870,-900,376,114,58,119
1778523250.2415407,2,4075,1050,405,117,32,13
1778523250.2443812,1,1853,-900,373,119,58,117
1778523250.258922,2,4094,1050,410,118,32,12
1778523250.2623453,1,1836,-1000,355,119,58,116
1778523250.2766485,2,19,1150,402,116,32,10
1778523250.2796266,1,1820,-950,337,120,58,19
1778523250.2939892,2,38,1150,388,120,32,9
1778523250.297576,1,1803,-950,312,117,58,9
1778523250.311713,2,58,1050,375,120,32,9
1778523250.3145401,1,1789,-850,287,120,58,88
1778523250.3292568,2,76,1100,353,121,32,7
1778523250.3332012,1,1776,-800,257,115,58,70
1778523250.347228,2,96,1100,322,121,32,7
1778523250.350425,1,1763,-700,228,116,58,66
1778523250.3650992,2,113,1000,292,121,32,6
1778523250.368307,1,1753,-600,198,121,58,7
1778523250.3821774,2,128,850,263,121,32,5
1778523250.3850849,1,1744,-600,168,117,58,41
1778523250.399496,2,140,850,234,119,32,4
1778523250.4029253,1,1737,-500,139,119,58,29
1778523250.4169598,2,152,750,206,121,32,4
1778523250.4196937,1,1732,-350,117,120,58,33
1778523250.4340982,2,162,650,181,121,32,3
1778523250.4377003,1,1729,-250,99,121,58,2
1778523250.4519858,2,171,550,153,121,42,2
1778523250.4550974,1,1726,-200,84,121,58,3
1778523250.469528,2,178,450,127,121,32,2
1778523250.4733753,1,1725,-100,75,121,58,14
1778523250.487315,2,184,350,98,121,32,1
1778523250.4904478,1,1725,0,73,121,58,17
1778523250.5049686,2,187,250,79,121,32,1
1778523250.5081263,1,1725,0,73,121,58,17
1778523250.5222065,2,190,150,65,121,32,1
1778523250.5253465,1,1725,0,73,121,58,17
1778523250.5399563,2,191,50,57,121,32,2
1778523250.5434299,1,1725,0,73,120,58,16
1778523250.5575914,2,191,50,53,120,32,1
1778523250.5603492,1,1725,0,73,121,58,14
1778523250.574942,2,192,0,54,121,32,1
1778523250.5783954,1,1725,0,73,121,58,17
1778523250.5929275,2,191,0,54,121,32,1
1778523250.5958252,1,1725,0,73,121,58,18
1778523250.6100173,2,191,0,54,121,32,1
1778523250.6131144,1,1725,0,73,121,58,16
1778523250.627003,2,191,50,51,121,32,2
1778523250.630017,1,1725,0,73,121,58,17
1778523250.6449475,2,191,-50,52,121,32,1
1778523250.6481571,1,1725,0,73,121,58,14
1778523250.6622205,2,191,0,54,121,32,1
1778523250.6651495,1,1725,0,73,121,58,18
1778523250.6797056,2,191,50,53,121,32,1
1778523250.6832025,1,1725,0,73,121,58,17
1778523250.6971815,2,191,50,49,121,32,1
1778523250.7000127,1,1725,0,73,121,58,18
1778523250.7146015,2,191,0,50,121,32,2
1778523250.7182314,1,1725,0,73,121,60,13
1778523250.7321932,2,191,-50,54,121,32,2
1778523250.73493,1,1725,0,73,121,58,18
1778523250.749152,2,191,50,51,121,32,1
1778523250.7530715,1,1725,0,73,121,58,18
1778523250.7670825,2,192,-50,53,121,32,2
1778523250.7701085,1,1725,0,73,121,58,18
1778523250.7846453,2,191,50,52,121,32,1
1778523250.787836,1,1725,0,73,121,58,18
1778523250.8019252,2,192,-50,52,120,32,1
1778523250.8048966,1,1725,0,73,121,58,13
1778523250.818873,2,191,50,53,121,32,2
1778523250.8219626,1,1725,0,73,121,58,18
1778523250.8364396,2,192,50,49,121,32,1
1778523250.8398173,1,1725,0,73,121,58,18
1778523250.8537772,2,191,0,50,121,32,1
1778523250.856639,1,1725,0,73,121,58,16
1778523250.8710353,2,191,0,50,121,32,2
1778523250.8744578,1,1725,0,73,121,58,13
1778523250.8885946,2,191,0,50,121,32,1
1778523250.8914058,1,1725,0,73,121,58,18
1778523250.905651,2,192,-50,53,121,32,1
1778523250.9092262,1,1725,0,73,121,58,16
1778523250.9232361,2,192,0,54,121,32,2
1778523250.9262028,1,1725,0,73,121,58,18
1778523250.9406424,2,192,0,54,121,32,2
1778523250.9439645,1,1725,0,73,121,58,13
1778523250.9579208,2,192,50,53,121,32,2
1778523250.960831,1,1725,0,73,121,59,14
1778523250.9753337,2,192,50,49,121,32,1
1778523250.9787674,1,1725,0,73,121,58,18
1778523250.9929805,2,191,0,50,121,32,1
1778523250.995849,1,1725,0,73,121,58,17
1778523251.0105402,2,191,-50,54,121,32,2
1778523251.0141547,1,1725,0,73,121,58,18
1778523251.028596,2,191,0,52,121,32,2
1778523251.031392,1,1725,0,73,121,58,14
1778523251.0461984,2,191,50,43,121,32,1
1778523251.0502913,1,1725,0,70,121,58,16
1778523251.0671825,2,191,0,24,121,32,0
1778523251.071622,1,1725,0,59,121,58,9
1778523251.0868523,2,191,-50,29,121,32,0
1778523251.0910943,1,1725,0,41,121,58,5
1778523251.1054764,2,190,-50,54,122,32,1
1778523251.1082222,1,1725,0,17,122,58,0
1778523251.1225147,2,189,-50,85,121,32,2
1778523251.1260726,1,1725,0,43,121,58,6
1778523251.1401775,2,188,0,125,121,32,3
1778523251.1430023,1,1725,0,79,121,58,2
1778523251.157381,2,185,0,166,121,32,6
1778523251.1613665,1,1726,0,119,121,58,4
1778523251.1753623,2,178,-200,205,121,32,7
1778523251.178631,1,1727,100,159,121,58,5
1778523251.1931915,2,169,-400,234,121,32,7
1778523251.196423,1,1732,50,212,120,58,9
1778523251.2103486,2,158,-550,259,118,32,7
1778523251.213489,1,1740,300,248,114,58,66
1778523251.227621,2,146,-650,287,120,32,9
1778523251.230664,1,1750,550,279,116,58,99
1778523251.2451162,2,133,-750,311,120,32,10
1778523251.2489398,1,1763,600,311,113,58,101
1778523251.2628946,2,117,-800,341,114,32,9
1778523251.2659235,1,1776,800,338,120,58,14
1778523251.280473,2,101,-950,363,120,32,10
1778523251.283691,1,1791,800,367,116,58,18
1778523251.2978873,2,82,-1050,378,119,32,12
1778523251.3008885,1,1809,1000,389,111,58,23
1778523251.3153923,2,63,-1050,388,120,32,11
1778523251.3190227,1,1826,1000,403,118,60,17
1778523251.3329911,2,41,-1150,390,114,32,9
1778523251.3358166,1,1847,1050,413,120,58,27
1778523251.3502295,2,24,-1100,398,119,32,12
1778523251.3538482,1,1866,1100,420,111,58,21
1778523251.368177,2,2,-1150,402,113,32,9
1778523251.3710492,1,1887,1150,424,119,58,32
1778523251.3856351,2,4077,-1200,402,120,32,10
1778523251.3892055,1,1909,1200,418,120,58,24
1778523251.403423,2,4055,-1200,402,118,32,9
1778523251.4065092,1,1925,1050,414,118,58,152
1778523251.4212599,2,4034,-1200,397,118,32,10
1778523251.424556,1,1936,700,421,109,58,173
1778523251.4384518,2,4017,-1000,394,110,32,10
1778523251.4415872,1,1941,350,443,108,58,197
1778523251.4560301,2,4005,-1000,398,108,32,33
1778523251.4593055,1,1942,350,480,105,58,218
1778523251.473401,2,3997,-700,409,104,32,45
1778523251.476199,1,1942,50,522,102,58,243
1778523251.4906359,2,3993,-400,439,100,32,69
1778523251.4943168,1,1942,0,565,100,59,267
1778523251.5084531,2,3992,-150,482,97,32,88
1778523251.5113108,1,1942,0,600,97,58,291
1778523251.5255847,2,3992,-50,517,95,32,104
1778523251.5291545,1,1942,0,630,95,59,301
1778523251.5434456,2,3992,0,555,94,32,116
1778523251.5468383,1,1942,0,653,94,58,308
1778523251.5612915,2,3992,0,584,93,32,121
1778523251.564468,1,1942,0,670,93,58,315
1778523251.5784364,2,3991,-50,608,92,32,132
1778523251.5815458,1,1942,0,681,91,59,328
1778523251.5960875,2,3991,0,623,93,32,137
1778523251.5993898,1,1942,0,685,91,58,323
1778523251.6134098,2,3990,0,635,92,32,187
1778523251.61619,1,1942,0,684,89,58,320
1778523251.63061,2,3989,-50,636,93,32,149
1778523251.6341257,1,1942,0,684,90,58,315
1778523251.6483946,2,3989,-50,633,93,32,139
1778523251.651483,1,1942,0,684,90,58,325
1778523251.6659105,2,3989,0,633,92,32,148
1778523251.6695607,1,1942,0,684,90,59,323
1778523251.6838033,2,3989,0,633,92,32,148
1778523251.6867762,1,1942,0,684,90,58,321
1778523251.7018173,2,3989,0,633,90,32,149
1778523251.7059407,1,1942,0,684,90,59,323
1778523251.7200944,2,3989,0,632,90,32,160
1778523251.7237308,1,1942,0,684,90,59,321
1778523251.7390132,2,3989,0,623,92,32,139
1778523251.7423255,1,1942,0,682,90,59,315
1778523251.7570379,2,3989,0,609,91,32,137
1778523251.760035,1,1942,0,673,91,58,312
1778523251.77422,2,3989,0,589,92,32,128
1778523251.7771606,1,1942,0,657,92,58,299
1778523251.7919102,2,3989,0,561,93,32,116
1778523251.7953758,1,1942,0,636,94,59,295
1778523251.8096778,2,3989,0,527,95,32,107
1778523251.8129814,1,1942,0,609,96,58,273
1778523251.8274307,2,3989,0,490,99,32,87
1778523251.8304963,1,1942,0,574,98,59,255
1778523251.844888,2,3989,0,443,99,32,76
1778523251.8489408,1,1942,0,533,100,58,234
1778523251.863092,2,3989,0,390,102,32,62
1778523251.8663683,1,1942,0,485,103,58,202
1778523251.8808334,2,3989,0,331,105,32,42
1778523251.8839898,1,1942,0,432,105,58,177
1778523251.897936,2,3989,0,268,109,32,33
1778523251.9008248,1,1942,0,375,108,59,154
1778523251.9153473,2,3989,0,197,113,32,19
1778523251.91874,1,1942,0,308,111,59,117
1778523251.932751,2,3989,0,123,116,32,5
1778523251.9357226,1,1942,0,239,114,59,88
1778523251.9501798,2,3990,0,43,118,32,1
1778523251.9537427,1,1941,0,161,120,58,55
1778523251.96789,2,3993,50,76,120,32,0
1778523251.970747,1,1941,-50,86,121,58,19
1778523251.9854746,2,3998,250,140,122,32,0
1778523251.9895163,1,1940,0,34,122,58,0
1778523252.0034714,2,4006,350,203,122,32,1
1778523252.0066757,1,1936,-150,102,121,59,0
1778523252.021378,2,4015,500,256,119,31,5
1778523252.024582,1,1930,-300,165,121,58,2
1778523252.038657,2,4024,450,309,121,32,9
1778523252.0416183,1,1922,-400,222,115,58,80
1778523252.0560417,2,4037,750,350,120,32,11
1778523252.0593288,1,1914,-500,269,114,59,10
1778523252.073296,2,4053,750,381,115,32,10
1778523252.076059,1,1906,-400,311,120,58,12
1778523252.090458,2,4070,900,398,119,32,13
1778523252.09393,1,1893,-400,355,119,58,110
1778523252.1079023,2,4089,1050,403,114,32,11
1778523252.1107502,1,1878,-800,356,120,58,20
1778523252.1254857,2,13,1150,397,119,32,11
1778523252.129552,1,1861,-900,350,120,58,12
1778523252.143548,2,34,1150,383,120,32,10
1778523252.1467202,1,1845,-900,338,118,58,12
1778523252.1613572,2,52,1000,371,120,32,8
1778523252.1645825,1,1829,-900,321,114,58,98
1778523252.178502,2,71,1100,351,117,32,6
1778523252.1815073,1,1815,-850,299,120,58,9
1778523252.1960003,2,89,1050,326,120,32,6
1778523252.1993449,1,1801,-800,274,120,58,96
1778523252.2135303,2,106,950,297,121,32,6
1778523252.2164164,1,1788,-700,246,120,58,68
1778523252.2302842,2,122,950,267,118,32,4
1778523252.2331011,1,1778,-700,221,121,58,6
1778523252.2476234,2,134,900,236,119,32,3
1778523252.2508442,1,1768,-650,190,121,59,53
1778523252.2647567,2,146,700,212,120,32,4
1778523252.2675073,1,1760,-500,165,121,58,4
1778523252.2820132,2,156,600,189,121,32,3
1778523252.285637,1,1753,-500,132,121,58,3
1778523252.3001022,2,166,600,157,120,32,2
1778523252.3032317,1,1748,-300,108,121,58,3
1778523252.317722,2,172,400,130,121,32,2
1778523252.3214455,1,1745,-200,91,121,58,3
1778523252.335368,2,179,350,102,121,32,3
1778523252.3386648,1,1743,-150,80,121,58,20
1778523252.353377,2,183,250,81,121,32,2
1778523252.3566518,1,1742,-50,72,121,58,18
1778523252.3705688,2,185,250,63,121,32,2
1778523252.373545,1,1742,-50,69,121,58,12
1778523252.3882043,2,187,150,54,121,32,1
1778523252.391641,1,1743,0,70,121,58,17
1778523252.4057376,2,187,50,51,121,32,1
1778523252.4085503,1,1742,0,70,121,62,12
1778523252.4228818,2,187,0,51,121,32,1
1778523252.4264648,1,1742,50,73,121,58,16
1778523252.4406035,2,187,0,51,121,32,1
1778523252.4434142,1,1742,-50,70,121,58,17
1778523252.4580197,2,187,0,51,121,32,1
1778523252.4615743,1,1742,0,70,121,58,17
1778523252.475578,2,187,0,51,121,32,1
1778523252.4789832,1,1743,0,70,121,58,14
1778523252.493712,2,187,0,51,121,32,2
1778523252.4967618,1,1743,0,70,121,58,13
1778523252.5108614,2,187,0,51,121,31,2
1778523252.514015,1,1742,0,70,121,58,17
1778523252.5283945,2,187,0,51,121,32,1
1778523252.531602,1,1742,0,70,121,61,17
1778523252.545855,2,187,0,51,121,32,1
1778523252.548949,1,1742,0,70,121,59,16
1778523252.563434,2,187,0,51,121,32,1
1778523252.5667996,1,1742,50,74,121,58,15
1778523252.580764,2,187,0,51,121,32,2
1778523252.5835595,1,1742,-50,70,121,58,16
1778523252.598014,2,187,0,51,120,32,2
1778523252.6016757,1,1742,0,70,121,58,17
1778523252.6158552,2,187,0,51,121,32,0
1778523252.6187282,1,1742,50,72,121,58,17
1778523252.6334283,2,187,0,51,121,32,2
1778523252.6374109,1,1742,0,74,121,58,19
1778523252.65138,2,187,0,51,121,32,1
1778523252.6547303,1,1742,-50,72,121,58,18
1778523252.6694303,2,187,0,51,121,32,1
1778523252.6727145,1,1742,0,70,121,58,14
1778523252.6870544,2,187,0,51,121,32,1
1778523252.6901038,1,1742,0,70,121,58,14
1778523252.7049134,2,187,0,49,121,32,2
1778523252.708098,1,1742,50,72,121,58,15
1778523252.7225256,2,187,0,41,121,32,0
1778523252.7256546,1,1742,-50,58,121,58,8
1778523252.740775,2,187,0,28,121,32,0
1778523252.7441986,1,1742,0,43,121,58,6
1778523252.7583756,2,187,0,25,122,32,0
1778523252.761387,1,1742,0,22,122,58,2
1778523252.7759356,2,186,-50,49,121,32,1
1778523252.7792084,1,1743,50,34,121,58,4
1778523252.793241,2,185,-50,79,121,32,1
1778523252.7961123,1,1743,0,68,121,58,2
1778523252.8109028,2,185,-50,112,121,32,3
1778523252.8144727,1,1744,50,107,121,58,3
1778523252.828855,2,181,0,162,119,32,5
1778523252.8319309,1,1745,50,151,121,58,5
1778523252.8457654,2,176,-200,196,118,32,5
1778523252.8485935,1,1748,50,195,120,58,8
1778523252.863109,2,168,-400,223,120,32,7
1778523252.8667045,1,1755,200,239,120,58,12
1778523252.881082,2,157,-500,252,116,32,7
1778523252.8840413,1,1765,450,272,120,58,12
1778523252.897928,2,146,-650,279,116,32,8
1778523252.9008772,1,1776,600,299,113,58,14
1778523252.9153416,2,133,-750,304,113,32,10
1778523252.9187367,1,1789,650,332,120,58,19
1778523252.9326787,2,118,-800,332,120,32,11
1778523252.9354033,1,1803,850,360,111,58,30
1778523252.9499116,2,103,-800,360,118,32,10
1778523252.953515,1,1819,900,384,112,58,124
1778523252.9675815,2,84,-900,379,119,32,12
1778523252.9709663,1,1838,1050,400,113,59,19
1778523252.9859586,2,64,-1100,384,113,32,7
1778523252.989258,1,1859,1050,412,120,58,28
1778523253.0031857,2,44,-1100,391,119,32,10
1778523253.0062995,1,1878,1100,418,113,58,135
1778523253.0209534,2,25,-1150,395,113,32,8
1778523253.0241358,1,1898,1100,419,120,59,26
1778523253.0381913,2,4,-1100,401,119,32,11
1778523253.0412407,1,1917,1200,407,111,59,142
1778523253.0561373,2,4078,-1200,399,119,32,9
1778523253.059336,1,1931,900,408,110,59,159
1778523253.073321,2,4058,-1200,389,118,32,8
1778523253.0761275,1,1939,600,419,117,58,60
1778523253.0905426,2,4038,-1150,374,110,32,4
1778523253.0941155,1,1941,200,447,107,59,212
1778523253.1080828,2,4020,-1150,354,109,32,6
1778523253.1109033,1,1941,0,485,105,59,231
1778523253.1255822,2,4010,-950,346,106,32,18
1778523253.1295757,1,1941,0,530,103,59,256
1778523253.143474,2,4002,-600,356,104,32,30
1778523253.146672,1,1941,0,565,101,59,277
1778523253.161249,2,3998,-350,373,101,32,42
1778523253.1644511,1,1941,0,594,99,57,284
1778523253.178431,2,3995,-150,397,100,32,55
1778523253.1815326,1,1941,0,616,97,59,298
1778523253.1960974,2,3994,-50,420,99,32,65
1778523253.1995068,1,1941,0,634,97,59,298
1778523253.21351,2,3994,-50,443,98,32,76
1778523253.2162623,1,1941,0,645,96,59,305
1778523253.2309813,2,3994,0,458,97,32,76
1778523253.2345972,1,1942,50,647,95,59,309
1778523253.2486787,2,3994,0,470,97,32,86
1778523253.2514606,1,1942,0,645,95,59,310
1778523253.2659144,2,3994,0,475,95,32,89
1778523253.269983,1,1942,0,645,95,59,307
1778523253.283854,2,3994,0,476,95,32,84
1778523253.28729,1,1942,0,645,95,59,306
1778523253.3017385,2,3994,0,476,95,32,89
1778523253.3048773,1,1942,0,645,95,59,308
1778523253.3197274,2,3994,0,476,95,32,86
1778523253.3238828,1,1942,0,645,95,59,301
1778523253.3379273,2,3994,0,476,96,32,87
1778523253.340703,1,1942,0,645,95,58,303
1778523253.3553128,2,3994,0,476,96,32,87
1778523253.3587625,1,1942,0,645,95,59,304
1778523253.3726773,2,3994,0,476,96,32,84
1778523253.3754916,1,1942,0,645,95,59,297
1778523253.389807,2,3994,0,476,97,32,86
1778523253.3934042,1,1942,0,645,95,59,305
1778523253.4072225,2,3994,0,476,97,32,85
1778523253.4100866,1,1942,0,645,95,59,299
1778523253.42464,2,3994,0,476,97,32,83
1778523253.4280772,1,1942,0,645,95,59,302
1778523253.4420416,2,3994,0,476,97,32,91
1778523253.444879,1,1942,0,645,95,59,297
1778523253.4593246,2,3994,0,476,95,32,84
1778523253.462768,1,1941,0,645,95,59,300
1778523253.4767182,2,3994,0,476,96,32,86
1778523253.4795544,1,1942,0,645,95,59,304
1778523253.493813,2,3994,0,476,95,32,82
1778523253.4974198,1,1942,-50,648,95,59,297
1778523253.51157,2,3994,0,476,96,32,81
1778523253.5145621,1,1942,50,646,95,59,301
1778523253.5288181,2,3994,0,476,96,32,82
1778523253.5326703,1,1942,0,645,96,59,301
1778523253.5467758,2,3994,0,476,96,32,87
1778523253.5497804,1,1941,0,645,95,59,298
1778523253.5646799,2,3994,0,474,96,33,83
1778523253.5680501,1,1942,0,645,95,58,307
1778523253.5821896,2,3994,0,466,97,32,85
1778523253.585136,1,1942,0,643,95,59,298
1778523253.6001024,2,3994,0,452,97,32,76
1778523253.6035628,1,1942,-50,638,96,59,291
1778523253.617774,2,3994,0,431,99,32,86
1778523253.620915,1,1942,50,619,97,59,281
1778523253.6358333,2,3994,0,405,100,32,64
1778523253.6393285,1,1942,-50,601,98,59,271
1778523253.6535783,2,3994,0,370,101,32,55
1778523253.6563482,1,1942,50,570,99,59,258
1778523253.6712215,2,3994,0,333,102,32,40
1778523253.6748843,1,1941,0,535,101,59,237
1778523253.68913,2,3994,0,286,105,32,35
1778523253.691867,1,1942,0,494,104,59,221
1778523253.7065213,2,3994,0,236,107,32,20
1778523253.7100255,1,1941,0,446,106,59,193
1778523253.724154,2,3994,0,176,109,32,14
1778523253.727031,1,1942,0,396,108,59,160
1778523253.7415712,2,3994,0,116,112,32,5
1778523253.7455719,1,1941,0,335,111,59,135
1778523253.7599254,2,3994,0,40,114,32,0
1778523253.7633545,1,1941,-50,273,113,59,96
1778523253.778253,2,3996,0,70,117,32,0
1778523253.7815554,1,1941,0,195,118,58,56
1778523253.7956328,2,4000,200,144,118,33,0
1778523253.7986372,1,1941,0,121,120,59,34
1778523253.8129997,2,4007,400,204,121,32,3
1778523253.816863,1,1940,0,34,121,59,0
1778523253.8308663,2,4017,450,262,120,32,5
1778523253.8337924,1,1938,-50,80,120,59,18
1778523253.8482602,2,4025,500,312,120,32,11
1778523253.851577,1,1933,-250,149,121,59,1
1778523253.8655665,2,4038,500,360,118,32,12
1778523253.8683498,1,1925,-450,206,120,59,4
1778523253.88287,2,4054,750,386,116,32,10
1778523253.8864722,1,1916,-500,259,120,59,7
1778523253.9009047,2,4074,1000,400,117,32,14
1778523253.9038653,1,1910,-500,304,119,59,16
1778523253.9180357,2,4093,1050,406,120,32,14
1778523253.9212334,1,1897,-350,353,112,59,37
1778523253.9351914,2,17,1200,398,118,32,11
1778523253.9383116,1,1882,-800,361,120,59,99
1778523253.952832,2,37,1150,383,114,32,10
1778523253.9560344,1,1866,-850,362,120,59,22
1778523253.9698985,2,54,1000,369,115,32,9
1778523253.9727557,1,1850,-950,351,119,58,12
1778523253.987259,2,73,1100,352,120,32,8
1778523253.9908571,1,1834,-900,334,117,59,12
1778523254.0049474,2,91,1100,324,120,32,7
1778523254.007724,1,1818,-900,314,120,59,100
1778523254.0220492,2,108,1000,299,120,32,7
1778523254.0255334,1,1803,-900,287,119,59,9
1778523254.039579,2,124,1000,264,117,32,3
1778523254.0425258,1,1790,-900,252,121,58,5
1778523254.0568907,2,136,800,239,118,32,3
1778523254.0609372,1,1779,-700,232,121,59,5
1778523254.0749784,2,148,650,214,119,32,4
1778523254.0779748,1,1768,-650,204,116,59,52
1778523254.0928152,2,159,650,187,121,32,3
1778523254.096168,1,1759,-550,176,121,59,5
1778523254.110248,2,168,550,156,121,32,3
1778523254.113084,1,1752,-500,144,121,58,4
1778523254.1276782,2,175,400,129,121,32,2
1778523254.1310613,1,1746,-350,118,122,59,3
1778523254.1452386,2,181,400,100,120,32,2
1778523254.147982,1,1742,-250,97,121,58,25
1778523254.1626828,2,185,300,82,122,32,2
1778523254.16601,1,1740,-100,84,122,59,2
1778523254.1809049,2,187,250,64,121,32,1
1778523254.1848423,1,1739,-100,77,121,59,2
1778523254.198984,2,189,100,57,121,32,2
1778523254.2021778,1,1738,-100,70,121,59,2
1778523254.216754,2,190,100,50,122,32,1
1778523254.219893,1,1738,-50,67,121,59,2
1778523254.2339258,2,190,0,48,122,32,1
1778523254.236911,1,1738,0,68,122,59,2
1778523254.2514036,2,190,0,48,121,32,1
1778523254.2547815,1,1738,0,68,122,59,2
1778523254.2686932,2,190,0,48,122,32,1
1778523254.2714078,1,1738,0,68,121,59,2
1778523254.2855654,2,191,0,47,122,32,1
1778523254.2890613,1,1738,0,68,122,59,2
1778523254.30305,2,191,50,44,122,32,1
1778523254.3061633,1,1738,0,68,121,59,2
1778523254.3206947,2,191,0,44,122,32,1
1778523254.3238432,1,1738,0,68,122,59,1
1778523254.3377762,2,191,0,44,122,32,1
1778523254.3406847,1,1738,0,68,121,59,2
1778523254.355261,2,191,0,44,121,32,1
1778523254.358566,1,1738,0,68,121,59,2
1778523254.3724272,2,191,0,44,122,32,1
1778523254.3751893,1,1738,0,68,122,58,2
1778523254.389661,2,191,0,44,121,32,1
1778523254.3935611,1,1738,0,68,121,59,2
1778523254.4076877,2,191,0,44,121,32,1
1778523254.4110417,1,1738,0,68,121,58,2
1778523254.425541,2,191,0,44,121,32,1
1778523254.428469,1,1738,0,68,121,59,2
1778523254.4425626,2,191,0,44,122,32,1
1778523254.4453993,1,1738,0,68,121,59,2
1778523254.4597,2,191,0,44,122,32,1
1778523254.4629664,1,1738,0,68,122,59,2
1778523254.4768746,2,191,0,44,121,32,0
1778523254.4796884,1,1738,0,68,121,59,2
1778523254.4940155,2,191,0,44,121,32,1
1778523254.4975998,1,1738,0,68,121,57,2
1778523254.5122635,2,191,0,44,121,32,1
1778523254.5151474,1,1738,0,68,122,59,1
1778523254.5288775,2,191,0,44,121,32,1
1778523254.5316746,1,1738,0,68,122,59,2
1778523254.5463939,2,191,0,44,122,32,1
1778523254.5500774,1,1738,0,68,122,58,3
1778523254.564347,2,191,0,44,122,32,1
1778523254.567334,1,1738,0,68,122,59,1
1778523254.5821154,2,191,0,44,122,32,1
1778523254.585728,1,1738,0,68,122,59,2
1778523254.600011,2,191,0,44,122,32,0
1778523254.6035411,1,1738,0,68,122,59,1
1778523254.6189125,2,191,-50,48,122,32,1
1778523254.6221344,1,1738,0,68,122,59,2
1778523254.6368191,2,191,50,45,121,32,1
1778523254.6397576,1,1738,0,68,121,59,2
1778523254.653662,2,191,0,44,121,32,1
1778523254.6566439,1,1738,0,68,122,59,2
1778523254.6714387,2,191,0,44,122,32,1
1778523254.6747754,1,1738,0,68,121,58,2
1778523254.688689,2,191,0,44,122,32,0
1778523254.6916006,1,1738,0,68,121,59,2
1778523254.7060947,2,191,0,44,121,32,1
1778523254.709731,1,1738,0,68,121,59,2
1778523254.7238517,2,191,0,44,122,32,1
1778523254.7266226,1,1738,0,68,122,59,1
1778523254.741638,2,191,0,44,122,32,1
1778523254.7455986,1,1738,0,68,122,58,2
1778523254.7596147,2,191,0,44,122,32,1
1778523254.763077,1,1738,0,68,122,58,2
1778523254.7776656,2,191,0,44,122,32,1
1778523254.7806916,1,1738,0,68,121,59,2
1778523254.794625,2,191,0,44,121,32,1
1778523254.7976284,1,1738,0,68,122,59,1
1778523254.8122094,2,191,0,44,122,32,1
1778523254.8155575,1,1738,0,68,122,59,2
1778523254.8296852,2,191,0,44,121,32,1
1778523254.8324738,1,1738,0,68,121,59,2
1778523254.8473117,2,191,0,44,122,32,1
1778523254.8509862,1,1738,0,68,122,59,2
1778523254.865227,2,191,0,44,121,32,1
1778523254.8680427,1,1738,0,68,121,59,2
1778523254.8828125,2,191,0,44,121,32,1
1778523254.8862436,1,1738,0,68,122,59,2
1778523254.9012496,2,191,0,44,121,32,1
1778523254.9055657,1,1738,0,68,122,59,2
1778523254.9197571,2,191,0,44,122,32,1
1778523254.9233434,1,1738,0,68,122,59,2
1778523254.9385283,2,191,0,44,121,32,1
1778523254.9417186,1,1738,0,68,122,59,2
1778523254.9556494,2,191,0,44,122,32,1
1778523254.9584394,1,1738,0,68,121,59,2
1778523254.9728985,2,191,0,44,122,32,0
1778523254.9769464,1,1738,0,68,122,59,2
1778523254.9908953,2,191,0,44,122,32,1
1778523254.993977,1,1738,0,68,121,59,2
1778523255.0084124,2,191,0,44,122,32,1
1778523255.0117254,1,1738,0,68,122,59,2
1778523255.0257409,2,191,0,44,121,32,0
1778523255.028685,1,1738,0,68,121,59,2
1778523255.0430257,2,191,0,44,121,32,1
1778523255.0466518,1,1738,0,68,121,59,2
1778523255.0609012,2,191,0,44,121,32,1
1778523255.0636952,1,1738,0,68,121,59,2
1778523255.0777113,2,191,0,44,121,32,1
1778523255.0812762,1,1738,0,68,122,59,2
1778523255.0954723,2,191,0,44,122,32,0
1778523255.0984635,1,1738,0,68,122,59,2
1778523255.1128292,2,191,0,44,121,32,0
1778523255.1168008,1,1738,0,68,122,59,3
1778523255.1308525,2,191,0,44,122,32,1
1778523255.1337867,1,1738,0,68,121,59,2
1778523255.1482852,2,191,0,44,122,32,1
1778523255.1515467,1,1738,0,68,122,59,2
1778523255.165548,2,191,0,44,121,32,0
1778523255.16836,1,1738,0,68,122,59,2
1778523255.1828744,2,191,0,44,122,32,1
1778523255.1864169,1,1738,0,68,121,59,2
1778523255.2004285,2,191,0,44,122,32,1
1778523255.2033482,1,1738,0,68,121,59,2
1778523255.2175741,2,191,0,44,122,32,1
1778523255.2211428,1,1738,0,68,122,59,2
1778523255.2350824,2,191,0,44,121,32,1
1778523255.2382965,1,1738,0,68,122,59,2
1778523255.253295,2,191,0,44,122,32,1
1778523255.2564518,1,1738,0,68,121,59,2
1778523255.2707088,2,191,0,44,122,32,1
1778523255.2737944,1,1738,0,68,121,59,2
1778523255.2883766,2,191,0,44,121,32,1
1778523255.2917697,1,1738,0,68,122,59,2
1778523255.3061404,2,191,0,44,122,32,1
1778523255.3090317,1,1738,0,68,122,59,2
1778523255.3237832,2,191,0,44,122,32,1
1778523255.3269792,1,1738,0,68,122,59,2
1778523255.341839,2,191,0,44,122,32,1
1778523255.34567,1,1738,0,68,122,59,2
1778523255.359648,2,191,0,44,122,32,1
1778523255.3630538,1,1738,0,68,121,59,2
1778523255.3774824,2,191,0,44,122,32,1
1778523255.3804655,1,1738,0,68,122,59,2
1778523255.394415,2,191,0,44,121,32,1
1778523255.3973863,1,1738,0,68,122,59,2
1778523255.4118395,2,191,0,44,122,32,0
1778523255.4151762,1,1738,0,68,122,59,2
1778523255.4294977,2,191,0,44,122,32,1
1778523255.432466,1,1738,0,68,121,59,2
1778523255.4467218,2,191,0,44,121,32,1
1778523255.4497626,1,1738,0,68,122,59,2
1778523255.4643068,2,191,0,43,122,32,1
1778523255.4676645,1,1738,0,68,122,59,2
1778523255.4816172,2,191,0,41,121,32,0
1778523255.4842904,1,1738,0,68,121,59,2
1778523255.4987514,2,191,0,41,122,32,1
1778523255.5022836,1,1738,0,68,122,59,2
1778523255.5163732,2,191,0,41,122,32,1
1778523255.5191765,1,1738,0,68,121,59,2
1778523255.5335872,2,191,0,41,122,32,1
1778523255.537539,1,1738,0,68,122,59,2
1778523255.5517592,2,191,0,41,121,32,1
1778523255.555279,1,1738,0,68,122,59,2
1778523255.5705245,2,191,0,41,122,32,1
1778523255.5738184,1,1738,0,68,122,59,2
1778523255.5878654,2,191,0,41,122,32,1
1778523255.590621,1,1738,0,68,121,59,2
1778523255.6050904,2,191,0,41,121,32,0
1778523255.6089597,1,1738,0,68,122,59,2
1778523255.6230707,2,191,0,41,122,32,1
1778523255.6262307,1,1738,0,68,122,59,2
1778523255.6411035,2,191,0,41,121,32,1
1778523255.6442726,1,1738,0,66,122,59,2
1778523255.6582203,2,191,0,41,122,32,0
1778523255.6611505,1,1738,0,65,121,59,2
1778523255.6755843,2,191,0,41,122,32,0
1778523255.678848,1,1738,0,65,122,60,2
1778523255.6931388,2,191,0,41,122,32,1
1778523255.696133,1,1738,0,65,121,59,2
1778523255.7099502,2,191,0,41,122,32,1
1778523255.7127533,1,1738,0,65,122,59,2
1778523255.7274282,2,191,0,41,122,32,1
1778523255.7308633,1,1738,0,65,122,59,1
1778523255.7450724,2,191,0,41,122,32,1
1778523255.7479782,1,1738,0,65,122,59,2
1778523255.7627819,2,191,0,39,122,32,1
1778523255.7664182,1,1738,0,65,122,59,2
1778523255.780397,2,191,0,37,121,32,1
1778523255.7832355,1,1738,0,65,122,59,2
1778523255.7976656,2,191,0,37,121,32,1
1778523255.8013372,1,1738,0,65,121,59,2
1778523255.8153582,2,191,0,37,121,32,1
1778523255.818531,1,1738,0,65,121,59,2
1778523255.833344,2,191,0,37,122,32,0
1778523255.8365552,1,1738,0,65,122,59,2
1778523255.8507962,2,191,0,37,122,32,1
1778523255.8541276,1,1738,0,65,122,59,2
1778523255.869102,2,191,0,37,122,32,0
1778523255.8723078,1,1738,0,65,122,59,2
1778523255.8861988,2,191,0,37,122,32,0
1778523255.8891609,1,1738,0,65,122,59,1
1778523255.904035,2,191,0,37,122,32,1
1778523255.907389,1,1738,0,65,122,59,2
1778523255.921497,2,191,0,37,121,32,1
1778523255.924168,1,1738,0,63,122,59,1
1778523255.9388218,2,191,0,37,122,32,1
1778523255.9424062,1,1738,0,62,122,59,2
1778523255.9564862,2,191,0,37,121,32,1
1778523255.9592044,1,1738,0,62,122,59,2
1778523255.9736369,2,191,0,37,122,32,1
1778523255.977601,1,1738,0,62,121,59,2
1778523255.991426,2,191,0,37,121,32,1
1778523255.9947114,1,1738,0,62,122,59,2
1778523256.0095677,2,191,0,37,122,32,1
1778523256.0128417,1,1738,0,62,121,59,1
1778523256.0268948,2,191,0,37,122,32,0
1778523256.0299957,1,1738,0,62,122,59,2
1778523256.0446777,2,191,0,37,122,32,1
1778523256.047876,1,1738,0,62,122,59,1
1778523256.0618286,2,191,0,37,122,32,1
1778523256.0646088,1,1738,0,62,122,57,2
1778523256.0792236,2,191,0,37,122,32,0
1778523256.0829146,1,1738,0,62,121,59,1
1778523256.0972538,2,191,0,37,122,32,1
1778523256.1002626,1,1738,0,62,122,59,1
1778523256.1152298,2,191,0,37,122,32,1
1778523256.1189454,1,1738,0,62,122,59,2
1778523256.1335576,2,191,0,37,122,32,1
1778523256.136557,1,1738,0,62,121,59,1
1778523256.1505733,2,191,0,37,121,32,0
1778523256.1536453,1,1738,0,62,121,59,2
1778523256.168481,2,191,0,37,122,32,0
1778523256.1718876,1,1738,0,62,122,59,2
1778523256.1860375,2,191,0,37,122,32,0
1778523256.1890209,1,1738,0,60,121,59,2
1778523256.2037373,2,191,0,37,122,32,1
1778523256.207193,1,1738,0,59,122,59,1
1778523256.2215238,2,191,0,37,122,32,1
1778523256.2245705,1,1738,0,59,122,59,1
1778523256.2386956,2,191,0,37,121,32,1
1778523256.2415888,1,1738,0,59,122,59,2
1778523256.256167,2,191,0,37,122,32,1
1778523256.25963,1,1738,0,59,122,59,2
1778523256.273625,2,191,0,37,122,32,0
1778523256.2763147,1,1738,0,59,122,59,2
1778523256.290765,2,191,0,37,122,32,0
1778523256.2942326,1,1738,0,59,122,59,2
1778523256.308807,2,191,0,37,122,32,1
1778523256.3118343,1,1738,0,59,122,59,1
1778523256.326133,2,191,0,37,122,32,1
1778523256.3291087,1,1738,0,59,122,59,2
1778523256.342953,2,191,0,37,122,32,1
1778523256.3459728,1,1738,0,59,122,59,1
1778523256.3607805,2,191,0,37,122,32,1
1778523256.3642519,1,1738,0,59,122,59,1
1778523256.3787422,2,191,0,37,122,32,1
1778523256.381835,1,1738,0,59,122,59,1
1778523256.3963814,2,191,0,37,122,32,0
1778523256.4006538,1,1738,0,59,122,59,2
1778523256.4146743,2,191,0,37,122,32,1
1778523256.417542,1,1738,0,59,121,59,1
1778523256.431926,2,191,0,37,122,32,1
1778523256.4352024,1,1738,0,59,122,59,1
1778523256.4493577,2,191,0,37,122,32,1
1778523256.4522748,1,1738,0,59,121,59,1
1778523256.4670146,2,191,0,37,121,32,0
1778523256.4705648,1,1738,0,59,122,59,1
1778523256.4847004,2,191,0,37,121,32,1
1778523256.4875078,1,1738,0,59,122,59,2
1778523256.5018253,2,191,0,37,122,32,1
1778523256.5053914,1,1738,0,59,122,59,1
1778523256.5195036,2,191,0,37,122,32,0
1778523256.522243,1,1738,0,59,122,59,1
1778523256.536961,2,191,0,37,122,32,1
1778523256.541203,1,1738,0,59,122,59,2
1778523256.5554738,2,191,0,37,122,32,0
1778523256.5586827,1,1738,0,59,122,59,1
1778523256.57322,2,191,0,37,122,32,1
1778523256.576364,1,1738,0,59,121,59,2
1778523256.5905104,2,191,0,37,122,32,1
1778523256.5934975,1,1738,0,59,122,59,2
1778523256.6080446,2,191,0,37,122,32,1
1778523256.6113515,1,1738,0,59,122,60,1
1778523256.625406,2,191,0,37,122,32,1
1778523256.6282969,1,1738,0,59,122,59,2
1778523256.6430383,2,191,0,37,122,32,1
1778523256.646583,1,1738,0,59,122,59,2
1778523256.6607826,2,191,0,37,122,32,0
1778523256.6635702,1,1738,0,59,121,59,1
1778523256.6780207,2,191,0,37,122,32,1
1778523256.6816397,1,1738,0,59,122,59,1
1778523256.696079,2,191,0,37,122,32,0
1778523256.6991823,1,1738,0,59,122,59,2
1778523256.7137094,2,191,0,37,122,32,1
1778523256.71737,1,1738,0,59,122,59,2
1778523256.7313354,2,191,0,37,121,32,1
1778523256.7344935,1,1738,0,57,121,59,1
1778523256.7489524,2,191,0,37,122,32,1
1778523256.7521613,1,1738,0,56,122,59,2
1778523256.7661836,2,191,0,37,122,32,1
1778523256.7692404,1,1738,0,56,122,59,2
1778523256.7841465,2,191,0,37,122,32,0
1778523256.7874904,1,1738,0,56,122,57,1
1778523256.8015723,2,191,0,37,122,32,1
1778523256.804331,1,1738,0,56,122,59,2
1778523256.8188748,2,191,0,37,122,32,1
1778523256.82224,1,1738,0,56,122,60,1
1778523256.8364134,2,191,0,37,121,32,1
1778523256.839363,1,1738,0,56,122,59,1
1778523256.8539054,2,191,0,37,122,32,1
1778523256.85744,1,1738,0,56,121,59,1
1778523256.8713174,2,191,0,37,121,32,1
1778523256.8745368,1,1738,0,56,122,59,1
1778523256.889489,2,191,0,37,122,32,0
1778523256.8926961,1,1738,0,56,122,59,1
1778523256.9066331,2,191,0,37,121,33,1
1778523256.9095573,1,1738,0,56,122,59,2
1778523256.9241247,2,191,0,37,122,32,0
1778523256.9277718,1,1738,0,56,122,59,1
1778523256.942037,2,190,0,37,122,32,0
1778523256.9449363,1,1738,0,56,121,59,1
1778523256.959805,2,191,-50,39,122,32,1
1778523256.9631264,1,1738,0,56,122,59,2
1778523256.9776044,2,191,50,40,122,32,1
1778523256.9806185,1,1738,0,53,122,59,1
1778523256.994419,2,191,50,36,122,32,1
1778523256.9974203,1,1738,0,52,122,59,1
1778523257.0118973,2,191,0,37,122,32,1
1778523257.0152957,1,1738,0,52,122,59,1
1778523257.0292675,2,191,0,37,122,32,1
1778523257.0321734,1,1738,0,52,121,59,1
1778523257.0471451,2,191,0,37,122,32,0
1778523257.0512705,1,1738,0,52,122,59,1
1778523257.0668814,2,191,0,37,122,32,1
1778523257.0712361,1,1738,0,52,122,59,1
1778523257.0856202,2,191,0,37,122,32,1
1778523257.0883827,1,1738,0,52,121,59,0
1778523257.1033263,2,191,0,37,122,32,1
1778523257.1069057,1,1738,0,52,122,59,1
1778523257.1210225,2,191,0,37,122,32,1
1778523257.1238012,1,1738,0,52,121,59,1
1778523257.1383643,2,191,0,37,122,32,1
1778523257.141782,1,1738,0,52,122,59,1
1778523257.1558664,2,191,0,37,122,32,0
1778523257.159487,1,1738,0,52,122,59,1
1778523257.1738825,2,191,0,37,122,32,1
1778523257.1767807,1,1738,0,52,122,59,1
1778523257.1913545,2,191,0,37,122,32,0
1778523257.1948354,1,1738,0,52,122,59,1
1778523257.20899,2,191,0,37,122,32,1
1778523257.212118,1,1738,0,52,122,59,1
1778523257.227005,2,191,0,37,122,32,0
1778523257.2305295,1,1738,0,52,122,59,1
1778523257.2448027,2,191,0,37,121,32,1
1778523257.2476306,1,1738,0,52,121,59,1
1778523257.2620907,2,191,0,37,122,32,1
1778523257.2656732,1,1738,0,52,122,59,1
1778523257.2802386,2,191,0,37,121,32,1
1778523257.2833242,1,1738,0,52,122,59,1
1778523257.2974076,2,191,0,37,122,32,1
1778523257.3001893,1,1738,0,52,122,59,1
1778523257.31493,2,191,0,37,122,32,1
1778523257.3185327,1,1738,0,52,122,59,1
1778523257.3329868,2,191,0,37,122,32,1
1778523257.3360167,1,1738,0,52,122,59,1
1778523257.349998,2,191,0,37,122,32,0
1778523257.3529415,1,1738,0,52,122,59,1
1778523257.3677526,2,191,0,37,122,32,1
1778523257.3711088,1,1738,0,52,122,59,1
1778523257.3854077,2,191,0,37,122,32,1
1778523257.3882155,1,1738,0,52,122,59,2
1778523257.4028816,2,191,0,37,122,32,1
1778523257.4064837,1,1738,0,52,122,59,1
1778523257.4204614,2,191,0,37,122,32,1
1778523257.423369,1,1738,0,52,122,59,1
1778523257.4381173,2,191,0,37,122,32,1
1778523257.44211,1,1738,0,52,122,59,1
1778523257.4563534,2,191,0,37,121,32,1
1778523257.4598477,1,1738,0,52,122,59,1
1778523257.4742594,2,191,0,37,122,32,0
1778523257.4772818,1,1738,0,52,122,59,1
1778523257.4911141,2,191,0,37,122,32,0
1778523257.4944694,1,1738,0,52,121,59,1
1778523257.5093484,2,191,0,37,122,32,1
1778523257.512561,1,1738,0,52,122,59,1
1778523257.526638,2,191,0,37,122,32,0
1778523257.529621,1,1738,0,50,122,59,1
1778523257.5440702,2,191,0,37,122,32,0
1778523257.547518,1,1738,0,49,122,59,1
1778523257.5615668,2,191,0,37,121,32,0
1778523257.564378,1,1738,0,49,122,59,1
1778523257.5790398,2,191,0,37,122,32,1
1778523257.5825474,1,1738,0,49,122,59,0
1778523257.5967257,2,191,0,37,121,32,1
1778523257.599566,1,1738,0,49,122,59,1
1778523257.613989,2,191,0,37,122,32,1
1778523257.617572,1,1738,0,49,122,59,1
1778523257.6316526,2,191,0,37,122,32,0
1778523257.6344793,1,1738,0,49,122,59,0
1778523257.6492069,2,191,0,37,122,32,1
1778523257.6531804,1,1738,0,49,122,59,1
1778523257.6673028,2,191,0,37,122,32,1
1778523257.6704044,1,1738,0,49,121,59,1
1778523257.684833,2,191,0,37,122,32,1
1778523257.6880643,1,1738,0,49,122,59,1
1778523257.701988,2,191,0,37,122,32,1
1778523257.7048318,1,1738,0,49,122,59,1
1778523257.7193942,2,191,0,37,122,32,1
1778523257.7227697,1,1738,0,49,122,59,1
1778523257.7370598,2,191,0,37,122,32,0
1778523257.7400758,1,1738,0,49,122,59,1
1778523257.754794,2,191,0,37,122,32,1
1778523257.7584052,1,1738,0,49,122,59,1
1778523257.7724562,2,191,0,37,122,32,1
1778523257.775313,1,1738,0,49,122,59,1
1778523257.7899423,2,191,0,37,122,32,0
1778523257.7934518,1,1738,0,49,122,59,0
1778523257.8076744,2,191,0,37,122,32,0
1778523257.8108482,1,1738,0,49,121,59,1
1778523257.825613,2,191,0,37,122,32,1
1778523257.8288133,1,1738,0,49,122,59,1
1778523257.8428648,2,191,0,37,121,32,1
1778523257.8457968,1,1738,0,49,121,59,1
1778523257.8605924,2,191,-50,40,122,32,0
1778523257.8639343,1,1738,0,49,122,59,1
1778523257.8779182,2,191,50,39,121,32,1
1778523257.8808358,1,1738,0,49,122,59,0
1778523257.8954008,2,191,0,37,121,32,1
1778523257.8988202,1,1738,0,49,121,59,0
1778523257.9133475,2,191,0,37,122,32,1
1778523257.9162967,1,1738,0,49,122,59,1
1778523257.9310553,2,191,0,37,121,32,0
1778523257.934635,1,1738,0,49,122,59,1
1778523257.9492047,2,191,0,37,122,32,1
1778523257.9521515,1,1738,0,49,121,59,1
1778523257.9661007,2,191,-50,41,121,32,1
1778523257.968946,1,1738,0,49,121,59,1
1778523257.9835494,2,191,50,38,122,32,0
1778523257.98688,1,1738,0,49,121,59,1
1778523258.0010478,2,191,0,37,121,32,0
1778523258.0038214,1,1738,0,49,122,59,1
1778523258.0182524,2,191,0,37,121,32,1
1778523258.0219228,1,1738,0,49,122,59,1
1778523258.0363066,2,191,0,37,122,32,1
1778523258.039326,1,1738,0,49,122,59,1
1778523258.0541384,2,191,0,37,122,32,1
1778523258.0577552,1,1738,0,49,122,59,1
1778523258.0719607,2,191,0,37,121,32,1
1778523258.0753303,1,1738,0,49,122,59,1
1778523258.0897872,2,191,0,37,121,32,1
1778523258.0927923,1,1738,0,49,121,59,1
1778523258.106702,2,191,0,37,122,32,1
1778523258.1097236,1,1738,0,49,122,59,1
1778523258.1244147,2,191,0,37,121,32,0
1778523258.1276095,1,1738,0,49,121,59,1
1778523258.141755,2,191,0,37,122,32,0
1778523258.1446588,1,1738,0,49,122,59,1
1778523258.159432,2,191,0,37,121,32,1
1778523258.1627042,1,1738,0,49,121,59,1
1778523258.1765802,2,191,0,37,122,32,1
1778523258.1793857,1,1738,0,49,122,59,2
1778523258.1938946,2,191,0,37,122,32,1
1778523258.1978927,1,1738,0,49,121,59,1
1778523258.2123377,2,191,0,37,121,32,0
1778523258.215832,1,1738,0,49,122,59,1
1778523258.2303748,2,191,0,37,121,32,0
1778523258.2333796,1,1738,0,49,122,59,1
1778523258.247422,2,191,0,37,122,32,1
1778523258.2505467,1,1738,0,49,121,59,0
1778523258.265199,2,191,0,37,121,32,1
1778523258.2683625,1,1738,0,49,121,59,1
1778523258.2825515,2,191,0,37,121,32,1
1778523258.2855992,1,1738,0,49,121,59,1
1778523258.300202,2,191,0,37,122,32,0
1778523258.3035002,1,1738,0,49,122,59,1
1778523258.3177984,2,191,0,37,122,32,0
1778523258.320601,1,1738,0,49,121,59,0
1778523258.3350132,2,191,0,37,122,32,1
1778523258.3384628,1,1738,0,49,122,59,1
1778523258.3524072,2,191,0,37,122,32,1
1778523258.3551984,1,1738,0,49,122,59,1
1778523258.3694623,2,191,0,37,121,32,0
1778523258.373044,1,1738,0,49,122,59,0
1778523258.3869586,2,191,0,37,122,32,1
1778523258.390036,1,1738,0,49,122,59,1
1778523258.4048016,2,191,0,37,122,32,1
1778523258.407978,1,1738,0,49,121,59,1
1778523258.4221249,2,191,0,37,121,32,1
1778523258.4252062,1,1738,0,49,122,59,0
1778523258.4399352,2,191,0,37,122,32,1
1778523258.4434798,1,1738,0,49,121,59,1
1778523258.4575832,2,191,0,37,122,32,1
1778523258.4603236,1,1738,0,49,122,59,1
1778523258.4754028,2,191,0,37,122,32,1
1778523258.4787614,1,1738,0,49,121,59,1
1778523258.493184,2,191,0,37,122,32,0
1778523258.4961252,1,1738,0,49,122,59,1
1778523258.5102527,2,191,0,37,122,32,1
1778523258.5131984,1,1738,0,49,121,59,1
1778523258.5280101,2,191,0,37,121,32,1
1778523258.5314627,1,1738,0,49,122,59,0
1778523258.5456228,2,191,0,37,121,32,0
1778523258.548659,1,1738,0,49,121,59,1
1778523258.563022,2,191,0,37,122,32,1
1778523258.566598,1,1738,0,49,122,59,1
1778523258.5807786,2,191,0,37,122,32,1
1778523258.583585,1,1738,0,49,122,59,1
1778523258.5983987,2,191,0,37,122,32,1
1778523258.602002,1,1738,0,49,121,59,1
1778523258.616169,2,191,0,37,121,32,0
1778523258.618928,1,1738,0,49,121,59,1
1778523258.6333358,2,191,0,37,122,32,0
1778523258.6373432,1,1738,0,49,122,59,1
1778523258.651151,2,191,0,37,121,32,1
1778523258.6544921,1,1738,0,49,122,59,1
1778523258.6691973,2,191,0,37,122,32,1
1778523258.6724157,1,1738,0,49,122,59,1
1778523258.6865697,2,191,0,37,122,32,1
1778523258.6895134,1,1738,0,49,122,59,0
1778523258.7043073,2,191,0,37,122,32,0
1778523258.7078717,1,1738,0,49,122,59,1
1778523258.7218568,2,191,0,37,122,32,1
1778523258.7246356,1,1738,0,49,122,59,1
1778523258.739167,2,191,0,37,122,32,0
1778523258.7427974,1,1738,0,49,122,59,1
1778523258.7570446,2,191,0,37,121,32,1
1778523258.7598162,1,1738,0,49,122,59,1
1778523258.774536,2,191,0,37,121,32,1
1778523258.7780983,1,1738,0,49,121,59,1
1778523258.792193,2,191,0,37,122,32,1
1778523258.7949579,1,1738,0,49,122,59,2
1778523258.8096852,2,191,0,37,121,32,1
1778523258.8136272,1,1738,0,49,121,59,1
1778523258.8278313,2,191,0,37,122,32,0
1778523258.83116,1,1738,0,49,122,59,1
1778523258.8457055,2,191,0,37,121,32,1
1778523258.848777,1,1738,0,49,122,59,1
1778523258.8626657,2,191,0,37,122,32,0
1778523258.8657844,1,1738,0,49,122,59,1
1778523258.8805478,2,191,0,37,122,32,0
1778523258.8838224,1,1738,0,49,122,59,1
1778523258.8978705,2,191,0,37,121,32,1
1778523258.9007413,1,1738,0,49,122,59,1
1778523258.9153075,2,191,0,37,121,32,1
1778523258.918796,1,1738,0,49,122,59,1
1778523258.9326856,2,191,0,37,122,32,1
1778523258.9354715,1,1738,0,49,122,59,1
1778523258.9498737,2,191,0,37,122,32,0
1778523258.9535441,1,1738,0,49,122,59,1
1778523258.967581,2,191,0,37,121,32,0
1778523258.9709063,1,1738,0,49,121,59,1
1778523258.9855645,2,191,0,37,121,32,1
1778523258.9888005,1,1738,0,49,122,59,0
1778523259.0030315,2,191,0,37,121,32,1
1778523259.0062766,1,1738,0,49,121,59,1
1778523259.020801,2,191,0,37,122,32,1
1778523259.0239437,1,1738,0,49,122,59,1
1778523259.0378623,2,191,0,37,121,32,1
1778523259.0407584,1,1738,0,49,122,60,1
1778523259.0557516,2,191,0,37,121,32,0
1778523259.0592,1,1738,0,49,122,59,1
1778523259.0732765,2,191,0,37,121,32,1
1778523259.076059,1,1738,0,49,121,59,1
1778523259.0907505,2,191,0,37,121,32,1
1778523259.094383,1,1738,0,49,121,59,1
1778523259.1086574,2,191,0,37,121,32,1
1778523259.1114328,1,1738,0,49,122,59,1
1778523259.126004,2,191,0,37,122,32,1
1778523259.129573,1,1738,0,49,121,59,1
1778523259.1434586,2,191,0,37,121,32,1
1778523259.1468582,1,1738,0,49,122,59,1
1778523259.1614156,2,191,0,37,122,32,0
1778523259.1644723,1,1738,0,49,122,59,1
1778523259.1784625,2,191,0,37,121,32,1
1778523259.1815686,1,1738,0,49,122,59,0
1778523259.1961236,2,191,0,37,122,32,1
1778523259.1995444,1,1738,0,49,121,59,1
1778523259.2136087,2,191,0,37,122,32,1
1778523259.2164226,1,1738,0,49,121,59,1
1778523259.2308838,2,191,0,37,122,32,1
1778523259.2345588,1,1738,0,49,122,59,1
1778523259.2486029,2,191,0,37,121,32,1
1778523259.2513359,1,1738,0,49,121,59,1
1778523259.2657187,2,191,0,37,121,32,1
1778523259.2696419,1,1738,0,49,122,59,1
1778523259.2836566,2,191,0,37,121,32,1
1778523259.2870066,1,1738,0,49,122,59,1
1778523259.3015492,2,191,0,37,121,32,1
1778523259.3045964,1,1738,0,49,122,59,1
1778523259.318472,2,191,0,37,121,32,0
1778523259.3214211,1,1738,0,49,121,59,1
1778523259.335971,2,191,0,37,122,32,0
1778523259.3393247,1,1738,0,49,122,59,1
1778523259.3532646,2,191,0,37,122,32,0
1778523259.3561013,1,1738,0,49,121,59,1
1778523259.3706627,2,191,0,37,122,32,1
1778523259.3743572,1,1738,0,49,121,59,2
1778523259.3889616,2,191,0,37,122,32,1
1778523259.39196,1,1738,0,49,122,59,1
1778523259.4064965,2,191,0,37,122,32,0
1778523259.4101489,1,1738,0,49,122,59,1
1778523259.424833,2,190,0,37,122,32,0
1778523259.4279401,1,1738,0,49,122,59,2
1778523259.4420063,2,191,0,37,121,32,1
1778523259.4450116,1,1738,0,49,121,59,1
1778523259.4594693,2,191,0,37,122,32,1
1778523259.4628606,1,1738,0,49,122,59,1
1778523259.4767582,2,191,0,37,122,32,0
1778523259.4796314,1,1738,0,49,122,59,1
1778523259.493873,2,191,0,37,122,32,1
1778523259.4974484,1,1738,0,49,122,59,1
1778523259.5115182,2,191,0,37,122,32,0
1778523259.5142806,1,1738,0,49,121,59,1
1778523259.528943,2,191,0,37,121,32,1
1778523259.5331876,1,1738,0,49,122,59,1
1778523259.5473874,2,191,0,37,122,32,1
1778523259.5506644,1,1738,0,49,122,59,1
1778523259.565344,2,191,0,37,122,32,0
1778523259.568571,1,1738,0,49,121,59,1
1778523259.582553,2,191,0,37,122,32,0
1778523259.5855284,1,1738,0,49,122,59,0
1778523259.600268,2,191,0,37,121,32,1
1778523259.6039412,1,1738,0,49,122,59,1
1778523259.61798,2,191,0,37,121,32,0
1778523259.6209276,1,1738,0,49,122,59,1
1778523259.6356282,2,191,0,37,122,32,1
1778523259.6389918,1,1738,0,49,122,59,2
1778523259.6531706,2,191,0,37,122,32,1
1778523259.6559763,1,1738,0,49,122,59,1
1778523259.6706457,2,191,0,37,121,32,1
1778523259.6743398,1,1738,0,49,122,59,0
1778523259.6886544,2,191,0,37,121,32,0
1778523259.6915658,1,1738,0,49,122,59,1
1778523259.7060237,2,191,0,37,121,32,1
1778523259.7096305,1,1738,0,49,122,59,1
1778523259.723711,2,191,0,37,121,32,1
1778523259.7265198,1,1738,0,49,121,59,1
1778523259.7412057,2,191,0,37,122,32,1
1778523259.7451704,1,1738,0,49,122,59,1
1778523259.7593286,2,191,0,37,121,32,1
1778523259.7620826,1,1738,0,49,122,59,1
1778523259.776383,2,191,0,37,122,32,0
1778523259.7803278,1,1738,0,49,121,59,1
1778523259.794496,2,191,0,37,122,32,0
1778523259.797567,1,1738,0,49,122,59,1
1778523259.8121498,2,191,0,37,122,32,0
1778523259.815625,1,1738,0,49,122,59,1
1778523259.829736,2,191,0,37,122,32,1
1778523259.832563,1,1738,0,49,122,59,1
1778523259.84704,2,191,0,37,121,32,0
1778523259.8506536,1,1738,0,49,122,59,1
1778523259.8652382,2,191,0,37,122,32,0
1778523259.8681014,1,1738,0,49,122,59,1
1778523259.8819764,2,191,0,37,121,32,1
1778523259.8847876,1,1738,0,49,122,59,1
1778523259.8994792,2,191,0,37,122,32,0
1778523259.9027762,1,1738,0,49,121,59,1
1778523259.9168816,2,191,0,37,121,32,1
1778523259.9199278,1,1738,0,49,122,59,1
1778523259.9347093,2,191,0,37,122,32,1
1778523259.9385083,1,1738,0,49,121,59,1
1778523259.9526684,2,191,0,36,121,32,1
1778523259.9555235,1,1738,0,49,122,59,1
1778523259.9702942,2,191,0,29,121,32,1
1778523259.973957,1,1738,0,49,122,59,0
1778523259.9881902,2,191,0,19,122,32,0
1778523259.9909477,1,1738,0,49,121,59,1
1778523260.0057116,2,191,0,23,122,32,0
1778523260.0096421,1,1738,0,49,122,59,1
1778523260.0235314,2,190,-50,35,122,32,1
1778523260.0268464,1,1738,0,49,122,59,1
1778523260.0416927,2,190,-50,46,122,32,1
1778523260.044905,1,1738,0,49,121,59,1
1778523260.059164,2,189,-50,52,121,32,1
1778523260.0622413,1,1738,0,49,121,59,1
1778523260.076869,2,189,0,57,121,32,1
1778523260.0803158,1,1738,0,49,122,59,1
1778523260.0945625,2,188,-50,52,121,32,0
1778523260.097588,1,1738,0,49,122,59,1
1778523260.112233,2,187,-50,49,122,32,1
1778523260.1154916,1,1738,0,49,122,59,1
1778523260.129759,2,186,-50,45,122,32,1
1778523260.132643,1,1738,0,47,122,59,1
1778523260.147578,2,185,-50,42,122,32,1
1778523260.1509554,1,1738,0,38,121,59,1
1778523260.1654553,2,185,0,40,122,32,1
1778523260.1684904,1,1738,0,23,121,59,0
1778523260.1825922,2,185,0,40,122,32,1
1778523260.1856923,1,1738,0,28,122,59,1
1778523260.2003007,2,185,0,40,121,32,1
1778523260.203699,1,1739,0,56,122,59,1
1778523260.2178333,2,185,0,40,121,32,1
1778523260.2205951,1,1740,50,84,121,59,2
1778523260.235382,2,185,0,40,120,32,1
1778523260.2386777,1,1740,50,114,121,59,3
1778523260.2531188,2,185,0,41,120,32,1
1778523260.2560117,1,1742,50,136,119,59,44
1778523260.270049,2,185,0,48,121,32,1
1778523260.2727907,1,1746,150,146,117,59,36
1778523260.287259,2,185,0,61,121,32,2
1778523260.2906985,1,1751,300,142,119,59,34
1778523260.3048773,2,185,0,82,121,32,2
1778523260.3078444,1,1757,350,128,120,59,40
1778523260.322352,2,183,0,107,121,32,3
1778523260.325746,1,1763,350,104,121,59,3
1778523260.3405995,2,180,-100,130,121,32,4
1778523260.3449483,1,1768,350,77,122,59,1
1778523260.3592207,2,175,-200,153,121,32,4
1778523260.3624673,1,1771,200,66,121,59,11
1778523260.377346,2,169,-300,164,121,32,4
1778523260.380692,1,1773,150,55,121,59,1
1778523260.394658,2,161,-350,165,121,32,4
1778523260.3976562,1,1774,100,49,121,59,1
1778523260.4122343,2,154,-450,154,121,33,3
1778523260.4157102,1,1774,50,45,121,59,1
1778523260.4296024,2,146,-400,139,121,32,2
1778523260.4323978,1,1774,0,44,121,59,1
1778523260.446876,2,140,-400,119,122,32,1
1778523260.4505115,1,1774,0,44,122,59,0
1778523260.4646719,2,134,-300,93,121,32,1
1778523260.467482,1,1774,0,44,121,59,1
1778523260.4819107,2,130,-300,74,121,32,1
1778523260.4854255,1,1774,0,44,121,59,1
1778523260.4994771,2,128,-250,56,122,32,0
1778523260.502308,1,1774,0,44,121,59,0
1778523260.5167494,2,126,-150,48,122,32,1
1778523260.5209093,1,1774,0,44,122,59,1
1778523260.5348706,2,125,-50,44,122,32,1
1778523260.5379248,1,1774,0,44,122,59,0
1778523260.552295,2,124,-100,37,122,32,0
1778523260.5554821,1,1774,0,44,122,59,1
1778523260.57021,2,124,0,36,121,32,0
1778523260.5740252,1,1774,0,44,121,59,1
1778523260.5887146,2,124,0,36,122,32,0
1778523260.5917063,1,1774,0,44,122,59,1
1778523260.605778,2,124,0,36,122,32,1
1778523260.6088653,1,1774,0,44,122,59,0
1778523260.6238105,2,124,0,36,122,32,0
1778523260.627227,1,1774,0,44,121,59,1
1778523260.6419837,2,124,0,37,122,32,1
1778523260.6449487,1,1774,0,44,122,59,1
1778523260.659115,2,124,0,45,121,32,1
1778523260.6622245,1,1774,0,46,122,59,1
1778523260.676845,2,124,0,58,121,32,2
1778523260.6800497,1,1774,0,55,121,59,1
1778523260.6940346,2,124,0,79,121,32,3
1778523260.6969697,1,1774,0,70,121,59,2
1778523260.7116299,2,123,0,105,121,32,4
1778523260.715029,1,1774,0,91,121,59,3
1778523260.7293,2,120,-150,129,121,32,4
1778523260.732176,1,1775,0,118,121,59,5
1778523260.7466173,2,116,-200,154,120,32,5
1778523260.7503026,1,1778,150,136,121,59,4
1778523260.764401,2,109,-350,180,117,32,5
1778523260.767243,1,1782,200,142,120,59,49
1778523260.781878,2,102,-400,204,121,32,6
1778523260.7854505,1,1787,300,138,120,59,40
1778523260.7996845,2,93,-400,229,121,32,7
1778523260.8031378,1,1792,250,125,121,59,30
1778523260.817719,2,81,-550,233,121,32,6
1778523260.8207436,1,1797,250,107,121,59,2
1778523260.8345132,2,70,-600,229,120,32,4
1778523260.837513,1,1801,300,86,121,59,2
1778523260.8519304,2,59,-700,213,121,32,4
1778523260.8552554,1,1804,200,72,121,59,2
1778523260.869188,2,48,-650,193,121,32,3
1778523260.8719857,1,1806,150,62,121,59,13
1778523260.8863587,2,38,-550,175,121,32,2
1778523260.889932,1,1807,100,54,121,59,1
1778523260.9039485,2,30,-500,152,121,32,2
1778523260.9068816,1,1808,50,49,122,59,1
1778523260.9215622,2,22,-450,126,121,32,2
1778523260.9255145,1,1808,0,47,121,59,1
1778523260.9394414,2,16,-450,96,121,32,1
1778523260.9427905,1,1808,0,47,122,59,1
1778523260.9573622,2,12,-300,77,122,32,1
1778523260.960485,1,1808,0,47,121,59,1
1778523260.974336,2,9,-250,61,122,32,1
1778523260.9772923,1,1808,0,47,122,59,1
1778523260.9917986,2,7,-150,51,121,32,1
1778523260.9950385,1,1808,0,47,122,59,1
1778523261.0090237,2,6,-100,43,121,32,0
1778523261.0118413,1,1808,0,47,121,59,0
1778523261.0264292,2,5,-50,38,122,32,1
1778523261.0298574,1,1808,0,47,122,59,0
1778523261.0444071,2,5,0,37,122,32,1
1778523261.0488555,1,1808,0,47,122,59,1
1778523261.0633254,2,5,0,37,122,32,0
1778523261.0665452,1,1808,0,47,121,59,0
1778523261.0813642,2,5,0,37,121,32,1
1778523261.0845652,1,1808,0,47,122,59,1
1778523261.0985918,2,5,0,37,122,32,1
1778523261.1015775,1,1808,0,47,122,59,1
1778523261.116336,2,5,0,37,122,32,1
1778523261.1197972,1,1808,0,47,122,59,1
1778523261.133887,2,5,0,37,122,32,0
1778523261.1366923,1,1808,0,47,122,59,0
1778523261.151384,2,5,0,37,122,32,1
1778523261.1548054,1,1808,0,47,122,59,1
1778523261.169081,2,5,0,37,122,32,0
1778523261.1719975,1,1808,0,47,122,59,1
1778523261.185809,2,5,0,37,122,32,0
1778523261.1887193,1,1808,0,47,122,59,1
1778523261.203175,2,5,0,37,122,32,1
1778523261.2064505,1,1808,0,47,122,59,1
1778523261.2203825,2,5,0,37,122,32,1
1778523261.2232664,1,1808,0,47,122,59,0
1778523261.2380204,2,5,0,37,122,32,0
1778523261.2420547,1,1808,0,47,122,59,1
1778523261.2562413,2,5,0,37,121,32,1
1778523261.2598364,1,1808,0,47,122,59,1
1778523261.2742417,2,5,0,37,122,32,1
1778523261.277513,1,1808,0,47,121,59,1
1778523261.2920797,2,5,0,37,122,32,1
1778523261.2960584,1,1808,0,47,122,59,1
1778523261.310528,2,5,0,38,122,32,1
1778523261.313427,1,1808,0,47,121,59,1
1778523261.3279169,2,5,0,40,122,32,1
1778523261.331342,1,1808,0,47,121,59,0
1778523261.3451614,2,5,0,40,122,32,0
1778523261.3479416,1,1808,0,47,122,59,1
1778523261.362313,2,5,0,40,122,32,0
1778523261.3659453,1,1808,0,47,122,59,1
1778523261.3799822,2,5,0,40,122,32,0
1778523261.382744,1,1808,0,47,122,59,1
1778523261.3971024,2,5,0,40,122,32,1
1778523261.4010699,1,1808,0,47,122,59,1
1778523261.4150796,2,5,0,40,122,32,1
1778523261.41769,1,1808,0,47,121,59,1
1778523261.432086,2,5,0,40,122,32,0
1778523261.4352953,1,1808,0,47,122,58,1
1778523261.4491532,2,5,0,40,122,32,0
1778523261.4519227,1,1808,0,47,122,59,1
1778523261.466267,2,5,0,40,122,32,1
1778523261.469859,1,1808,0,47,122,59,0
1778523261.4838438,2,5,0,40,122,32,2
1778523261.4866135,1,1808,0,47,122,59,1
1778523261.5009913,2,5,0,40,122,32,1
1778523261.5049257,1,1808,0,47,122,59,1
1778523261.518802,2,5,0,40,122,32,1
1778523261.5218472,1,1808,0,47,122,59,1
1778523261.5361557,2,5,0,40,122,32,1
1778523261.5394673,1,1808,0,47,122,59,1
1778523261.5535665,2,5,0,40,122,32,1
1778523261.556399,1,1808,0,47,122,59,1
1778523261.5707088,2,5,0,40,122,32,1
1778523261.5742757,1,1808,0,47,122,59,0
1778523261.588804,2,5,0,40,122,32,1
1778523261.5918071,1,1808,0,47,122,59,1
1778523261.6056454,2,5,0,40,122,32,1
1778523261.608572,1,1808,0,47,121,59,1
1778523261.6232085,2,5,0,40,122,32,1
1778523261.626821,1,1808,0,47,122,59,1
1778523261.6410441,2,4,0,40,122,32,1
1778523261.644146,1,1808,0,47,122,59,1
1778523261.658483,2,5,0,40,122,32,0
1778523261.6620238,1,1808,0,47,122,59,1
1778523261.6766365,2,5,0,40,122,32,0
1778523261.679547,1,1808,0,47,122,59,1
1778523261.693846,2,5,0,40,122,32,0
1778523261.6968899,1,1808,0,47,122,59,1
1778523261.7116609,2,5,0,40,122,32,1
1778523261.7150035,1,1808,0,47,122,59,1
1778523261.729229,2,5,0,40,122,32,0
1778523261.7320414,1,1808,0,47,122,59,1
1778523261.746936,2,5,0,40,122,32,1
1778523261.7505193,1,1808,0,47,122,59,1
1778523261.7648246,2,5,0,40,122,32,0
1778523261.7677555,1,1808,0,47,122,60,1
1778523261.782465,2,5,0,40,122,32,1
1778523261.7860048,1,1808,0,47,122,59,1
1778523261.8004572,2,5,0,40,122,32,1
1778523261.8033886,1,1808,0,47,121,59,0
1778523261.817633,2,5,0,40,122,32,1
1778523261.8206096,1,1808,0,47,122,59,1
1778523261.8344643,2,5,0,40,122,32,2
1778523261.8374462,1,1808,0,47,122,59,0
1778523261.8519106,2,5,0,40,122,32,1
1778523261.8551714,1,1808,0,47,122,59,1
1778523261.8690605,2,5,0,40,122,32,1
1778523261.8718538,1,1808,0,47,122,59,1
1778523261.8864777,2,5,0,40,122,32,1
1778523261.8899882,1,1808,0,47,122,59,1
1778523261.904081,2,5,0,40,122,32,0
1778523261.9068694,1,1808,0,47,122,59,0
1778523261.9216003,2,5,0,40,122,32,1
1778523261.9255867,1,1808,0,47,122,59,0
1778523261.9395947,2,5,0,40,122,32,1
1778523261.9429705,1,1808,0,47,122,59,1
1778523261.9576333,2,5,0,40,122,32,1
1778523261.9607744,1,1808,0,47,122,59,1
1778523261.9746659,2,5,0,40,122,32,1
1778523261.9776669,1,1808,0,47,121,59,1
1778523261.9920807,2,5,0,40,122,32,1
1778523261.995356,1,1808,0,47,121,59,1
1778523262.0093915,2,5,0,40,122,32,2
1778523262.0122273,1,1808,0,47,122,59,1
1778523262.026966,2,5,0,40,122,32,1
1778523262.03052,1,1808,0,47,122,59,0
1778523262.0446575,2,5,0,40,122,32,1
1778523262.0475156,1,1808,0,47,122,59,0
1778523262.0620449,2,5,0,40,122,32,0
1778523262.0656095,1,1808,0,47,122,59,1
1778523262.0798485,2,5,0,40,122,32,1
1778523262.0830493,1,1808,0,47,122,59,1
1778523262.0979533,2,5,0,40,122,32,0
1778523262.1018288,1,1808,0,47,122,59,1
1778523262.115794,2,5,0,40,122,32,1
1778523262.1192646,1,1808,0,47,122,59,1
1778523262.1344156,2,5,0,40,122,32,0
1778523262.1376588,1,1808,0,47,121,59,0
1778523262.151729,2,5,0,40,122,32,1
1778523262.1545787,1,1808,0,47,122,59,1
1778523262.1694577,2,5,0,40,122,32,0
1778523262.1734242,1,1808,0,47,122,59,1
1778523262.187325,2,5,0,40,121,32,1
1778523262.19047,1,1808,0,47,121,59,1
1778523262.2051907,2,5,0,40,122,32,1
1778523262.2083533,1,1808,0,47,122,59,1
1778523262.222311,2,5,0,40,122,32,1
1778523262.225291,1,1808,0,47,122,59,1
1778523262.2397048,2,5,0,40,122,32,1
1778523262.2429345,1,1808,0,47,122,59,1
1778523262.2568753,2,5,0,40,121,32,1
1778523262.2596433,1,1808,0,47,122,59,1
1778523262.2739837,2,5,0,40,122,32,0
1778523262.2776444,1,1808,0,47,122,59,1
1778523262.2917514,2,5,0,40,122,32,0
1778523262.2944949,1,1808,0,47,122,59,2
1778523262.3089633,2,5,0,40,121,32,1
1778523262.3129365,1,1808,0,47,122,59,1
1778523262.3270595,2,4,0,40,122,32,1
1778523262.330109,1,1808,0,47,122,59,1
1778523262.3447943,2,5,0,41,122,32,1
1778523262.347986,1,1808,0,47,122,59,1
1778523262.3620915,2,5,0,48,122,32,1
1778523262.364931,1,1808,0,47,122,59,0
1778523262.3797774,2,5,0,62,122,32,2
1778523262.3830416,1,1808,0,49,122,59,0
1778523262.3976636,2,4,-50,81,121,32,3
1778523262.400705,1,1808,0,59,121,59,2
1778523262.414657,2,3,-50,103,121,32,3
1778523262.4177542,1,1808,0,73,121,59,2
1778523262.4325016,2,1,-50,130,121,32,5
1778523262.435961,1,1809,50,92,121,69,3
1778523262.450037,2,4092,-200,154,121,33,5
1778523262.4529185,1,1809,50,116,121,59,4
1778523262.4675357,2,4086,-250,181,119,32,6
1778523262.470984,1,1813,50,146,121,59,5
1778523262.4850829,2,4078,-400,206,119,32,6
1778523262.4879708,1,1817,150,175,118,60,67
1778523262.502337,2,4069,-450,231,118,32,8
1778523262.505998,1,1823,250,201,118,60,71
1778523262.5199587,2,4058,-600,255,117,32,7
1778523262.522848,1,1830,400,226,121,59,7
1778523262.537602,2,4047,-650,280,120,32,8
1778523262.5415766,1,1839,450,254,114,60,12
1778523262.5556395,2,4033,-700,310,120,32,10
1778523262.5590386,1,1850,600,280,114,59,116
1778523262.5736732,2,4020,-700,343,120,32,14
1778523262.576982,1,1863,650,308,113,59,17
1778523262.5911462,2,4009,-750,370,112,32,22
1778523262.594532,1,1877,750,334,119,59,19
1778523262.6092584,2,4000,-600,405,117,32,48
1778523262.6124337,1,1892,850,365,115,59,16
1778523262.6265874,2,3994,-450,441,116,32,71
1778523262.6294506,1,1908,850,383,108,59,55
1778523262.6444833,2,3991,-300,479,114,32,100
1778523262.6479068,1,1922,950,388,106,59,29
1778523262.6621604,2,3989,-100,525,110,32,114
1778523262.6652288,1,1932,700,408,104,59,152
1778523262.6799154,2,3989,-50,569,101,32,158
1778523262.6832726,1,1937,500,433,101,59,54
1778523262.6971395,2,3988,-50,610,106,32,162
1778523262.6998787,1,1939,200,469,107,59,74
1778523262.7142444,2,3988,0,640,105,32,178
1778523262.7177956,1,1940,50,509,106,60,90
1778523262.7324018,2,3987,0,673,104,32,180
1778523262.7356336,1,1940,0,552,104,60,113
1778523262.7495508,2,3985,-50,691,102,32,192
1778523262.7524183,1,1940,0,587,102,60,118
1778523262.766947,2,3984,-100,702,101,32,202
1778523262.7703571,1,1940,0,615,101,60,137
1778523262.7843359,2,3983,-50,709,100,32,212
1778523262.7871442,1,1940,0,639,100,60,140
1778523262.80171,2,3983,0,714,99,32,208
1778523262.8055227,1,1940,0,656,99,59,148
1778523262.8194914,2,3983,-50,712,99,32,209
1778523262.8226385,1,1940,0,667,99,60,153
1778523262.8371346,2,3984,0,710,99,32,203
1778523262.8403072,1,1940,0,671,100,59,158
1778523262.8542237,2,3983,0,710,99,32,207
1778523262.8572228,1,1940,0,671,99,60,152
1778523262.8721929,2,3983,0,710,99,32,208
1778523262.875549,1,1940,0,671,99,59,155
1778523262.8898084,2,3984,50,713,99,32,204
1778523262.8927977,1,1940,0,669,98,60,152
1778523262.907719,2,3983,-50,700,100,32,202
1778523262.9110994,1,1940,0,660,99,59,146
1778523262.9252245,2,3983,0,688,100,32,193
1778523262.928094,1,1940,0,645,100,60,144
1778523262.9426348,2,3983,0,667,102,32,180
1778523262.9461942,1,1940,0,626,101,59,136
1778523262.9603522,2,3983,50,643,103,32,173
1778523262.9632123,1,1940,0,598,102,59,126
1778523262.9780226,2,3983,-50,610,105,32,156
1778523262.9819734,1,1940,0,563,104,59,108
1778523262.996078,2,3984,50,569,107,32,141
1778523262.9995906,1,1940,0,522,106,59,96
1778523263.0139065,2,3984,0,527,109,32,119
1778523263.0169716,1,1940,0,476,108,59,82
1778523263.0309289,2,3984,0,474,111,32,92
1778523263.0340703,1,1940,0,425,110,59,62
1778523263.0505068,2,3983,-50,410,113,32,74
1778523263.0538142,1,1940,0,358,113,59,50
1778523263.0682778,2,3984,0,342,116,32,51
1778523263.0718775,1,1940,0,291,116,59,35
1778523263.0859654,2,3983,50,274,118,32,32
1778523263.0888615,1,1940,0,222,118,59,19
1778523263.1033635,2,3984,0,199,120,32,20
1778523263.10671,1,1940,0,143,120,59,7
1778523263.12063,2,3984,0,114,121,32,7
1778523263.1233873,1,1939,0,62,121,59,2
1778523263.1378644,2,3986,100,37,121,32,1
1778523263.141436,1,1937,-50,52,121,59,8
1778523263.155318,2,3990,150,71,121,32,0
1778523263.1584756,1,1933,-150,124,121,59,1
1778523263.1730673,2,3996,350,137,122,34,0
1778523263.1762578,1,1927,-350,188,119,59,70
1778523263.190448,2,4005,350,198,121,32,0
1778523263.1934476,1,1918,-450,242,116,60,80
1778523263.2077901,2,4013,500,243,121,32,4
1778523263.2107892,1,1912,-400,298,114,60,106
1778523263.2255096,2,4021,500,290,115,32,6
1778523263.229475,1,1900,-600,344,120,59,23
1778523263.2433808,2,4034,500,343,119,32,11
1778523263.2466311,1,1885,-600,374,115,59,17
1778523263.2613559,2,4050,750,378,119,32,13
1778523263.2644985,1,1868,-850,376,114,59,17
1778523263.2784214,2,4067,950,398,120,32,17
1778523263.2814863,1,1851,-950,369,111,60,18
1778523263.2961168,2,4085,1100,405,120,32,14
1778523263.2996118,1,1834,-950,355,118,59,13
1778523263.3135512,2,10,1150,400,120,32,11
1778523263.316346,1,1818,-1000,333,113,60,129
1778523263.3309221,2,30,1150,387,115,32,9
1778523263.3344915,1,1802,-900,309,120,60,89
1778523263.3486686,2,49,1150,366,120,32,9
1778523263.3514552,1,1787,-850,283,114,60,89
1778523263.3657365,2,67,1000,354,119,32,9
1778523263.369317,1,1775,-750,256,120,59,7
1778523263.383457,2,85,1100,326,118,32,5
1778523263.3864286,1,1762,-750,226,117,60,8
1778523263.4008548,2,102,1000,299,121,32,5
1778523263.4049098,1,1752,-700,193,117,60,51
1778523263.4188082,2,120,1000,262,119,32,4
1778523263.4216375,1,1743,-550,169,120,59,5
1778523263.4361522,2,132,750,234,118,32,4
1778523263.439564,1,1736,-450,141,121,59,3
1778523263.4535272,2,143,650,210,120,32,3
1778523263.4562752,1,1731,-400,113,121,59,34
1778523263.470741,2,153,650,184,121,32,2
1778523263.4741743,1,1727,-250,92,122,59,2
1778523263.4884095,2,162,600,153,121,33,2
1778523263.4914834,1,1725,-150,80,120,59,19
1778523263.5060759,2,170,500,126,121,32,2
1778523263.5096593,1,1725,-50,73,121,59,14
1778523263.5237901,2,175,400,98,121,32,2
1778523263.5265775,1,1724,0,70,121,60,12
1778523263.5414262,2,179,250,80,121,32,2
1778523263.5454059,1,1724,0,70,121,59,13
1778523263.5596328,2,182,150,67,121,32,2
1778523263.5626113,1,1724,0,70,121,60,18
1778523263.5773678,2,183,150,56,121,34,2
1778523263.580573,1,1724,0,70,121,59,15
1778523263.5948994,2,184,50,50,121,32,1
1778523263.597889,1,1724,0,70,121,59,18
1778523263.612875,2,185,50,47,121,32,1
1778523263.6163087,1,1724,0,70,121,59,14
1778523263.6304798,2,185,0,43,121,32,1
1778523263.6335459,1,1724,0,68,121,59,14
1778523263.6481292,2,185,0,41,121,32,0
1778523263.6513994,1,1724,0,67,121,59,16
1778523263.665322,2,185,0,41,121,32,0
1778523263.6682107,1,1724,0,67,121,59,16
1778523263.6824658,2,185,0,41,120,32,0
1778523263.6860206,1,1724,0,67,121,59,16
1778523263.7004883,2,185,0,41,121,32,1
1778523263.7034733,1,1724,0,67,121,60,12
1778523263.717243,2,185,0,41,121,32,1
1778523263.7200563,1,1724,0,67,121,59,16
1778523263.7344804,2,185,0,41,121,32,1
1778523263.738045,1,1724,0,67,121,59,17
1778523263.7527115,2,185,0,41,121,32,1
1778523263.7559075,1,1724,0,67,121,59,13
1778523263.7700667,2,185,0,41,121,32,0
1778523263.7730844,1,1724,0,67,121,59,14
1778523263.7875438,2,185,0,41,121,32,1
1778523263.7909174,1,1724,0,67,121,59,15
1778523263.805256,2,185,0,41,121,32,1
1778523263.808292,1,1724,0,67,121,59,14
1778523263.8230295,2,185,0,40,121,32,0
1778523263.8263993,1,1724,0,67,121,59,16
1778523263.8413537,2,185,0,32,121,32,0
1778523263.845412,1,1724,0,65,121,59,15
1778523263.8596933,2,185,0,17,121,32,0
1778523263.8633153,1,1724,0,56,121,59,8
1778523263.8784888,2,184,0,37,121,32,0
1778523263.881732,1,1724,0,39,121,59,4
1778523263.895932,2,184,-50,63,121,32,1
1778523263.8988261,1,1724,0,19,121,59,0
1778523263.9135656,2,183,-50,92,121,32,2
1778523263.9175189,1,1725,0,41,121,59,5
1778523263.9314477,2,181,-100,130,121,32,4
1778523263.9349594,1,1725,50,72,121,59,2
1778523263.9495804,2,177,-200,164,121,32,5
1778523263.9527113,1,1726,50,110,121,60,3
1778523263.9665954,2,170,-200,204,121,32,7
1778523263.9693,1,1727,50,152,121,60,5
1778523263.9837053,2,162,-400,230,120,32,7
1778523263.9869606,1,1731,150,198,121,59,7
1778523264.0008898,2,151,-550,255,121,32,8
1778523264.003718,1,1738,400,238,120,59,87
1778523264.0181248,2,140,-650,279,116,32,9
1778523264.0217237,1,1748,400,274,120,59,12
1778523264.0361333,2,126,-750,306,117,32,8
1778523264.0392158,1,1760,550,305,120,59,19
1778523264.0535789,2,110,-800,335,120,32,10
1778523264.057207,1,1773,700,331,113,59,119
1778523264.0712793,2,94,-900,360,113,32,9
1778523264.074491,1,1788,800,360,120,59,20
1778523264.0892143,2,76,-1050,377,114,32,9
1778523264.092384,1,1805,850,385,119,59,20
1778523264.1065514,2,56,-1050,388,112,32,9
1778523264.1094725,1,1823,1050,399,120,59,19
1778523264.1242633,2,36,-1100,394,117,32,10
1778523264.1277895,1,1843,1050,404,111,60,35
1778523264.141973,2,15,-1100,396,119,32,11
1778523264.1448457,1,1863,1150,398,118,59,13
1778523264.1595662,2,4091,-1200,387,118,32,7
1778523264.162953,1,1883,1100,385,116,60,140
1778523264.176954,2,4070,-1150,372,120,32,8
1778523264.179883,1,1902,1100,368,118,59,17
1778523264.1944406,2,4052,-1150,353,115,32,5
1778523264.1980116,1,1919,1100,344,119,59,16
1778523264.2121415,2,4032,-1100,329,120,32,6
1778523264.2149374,1,1930,900,330,119,59,27
1778523264.2295828,2,4018,-850,309,119,32,8
1778523264.2335181,1,1935,500,335,118,59,36
1778523264.2474663,2,4007,-850,298,111,32,17
1778523264.2508173,1,1937,150,357,108,60,150
1778523264.265483,2,4002,-550,295,110,32,26
1778523264.268704,1,1937,50,380,107,59,167
1778523264.2826416,2,3999,-300,307,109,32,34
1778523264.2857199,1,1937,0,401,106,60,180
1778523264.3002167,2,3998,-150,322,108,32,37
1778523264.3034732,1,1937,0,417,105,60,195
1778523264.3173957,2,3997,0,339,107,32,55
1778523264.3201938,1,1937,0,428,104,60,196
1778523264.3349595,2,3997,-50,347,107,32,53
1778523264.3386912,1,1937,0,432,105,60,199
1778523264.3531191,2,3996,-50,349,107,32,54
1778523264.3559563,1,1937,0,432,104,60,201
1778523264.370825,2,3996,0,348,107,32,47
1778523264.37435,1,1937,0,430,105,60,195
1778523264.3887753,2,3996,0,345,107,32,48
1778523264.3916488,1,1937,0,420,105,60,190
1778523264.4063947,2,3996,0,334,106,32,50
1778523264.4100194,1,1937,0,405,106,60,186
1778523264.424217,2,3996,0,317,108,32,41
1778523264.4271526,1,1937,0,384,107,60,174
1778523264.4418476,2,3996,0,294,110,32,34
1778523264.4456031,1,1937,0,355,108,59,151
1778523264.4595284,2,3996,0,263,109,32,30
1778523264.4629292,1,1937,0,322,109,60,130
1778523264.4774582,2,3996,0,230,114,32,25
1778523264.4806962,1,1937,0,278,111,60,116
1778523264.4945893,2,3996,0,187,114,32,13
1778523264.4976053,1,1937,0,233,113,60,104
1778523264.512257,2,3996,0,140,117,32,7
1778523264.5156276,1,1937,0,180,115,59,70
1778523264.5296214,2,3996,0,85,120,32,4
1778523264.5323868,1,1937,0,122,120,60,38
1778523264.5471153,2,3997,50,29,121,32,1
1778523264.5505369,1,1936,0,56,121,59,2
1778523264.56482,2,3998,50,66,122,32,0
1778523264.5678666,1,1935,-50,42,122,60,0
1778523264.5824263,2,4002,50,133,122,32,0
1778523264.5860858,1,1932,-150,112,122,59,1
1778523264.600206,2,4009,300,194,120,32,2
1778523264.6030202,1,1926,-300,179,119,59,19
1778523264.6176326,2,4017,400,248,121,32,5
1778523264.6215572,1,1917,-450,235,115,60,70
1778523264.6355412,2,4026,450,303,120,33,9
1778523264.6387186,1,1911,-450,283,114,60,99
1778523264.653377,2,4039,650,347,115,32,11
1778523264.6565547,1,1901,-350,340,120,59,18
1778523264.670441,2,4054,850,376,120,32,14
1778523264.6735435,1,1887,-650,360,113,60,130
1778523264.6880245,2,4072,1000,396,116,32,13
1778523264.691405,1,1871,-850,362,117,60,129
1778523264.7054262,2,4091,1000,406,114,32,11
1778523264.7082067,1,1854,-900,357,120,59,23
1778523264.7226102,2,14,1100,401,115,32,10
1778523264.7261848,1,1838,-950,342,120,59,16
1778523264.7406917,2,35,1150,386,120,32,9
1778523264.7437341,1,1822,-900,324,118,60,11
1778523264.7582273,2,53,1100,371,117,32,9
1778523264.761816,1,1806,-900,298,117,60,95
1778523264.7759368,2,73,1050,351,121,32,8
1778523264.7788944,1,1793,-750,271,114,59,74
1778523264.7934017,2,90,1050,328,120,32,7
1778523264.7974389,1,1779,-750,244,119,60,7
1778523264.8115556,2,109,1000,296,119,32,6
1778523264.8148928,1,1768,-750,210,115,60,71
1778523264.8295171,2,125,950,263,121,32,5
1778523264.832707,1,1759,-600,184,121,60,6
1778523264.846603,2,137,700,234,121,32,4
1778523264.8496945,1,1751,-500,157,117,60,50
1778523264.8644006,2,149,700,208,121,32,4
1778523264.8678749,1,1745,-400,129,120,59,31
1778523264.8819866,2,160,650,181,121,32,4
1778523264.884938,1,1740,-300,107,121,60,3
1778523264.8997076,2,168,600,152,121,32,3
1778523264.9030902,1,1737,-200,89,121,59,23
1778523264.9172695,2,176,450,125,121,32,2
1778523264.9202118,1,1736,-100,79,120,59,20
1778523264.935079,2,181,400,96,121,32,1
1778523264.9386678,1,1736,0,74,121,60,14
1778523264.9528728,2,185,250,75,121,32,2
1778523264.9557436,1,1736,0,74,121,62,15
1778523264.9701822,2,187,100,65,121,32,2
1778523264.9738584,1,1736,0,74,121,60,18
1778523264.9878602,2,188,100,58,121,32,1
1778523264.9906335,1,1736,0,74,121,59,16
1778523265.0050375,2,189,100,52,121,32,1
1778523265.008973,1,1736,0,74,121,59,19
1778523265.022962,2,189,50,48,121,32,1
1778523265.025864,1,1736,0,74,121,60,19
1778523265.0405016,2,189,0,49,121,32,1
1778523265.0438664,1,1736,0,74,121,59,18
1778523265.0580008,2,189,0,49,120,32,1
1778523265.060863,1,1736,0,74,120,59,16
1778523265.0753543,2,189,0,49,121,32,1
1778523265.0785697,1,1736,0,74,121,59,18
1778523265.092654,2,189,0,49,120,32,1
1778523265.095443,1,1736,0,74,121,59,19
1778523265.1100507,2,189,0,49,120,32,1
1778523265.1135747,1,1736,0,74,121,59,17
1778523265.127412,2,189,0,49,121,32,1
1778523265.130916,1,1736,0,74,121,59,18
1778523265.1453536,2,189,0,49,121,32,1
1778523265.1485517,1,1736,0,74,121,60,14
1778523265.1623976,2,189,0,49,121,32,1
1778523265.1653461,1,1736,0,74,121,59,16
1778523265.1798556,2,189,0,49,121,32,1
1778523265.183118,1,1736,0,74,121,59,19
1778523265.1970704,2,189,0,49,121,32,1
1778523265.1998227,1,1736,0,74,121,60,17
1778523265.2141738,2,189,0,49,121,32,1
1778523265.2177722,1,1736,0,74,121,60,17
1778523265.2317677,2,189,0,49,121,32,1
1778523265.2345269,1,1736,0,74,121,60,14
1778523265.248985,2,189,0,49,121,32,1
1778523265.2530258,1,1736,0,74,121,59,17
1778523265.2669992,2,189,0,49,121,32,1
1778523265.2701535,1,1736,0,74,121,60,19
1778523265.2848568,2,189,0,49,120,32,1
1778523265.2880957,1,1736,0,74,121,59,17
1778523265.3020918,2,189,0,49,121,32,1
1778523265.305019,1,1736,0,74,121,59,14
1778523265.3195064,2,189,0,49,121,32,0
1778523265.322926,1,1736,0,74,121,60,19
1778523265.3369315,2,189,0,49,121,32,1
1778523265.3397534,1,1736,0,74,121,59,18
1778523265.3541687,2,189,0,49,121,32,1
1778523265.357794,1,1736,0,74,121,59,19
1778523265.3720863,2,189,0,49,121,32,1
1778523265.3751929,1,1736,0,74,121,59,19
1778523265.3894727,2,189,0,49,121,32,1
1778523265.3930626,1,1736,0,74,121,59,18
1778523265.4070668,2,189,0,49,121,32,2
1778523265.4103746,1,1736,0,74,121,59,19
1778523265.424824,2,189,0,49,121,32,1
1778523265.42809,1,1736,0,74,121,59,17
1778523265.4420893,2,189,0,49,121,32,1
1778523265.4449117,1,1736,0,74,121,60,19
1778523265.459379,2,189,0,49,121,32,1
1778523265.4627213,1,1736,0,74,121,59,17
1778523265.4770958,2,189,0,49,121,32,1
1778523265.4802163,1,1736,0,74,121,59,17
1778523265.4940886,2,189,0,49,121,32,2
1778523265.496955,1,1736,0,74,121,60,18
1778523265.5114062,2,189,0,49,121,32,1
1778523265.5147676,1,1736,0,74,121,60,19
1778523265.5287278,2,189,0,49,121,32,1
1778523265.5315568,1,1736,0,74,121,59,18
1778523265.5461023,2,189,0,49,121,32,2
1778523265.5498521,1,1736,0,74,121,59,18
1778523265.563887,2,189,0,49,121,32,1
1778523265.5666623,1,1736,0,74,121,59,17
1778523265.5811229,2,189,0,49,121,32,1
1778523265.5850697,1,1736,0,74,121,60,19
1778523265.599048,2,189,0,49,121,32,1
1778523265.6021628,1,1736,0,74,121,60,20
1778523265.6166406,2,189,0,49,121,32,1
1778523265.6198142,1,1736,0,74,121,59,18
1778523265.6336899,2,189,0,49,121,32,1
1778523265.636596,1,1736,0,74,121,59,16
1778523265.6510413,2,189,0,49,121,32,1
1778523265.6544352,1,1736,0,74,121,59,18
1778523265.6683574,2,189,0,49,121,32,2
1778523265.6710882,1,1736,0,74,121,59,19
1778523265.6855688,2,189,0,49,121,32,1
1778523265.6894953,1,1736,0,74,121,59,19
1778523265.70348,2,189,0,49,121,32,1
1778523265.7062585,1,1736,0,74,121,59,19
1778523265.7208416,2,189,0,49,121,32,2
1778523265.7241354,1,1736,0,74,121,59,19
1778523265.737982,2,189,0,49,121,32,1
1778523265.740794,1,1736,0,74,121,60,19
1778523265.7552297,2,189,0,49,121,32,1
1778523265.7585042,1,1736,0,74,121,60,19
1778523265.7728746,2,189,0,49,121,32,1
1778523265.776189,1,1736,0,74,121,59,18
1778523265.79046,2,189,0,49,121,32,1
1778523265.7939832,1,1736,0,74,121,59,20
1778523265.8080962,2,189,0,49,121,32,1
1778523265.810953,1,1736,0,74,121,59,14
1778523265.825322,2,189,0,49,120,32,1
1778523265.82932,1,1736,0,74,121,59,19
1778523265.8432817,2,189,0,49,120,32,1
1778523265.8465889,1,1736,0,74,121,59,16
1778523265.8611674,2,189,0,49,120,32,1
1778523265.8643656,1,1736,0,74,121,60,15
1778523265.8783681,2,189,0,49,120,32,1
1778523265.8814833,1,1736,0,74,121,60,14
1778523265.8960052,2,189,0,49,120,32,1
1778523265.8994312,1,1736,0,74,121,60,19
1778523265.9133987,2,189,0,49,120,32,1
1778523265.916193,1,1736,0,74,121,59,19
1778523265.9304783,2,189,0,49,121,32,1
1778523265.9340525,1,1736,0,74,121,59,19
1778523265.948092,2,189,0,49,120,32,2
1778523265.9508116,1,1736,0,74,121,60,18
1778523265.9650884,2,189,0,49,121,32,1
1778523265.9689429,1,1736,0,74,121,60,19
1778523265.9831283,2,189,0,49,120,32,1
1778523265.9863367,1,1736,0,74,121,59,17
1778523266.0009363,2,189,0,49,121,32,1
1778523266.0041854,1,1736,0,74,121,60,19
1778523266.0182476,2,189,0,49,120,32,1
1778523266.0211341,1,1736,0,74,121,59,20
1778523266.0355675,2,189,0,49,121,32,2
1778523266.0389621,1,1736,0,74,121,59,20
1778523266.0531635,2,189,0,49,121,32,2
1778523266.0561142,1,1736,0,74,121,59,17
1778523266.0705442,2,189,0,49,121,32,1
1778523266.0741456,1,1736,0,74,121,59,18
1778523266.088587,2,189,0,49,121,32,1
1778523266.0918474,1,1736,0,74,121,60,19
1778523266.1065042,2,189,0,49,121,32,1
1778523266.1101108,1,1736,0,74,121,59,19
1778523266.124169,2,189,0,49,121,32,1
1778523266.1269612,1,1736,0,74,121,59,19
1778523266.1415892,2,189,0,49,121,32,1
1778523266.1455653,1,1736,0,74,121,60,19
1778523266.1596432,2,189,0,49,121,32,1
1778523266.1630027,1,1736,0,74,121,59,16
1778523266.1774673,2,189,0,49,121,32,1
1778523266.1806955,1,1736,0,74,121,60,19
1778523266.1946187,2,189,0,49,121,32,1
1778523266.1976027,1,1736,0,74,121,59,18
1778523266.2121263,2,189,0,49,121,32,1
1778523266.2154615,1,1736,0,74,121,62,14
1778523266.2293532,2,189,0,49,121,32,1
1778523266.2321548,1,1736,0,74,121,60,17
1778523266.2465823,2,189,0,49,121,32,1
1778523266.2501848,1,1736,0,74,121,59,19
1778523266.264577,2,189,0,49,121,33,1
1778523266.2676325,1,1736,0,74,121,59,18
1778523266.281956,2,189,0,49,121,32,1
1778523266.28553,1,1736,0,74,121,59,20
1778523266.2997348,2,189,0,49,120,32,1
1778523266.3026385,1,1736,0,74,121,60,19
1778523266.31694,2,189,0,49,121,32,1
1778523266.3209288,1,1736,0,74,121,59,19
1778523266.334831,2,189,0,49,121,32,1
1778523266.3378837,1,1736,0,74,120,59,18
1778523266.3524556,2,189,0,49,121,32,1
1778523266.3556905,1,1736,0,74,121,60,19
1778523266.369623,2,189,0,49,121,32,1
1778523266.372396,1,1736,0,74,121,60,19
1778523266.3869174,2,189,0,49,121,32,2
1778523266.3902607,1,1736,0,74,121,59,19
1778523266.4043498,2,189,0,49,121,32,1
1778523266.4073987,1,1736,0,74,121,59,19
1778523266.4218779,2,189,0,49,121,32,1
1778523266.4259825,1,1736,0,74,121,59,18
1778523266.4399369,2,189,0,49,121,32,1
1778523266.4435914,1,1736,0,74,121,60,19
1778523266.4583807,2,189,0,49,121,32,1
1778523266.461508,1,1736,0,74,121,59,19
1778523266.4755154,2,189,0,49,121,32,1
1778523266.4785078,1,1736,0,74,121,59,20
1778523266.492797,2,189,0,49,121,32,2
1778523266.4967806,1,1736,0,74,121,60,15
1778523266.5107534,2,189,0,49,121,32,1
1778523266.5136058,1,1736,0,74,121,60,16
1778523266.5280943,2,189,0,49,121,32,1
1778523266.531384,1,1736,0,74,121,59,16
1778523266.545402,2,189,0,49,121,32,1
1778523266.5484161,1,1736,0,74,121,59,19
1778523266.5629287,2,189,0,49,121,32,1
1778523266.566533,1,1736,0,74,121,59,17
1778523266.5808601,2,189,0,49,121,32,1
1778523266.5837502,1,1736,0,74,121,59,19
1778523266.5975304,2,189,0,49,121,32,1
1778523266.6003003,1,1736,0,74,121,60,18
1778523266.614791,2,189,0,49,121,32,1
1778523266.6180296,1,1736,0,74,121,60,20
1778523266.631932,2,189,0,49,121,32,1
1778523266.6346831,1,1736,0,74,121,60,18
1778523266.6490374,2,189,0,49,121,32,1
1778523266.6529112,1,1736,0,74,121,59,18
1778523266.6668105,2,189,0,49,121,32,1
1778523266.669723,1,1736,0,74,121,60,18
1778523266.684036,2,189,0,49,121,32,1
1778523266.6872706,1,1736,0,74,121,59,19
1778523266.7012491,2,189,0,49,121,32,1
1778523266.704063,1,1736,0,74,121,53,16
1778523266.7183933,2,189,0,49,121,32,1
1778523266.7219956,1,1736,0,74,121,60,18
1778523266.7359583,2,189,0,49,121,32,2
1778523266.7387195,1,1736,0,74,121,60,19
1778523266.7531881,2,189,0,49,121,32,1
1778523266.757067,1,1736,0,74,121,60,19
1778523266.7710233,2,189,0,49,121,32,1
1778523266.7740297,1,1736,0,74,121,60,17
1778523266.7885776,2,189,0,49,121,32,1
1778523266.7918143,1,1736,0,74,121,60,18
1778523266.8056965,2,189,0,49,121,32,1
1778523266.8085444,1,1736,0,74,121,60,19
1778523266.82309,2,189,0,49,121,32,1
1778523266.8264618,1,1736,0,74,121,63,14
1778523266.840644,2,189,0,49,120,32,1
1778523266.8435886,1,1736,0,74,121,60,18
1778523266.8581421,2,189,0,49,121,32,1
1778523266.8617146,1,1736,0,74,121,59,17
1778523266.8763287,2,189,0,49,121,32,1
1778523266.8792875,1,1736,0,74,121,60,13
1778523266.8932319,2,189,0,49,121,32,2
1778523266.896068,1,1736,0,74,121,60,18
1778523266.9104056,2,189,0,49,121,32,1
1778523266.9139524,1,1736,0,74,121,60,19
1778523266.9279034,2,189,0,49,121,32,1
1778523266.9306839,1,1736,0,74,121,59,19
1778523266.9449894,2,189,0,49,121,32,1
1778523266.9488251,1,1736,0,74,121,59,16
1778523266.962815,2,189,0,49,121,32,1
1778523266.9658747,1,1736,0,74,121,59,19
1778523266.9803753,2,189,0,49,121,32,1
1778523266.9837224,1,1736,0,74,121,60,19
1778523266.9977362,2,189,0,49,121,32,1
1778523267.0005903,1,1736,0,74,121,59,19
1778523267.0150256,2,189,0,49,121,32,1
1778523267.018392,1,1736,0,74,121,60,19
1778523267.032744,2,189,0,49,121,32,0
1778523267.035848,1,1736,0,74,121,59,19
1778523267.0499969,2,189,0,49,120,32,1
1778523267.0529945,1,1736,0,74,121,60,18
1778523267.0669289,2,189,0,49,121,32,1
1778523267.0699337,1,1736,0,74,121,60,19
1778523267.084639,2,189,0,49,121,32,1
1778523267.0880103,1,1736,0,74,121,59,20
1778523267.1020005,2,189,0,49,121,32,1
1778523267.1048486,1,1736,0,74,121,59,19
1778523267.1193988,2,189,0,49,121,32,1
1778523267.1228986,1,1736,0,74,121,60,19
1778523267.1373308,2,189,0,49,121,32,1
1778523267.140573,1,1736,0,74,121,60,19
1778523267.154516,2,189,0,49,121,32,1
1778523267.1574416,1,1736,0,74,121,60,19
1778523267.171875,2,189,0,49,121,32,1
1778523267.175225,1,1736,0,74,121,60,14
1778523267.1893892,2,189,0,49,121,32,2
1778523267.1923783,1,1736,0,74,121,60,17
1778523267.206405,2,189,0,49,121,32,1
1778523267.2094457,1,1736,0,74,121,59,19
1778523267.2240274,2,189,0,49,121,32,2
1778523267.2275262,1,1736,0,74,121,60,16
1778523267.241493,2,189,0,49,121,32,1
1778523267.2442737,1,1736,0,74,121,60,19
1778523267.2584684,2,189,0,49,121,32,1
1778523267.262047,1,1736,0,74,121,60,19
1778523267.276102,2,189,0,49,121,32,1
1778523267.2789679,1,1736,0,74,121,59,18
1778523267.2935221,2,189,0,49,121,32,2
1778523267.3006794,1,1736,0,74,121,59,19
1778523267.315448,2,189,0,49,121,32,1
1778523267.318995,1,1736,0,74,121,60,18
1778523267.333297,2,189,0,49,121,32,1
1778523267.3361485,1,1736,0,74,121,60,19
1778523267.3501194,2,189,0,49,121,32,1
1778523267.3532443,1,1736,0,74,121,59,19
1778523267.3676167,2,189,0,49,121,32,1
1778523267.3708892,1,1736,0,74,121,63,15
1778523267.3851123,2,189,0,49,121,32,1
1778523267.3882008,1,1736,0,74,121,60,15
1778523267.4021323,2,189,0,49,121,32,1
1778523267.4051256,1,1736,0,74,121,60,19
1778523267.4193819,2,189,0,49,121,32,1
1778523267.4225845,1,1736,0,74,121,60,16
1778523267.4370956,2,189,0,49,121,32,2
1778523267.4410238,1,1736,0,74,121,60,17
1778523267.4548929,2,189,0,49,121,32,0
1778523267.4577565,1,1736,0,74,121,60,19
1778523267.4724574,2,189,0,49,121,32,1
1778523267.4760017,1,1736,0,74,121,60,19
1778523267.4900186,2,189,0,49,121,32,1
1778523267.4928064,1,1736,0,74,121,60,18
1778523267.5072045,2,189,0,49,121,32,1
1778523267.5104883,1,1736,0,74,121,60,14
1778523267.5246868,2,189,0,49,121,32,1
1778523267.5276468,1,1736,0,74,121,60,19
1778523267.5415204,2,189,0,49,121,32,1
1778523267.5443437,1,1736,0,74,120,60,18
1778523267.558889,2,189,0,49,121,32,2
1778523267.562502,1,1736,0,74,121,60,19
1778523267.5765502,2,189,0,49,121,32,1
1778523267.5793476,1,1736,0,74,121,60,19
1778523267.5937738,2,189,0,49,121,32,2
1778523267.5977492,1,1736,0,74,121,60,18
1778523267.611662,2,189,0,49,121,32,1
1778523267.614879,1,1736,0,74,121,60,16
1778523267.6294105,2,189,0,49,121,32,1
1778523267.632629,1,1736,0,74,121,60,20
1778523267.6464546,2,189,0,49,121,32,1
1778523267.6494823,1,1736,0,74,121,59,19
1778523267.6639287,2,189,0,49,121,32,1
1778523267.6672862,1,1736,0,74,121,60,19
1778523267.6812055,2,189,0,49,121,32,1
1778523267.6839905,1,1736,0,74,121,60,19
1778523267.6982794,2,189,0,49,121,32,1
1778523267.7018275,1,1736,0,74,121,60,14
1778523267.7163715,2,189,0,49,121,32,1
1778523267.719368,1,1736,0,74,121,60,18
1778523267.7332165,2,189,0,49,121,32,1
1778523267.7360432,1,1736,0,74,121,59,19
1778523267.7505307,2,189,0,49,121,32,2
1778523267.7539995,1,1736,0,74,121,59,18
1778523267.768628,2,189,0,49,121,32,1
1778523267.7717385,1,1736,0,74,121,60,19
1778523267.7855742,2,189,0,49,121,32,1
1778523267.7883725,1,1736,0,74,121,59,18
1778523267.8030922,2,189,0,49,121,32,1
1778523267.8064337,1,1736,0,74,121,59,19
1778523267.8206134,2,189,0,49,121,32,1
1778523267.823383,1,1736,0,74,121,60,20
1778523267.838192,2,189,0,49,121,32,1
1778523267.8421628,1,1736,0,74,121,60,19
1778523267.8560338,2,189,0,49,121,32,1
1778523267.8587894,1,1736,0,74,121,60,16
1778523267.8734553,2,189,0,49,121,32,1
1778523267.876698,1,1736,0,74,121,60,19
1778523267.8906813,2,189,0,49,121,32,1
1778523267.8936524,1,1736,0,74,121,60,18
1778523267.908186,2,189,0,49,120,32,1
1778523267.911504,1,1736,0,74,121,59,19
1778523267.9255915,2,189,0,49,121,32,1
1778523267.9284003,1,1736,0,74,121,60,19
1778523267.9429913,2,189,0,49,121,32,1
1778523267.9462504,1,1736,0,74,121,60,18
1778523267.960106,2,189,0,49,121,32,1
1778523267.9628632,1,1736,0,74,121,60,19
1778523267.977412,2,189,0,49,121,32,2
1778523267.9813027,1,1736,0,74,121,60,18
1778523267.9952097,2,189,0,49,121,32,1
1778523267.9984972,1,1736,0,74,121,60,20
1778523268.0127685,2,189,0,49,121,32,2
1778523268.0157602,1,1736,0,74,121,60,20
1778523268.0304418,2,189,0,49,121,32,1
1778523268.033962,1,1736,0,74,121,60,14
1778523268.0481496,2,189,0,49,121,32,0
1778523268.0509577,1,1736,0,74,121,60,19
1778523268.0654597,2,189,0,49,121,32,1
1778523268.0693824,1,1736,0,74,121,60,19
1778523268.0832427,2,189,0,49,121,32,2
1778523268.0865316,1,1736,0,74,121,60,14
1778523268.1011844,2,189,0,49,121,32,1
1778523268.1044452,1,1736,0,74,121,60,13
1778523268.1185277,2,189,0,49,121,32,1
1778523268.121493,1,1736,0,74,121,60,20
1778523268.1360502,2,189,0,49,121,32,1
1778523268.1395009,1,1736,0,74,121,60,20
1778523268.1534886,2,189,0,49,121,32,0
1778523268.1562366,1,1736,0,74,121,60,19
1778523268.170797,2,189,0,49,121,32,1
1778523268.1744156,1,1736,0,74,121,59,19
1778523268.1883926,2,189,0,49,120,32,1
1778523268.1912813,1,1736,0,74,120,60,19
1778523268.2055795,2,189,0,49,121,32,1
1778523268.2091055,1,1736,0,74,121,60,19
1778523268.2230105,2,189,0,49,121,32,1
1778523268.225912,1,1736,0,74,121,59,19
1778523268.2404,2,189,0,49,120,32,1
1778523268.2437358,1,1736,0,74,121,59,19
1778523268.2577136,2,189,0,49,121,32,1
1778523268.2605655,1,1736,0,74,121,60,14
1778523268.2749245,2,189,0,49,121,32,1
1778523268.2785387,1,1736,0,74,121,60,18
1778523268.292651,2,189,0,49,121,32,1
1778523268.2954733,1,1736,0,74,121,59,16
1778523268.3098855,2,189,0,49,121,32,2
1778523268.3135426,1,1736,0,74,121,59,16
1778523268.3276339,2,189,0,49,121,32,2
1778523268.3304415,1,1736,0,74,121,60,19
1778523268.3449352,2,189,0,49,121,32,1
1778523268.3489442,1,1736,0,74,121,59,17
1778523268.3629127,2,189,0,49,121,32,2
1778523268.366035,1,1736,0,74,121,60,19
1778523268.3806114,2,189,0,49,121,32,1
1778523268.3837764,1,1736,0,74,121,60,19
1778523268.39781,2,189,0,49,121,32,1
1778523268.400801,1,1736,0,74,121,60,19
1778523268.4147515,2,189,0,49,121,32,1
1778523268.4177701,1,1736,0,74,121,59,19
1778523268.4323673,2,189,0,49,121,32,2
1778523268.4357903,1,1736,0,74,121,60,19
1778523268.449655,2,189,0,49,121,32,1
1778523268.4524715,1,1736,0,74,121,60,19
1778523268.466845,2,189,0,49,121,32,1
1778523268.470245,1,1736,0,74,121,60,19
1778523268.4841545,2,189,0,49,121,32,1
1778523268.4869068,1,1736,0,74,121,60,18
1778523268.5015314,2,189,0,49,121,32,1
1778523268.5055141,1,1736,0,74,121,58,19
1778523268.519462,2,189,0,49,121,32,1
1778523268.522623,1,1736,0,74,121,59,14
1778523268.5372708,2,189,0,49,121,32,1
1778523268.5405002,1,1736,0,74,121,60,17
1778523268.5545137,2,189,0,49,121,32,1
1778523268.5575616,1,1736,0,74,121,60,19
1778523268.572091,2,189,0,49,121,32,1
1778523268.5754101,1,1736,0,74,121,60,18
1778523268.5894518,2,189,0,49,121,32,1
1778523268.5922,1,1736,0,74,121,60,19
1778523268.6066816,2,189,0,49,121,32,1
1778523268.6103296,1,1736,0,74,121,60,19
1778523268.6244495,2,189,0,49,120,32,1
1778523268.6272573,1,1736,0,74,121,60,20
1778523268.641633,2,189,0,49,120,32,1
1778523268.6455626,1,1736,0,74,121,60,20
1778523268.659663,2,189,0,49,120,32,1
1778523268.6630259,1,1736,0,74,121,63,14
1778523268.6776495,2,189,0,49,121,32,1
1778523268.680688,1,1736,0,74,121,60,17
1778523268.694579,2,189,0,49,121,32,1
1778523268.6976066,1,1736,0,74,121,60,19
1778523268.7123199,2,189,0,49,121,32,1
1778523268.7157354,1,1736,0,74,121,60,18
1778523268.729702,2,189,0,49,121,32,1
1778523268.732918,1,1736,0,74,121,60,16
1778523268.747212,2,189,0,49,121,32,1
1778523268.7501788,1,1736,0,74,121,60,18
1778523268.7645786,2,189,0,49,121,32,2
1778523268.7685645,1,1736,0,74,121,60,18
1778523268.7827544,2,189,0,49,121,33,1
1778523268.785826,1,1736,0,74,121,60,14
1778523268.8003488,2,189,0,49,121,32,1
1778523268.8038177,1,1736,0,74,121,60,19
1778523268.817836,2,189,0,49,121,32,2
1778523268.8207662,1,1736,0,74,121,60,19
1778523268.8352058,2,189,0,49,121,32,1
1778523268.8384724,1,1736,0,74,121,60,19
1778523268.852775,2,189,0,49,121,32,1
1778523268.856008,1,1736,0,74,121,60,14
1778523268.8699036,2,189,0,49,121,32,2
1778523268.872728,1,1736,0,74,121,60,16
1778523268.8872151,2,189,0,49,121,32,1
1778523268.890757,1,1736,0,74,121,60,17
1778523268.9051185,2,189,0,49,121,32,1
1778523268.9080174,1,1736,0,74,121,60,18
1778523268.9218113,2,189,0,49,121,32,1
1778523268.92468,1,1736,0,74,121,60,19
1778523268.9391627,2,189,0,49,121,32,1
1778523268.9424694,1,1736,0,74,121,60,19
1778523268.956376,2,189,0,49,121,32,0
1778523268.959173,1,1736,0,74,121,60,20
1778523268.9735374,2,189,0,49,121,32,1
1778523268.9774413,1,1736,0,74,121,60,20
1778523268.9913247,2,189,0,49,121,32,2
1778523268.9945037,1,1736,0,74,121,60,19
1778523269.009057,2,189,0,49,121,32,1
1778523269.0122616,1,1736,0,74,121,60,16
1778523269.026453,2,189,0,49,121,32,1
1778523269.0294187,1,1736,0,74,121,60,19
1778523269.043262,2,189,0,49,121,32,2
1778523269.047099,1,1736,0,74,121,60,19
1778523269.061961,2,189,0,49,121,33,1
1778523269.0653245,1,1736,0,74,121,59,16
1778523269.0793426,2,189,0,49,121,32,1
1778523269.0826733,1,1736,0,74,121,60,16
