Timestamp,ID,Position,Speed,Load,Voltage,Temperature,Current
1778519235.7027028,1,1161,200,74,109,39,0
1778519235.7167673,1,1166,250,107,110,39,0
1778519235.7302024,1,1173,450,131,111,39,0
1778519235.7437267,1,1182,450,151,113,39,0
1778519235.7571006,1,1192,700,156,113,39,0
1778519235.7705193,1,1202,750,160,116,39,0
1778519235.7838748,1,1213,750,163,116,39,0
1778519235.7975445,1,1224,850,160,117,39,0
1778519235.811006,1,1236,850,157,118,38,0
1778519235.824381,1,1247,850,154,118,39,0
1778519235.8378615,1,1257,800,155,118,39,0
1778519235.8512218,1,1267,750,156,119,39,0
1778519235.865023,1,1277,750,159,119,39,0
1778519235.878488,1,1286,650,168,120,39,0
1778519235.8920314,1,1295,650,176,120,39,0
1778519235.9059362,1,1303,650,184,120,39,0
1778519235.9197416,1,1312,650,193,120,39,1
1778519235.9331503,1,1320,600,203,121,39,2
1778519235.946737,1,1328,600,214,120,39,3
1778519235.960243,1,1334,600,224,120,39,3
1778519235.9737608,1,1341,400,244,121,39,6
1778519235.987296,1,1348,400,267,121,39,5
1778519236.0008023,1,1357,600,273,120,39,7
1778519236.0142884,1,1367,700,279,120,39,7
1778519236.0277557,1,1377,700,285,121,39,7
1778519236.0413036,1,1388,750,286,121,39,6
1778519236.0547988,1,1398,750,289,121,39,7
1778519236.068259,1,1409,750,291,121,39,6
1778519236.0816422,1,1420,800,291,121,39,8
1778519236.0950558,1,1432,850,288,121,39,6
1778519236.108781,1,1442,800,287,121,39,7
1778519236.1227732,1,1454,800,287,121,39,6
1778519236.1361337,1,1465,850,284,121,39,6
1778519236.1495771,1,1477,800,283,121,39,7
1778519236.162891,1,1487,800,283,120,39,6
1778519236.176264,1,1498,800,283,121,39,6
1778519236.1897867,1,1509,800,283,121,39,7
1778519236.2032664,1,1519,800,283,121,39,5
1778519236.2169828,1,1531,800,283,121,39,6
1778519236.230944,1,1542,850,281,121,39,6
1778519236.244277,1,1554,850,278,121,39,7
1778519236.2576907,1,1564,800,279,121,39,6
1778519236.2710602,1,1575,800,279,121,39,5
1778519236.2845902,1,1585,800,279,121,39,6
1778519236.3009686,1,1596,750,282,121,39,5
1778519236.314736,1,1609,800,283,121,39,7
1778519236.3283658,1,1620,800,283,121,39,6
1778519236.3418489,1,1632,800,283,121,39,6
1778519236.3553116,1,1642,800,283,121,39,6
1778519236.3686714,1,1653,850,281,121,39,5
1778519236.3821638,1,1664,850,278,121,39,6
1778519236.3955948,1,1675,800,279,121,39,6
1778519236.4089766,1,1685,750,280,121,39,6
1778519236.4223444,1,1696,750,283,121,39,6
1778519236.4358692,1,1707,800,283,121,39,6
1778519236.4493475,1,1718,850,281,121,39,6
1778519236.4628048,1,1729,850,278,121,39,5
1778519236.4761674,1,1740,800,279,121,39,6
1778519236.4896166,1,1751,800,279,121,39,6
1778519236.502932,1,1762,800,279,121,39,6
1778519236.5164363,1,1773,850,275,121,39,5
1778519236.5302238,1,1784,750,277,121,39,6
1778519236.5439367,1,1794,750,279,121,39,6
1778519236.5574405,1,1804,800,279,121,39,6
1778519236.5708935,1,1816,800,279,121,39,5
1778519236.584783,1,1826,800,279,121,39,6
1778519236.5987031,1,1838,800,279,121,39,5
1778519236.6121297,1,1849,800,279,121,39,5
1778519236.625482,1,1860,800,279,121,39,5
1778519236.6388972,1,1870,800,279,121,39,5
1778519236.6523283,1,1881,750,281,121,39,5
1778519236.665833,1,1891,800,283,121,39,7
1778519236.6793253,1,1902,800,283,121,39,6
1778519236.6927028,1,1911,750,285,120,39,9
1778519236.7061672,1,1918,550,294,120,39,13
1778519236.7196457,1,1924,550,307,119,39,25
1778519236.733004,1,1928,400,329,119,39,28
1778519236.7464042,1,1930,200,355,117,39,42
1778519236.759889,1,1932,200,389,117,39,48
1778519236.7733598,1,1934,150,423,117,39,62
1778519236.7868803,1,1936,150,459,116,39,62
1778519237.5943894,2,653,-800,327,111,34,8
1778519237.6085913,2,641,-850,324,110,34,8
1778519237.6220374,2,628,-850,321,110,34,8
1778519237.635571,2,618,-800,319,110,34,9
1778519237.648988,2,607,-800,319,110,34,8
1778519237.662502,2,598,-750,322,110,34,8
1778519237.6760414,2,586,-800,323,110,34,9
1778519237.6895397,2,575,-800,323,110,34,7
1778519237.70303,2,564,-800,323,111,34,8
1778519237.7164972,2,553,-850,322,111,34,8
1778519237.7300284,2,541,-850,319,112,35,7
1778519237.7434971,2,530,-850,316,112,34,7
1778519237.757006,2,520,-750,317,111,34,7
1778519237.770537,2,509,-750,320,110,34,8
1778519237.7839892,2,498,-800,319,110,34,7
1778519237.7979343,2,487,-850,318,110,34,7
1778519237.8115513,2,476,-850,315,110,34,8
1778519237.8251824,2,465,-800,315,110,34,7
1778519237.838649,2,454,-800,315,112,34,7
1778519237.8521528,2,441,-800,315,111,34,6
1778519237.8659763,2,432,-850,312,111,34,6
1778519237.8797336,2,420,-750,314,110,34,8
1778519237.893402,2,409,-750,316,110,34,8
1778519237.9067898,2,398,-800,315,111,34,7
1778519237.9202073,2,387,-850,313,111,34,7
1778519237.9338937,2,376,-850,311,112,34,7
1778519237.9472528,2,365,-800,311,111,34,7
1778519237.9608927,2,353,-850,309,111,34,6
1778519237.9746578,2,342,-800,307,110,34,6
1778519237.9880648,2,332,-800,307,110,34,6
1778519238.0016088,2,320,-800,307,111,34,7
1778519238.0150757,2,310,-800,307,111,34,7
1778519238.0286536,2,299,-800,307,112,34,7
1778519238.0422351,2,289,-750,310,112,34,7
1778519238.055882,2,278,-850,310,112,34,7
1778519238.0694685,2,266,-850,307,112,34,6
1778519238.082985,2,256,-800,307,111,34,6
1778519238.096405,2,244,-800,307,111,34,7
1778519238.1098552,2,235,-800,307,110,34,7
1778519238.1233873,2,224,-750,311,110,35,7
1778519238.136856,2,213,-800,311,110,34,8
1778519238.1503167,2,202,-800,311,110,34,6
1778519238.1638815,2,191,-800,311,111,34,8
1778519238.1775148,2,181,-800,311,111,34,7
1778519238.1910915,2,170,-800,311,112,34,7
1778519238.2046757,2,159,-800,311,111,34,7
1778519238.218276,2,148,-800,311,111,34,7
1778519238.2318947,2,136,-800,311,111,34,7
1778519238.2458751,2,126,-800,311,110,34,7
1778519238.2592883,2,115,-800,311,110,34,7
1778519238.2725978,2,104,-800,311,111,34,7
1778519238.286149,2,94,-800,311,112,34,7
1778519238.2997425,2,82,-800,311,112,34,7
1778519238.313352,2,71,-800,311,111,34,7
1778519238.3267097,2,60,-800,311,111,34,8
1778519238.3400958,2,49,-850,309,111,34,7
1778519238.3535166,2,38,-800,307,110,34,6
1778519238.3669636,2,29,-800,307,110,34,7
1778519238.3808165,2,18,-700,313,110,34,8
1778519238.3947978,2,7,-800,315,110,34,7
1778519238.4083858,2,4091,-800,315,111,34,7
1778519238.4220037,2,4080,-850,312,112,34,6
1778519238.4355838,2,4069,-800,311,112,34,8
1778519238.4492412,2,4058,-800,311,112,34,7
1778519238.4627323,2,4047,-800,311,111,34,7
1778519238.4761176,2,4037,-800,311,111,34,7
1778519238.4896164,2,4026,-800,311,110,34,8
1778519238.5029655,2,4019,-750,315,110,34,13
1778519238.5164726,2,4013,-450,331,110,34,20
1778519238.5298946,2,4009,-450,349,110,34,29
1778519238.5433495,2,4006,-350,376,109,34,40
1778519238.556951,2,4004,-200,406,109,34,46
1778519238.5704436,2,4002,-200,439,107,34,57
1778519239.3779051,2,4002,200,98,121,34,0
1778519239.3823926,1,1934,-250,84,122,39,0
1778519239.3952997,2,4008,350,134,121,34,0
1778519239.3985941,1,1928,-350,117,121,39,0
1778519239.412301,2,4014,350,164,121,34,2
1778519239.4157333,1,1922,-350,148,121,39,1
1778519239.4287634,2,4020,350,195,121,34,3
1778519239.4317129,1,1915,-350,177,121,39,2
1778519239.445485,2,4026,350,224,121,34,5
1778519239.4495509,1,1911,-400,205,121,39,4
1778519239.4623802,2,4034,400,252,120,34,7
1778519239.4652488,1,1905,-250,241,120,39,5
1778519239.4789333,2,4044,500,271,120,34,8
1778519239.4825947,1,1895,-500,263,120,39,7
1778519239.495716,2,4054,600,285,120,34,8
1778519239.4987872,1,1883,-600,279,120,39,7
1778519239.5122397,2,4066,700,294,120,34,7
1778519239.5165462,1,1871,-750,287,120,39,7
1778519239.52956,2,4079,700,301,120,34,9
1778519239.5323265,1,1858,-750,292,120,39,8
1778519239.54595,2,4092,700,308,120,34,9
1778519239.5529826,1,1847,-700,299,120,39,8
1778519239.5667136,2,13,850,301,120,34,9
1778519239.570625,1,1831,-750,302,120,39,8
1778519239.5836837,2,28,800,302,120,34,9
1778519239.5866187,1,1818,-750,305,120,39,8
1778519239.5996222,2,39,800,302,120,34,7
1778519239.6030428,1,1805,-800,305,120,39,8
1778519239.6165917,2,51,700,308,120,34,9
1778519239.6197336,1,1792,-800,305,120,39,8
1778519239.632861,2,65,800,310,120,34,9
1778519239.6358488,1,1778,-800,305,120,39,7
1778519239.6492906,2,78,850,309,120,34,9
1778519239.652473,1,1765,-750,307,120,39,9
1778519239.6656377,2,93,850,305,120,34,7
1778519239.6686616,1,1752,-750,310,120,39,8
1778519239.681974,2,107,850,302,120,34,8
1778519239.6855896,1,1738,-850,306,120,39,8
1778519239.6986403,2,121,850,299,120,34,8
1778519239.7016141,1,1724,-850,302,120,39,9
1778519239.714624,2,133,800,298,120,34,8
1778519239.7177973,1,1711,-800,301,120,39,8
1778519239.731317,2,145,750,300,120,34,9
1778519239.734722,1,1698,-800,301,120,39,8
1778519239.7477016,2,158,750,304,120,34,9
1778519239.7506294,1,1685,-800,301,120,39,8
1778519239.7641525,2,172,750,307,120,34,8
1778519239.768287,1,1671,-800,301,120,39,7
1778519239.7813673,2,187,850,302,120,34,8
1778519239.7841659,1,1658,-800,301,120,39,8
1778519239.798131,2,200,850,299,120,34,8
1778519239.801674,1,1644,-800,301,120,39,8
1778519239.814615,2,215,800,298,120,34,7
1778519239.8175342,1,1632,-800,301,120,39,8
1778519239.8311055,2,227,800,298,120,34,8
1778519239.8346822,1,1618,-800,301,120,39,8
1778519239.8482578,2,239,750,300,120,34,8
1778519239.851312,1,1604,-800,301,120,39,8
1778519239.864328,2,252,750,303,120,35,9
1778519239.8672006,1,1591,-800,301,120,39,7
1778519239.8806448,2,265,800,302,120,34,8
1778519239.8845568,1,1579,-750,305,120,39,9
1778519239.8975408,2,280,800,302,120,34,7
1778519239.9003906,1,1565,-800,305,120,39,8
1778519239.9139264,2,293,850,299,120,34,7
1778519239.9174626,1,1551,-850,303,120,39,9
1778519239.9305363,2,308,850,296,120,34,8
1778519239.933429,1,1537,-800,301,120,39,8
1778519239.9465728,2,321,800,294,120,34,8
1778519239.9497328,1,1524,-800,301,120,39,7
1778519239.9632404,2,333,800,294,120,34,8
1778519239.9668555,1,1512,-800,301,120,39,7
1778519239.9799042,2,345,700,302,120,34,8
1778519239.9828708,1,1498,-800,301,120,39,8
1778519239.9959176,2,359,800,302,120,34,7
1778519239.99943,1,1485,-800,301,120,39,9
1778519240.013208,2,373,850,300,120,34,7
1778519240.0168264,1,1470,-850,299,120,39,8
1778519240.0297542,2,388,800,298,120,34,7
1778519240.0327926,1,1458,-800,297,120,39,7
1778519240.0464246,2,401,850,297,120,34,9
1778519240.0501356,1,1444,-800,297,120,39,8
1778519240.063236,2,415,850,293,120,34,7
1778519240.0662215,1,1430,-800,297,120,39,9
1778519240.0792549,2,427,850,290,120,34,8
1778519240.0823977,1,1417,-800,297,120,39,8
1778519240.0957644,2,438,700,297,120,34,8
1778519240.0990639,1,1405,-800,297,120,40,7
1778519240.1121235,2,452,750,301,120,35,8
1778519240.1149852,1,1391,-750,300,120,39,8
1778519240.1280465,2,465,800,302,120,34,8
1778519240.1314836,1,1378,-850,300,120,39,8
1778519240.1449273,2,479,800,301,120,34,8
1778519240.1481078,1,1365,-850,297,120,39,7
1778519240.161123,2,492,850,298,120,34,7
1778519240.1640892,1,1351,-750,301,120,39,9
1778519240.1774473,2,505,800,298,120,34,8
1778519240.181034,1,1338,-850,298,120,39,8
1778519240.1938803,2,518,800,298,120,34,9
1778519240.1967585,1,1324,-800,297,120,39,8
1778519240.210367,2,530,750,300,120,34,9
1778519240.2139125,1,1311,-800,297,120,39,8
1778519240.2270353,2,542,700,305,120,34,9
1778519240.2300298,1,1298,-800,297,120,39,7
1778519240.243053,2,556,700,312,120,34,8
1778519240.2463498,1,1285,-800,297,120,39,7
1778519240.259821,2,569,850,306,120,34,8
1778519240.2631269,1,1272,-850,294,120,39,6
1778519240.276164,2,584,850,303,120,34,8
1778519240.2790298,1,1258,-750,297,120,39,8
1778519240.2927015,2,598,850,299,120,34,9
1778519240.2971482,1,1246,-800,297,120,39,8
1778519240.3101475,2,612,800,298,120,34,8
1778519240.3130734,1,1232,-800,297,120,39,8
1778519240.3265314,2,619,550,306,119,34,16
1778519240.3301756,1,1226,-450,306,119,39,19
1778519240.343331,2,625,550,323,117,35,26
1778519240.3465412,1,1221,-450,330,117,39,34
1778519240.3600397,2,629,350,358,116,34,37
1778519240.3643117,1,1219,-200,373,115,39,50
1778519240.3772888,2,631,200,400,114,34,65
1778519240.3799183,1,1219,-100,421,111,39,60
1778519240.393368,2,633,100,444,111,34,69
1778519240.397193,1,1219,0,474,109,39,98
1778519240.4109612,2,635,150,492,109,34,81
1778519240.9263077,2,642,0,693,101,35,159
1778519240.9296741,1,1209,0,668,101,39,140
1778519240.9440649,2,642,0,693,101,35,156
1778519240.947467,1,1209,0,668,100,39,140
1778519240.9615693,2,642,0,693,102,34,155
1778519240.964685,1,1209,0,668,100,40,144
1778519240.979032,2,642,0,693,101,35,156
1778519240.982024,1,1209,0,668,101,39,140
1778519240.9967408,2,642,0,693,101,35,157
1778519241.0007784,1,1209,0,668,100,39,141
1778519241.0148509,2,642,0,693,100,35,156
1778519241.017939,1,1209,0,668,101,40,142
1778519241.032453,2,642,0,693,100,35,154
1778519241.0357232,1,1209,0,668,100,40,145
1778519241.0499547,2,642,0,693,101,35,158
1778519241.0530705,1,1209,0,668,100,39,142
1778519241.0675004,2,642,0,693,101,35,156
1778519241.0708892,1,1209,0,668,101,39,138
1778519241.084822,2,642,0,693,101,35,156
1778519241.0875802,1,1209,0,668,101,39,139
1778519241.1023812,2,642,0,693,101,34,155
1778519241.1063619,1,1209,0,668,100,40,142
1778519241.1204543,2,642,0,693,101,35,156
1778519241.1233535,1,1209,0,668,100,39,149
1778519241.1377952,2,642,0,693,101,35,157
1778519241.1413982,1,1209,0,668,101,39,140
1778519241.155329,2,642,0,693,101,34,156
1778519241.1585433,1,1209,0,668,101,39,140
1778519241.1732345,2,642,0,693,102,35,160
1778519241.1764174,1,1209,0,668,100,40,145
1778519241.1906261,2,642,0,693,101,34,155
1778519241.193686,1,1209,0,668,101,40,139
1778519241.208134,2,642,0,693,101,35,159
1778519241.211472,1,1209,0,668,101,39,144
1778519241.225401,2,642,0,693,102,35,158
1778519241.2282114,1,1209,0,668,100,40,141
1778519241.2425687,2,642,0,693,101,35,157
1778519241.246094,1,1209,0,668,100,39,145
1778519241.2601407,2,642,0,693,101,34,156
1778519241.2629857,1,1209,0,668,101,39,146
1778519241.2774658,2,642,0,693,100,35,158
1778519241.2813702,1,1209,0,668,100,39,144
1778519241.2953453,2,642,0,693,102,35,156
1778519241.2986732,1,1209,0,668,100,40,138
1778519241.313111,2,642,0,693,101,35,158
1778519241.3162565,1,1209,0,668,101,40,141
1778519241.3304567,2,642,0,693,101,35,153
1778519241.3336215,1,1209,0,668,101,39,139
1778519241.3480978,2,642,0,693,101,35,157
1778519241.3522582,1,1209,0,668,101,40,145
1778519241.3664014,2,642,0,693,101,35,157
1778519241.3693364,1,1209,0,668,101,40,139
1778519241.3837495,2,642,0,693,101,35,155
1778519241.3869982,1,1209,0,668,101,39,145
1778519241.400918,2,642,0,693,101,35,158
1778519241.4036767,1,1209,0,668,100,40,139
1778519241.4181104,2,642,0,693,101,35,155
1778519241.4215984,1,1209,0,668,101,40,138
1778519241.435958,2,642,0,693,101,35,156
1778519241.439118,1,1209,0,668,101,40,139
1778519241.4536464,2,642,0,693,101,35,153
1778519241.4573176,1,1209,0,668,100,39,145
1778519241.4712567,2,642,0,693,101,35,153
1778519241.4745293,1,1209,0,668,101,39,144
1778519241.489029,2,642,0,693,101,35,157
1778519241.4922366,1,1209,0,668,101,40,148
1778519241.5062008,2,642,0,693,101,35,158
1778519241.5093398,1,1209,0,668,100,39,140
1778519241.5238194,2,642,0,693,102,35,157
1778519241.5273712,1,1209,0,668,101,39,140
1778519241.5414639,2,642,0,693,101,35,156
1778519241.5442119,1,1209,0,668,101,40,144
1778519241.5586374,2,642,0,693,101,35,158
1778519241.5622208,1,1209,0,668,101,40,138
1778519241.5763152,2,642,0,693,101,35,153
1778519241.5790856,1,1209,0,668,101,40,145
1778519241.5936406,2,642,0,693,102,35,158
1778519241.5976343,1,1209,0,668,100,39,142
1778519241.6115947,2,642,0,693,101,35,153
1778519241.6149244,1,1209,0,668,101,40,144
1778519241.6293864,2,642,0,693,101,35,157
1778519241.6324685,1,1209,0,668,100,40,148
1778519241.6464477,2,642,0,693,100,35,168
1778519241.6493537,1,1209,0,668,101,40,141
1778519241.6638389,2,642,0,693,102,35,156
1778519241.6670833,1,1209,0,668,100,39,144
1778519241.6809418,2,642,0,693,101,35,155
1778519241.6836708,1,1209,0,668,100,39,142
1778519241.6977253,2,642,0,693,101,35,154
1778519241.701321,1,1209,0,668,101,40,139
1778519241.7155771,2,642,0,693,101,35,156
1778519241.7185574,1,1209,0,668,101,40,137
1778519241.7331505,2,642,0,693,102,35,156
1778519241.7369986,1,1209,0,668,100,40,140
1778519241.7508984,2,642,0,693,101,35,153
1778519241.7538033,1,1209,0,668,100,39,144
1778519241.7683294,2,642,0,693,101,35,154
1778519241.7715492,1,1209,0,668,101,40,141
1778519241.7855327,2,642,0,693,101,35,155
1778519241.788339,1,1209,0,668,101,40,140
1778519241.8028746,2,642,0,693,101,35,152
1778519241.8063357,1,1209,0,668,101,39,141
1778519241.8202927,2,642,0,693,101,35,155
1778519241.8231516,1,1209,0,668,100,40,145
1778519241.8375304,2,642,0,693,102,35,155
1778519241.8415408,1,1209,0,668,100,40,141
1778519241.855427,2,642,0,693,101,35,156
1778519241.8587282,1,1209,0,668,100,40,142
1778519241.8733099,2,642,0,693,101,35,153
1778519241.876549,1,1209,0,668,101,39,151
1778519241.8904717,2,642,0,693,101,35,156
1778519241.893508,1,1209,0,668,101,40,142
1778519241.9080825,2,642,0,693,101,35,159
1778519241.9115741,1,1209,0,668,101,40,140
1778519241.9255214,2,642,0,693,101,35,155
1778519241.9283078,1,1209,0,668,101,40,145
1778519241.942792,2,642,0,693,102,35,157
1778519241.9464455,1,1209,0,668,100,40,138
1778519241.960496,2,642,0,693,102,35,157
1778519241.9633334,1,1209,0,668,100,40,142
1778519241.9777443,2,642,0,693,101,35,153
1778519241.981687,1,1209,0,668,101,40,140
1778519241.9956496,2,642,0,693,101,35,153
1778519241.9988282,1,1209,0,668,101,40,141
1778519242.0134718,2,642,0,693,101,35,157
1778519242.0166802,1,1209,0,668,101,40,142
1778519242.0307388,2,642,0,693,101,35,157
1778519242.0338528,1,1209,0,668,100,40,138
1778519242.0501523,2,642,0,693,102,35,154
1778519242.0533113,1,1209,0,668,100,40,140
1778519242.0676587,2,642,0,693,102,35,154
1778519242.07114,1,1209,0,668,100,40,141
1778519242.08528,2,642,0,693,101,35,156
1778519242.0881922,1,1209,0,668,101,40,141
1778519242.10216,2,642,0,693,101,35,166
1778519242.1052518,1,1209,0,668,101,40,141
1778519242.119908,2,642,0,693,101,35,156
1778519242.1232386,1,1209,0,668,101,40,139
1778519242.137169,2,642,0,693,101,35,152
1778519242.1399558,1,1209,0,668,101,40,139
1778519242.154646,2,642,0,693,102,35,158
1778519242.1582813,1,1209,0,668,100,40,140
1778519242.1722612,2,642,0,693,102,35,153
1778519242.1749694,1,1209,0,668,100,40,142
1778519242.189455,2,642,0,693,101,35,154
1778519242.1929393,1,1209,0,668,101,40,140
1778519242.2069407,2,642,0,693,101,35,155
1778519242.20966,1,1209,0,668,100,40,143
1778519242.2241209,2,642,0,693,101,35,154
1778519242.227382,1,1209,0,668,102,40,142
1778519242.2414582,2,642,0,693,101,35,158
1778519242.244392,1,1209,0,668,101,40,140
1778519242.2584162,2,642,0,693,101,35,152
1778519242.2614403,1,1209,0,668,100,39,141
1778519242.2758923,2,642,0,693,102,35,156
1778519242.2790456,1,1209,0,668,100,40,138
1778519242.292948,2,642,0,693,101,35,153
1778519242.2957149,1,1209,0,668,101,40,142
1778519242.3100834,2,642,0,693,101,35,158
1778519242.3137553,1,1209,0,668,101,40,140
1778519242.3277938,2,642,0,693,101,35,154
1778519242.3306172,1,1209,0,668,101,40,140
1778519242.3450677,2,642,0,693,101,35,154
1778519242.3488925,1,1209,0,668,101,40,140
1778519242.362933,2,642,0,693,102,35,165
1778519242.3657906,1,1209,0,668,100,40,136
1778519242.3802667,2,642,0,693,102,35,155
1778519242.3836434,1,1209,0,668,101,40,142
1778519242.3975885,2,642,0,693,101,35,155
1778519242.4004047,1,1209,0,668,101,40,139
1778519242.4148664,2,642,0,693,101,35,153
1778519242.4180992,1,1209,0,668,101,40,138
1778519242.4319527,2,642,0,693,101,35,153
1778519242.434817,1,1209,0,668,101,40,148
1778519242.4496238,2,642,0,693,102,35,155
1778519242.453504,1,1209,0,668,101,40,142
1778519242.4679863,2,642,0,693,102,35,157
1778519242.4721882,1,1209,0,668,101,40,141
1778519242.48628,2,642,0,693,101,35,152
1778519242.4890175,1,1209,0,668,101,40,141
1778519242.5035007,2,642,0,693,101,35,156
1778519242.506787,1,1209,0,668,101,40,136
1778519242.5210416,2,642,0,693,101,35,155
1778519242.5240004,1,1209,0,668,101,40,148
1778519242.5377853,2,642,0,693,101,35,150
1778519242.540643,1,1209,0,668,100,40,142
1778519242.5552135,2,642,0,693,101,35,152
1778519242.5584834,1,1209,0,668,101,40,139
1778519242.5725925,2,642,0,693,102,35,152
1778519242.5755422,1,1209,0,668,101,40,141
1778519242.5901873,2,642,0,693,102,35,155
1778519242.5940855,1,1209,0,668,100,40,137
1778519242.6080828,2,642,0,693,102,35,155
1778519242.610854,1,1209,0,668,101,40,137
1778519242.6254642,2,642,0,693,101,35,156
1778519242.6294093,1,1209,0,668,101,40,141
1778519242.6434772,2,642,0,693,101,35,155
1778519242.6468558,1,1209,0,668,101,40,138
1778519242.6613784,2,642,0,693,101,35,153
1778519242.664375,1,1209,0,668,101,40,138
1778519242.6782417,2,642,0,693,101,35,154
1778519242.6810567,1,1209,0,668,101,40,136
1778519242.6954498,2,642,0,693,102,35,152
1778519242.698832,1,1209,0,668,101,40,138
1778519242.712837,2,642,0,693,101,35,155
1778519242.715578,1,1209,0,668,101,40,141
1778519242.7300415,2,642,0,693,101,35,155
1778519242.7336915,1,1209,0,668,101,40,140
1778519242.747764,2,642,0,693,101,35,154
1778519242.750587,1,1209,0,668,101,40,139
1778519242.7650306,2,642,0,693,102,35,155
1778519242.7689447,1,1209,0,668,101,40,139
1778519242.7829375,2,642,0,693,102,35,152
1778519242.7859542,1,1209,0,668,100,40,137
1778519242.8004875,2,642,0,693,101,35,153
1778519242.8037138,1,1209,0,668,101,40,139
1778519242.8176808,2,642,0,693,101,35,151
1778519242.8204908,1,1209,0,668,101,40,139
1778519242.835041,2,642,0,693,101,35,152
1778519242.838356,1,1209,0,668,101,40,139
1778519242.8523772,2,642,0,693,102,35,154
1778519242.855179,1,1209,0,668,101,40,139
1778519242.8694353,2,642,0,693,102,35,154
1778519242.872983,1,1209,0,668,101,40,137
1778519242.8869498,2,642,0,693,101,35,155
1778519242.8897758,1,1209,0,668,101,40,140
1778519242.9043672,2,642,0,693,101,35,150
1778519242.9077573,1,1209,0,668,101,40,138
1778519242.9218373,2,642,0,693,101,35,153
1778519242.9246576,1,1209,0,668,101,40,137
1778519242.9390726,2,642,0,693,101,35,154
1778519242.9427426,1,1209,0,668,101,40,138
1778519242.9568214,2,642,0,693,102,35,153
1778519242.959651,1,1209,0,668,100,40,139
1778519242.9739091,2,642,0,693,102,35,153
1778519242.9775066,1,1209,0,668,101,40,140
1778519242.9915934,2,642,0,693,101,35,151
1778519242.9944057,1,1209,0,668,101,40,139
1778519243.0089853,2,642,0,693,101,35,155
1778519243.0129774,1,1209,0,668,101,40,137
1778519243.0269659,2,642,0,693,101,35,155
1778519243.0298297,1,1209,0,668,101,40,140
1778519243.044415,2,642,0,693,101,35,152
1778519243.0504034,1,1209,0,668,101,40,142
1778519243.0652316,2,642,0,693,102,35,152
1778519243.0685701,1,1209,0,668,101,40,136
1778519243.0824635,2,642,0,693,102,35,154
1778519243.0854874,1,1209,0,668,101,40,138
1778519243.1000054,2,642,0,693,101,35,153
1778519243.103249,1,1209,0,668,101,40,137
1778519243.11743,2,642,0,693,101,35,150
1778519243.120302,1,1209,0,668,101,40,137
1778519243.134294,2,642,0,693,101,35,155
1778519243.1372602,1,1209,0,668,102,40,140
1778519243.1517527,2,642,0,693,102,35,154
1778519243.155048,1,1209,0,668,101,40,137
1778519243.1692224,2,642,0,693,102,35,154
1778519243.1723669,1,1209,0,668,101,40,140
1778519243.186782,2,642,0,693,101,35,153
1778519243.1903846,1,1209,0,668,101,40,139
1778519243.2044163,2,642,0,693,101,35,152
1778519243.2071686,1,1209,0,668,101,40,141
1778519243.2215378,2,642,0,693,101,35,153
1778519243.225544,1,1209,0,668,102,40,139
1778519243.2394981,2,642,0,693,101,35,153
1778519243.2428324,1,1209,0,668,101,40,136
1778519243.2575014,2,642,0,693,102,35,153
1778519243.260745,1,1209,0,668,101,40,140
1778519243.2745526,2,642,0,693,101,35,152
1778519243.2775223,1,1209,0,668,101,40,138
1778519243.2920375,2,642,0,693,101,35,155
1778519243.295352,1,1209,0,668,101,40,137
1778519243.3095982,2,642,0,693,101,35,154
1778519243.312431,1,1209,0,668,102,40,152
1778519243.3269086,2,642,0,693,101,35,154
1778519243.330258,1,1209,0,668,101,40,137
1778519243.3445957,2,642,0,693,102,35,162
1778519243.3475804,1,1209,0,668,101,40,142
1778519243.3614385,2,642,0,693,102,35,151
1778519243.3642912,1,1209,0,668,101,40,136
1778519243.3786347,2,642,0,693,101,35,150
1778519243.382159,1,1209,0,668,101,40,136
1778519243.396163,2,642,0,693,101,35,153
1778519243.3989654,1,1209,0,668,102,40,139
1778519243.4133916,2,642,0,693,101,35,150
1778519243.4174025,1,1209,0,668,102,40,137
1778519243.4314294,2,642,0,693,102,35,154
1778519243.4346535,1,1209,0,668,101,40,140
1778519243.4493132,2,642,0,693,102,35,155
1778519243.4525337,1,1209,0,668,101,40,142
1778519243.466488,2,642,0,693,101,35,156
1778519243.4695985,1,1209,0,668,101,40,136
1778519243.4841607,2,642,0,693,101,35,152
1778519243.4875324,1,1209,0,668,101,40,141
1778519243.5015209,2,642,0,693,102,35,151
1778519243.504337,1,1209,0,668,101,40,138
1778519243.5186455,2,642,0,693,102,35,151
1778519243.522134,1,1209,0,668,101,40,138
1778519243.5361252,2,642,0,693,101,35,153
1778519243.538958,1,1209,0,668,101,40,139
1778519243.553624,2,642,0,693,101,35,150
1778519243.5576231,1,1209,0,668,102,40,146
1778519243.571665,2,642,0,693,101,35,154
1778519243.5748909,1,1209,0,668,101,40,140
1778519243.5895455,2,642,0,693,102,35,153
1778519243.5928068,1,1209,0,668,101,40,140
1778519243.6067462,2,642,0,693,102,35,152
1778519243.6097784,1,1209,0,668,101,40,139
1778519243.6242783,2,642,0,693,101,35,154
1778519243.62753,1,1209,0,668,101,40,139
1778519243.6414993,2,642,0,693,101,35,151
1778519243.6443439,1,1209,0,668,101,40,141
1778519243.6589904,2,642,0,693,101,35,151
1778519243.6626127,1,1209,0,668,101,40,138
1778519243.676731,2,642,0,693,101,35,153
1778519243.679506,1,1209,0,668,101,40,141
1778519243.6940448,2,642,0,693,101,35,155
1778519243.6979015,1,1209,0,668,102,40,139
1778519243.7126265,2,642,0,693,101,35,150
1778519243.7154727,1,1209,0,668,101,40,142
1778519243.7292535,2,642,0,693,102,35,151
1778519243.7319682,1,1209,0,668,101,40,139
1778519243.7463484,2,642,0,693,101,35,154
1778519243.749959,1,1209,0,668,101,40,136
1778519243.764081,2,642,0,693,102,35,154
1778519243.767064,1,1209,0,668,101,40,138
1778519243.781423,2,642,0,693,101,35,152
1778519243.7849884,1,1209,0,668,101,40,136
1778519243.7990425,2,642,0,693,101,35,151
1778519243.8021438,1,1209,0,668,102,40,138
1778519243.8165863,2,642,0,693,102,35,151
1778519243.8197713,1,1209,0,668,101,40,138
1778519243.833902,2,642,0,693,102,35,151
1778519243.8369262,1,1209,0,668,101,40,141
1778519243.8507216,2,642,0,693,101,35,150
1778519243.8537092,1,1209,0,668,101,40,139
1778519243.8681424,2,642,0,693,101,35,152
1778519243.8714776,1,1209,0,668,102,40,138
1778519243.8853946,2,642,0,693,101,35,152
1778519243.8881717,1,1209,0,668,101,40,144
1778519243.9026887,2,642,0,693,102,35,151
1778519243.90628,1,1209,0,668,101,40,140
1778519243.9204013,2,642,0,693,101,35,154
1778519243.9231963,1,1209,0,668,101,40,140
1778519243.9377468,2,642,0,693,101,35,153
1778519243.941449,1,1209,0,668,101,40,140
1778519243.9553566,2,642,0,693,101,35,150
1778519243.9585311,1,1209,0,668,102,40,136
1778519243.9730875,2,642,0,693,101,35,150
1778519243.9762788,1,1209,0,668,102,40,136
1778519243.9902232,2,642,0,693,102,35,151
1778519243.993102,1,1209,0,668,101,40,138
1778519244.007635,2,642,0,693,102,35,151
1778519244.010868,1,1209,0,668,101,40,137
1778519244.025138,2,642,0,693,101,35,153
1778519244.0280993,1,1209,0,668,101,40,136
1778519244.0419233,2,642,0,693,101,35,151
1778519244.0448537,1,1209,0,668,101,40,140
1778519244.0593119,2,642,0,693,101,35,155
1778519244.0625994,1,1209,0,668,102,40,140
1778519244.0772471,2,642,0,693,101,35,151
1778519244.0811799,1,1209,0,668,101,40,136
1778519244.0951188,2,642,0,693,102,35,150
1778519244.0980244,1,1209,0,668,101,40,142
1778519244.112445,2,642,0,693,101,35,151
1778519244.1156657,1,1209,0,668,101,40,140
1778519244.129568,2,642,0,693,101,35,152
1778519244.1323192,1,1209,0,668,101,40,138
1778519244.146824,2,642,0,693,101,35,150
1778519244.1504185,1,1209,0,668,102,40,137
1778519244.164815,2,642,0,693,101,35,151
1778519244.167886,1,1209,0,668,101,40,138
1778519244.1816318,2,642,0,693,102,35,150
1778519244.1844375,1,1209,0,668,101,40,137
1778519244.1989074,2,642,0,693,102,35,153
1778519244.2022543,1,1209,0,668,101,40,137
1778519244.2161977,2,642,0,693,101,35,151
1778519244.2189696,1,1209,0,668,101,40,140
1778519244.2335298,2,642,0,693,102,35,151
1778519244.2375004,1,1209,0,668,101,40,139
1778519244.25139,2,642,0,693,101,35,153
1778519244.2545881,1,1209,0,668,101,40,137
1778519244.2691162,2,642,0,693,101,35,151
1778519244.272325,1,1209,0,668,102,40,136
1778519244.2862148,2,642,0,693,101,35,151
1778519244.2891133,1,1209,0,668,102,40,141
1778519244.303717,2,642,0,693,102,35,154
1778519244.3070683,1,1209,0,668,101,40,137
1778519244.3212953,2,642,0,693,102,35,148
1778519244.3255253,1,1209,0,668,101,40,140
1778519244.339687,2,642,0,693,101,35,152
1778519244.3424518,1,1209,0,668,101,40,139
1778519244.356898,2,642,0,693,101,35,149
1778519244.3608618,1,1209,0,668,101,40,137
1778519244.374768,2,642,0,693,101,35,150
1778519244.3777103,1,1209,0,668,102,40,136
1778519244.3923323,2,642,0,693,101,35,151
1778519244.3957126,1,1209,0,668,102,40,135
1778519244.409662,2,642,0,693,102,35,151
1778519244.4124331,1,1209,0,668,101,40,141
1778519244.426753,2,642,0,693,102,35,152
1778519244.4304483,1,1209,0,668,101,40,137
1778519244.444608,2,642,0,693,101,35,151
1778519244.4474406,1,1209,0,668,101,40,135
1778519244.4617777,2,642,0,693,101,35,149
1778519244.4653301,1,1209,0,668,101,40,140
1778519244.4791696,2,642,0,693,101,35,149
1778519244.4824603,1,1209,0,668,102,40,137
1778519244.4971633,2,642,0,693,101,35,151
1778519244.5003402,1,1209,0,668,101,40,137
1778519244.5144055,2,642,0,693,102,35,152
1778519244.517408,1,1209,0,668,101,40,137
1778519244.5318208,2,642,0,693,101,35,151
1778519244.5351934,1,1209,0,668,101,40,138
1778519244.549405,2,642,0,693,101,35,152
1778519244.5523262,1,1209,0,668,102,40,135
1778519244.5663037,2,642,0,693,101,35,150
1778519244.5691614,1,1209,0,668,102,40,137
1778519244.5837095,2,642,0,693,101,35,154
1778519244.5871086,1,1209,0,668,101,40,137
1778519244.6010404,2,642,0,693,102,35,150
1778519244.6038442,1,1209,0,668,101,40,137
1778519244.618418,2,642,0,693,101,35,151
1778519244.6220758,1,1209,0,668,101,40,135
1778519244.636139,2,642,0,693,101,35,149
1778519244.6389434,1,1209,0,668,101,40,138
1778519244.6534667,2,642,0,693,101,35,152
1778519244.657419,1,1209,0,668,102,40,139
1778519244.6713996,2,642,0,693,102,35,156
1778519244.6750827,1,1209,0,668,101,40,135
1778519244.6890955,2,642,0,693,102,35,150
1778519244.6918523,1,1209,0,668,101,40,140
1778519244.7061093,2,642,0,693,102,35,149
1778519244.7096455,1,1209,0,668,101,40,136
1778519244.7237513,2,642,0,693,101,35,152
1778519244.7264962,1,1209,0,668,102,40,137
1778519244.740931,2,642,0,693,102,35,150
1778519244.7447963,1,1209,0,668,102,40,140
1778519244.758862,2,642,0,693,102,35,153
1778519244.761521,1,1209,0,668,101,40,137
1778519244.7759597,2,642,0,693,102,35,153
1778519244.7793267,1,1209,0,668,101,40,138
1778519244.7934196,2,642,0,693,101,35,150
1778519244.7963414,1,1209,0,668,101,40,139
1778519244.8103957,2,642,0,693,101,35,150
1778519244.813291,1,1209,0,668,102,40,136
1778519244.827827,2,642,0,693,101,35,151
1778519244.8312578,1,1209,0,668,102,40,137
1778519244.8454492,2,642,0,693,102,35,150
1778519244.8484325,1,1209,0,668,101,40,150
1778519244.8623276,2,642,0,693,101,35,150
1778519244.8652768,1,1209,0,668,101,40,138
1778519244.879744,2,642,0,693,101,35,152
1778519244.8829703,1,1209,0,668,101,40,136
1778519244.8969352,2,642,0,693,101,35,151
1778519244.8998618,1,1209,0,668,102,40,139
1778519244.914312,2,642,0,693,101,35,153
1778519244.9180305,1,1209,0,668,102,40,136
1778519244.9320512,2,642,0,693,102,35,152
1778519244.9349568,1,1209,0,668,101,40,138
1778519244.9492867,2,642,0,693,102,35,148
1778519244.953166,1,1209,0,668,101,40,138
1778519244.967056,2,642,0,693,102,35,152
1778519244.9702811,1,1209,0,668,101,40,140
1778519244.9849617,2,642,0,693,101,35,148
1778519244.9881878,1,1209,0,668,101,40,138
1778519245.0020552,2,642,0,693,101,35,152
1778519245.0049214,1,1209,0,668,102,40,135
1778519245.0193074,2,642,0,693,101,35,152
1778519245.0224938,1,1209,0,668,102,40,135
1778519245.0363598,2,642,0,693,101,35,153
1778519245.0391376,1,1209,0,668,101,40,134
1778519245.0537398,2,642,0,693,102,35,150
1778519245.057717,1,1209,0,668,101,40,137
1778519245.0716922,2,642,0,693,102,35,153
1778519245.0750737,1,1209,0,668,101,40,136
1778519245.0894282,2,642,0,693,101,35,150
1778519245.0923567,1,1209,0,668,101,40,136
1778519245.1062055,2,642,0,693,101,35,150
1778519245.1090736,1,1209,0,668,101,40,136
1778519245.1234887,2,642,0,693,101,35,148
1778519245.1268122,1,1209,0,668,102,40,153
1778519245.1411173,2,642,0,693,101,35,151
1778519245.144168,1,1209,0,668,102,40,136
1778519245.158075,2,642,0,693,101,35,150
1778519245.1608515,1,1209,0,668,100,40,138
1778519245.1752913,2,642,0,693,102,35,150
1778519245.1785085,1,1209,0,668,101,40,144
1778519245.192433,2,642,0,693,101,35,153
1778519245.1953115,1,1209,0,668,101,40,142
1778519245.2097094,2,642,0,693,102,35,149
1778519245.2136776,1,1209,0,668,101,40,134
1778519245.2276435,2,642,0,693,101,35,151
1778519245.2310374,1,1209,0,668,101,40,140
1778519245.2454495,2,642,0,693,101,35,151
1778519245.2483826,1,1209,0,668,102,40,137
1778519245.2624621,2,642,0,693,101,35,152
1778519245.2655196,1,1209,0,668,102,40,139
1778519245.2798512,2,642,0,693,102,35,148
1778519245.2831612,1,1209,0,668,100,40,138
1778519245.2986455,2,642,0,693,102,35,148
1778519245.3018093,1,1209,0,668,101,40,136
1778519245.316315,2,642,0,693,101,35,149
1778519245.319608,1,1209,0,668,101,40,135
1778519245.3336396,2,642,0,693,101,35,152
1778519245.3364115,1,1209,0,668,101,40,136
1778519245.3508866,2,642,0,693,101,35,152
1778519245.3544247,1,1209,0,668,102,40,137
1778519245.3683891,2,642,0,693,101,35,152
1778519245.3711574,1,1209,0,668,102,40,136
1778519245.385637,2,642,0,693,102,35,151
1778519245.3891861,1,1209,0,668,101,40,137
1778519245.4031093,2,642,0,693,102,35,152
1778519245.4059663,1,1209,0,668,101,40,135
1778519245.4206052,2,642,0,693,102,35,148
1778519245.4240482,1,1209,0,668,101,40,136
1778519245.4380329,2,642,0,693,101,35,151
1778519245.4410155,1,1209,0,668,102,40,137
1778519245.455602,2,642,0,693,101,35,152
1778519245.459085,1,1209,0,668,102,40,136
1778519245.4732835,2,642,0,693,101,35,148
1778519245.4761853,1,1209,0,668,101,40,135
1778519245.4902122,2,642,0,693,102,35,147
1778519245.4932647,1,1209,0,668,101,40,137
1778519245.5077033,2,642,0,693,102,35,150
1778519245.511068,1,1209,0,668,101,40,137
1778519245.525156,2,642,0,693,101,35,149
1778519245.527956,1,1209,0,668,101,40,140
1778519245.542377,2,642,0,693,101,35,150
1778519245.545909,1,1209,0,668,102,40,137
1778519245.5600402,2,642,0,693,101,35,151
1778519245.5629041,1,1209,0,668,102,40,141
1778519245.5771904,2,642,0,693,102,35,149
1778519245.5811272,1,1209,0,668,101,40,139
1778519245.595216,2,642,0,693,102,35,150
1778519245.5979886,1,1209,0,668,101,40,135
1778519245.6125958,2,642,0,693,101,35,148
1778519245.6165707,1,1209,0,668,101,40,136
1778519245.630576,2,642,0,693,101,35,154
1778519245.6335897,1,1209,0,668,101,40,136
1778519245.6480837,2,642,0,693,101,35,148
1778519245.6514258,1,1209,0,668,102,40,137
1778519245.6654084,2,642,0,693,101,35,161
1778519245.6681936,1,1209,0,668,102,40,134
1778519245.6825113,2,642,0,693,102,35,152
1778519245.686009,1,1209,0,668,101,40,137
1778519245.7004757,2,642,0,693,102,35,152
1778519245.7035944,1,1209,0,668,101,40,138
1778519245.7178042,2,642,0,693,102,35,149
1778519245.720832,1,1209,0,668,101,40,137
1778519245.7353837,2,642,0,693,101,36,150
1778519245.738698,1,1209,0,668,101,40,138
1778519245.752638,2,642,0,693,102,35,154
1778519245.7554297,1,1209,0,668,101,40,137
1778519245.7699957,2,642,0,693,102,35,149
1778519245.7736337,1,1209,0,668,102,40,136
1778519245.7883391,2,642,0,693,101,35,147
1778519245.7924683,1,1209,0,668,102,40,136
1778519245.8067489,2,642,0,693,102,35,149
1778519245.8095665,1,1209,0,668,101,40,136
1778519245.824165,2,642,0,693,102,35,151
1778519245.827648,1,1209,0,668,101,40,136
1778519245.841588,2,642,0,693,102,35,152
1778519245.8443897,1,1209,0,668,101,40,148
1778519245.8588624,2,642,0,693,102,35,147
1778519245.8621452,1,1209,0,668,101,40,135
1778519245.8766003,2,642,0,693,101,35,152
1778519245.8795884,1,1209,0,668,101,40,137
1778519245.8934538,2,642,0,693,101,35,149
1778519245.8962653,1,1209,0,668,102,40,137
1778519245.9107242,2,642,0,693,102,35,151
1778519245.9141173,1,1209,0,668,102,40,135
1778519245.9284656,2,642,0,693,101,35,152
1778519245.9316807,1,1209,0,668,101,40,144
1778519245.9466307,2,642,0,693,102,35,149
1778519245.9503765,1,1209,0,668,101,40,134
1778519245.9653118,2,642,0,693,101,35,148
1778519245.9695685,1,1209,0,668,101,40,133
1778519245.983637,2,642,0,693,101,35,148
1778519245.9869666,1,1209,0,668,102,40,138
1778519246.0014832,2,642,0,693,101,35,149
1778519246.004499,1,1209,0,668,102,40,137
1778519246.0186293,2,642,0,693,102,35,149
1778519246.021871,1,1209,0,668,101,40,136
1778519246.036436,2,642,0,693,102,35,149
1778519246.0397604,1,1209,0,668,101,40,140
1778519246.0539002,2,642,0,693,102,35,147
1778519246.0568013,1,1209,0,668,101,40,138
1778519246.0712278,2,642,0,693,101,35,150
1778519246.0746326,1,1209,0,668,101,40,135
1778519246.0884914,2,642,0,693,101,35,150
1778519246.0912733,1,1209,0,668,102,40,135
1778519246.1058998,2,642,0,693,102,35,148
1778519246.1097827,1,1209,0,668,101,40,136
1778519246.1236517,2,642,0,693,102,35,147
1778519246.1269534,1,1209,0,668,101,40,138
1778519246.1413598,2,642,0,693,102,35,151
1778519246.1442666,1,1209,0,668,101,40,139
1778519246.1582236,2,642,0,693,102,35,151
1778519246.1611934,1,1209,0,668,101,40,139
1778519246.175669,2,642,0,693,101,35,152
1778519246.1789339,1,1209,0,668,102,40,135
1778519246.1929917,2,642,0,693,101,35,149
1778519246.195821,1,1209,0,668,102,40,136
1778519246.210496,2,642,0,693,102,35,158
1778519246.214167,1,1209,0,668,102,40,139
1778519246.2281587,2,642,0,693,102,35,151
1778519246.230985,1,1209,0,668,101,40,137
1778519246.2455354,2,642,0,693,103,35,150
1778519246.2495468,1,1209,0,668,101,40,135
1778519246.2633998,2,642,0,693,102,35,149
1778519246.266756,1,1209,0,668,101,40,136
1778519246.2813687,2,642,0,693,101,35,151
1778519246.2846413,1,1209,0,668,101,40,139
1778519246.2987554,2,642,0,693,101,35,149
1778519246.3018398,1,1209,0,668,102,40,134
1778519246.3164525,2,642,0,693,101,35,149
1778519246.3197653,1,1209,0,668,102,40,135
1778519246.3337193,2,642,0,693,101,35,147
1778519246.3364787,1,1209,0,668,102,40,133
1778519246.351013,2,642,0,693,102,35,151
1778519246.3545976,1,1209,0,668,101,40,135
1778519246.369174,2,642,0,693,103,35,151
1778519246.3723612,1,1209,0,668,101,40,135
1778519246.3865585,2,642,0,693,102,35,150
1778519246.3896267,1,1209,0,668,101,40,136
1778519246.4040747,2,642,0,693,101,35,151
1778519246.407449,1,1209,0,668,101,40,141
1778519246.4213128,2,642,0,693,102,35,147
1778519246.424051,1,1209,0,668,101,40,136
1778519246.4385142,2,642,0,693,101,35,150
1778519246.4420857,1,1209,0,668,102,40,133
1778519246.4565766,2,642,0,693,101,35,148
1778519246.459571,1,1209,0,668,102,40,139
1778519246.4733903,2,642,0,693,101,35,150
1778519246.4761984,1,1209,0,668,101,40,137
1778519246.4904819,2,642,0,693,102,35,150
1778519246.494036,1,1209,0,668,101,40,137
1778519246.5079782,2,642,0,693,102,35,148
1778519246.5107157,1,1209,0,668,101,40,134
1778519246.525059,2,642,0,693,102,35,148
1778519246.5290575,1,1209,0,668,101,40,138
1778519246.5429573,2,642,0,693,101,35,151
1778519246.5458581,1,1209,0,668,101,40,136
1778519246.562749,2,642,0,693,101,35,147
1778519246.5662158,1,1209,0,668,102,40,133
1778519246.580312,2,642,0,693,101,35,153
1778519246.5831199,1,1209,0,668,102,40,137
1778519246.5977883,2,642,0,693,102,35,151
1778519246.6016366,1,1209,0,668,101,40,139
1778519246.6155267,2,642,0,693,102,35,149
1778519246.6187577,1,1209,0,668,101,40,136
1778519246.6334326,2,642,0,693,102,35,149
1778519246.6366863,1,1209,0,668,102,40,136
1778519246.6506205,2,642,0,693,102,35,146
1778519246.6536405,1,1209,0,668,102,40,137
1778519246.6681066,2,642,0,693,101,35,151
1778519246.6714895,1,1209,0,668,102,40,134
1778519246.685414,2,642,0,693,102,35,150
1778519246.6882687,1,1209,0,668,101,40,137
1778519246.7022638,2,642,0,693,102,35,147
1778519246.7058012,1,1209,0,668,101,40,138
1778519246.7198956,2,642,0,693,102,35,151
1778519246.7228122,1,1209,0,668,101,40,138
1778519246.7373557,2,642,0,693,102,35,147
1778519246.7413285,1,1209,0,668,101,40,134
1778519246.7553015,2,642,0,693,101,35,149
1778519246.7585833,1,1209,0,668,102,40,137
1778519246.773195,2,642,0,693,101,35,148
1778519246.7764354,1,1209,0,668,102,40,136
1778519246.7905169,2,642,0,693,101,35,148
1778519246.793577,1,1209,0,668,102,40,134
1778519246.8082626,2,642,0,693,102,35,148
1778519246.811634,1,1209,0,668,101,40,135
1778519246.8256516,2,642,0,693,102,35,149
1778519246.8284044,1,1209,0,668,101,40,138
1778519246.8428917,2,642,0,693,102,36,147
1778519246.8462615,1,1209,0,668,101,40,135
1778519246.860157,2,642,0,693,102,35,148
1778519246.8629558,1,1209,0,668,101,40,135
1778519246.8774953,2,642,0,693,102,35,150
1778519246.8815262,1,1209,0,668,101,40,140
1778519246.8955104,2,642,0,693,101,35,151
1778519246.8986974,1,1209,0,668,102,40,137
1778519246.9132082,2,642,0,693,101,35,151
1778519246.9164348,1,1209,0,668,102,40,137
1778519246.9303763,2,642,0,693,102,35,148
1778519246.933364,1,1209,0,668,102,40,135
1778519246.9478395,2,642,0,693,102,35,150
1778519246.9512672,1,1209,0,668,101,40,135
1778519246.9652321,2,642,0,693,102,35,152
1778519246.9680514,1,1209,0,668,101,40,136
1778519246.982405,2,642,0,693,102,35,148
1778519246.986057,1,1209,0,668,101,40,135
1778519247.000191,2,642,0,693,101,35,150
1778519247.002971,1,1209,0,668,101,40,133
1778519247.0174387,2,642,0,693,101,35,149
1778519247.0212576,1,1209,0,668,102,40,138
1778519247.0351622,2,642,0,693,101,35,149
1778519247.038082,1,1209,0,668,102,40,136
1778519247.0525534,2,642,0,693,102,35,147
1778519247.0557172,1,1209,0,668,101,40,133
1778519247.0703955,2,642,0,693,102,35,152
1778519247.0743914,1,1209,0,668,101,40,135
1778519247.0884616,2,642,0,693,102,35,148
1778519247.0912368,1,1209,0,668,101,40,136
1778519247.1055398,2,642,0,693,102,35,145
1778519247.109475,1,1209,0,668,101,40,136
1778519247.1234112,2,642,0,693,102,35,146
1778519247.1266122,1,1209,0,668,102,40,134
1778519247.1412714,2,642,0,693,102,35,146
1778519247.1445546,1,1209,0,668,102,40,137
1778519247.1584444,2,642,0,693,102,35,152
1778519247.1614554,1,1209,0,668,101,40,134
1778519247.176025,2,642,0,693,102,35,146
1778519247.1792903,1,1209,0,668,101,40,135
1778519247.1932087,2,642,0,693,102,35,147
1778519247.1960533,1,1209,0,668,101,40,138
1778519247.2104247,2,642,0,693,102,35,148
1778519247.2139862,1,1209,0,668,101,40,140
1778519247.228465,2,642,0,693,102,35,153
1778519247.231536,1,1209,0,668,101,40,134
1778519247.2457018,2,642,0,693,102,35,147
1778519247.248781,1,1209,0,668,102,40,135
1778519247.2633069,2,642,0,693,101,35,146
1778519247.266583,1,1209,0,668,102,40,137
1778519247.2804828,2,642,0,693,102,35,151
1778519247.2832534,1,1209,0,668,101,40,135
1778519247.2977345,2,642,0,693,102,35,149
1778519247.3015652,1,1209,0,668,101,40,136
1778519247.3155377,2,642,0,693,101,35,146
1778519247.3190846,1,1209,0,668,101,40,138
1778519247.3334749,2,642,0,693,102,35,149
1778519247.336444,1,1209,0,668,101,40,134
1778519247.3503714,2,642,0,693,102,35,148
1778519247.353401,1,1209,0,668,102,40,134
1778519247.3679433,2,642,0,693,102,35,151
1778519247.3713331,1,1209,0,668,102,40,135
1778519247.3852334,2,642,0,693,101,35,147
1778519247.3880084,1,1209,0,668,101,40,133
1778519247.402412,2,642,0,693,102,35,147
1778519247.406093,1,1209,0,668,101,40,135
1778519247.4201002,2,642,0,693,103,35,150
1778519247.4229188,1,1209,0,668,101,40,137
1778519247.4374306,2,642,0,693,102,35,146
1778519247.4414442,1,1209,0,668,101,40,136
1778519247.4553547,2,642,0,693,102,35,150
1778519247.4586713,1,1209,0,668,101,40,138
1778519247.4728873,2,642,0,693,102,35,149
1778519247.4758043,1,1209,0,668,102,40,134
1778519247.490154,2,642,0,693,101,35,147
1778519247.4937499,1,1209,0,668,101,40,135
1778519247.5082946,2,642,0,693,102,35,148
1778519247.5113897,1,1209,0,668,101,40,134
1778519247.5252876,2,642,0,693,102,35,148
1778519247.5281935,1,1209,0,668,101,40,137
1778519247.5426826,2,642,0,693,102,35,148
1778519247.5463555,1,1209,0,668,101,40,132
1778519247.5634093,2,642,0,693,102,35,147
1778519247.567672,1,1209,0,668,102,40,137
1778519247.581893,2,642,0,693,101,35,152
1778519247.584726,1,1209,0,668,102,40,136
1778519247.5994117,2,642,0,693,101,35,150
1778519247.6028483,1,1209,0,668,102,40,138
1778519247.6167443,2,642,0,693,102,35,148
1778519247.6194963,1,1209,0,668,101,40,137
1778519247.633927,2,642,0,693,102,35,148
1778519247.6374624,1,1209,0,668,101,40,133
1778519247.6516829,2,642,0,693,102,35,148
1778519247.6547248,1,1209,0,668,101,40,135
1778519247.669055,2,642,0,693,101,35,146
1778519247.672981,1,1209,0,668,102,40,136
1778519247.6870472,2,642,0,693,101,35,153
1778519247.6901345,1,1209,0,668,102,40,135
1778519247.7046642,2,642,0,693,101,35,149
1778519247.7078588,1,1209,0,668,102,40,138
1778519247.7217689,2,642,0,693,102,35,151
1778519247.72467,1,1209,0,668,101,40,137
1778519247.7390165,2,642,0,693,102,35,152
1778519247.742367,1,1209,0,668,101,40,137
1778519247.7562633,2,642,0,693,102,35,148
1778519247.7590516,1,1209,0,668,101,40,136
1778519247.7734737,2,642,0,693,102,35,147
1778519247.7774696,1,1209,0,668,101,40,138
1778519247.7914348,2,642,0,693,102,35,146
1778519247.794709,1,1209,0,668,102,40,135
1778519247.8093803,2,642,0,693,102,35,151
1778519247.8125913,1,1209,0,668,101,40,133
1778519247.8265736,2,642,0,693,102,35,147
1778519247.8295376,1,1209,0,668,101,40,134
1778519247.8438528,2,642,0,693,102,35,149
1778519247.8473766,1,1209,0,668,101,40,133
1778519247.8614447,2,642,0,693,102,35,151
1778519247.8641458,1,1209,0,668,101,40,133
1778519247.8784068,2,642,0,693,102,35,148
1778519247.8819556,1,1209,0,668,101,40,141
1778519247.896043,2,642,0,693,101,35,145
1778519247.8989305,1,1209,0,668,102,40,133
1778519247.9135473,2,642,0,693,102,35,152
1778519247.9174774,1,1209,0,668,102,40,136
1778519247.9314227,2,642,0,693,101,35,149
1778519247.9345837,1,1209,0,668,102,40,135
1778519247.9491055,2,642,0,693,102,35,146
1778519247.9523306,1,1209,0,668,101,40,135
1778519247.9662666,2,642,0,693,102,35,147
1778519247.9692416,1,1209,0,668,101,40,134
1778519247.9839172,2,642,0,693,102,35,148
1778519247.987409,1,1209,0,668,101,40,136
1778519248.001378,2,642,0,693,102,35,149
1778519248.004263,1,1209,0,668,101,40,136
1778519248.0188775,2,642,0,693,102,35,148
1778519248.0224693,1,1209,0,668,101,40,138
1778519248.036829,2,642,0,693,102,35,146
1778519248.039768,1,1209,0,668,102,40,137
1778519248.0543702,2,642,0,693,101,35,155
1778519248.058023,1,1209,0,668,102,40,136
1778519248.0721052,2,642,0,693,102,35,149
1778519248.0748725,1,1209,0,668,101,40,134
1778519248.0893385,2,642,0,693,102,35,147
1778519248.0931714,1,1209,0,668,101,40,138
1778519248.1070793,2,642,0,693,102,35,146
1778519248.1099808,1,1209,0,668,101,40,134
1778519248.1244924,2,642,0,693,102,35,147
1778519248.1279442,1,1209,0,668,101,40,138
1778519248.1419852,2,642,0,693,102,35,148
1778519248.144699,1,1209,0,668,101,40,134
1778519248.159186,2,642,0,693,102,35,147
1778519248.1624298,1,1209,0,668,101,40,132
1778519248.17679,2,642,0,693,102,35,147
1778519248.1797843,1,1209,0,668,101,40,138
1778519248.193623,2,642,0,693,102,35,147
1778519248.1964357,1,1209,0,668,102,40,135
1778519248.2109284,2,642,0,693,102,35,146
1778519248.214171,1,1209,0,668,102,40,133
1778519248.2280903,2,642,0,693,102,35,150
1778519248.2309391,1,1209,0,668,101,40,135
1778519248.2453434,2,642,0,693,102,35,146
1778519248.249334,1,1209,0,668,101,40,138
1778519248.2635355,2,642,0,693,102,35,146
1778519248.267043,1,1209,0,668,101,40,133
1778519248.2813978,2,642,0,693,102,35,146
1778519248.2844913,1,1209,0,668,101,40,135
1778519248.2985208,2,642,0,693,102,35,147
1778519248.301595,1,1209,0,668,101,40,138
1778519248.3162127,2,642,0,693,102,35,147
1778519248.3194816,1,1209,0,668,101,40,135
1778519248.3335624,2,642,0,693,102,35,151
1778519248.3363335,1,1209,0,668,102,40,135
1778519248.3508267,2,642,0,693,102,35,147
1778519248.3542047,1,1209,0,668,102,40,134
1778519248.368138,2,642,0,693,102,35,148
1778519248.3709686,1,1209,0,668,102,40,136
1778519248.385297,2,642,0,693,102,35,148
1778519248.389313,1,1209,0,668,101,40,139
1778519248.4033997,2,642,0,693,103,35,146
1778519248.40659,1,1209,0,668,101,40,137
1778519248.4211695,2,642,0,693,102,35,146
1778519248.4243908,1,1209,0,668,101,40,132
1778519248.438362,2,642,0,693,102,35,147
1778519248.4412606,1,1209,0,668,101,40,135
1778519248.4554625,2,642,0,693,102,35,146
1778519248.4586232,1,1209,0,668,102,40,134
1778519248.4729517,2,642,0,693,101,35,149
1778519248.4768467,1,1209,0,668,102,40,136
1778519248.490734,2,642,0,693,102,35,148
1778519248.4935122,1,1209,0,668,101,40,136
1778519248.5079844,2,642,0,693,102,35,150
1778519248.5112286,1,1209,0,668,101,40,135
1778519248.52538,2,642,0,693,102,35,146
1778519248.5282116,1,1209,0,668,101,40,135
1778519248.5421312,2,642,0,693,102,36,147
1778519248.5452223,1,1209,0,668,101,40,140
1778519248.5598106,2,642,0,693,102,35,149
1778519248.5632288,1,1209,0,668,102,40,134
1778519248.5771372,2,642,0,693,102,35,146
1778519248.5798752,1,1209,0,668,102,40,133
1778519248.5941734,2,642,0,693,102,35,149
1778519248.5978293,1,1209,0,668,102,40,134
1778519248.6118057,2,642,0,693,102,35,148
1778519248.6145363,1,1209,0,668,102,40,138
1778519248.6288419,2,642,0,693,102,35,148
1778519248.6327345,1,1209,0,668,102,40,136
1778519248.6468015,2,642,0,693,102,35,148
1778519248.649687,1,1209,0,668,101,40,135
1778519248.6641092,2,642,0,693,102,35,149
1778519248.6675138,1,1209,0,668,101,40,134
1778519248.6814857,2,642,0,693,102,35,148
1778519248.684378,1,1209,0,668,101,40,135
1778519248.6989386,2,642,0,693,103,35,149
1778519248.7025518,1,1209,0,668,101,40,135
1778519248.7166846,2,642,0,693,103,35,146
1778519248.719466,1,1209,0,668,102,40,134
1778519248.7338486,2,642,0,693,102,35,147
1778519248.7375143,1,1209,0,668,101,40,133
1778519248.7517483,2,642,0,693,102,35,148
1778519248.7546906,1,1209,0,668,102,40,133
1778519248.7694702,2,642,0,693,102,35,149
1778519248.7736735,1,1209,0,668,101,40,133
1778519248.7877197,2,642,0,693,102,35,150
1778519248.791167,1,1209,0,668,101,40,134
1778519248.8057365,2,642,0,693,102,35,148
1778519248.8087919,1,1209,0,668,102,40,135
1778519248.8233898,2,642,0,693,101,35,147
1778519248.8273668,1,1209,0,668,102,40,135
1778519248.8415785,2,642,0,693,101,35,146
1778519248.8444145,1,1209,0,668,102,40,134
1778519248.8590183,2,642,0,693,102,35,145
1778519248.8623388,1,1209,0,668,101,40,132
1778519248.8764215,2,642,0,693,102,35,148
1778519248.8792436,1,1209,0,668,101,40,136
1778519248.8937297,2,642,0,693,102,35,150
1778519248.8976192,1,1209,0,668,101,40,135
1778519248.911656,2,642,0,693,102,35,145
1778519248.915061,1,1209,0,668,101,40,136
1778519248.929517,2,642,0,693,102,35,146
1778519248.9326267,1,1209,0,668,101,40,136
1778519248.9466438,2,642,0,693,102,35,147
1778519248.9497783,1,1209,0,668,101,40,135
1778519248.964185,2,642,0,693,102,35,148
1778519248.9675233,1,1209,0,668,102,40,140
1778519248.9816167,2,642,0,693,101,35,146
1778519248.98443,1,1209,0,668,102,40,134
1778519248.9991977,2,642,0,693,102,35,148
1778519249.0025382,1,1209,0,668,102,40,136
1778519249.0167284,2,642,0,693,102,35,152
1778519249.0195768,1,1209,0,668,101,40,138
1778519249.0342596,2,642,0,693,102,35,148
1778519249.0378425,1,1209,0,666,101,40,135
1778519249.0522876,2,642,0,693,102,35,145
1778519249.055246,1,1209,0,657,102,40,130
1778519249.0697186,2,642,0,693,102,35,146
1778519249.073021,1,1209,0,642,102,40,124
1778519249.0871317,2,642,0,693,103,35,146
1778519249.0903032,1,1209,0,622,103,40,113
1778519249.1048017,2,642,0,693,103,35,152
1778519249.107958,1,1209,0,594,104,40,104
1778519249.1219008,2,642,0,693,104,35,150
1778519249.1248646,1,1209,0,562,104,40,96
1778519249.1394517,2,642,0,693,105,35,153
1778519249.1430025,1,1209,0,521,104,40,84
1778519249.157221,2,642,0,693,106,35,151
1778519249.1600926,1,1209,0,475,105,40,74
1778519249.174409,2,642,0,693,106,35,156
1778519249.17808,1,1209,0,425,106,40,51
1778519249.192662,2,642,0,693,108,35,153
1778519249.1956139,1,1209,0,365,108,40,41
1778519249.2095394,2,642,0,693,108,35,154
1778519249.212296,1,1209,0,303,109,40,29
1778519249.2268875,2,642,0,693,109,35,159
1778519249.2302072,1,1209,0,232,110,40,16
1778519249.2442255,2,642,0,693,110,35,161
1778519249.2469609,1,1210,0,157,109,40,8
1778519249.261376,2,642,0,693,110,35,165
1778519249.265347,1,1211,50,77,110,40,3
1778519249.279426,2,642,0,693,111,35,157
1778519249.282587,1,1213,50,33,110,40,0
1778519249.2973635,2,642,0,693,110,35,158
1778519249.3005996,1,1218,200,109,111,40,0
1778519249.314507,2,643,50,691,111,35,149
1778519249.3174326,1,1226,300,171,112,40,0
1778519249.3318722,2,650,250,679,113,35,113
1778519249.3351939,1,1237,600,212,114,40,0
1778519249.349496,2,663,700,647,115,35,115
1778519249.3524733,1,1252,800,235,116,40,0
1778519249.366409,2,679,700,599,116,35,65
1778519249.3693776,1,1268,950,242,117,40,0
1778519249.3838446,2,695,900,531,117,35,66
1778519249.3872097,1,1285,950,236,118,40,0
1778519249.401501,2,710,900,466,118,35,37
1778519249.404477,1,1302,1000,218,119,40,0
1778519249.4183602,2,722,800,412,119,35,28
1778519249.4214025,1,1318,950,201,119,40,0
1778519249.4361465,2,735,750,360,120,35,20
1778519249.4395263,1,1333,900,180,120,40,0
1778519249.4535892,2,747,700,309,120,35,14
1778519249.4563453,1,1346,800,159,120,40,0
1778519249.471062,2,757,600,265,120,35,11
1778519249.4746685,1,1358,700,136,121,40,0
1778519249.489154,2,765,450,225,120,35,9
1778519249.4920666,1,1367,550,116,121,40,0
1778519249.5059984,2,771,450,196,121,35,7
1778519249.5088513,1,1375,450,99,121,41,0
1778519249.5235093,2,776,400,169,121,35,6
1778519249.5268545,1,1381,450,78,121,40,0
1778519249.540782,2,780,250,153,121,35,5
1778519249.5435505,1,1386,350,60,121,40,0
1778519249.5580542,2,783,200,140,121,35,5
1778519249.5616226,1,1389,250,43,121,40,0
1778519249.5757682,2,785,150,128,121,35,4
1778519249.578702,1,1392,150,33,121,40,0
1778519249.5932088,2,786,50,123,121,35,4
1778519249.5970848,1,1393,100,25,121,40,0
1778519249.6112907,2,787,100,117,121,35,4
1778519249.614081,1,1393,50,21,121,40,0
1778519249.6283836,2,787,0,113,121,35,4
1778519249.6322744,1,1393,0,19,121,40,0
1778519249.6462789,2,787,0,113,121,35,4
1778519249.6492066,1,1393,0,19,121,40,0
1778519249.6636372,2,787,0,113,121,35,5
1778519249.6668582,1,1393,0,19,121,40,0
1778519249.6809978,2,787,0,113,121,35,4
1778519249.6840203,1,1393,0,19,121,40,0
1778519249.6979363,2,787,0,113,121,35,4
1778519249.7007446,1,1393,0,19,121,40,0
1778519249.7152834,2,787,0,113,121,35,4
1778519249.7186184,1,1393,0,19,121,40,0
1778519249.7328126,2,787,0,113,121,35,4
1778519249.735943,1,1394,0,19,121,40,1
1778519249.7498364,2,787,0,113,121,36,4
1778519249.752806,1,1393,0,19,121,40,0
1778519249.7673018,2,787,0,113,121,35,4
1778519249.7706661,1,1393,0,19,121,40,1
1778519249.7847548,2,787,0,113,121,35,4
1778519249.7875764,1,1394,50,18,121,40,0
1778519249.8020449,2,787,0,113,121,35,4
1778519249.8056533,1,1393,50,17,121,40,0
1778519249.819992,2,787,0,113,121,35,5
1778519249.8230224,1,1393,-50,20,121,40,0
1778519249.8372958,2,787,0,113,121,35,4
1778519249.8408537,1,1393,0,19,121,40,0
1778519249.8547487,2,787,0,113,121,35,4
1778519249.8576891,1,1393,0,19,121,40,0
1778519249.8721647,2,787,0,113,121,35,5
1778519249.8755438,1,1394,0,19,121,40,0
1778519249.8895276,2,787,0,113,121,35,4
1778519249.8923452,1,1393,0,19,121,40,0
1778519249.907128,2,787,0,113,121,35,5
1778519249.910543,1,1393,0,19,121,40,0
1778519249.925035,2,787,0,113,121,35,4
1778519249.927989,1,1393,0,19,121,40,0
1778519249.9420424,2,787,0,113,121,35,4
1778519249.944916,1,1393,0,19,121,40,0
1778519249.9596825,2,787,0,113,121,35,5
1778519249.963029,1,1393,0,19,121,40,0
1778519249.9769878,2,787,0,113,121,35,4
1778519249.9797828,1,1393,0,19,121,40,0
1778519249.994068,2,787,0,113,121,35,5
1778519249.9976795,1,1393,0,19,121,40,0
1778519250.0117474,2,787,0,113,121,35,4
1778519250.0145514,1,1393,0,19,121,40,0
1778519250.029017,2,787,0,113,121,35,4
1778519250.0329342,1,1393,0,19,121,40,0
1778519250.048493,2,787,0,113,121,35,4
1778519250.0518548,1,1393,0,19,121,40,0
1778519250.0667453,2,787,0,113,121,35,4
1778519250.0700984,1,1393,0,19,121,40,0
1778519250.0839956,2,787,0,113,121,35,5
1778519250.0868073,1,1393,0,19,121,40,0
1778519250.1015399,2,787,0,113,121,35,4
1778519250.1056268,1,1393,0,19,121,40,0
1778519250.1196272,2,787,0,113,121,35,4
1778519250.1230557,1,1394,0,19,121,40,0
1778519250.1375134,2,787,0,113,121,35,4
1778519250.1404898,1,1393,0,19,121,40,0
1778519250.1544662,2,787,0,113,121,35,5
1778519250.157509,1,1393,0,19,121,40,0
1778519250.1720865,2,787,0,113,121,35,4
1778519250.1754787,1,1393,0,19,121,40,0
1778519250.1894896,2,787,0,113,121,35,4
1778519250.1922522,1,1393,0,19,121,40,0
1778519250.2067137,2,787,0,113,121,35,5
1778519250.2100022,1,1393,0,19,121,40,0
1778519250.2239883,2,787,0,113,121,35,4
1778519250.2268372,1,1393,0,19,121,40,0
1778519250.2415423,2,787,0,113,121,35,5
1778519250.2455623,1,1393,0,19,121,40,0
1778519250.25945,2,787,0,113,121,35,4
1778519250.2627566,1,1393,0,19,121,40,0
1778519250.2773433,2,787,0,113,121,35,4
1778519250.2807007,1,1393,0,19,121,40,0
1778519250.2944958,2,787,0,113,121,35,4
1778519250.2977161,1,1393,0,19,121,40,0
1778519250.3122823,2,787,0,113,121,38,4
1778519250.315716,1,1393,0,19,121,40,0
1778519250.329739,2,787,0,113,121,35,5
1778519250.332595,1,1393,0,19,121,40,0
1778519250.347174,2,787,0,113,121,35,4
1778519250.3507662,1,1393,0,19,121,40,0
1778519250.3649364,2,787,0,113,121,35,4
1778519250.367882,1,1394,0,19,121,40,0
1778519250.3823383,2,787,0,113,121,35,4
1778519250.3859637,1,1393,0,19,121,40,0
1778519250.4003265,2,787,0,113,121,35,5
1778519250.403126,1,1393,0,19,121,40,1
1778519250.4179826,2,787,0,113,121,35,5
1778519250.422056,1,1393,0,19,121,40,0
1778519250.435955,2,787,0,113,121,35,4
1778519250.439517,1,1393,0,19,121,40,0
1778519250.4538622,2,787,0,113,121,35,4
1778519250.4568574,1,1393,0,19,121,40,0
1778519250.4708164,2,787,0,113,121,35,4
1778519250.474019,1,1393,0,19,121,40,0
1778519250.4885957,2,787,0,113,121,35,4
1778519250.4917433,1,1393,0,19,121,40,0
1778519250.5056417,2,787,0,113,121,35,5
1778519250.5084388,1,1393,0,19,121,40,0
1778519250.5230312,2,787,0,113,121,35,4
1778519250.526258,1,1393,0,19,121,40,0
1778519250.540215,2,787,0,113,121,35,4
1778519250.543083,1,1393,0,19,121,40,0
1778519250.557526,2,787,0,113,121,35,5
1778519250.5614483,1,1393,0,19,121,40,0
1778519250.575626,2,787,0,113,121,35,4
1778519250.5791063,1,1393,0,19,121,40,0
1778519250.5933387,2,787,0,113,121,35,5
1778519250.5963192,1,1393,0,19,121,40,0
1778519250.6100945,2,787,0,113,121,35,4
1778519250.6129935,1,1393,0,19,121,40,0
1778519250.627536,2,787,0,113,121,35,4
1778519250.630899,1,1393,0,19,121,40,0
1778519250.6451395,2,787,0,113,121,35,4
1778519250.6481562,1,1393,0,19,121,40,0
1778519250.662151,2,787,0,113,121,35,4
1778519250.6650534,1,1393,0,19,121,40,0
1778519250.679521,2,787,0,113,121,64,4
1778519250.6829183,1,1393,0,19,121,40,0
1778519250.6969187,2,787,0,113,121,35,5
1778519250.6997232,1,1393,0,19,121,40,0
1778519250.7140024,2,787,0,113,121,35,4
1778519250.7175746,1,1393,0,19,121,40,0
1778519250.7317536,2,787,0,113,121,35,5
1778519250.7346392,1,1393,0,19,121,40,0
1778519250.7495062,2,787,0,113,121,35,4
1778519250.7535124,1,1393,0,19,121,40,0
1778519250.7674196,2,787,0,113,121,35,4
1778519250.770829,1,1393,0,19,121,40,0
1778519250.785516,2,787,0,113,121,36,5
1778519250.7887642,1,1393,0,19,121,40,1
1778519250.802707,2,787,0,113,121,35,5
1778519250.8058014,1,1393,0,19,121,40,0
1778519250.8202093,2,787,0,113,121,35,4
1778519250.8235238,1,1393,0,19,121,40,0
1778519250.837433,2,787,0,113,121,35,5
1778519250.8401859,1,1393,0,19,121,40,0
1778519250.8545816,2,787,0,113,121,37,4
1778519250.8582077,1,1393,0,19,121,40,0
1778519250.872621,2,787,0,113,121,37,4
1778519250.875568,1,1393,0,19,121,40,0
1778519250.8898711,2,787,0,113,121,35,4
1778519250.8934302,1,1393,0,19,121,40,0
1778519250.9074771,2,787,0,113,121,35,4
1778519250.9102683,1,1393,0,19,121,40,1
1778519250.924755,2,787,0,113,121,35,5
1778519250.9289489,1,1393,0,19,121,40,0
1778519250.9430456,2,787,0,113,121,35,4
1778519250.946045,1,1393,0,19,121,40,0
1778519250.9605572,2,787,0,113,121,35,4
1778519250.9637306,1,1393,0,19,121,40,0
1778519250.9777014,2,787,0,113,121,35,4
1778519250.980438,1,1393,0,19,121,40,0
1778519250.994911,2,787,0,113,121,35,5
1778519250.9986365,1,1393,0,19,121,40,1
1778519251.0127368,2,787,0,113,121,35,4
1778519251.0155203,1,1393,0,19,121,40,0
1778519251.0297596,2,787,0,113,121,35,4
1778519251.0333736,1,1393,0,19,121,40,0
1778519251.049348,2,787,0,113,121,35,4
1778519251.0523784,1,1393,0,19,121,40,0
1778519251.0668976,2,787,0,113,121,35,4
1778519251.070608,1,1393,0,19,121,40,0
1778519251.0849822,2,787,0,113,121,35,5
1778519251.0881667,1,1393,0,19,121,40,0
1778519251.1028452,2,787,0,113,121,35,5
1778519251.1064508,1,1393,0,19,121,40,0
1778519251.1204875,2,787,0,113,121,35,4
1778519251.1233494,1,1393,0,19,121,40,0
1778519251.1376283,2,787,0,113,121,35,4
1778519251.1412315,1,1393,0,19,121,40,0
1778519251.1550825,2,787,0,113,121,35,3
1778519251.1583602,1,1393,0,19,121,40,0
1778519251.173035,2,787,0,113,121,34,4
1778519251.1762347,1,1393,0,19,121,40,0
1778519251.1904237,2,787,0,113,121,35,5
1778519251.193432,1,1393,0,19,121,40,0
1778519251.2074327,2,787,0,113,121,35,4
1778519251.2104237,1,1393,0,19,121,40,0
1778519251.224961,2,787,0,113,121,35,4
1778519251.2288432,1,1393,0,19,121,40,0
1778519251.2426987,2,787,0,113,121,35,5
1778519251.2456534,1,1393,0,19,121,40,0
1778519251.2604103,2,787,0,113,121,35,4
1778519251.2639477,1,1393,0,19,121,40,0
1778519251.2779865,2,787,0,113,121,36,4
1778519251.2807467,1,1393,0,19,121,40,0
1778519251.2951927,2,787,0,113,121,35,4
1778519251.2989304,1,1393,0,19,121,40,0
1778519251.3129869,2,787,0,113,121,35,4
1778519251.3157313,1,1393,0,19,121,40,1
1778519251.3301723,2,787,0,113,121,35,4
1778519251.3338466,1,1393,0,19,121,40,0
1778519251.3478918,2,787,0,113,121,35,5
1778519251.3506293,1,1393,0,19,121,40,0
1778519251.364998,2,787,0,113,121,35,5
1778519251.3690138,1,1393,0,19,121,40,0
1778519251.3829799,2,787,0,113,121,35,4
1778519251.3859205,1,1393,0,19,121,40,0
1778519251.4003515,2,787,0,113,121,35,4
1778519251.403595,1,1393,0,19,121,40,0
1778519251.4174147,2,787,0,113,121,35,4
1778519251.4201505,1,1393,0,19,121,40,0
1778519251.4344926,2,787,0,113,121,35,5
1778519251.4380195,1,1393,0,19,120,41,0
1778519251.452608,2,787,0,113,121,35,4
1778519251.4556723,1,1393,0,19,121,40,0
1778519251.4694061,2,787,0,113,121,35,4
1778519251.4721518,1,1393,0,19,121,40,0
1778519251.4864693,2,787,0,113,121,64,4
1778519251.4899514,1,1393,0,19,121,40,0
1778519251.5040061,2,787,0,113,121,35,4
1778519251.5068066,1,1393,0,19,121,40,0
1778519251.5211186,2,787,0,113,121,35,5
1778519251.525043,1,1393,0,19,121,40,0
1778519251.5389123,2,787,0,113,121,49,5
1778519251.5417697,1,1393,0,19,121,40,0
1778519251.5562675,2,787,0,113,121,35,4
1778519251.5596395,1,1393,0,19,121,40,0
1778519251.5736127,2,787,0,113,121,35,4
1778519251.5766249,1,1393,0,19,121,40,0
1778519251.591139,2,787,0,113,121,35,4
1778519251.5944254,1,1393,0,19,121,40,0
1778519251.6086261,2,787,0,113,121,56,5
1778519251.6116881,1,1393,0,19,121,40,0
1778519251.6259575,2,787,0,113,121,35,5
1778519251.6294482,1,1393,0,19,121,40,0
1778519251.6436405,2,787,0,113,121,35,4
1778519251.6465654,1,1393,0,19,121,40,0
1778519251.6611848,2,787,0,113,121,35,4
1778519251.6652784,1,1393,0,19,121,40,0
1778519251.679292,2,787,0,113,121,35,4
1778519251.6825101,1,1393,0,19,121,40,0
1778519251.6971262,2,787,0,113,121,35,4
1778519251.7003086,1,1393,0,19,121,40,0
1778519251.7142699,2,787,0,113,121,35,5
1778519251.717133,1,1393,0,19,121,40,0
1778519251.7315502,2,787,0,113,121,35,4
1778519251.7348573,1,1393,0,19,121,40,0
1778519251.7486904,2,787,0,113,121,35,5
1778519251.751421,1,1393,0,19,121,40,0
1778519251.7659178,2,787,0,113,121,35,5
1778519251.7700028,1,1393,0,19,121,40,0
1778519251.7840953,2,787,0,113,121,35,5
1778519251.7881048,1,1393,0,19,121,40,1
1778519251.8024073,2,787,0,113,121,35,5
1778519251.805364,1,1393,0,19,121,40,0
1778519251.8199782,2,787,0,113,121,35,4
1778519251.8241358,1,1393,0,19,121,40,0
1778519251.838413,2,787,0,113,121,39,4
1778519251.841291,1,1393,0,19,121,40,0
1778519251.8559265,2,787,0,113,121,35,5
1778519251.8594418,1,1393,0,19,121,40,0
1778519251.8733964,2,787,0,113,121,35,5
1778519251.8761823,1,1393,0,19,121,40,0
1778519251.890525,2,787,0,113,121,35,5
1778519251.8940952,1,1393,0,19,121,40,0
1778519251.9080827,2,787,0,113,121,35,4
1778519251.9109476,1,1393,0,19,121,40,0
1778519251.9254227,2,787,0,113,121,35,5
1778519251.9294653,1,1393,0,19,121,40,1
1778519251.9434538,2,787,0,113,121,35,4
1778519251.9467971,1,1393,0,19,121,40,0
1778519251.9613433,2,787,0,113,121,35,5
1778519251.9647107,1,1393,0,19,121,40,0
1778519251.9788375,2,787,0,113,121,35,5
1778519251.9819648,1,1393,0,19,121,40,0
1778519251.9964213,2,787,0,113,121,35,6
1778519251.9997447,1,1393,0,19,121,40,0
1778519252.0140843,2,787,0,113,121,35,4
1778519252.0171962,1,1393,0,19,121,40,0
1778519252.0310707,2,787,0,113,121,35,5
1778519252.034181,1,1393,0,19,121,40,0
1778519252.048818,2,787,0,113,121,35,4
1778519252.0519834,1,1393,0,19,121,40,0
1778519252.0659223,2,787,0,113,121,35,5
1778519252.0688484,1,1393,0,19,121,40,0
1778519252.0832596,2,787,0,113,121,60,4
1778519252.0865817,1,1393,0,19,121,40,0
1778519252.100478,2,787,0,113,121,35,4
1778519252.1033344,1,1393,0,19,121,40,0
1778519252.117539,2,787,0,113,121,35,4
1778519252.1211417,1,1393,0,19,121,40,0
1778519252.135734,2,787,0,113,121,35,5
1778519252.1389008,1,1393,0,19,121,40,0
1778519252.1535757,2,787,0,113,121,35,4
1778519252.1574154,1,1393,0,19,121,40,0
1778519252.1713316,2,787,0,113,121,35,4
1778519252.1745727,1,1393,0,19,121,40,0
1778519252.189233,2,787,0,113,121,35,5
1778519252.192378,1,1393,0,19,121,40,0
1778519252.2063136,2,787,0,113,121,66,4
1778519252.209309,1,1393,0,19,121,40,0
1778519252.2241304,2,787,0,113,121,35,5
1778519252.227471,1,1393,0,19,121,40,0
1778519252.241632,2,787,0,113,121,35,4
1778519252.2443366,1,1393,0,19,121,40,0
1778519252.2590158,2,787,0,113,121,35,4
1778519252.262562,1,1393,0,19,121,40,0
1778519252.2767649,2,787,0,113,121,35,4
1778519252.2795162,1,1393,0,19,121,40,0
1778519252.293842,2,787,0,113,121,35,5
1778519252.3000572,1,1393,0,19,121,40,0
1778519252.314785,2,787,0,113,121,35,4
1778519252.318773,1,1393,0,19,121,40,0
1778519252.3328555,2,787,0,113,121,35,5
1778519252.3356018,1,1393,0,19,121,40,0
1778519252.350137,2,787,0,113,121,35,5
1778519252.353671,1,1393,0,19,121,40,0
1778519252.3681457,2,787,0,113,121,36,4
1778519252.3722103,1,1393,0,19,121,40,0
1778519252.3862946,2,787,0,113,121,35,5
1778519252.3890831,1,1393,0,19,121,40,0
1778519252.4035811,2,787,0,113,121,35,4
1778519252.4068444,1,1393,0,19,121,40,0
1778519252.4211514,2,787,0,113,121,57,5
1778519252.4242177,1,1393,0,19,121,40,0
1778519252.438073,2,787,0,113,121,35,4
1778519252.441014,1,1393,0,19,121,41,0
1778519252.4554749,2,787,0,113,121,35,5
1778519252.4588053,1,1393,0,19,121,41,0
1778519252.4729426,2,787,0,113,121,35,4
1778519252.476051,1,1393,0,19,121,40,0
1778519252.4904053,2,787,0,113,121,35,4
1778519252.4940157,1,1393,0,19,121,40,0
1778519252.5081038,2,787,0,113,121,35,5
1778519252.510936,1,1393,0,19,121,40,0
1778519252.5255046,2,787,0,113,121,64,5
1778519252.529293,1,1393,0,19,121,40,0
1778519252.5432582,2,787,0,113,121,35,4
1778519252.5468442,1,1393,0,19,121,40,0
1778519252.5612297,2,787,0,113,121,35,5
1778519252.56442,1,1393,0,19,121,41,0
1778519252.578368,2,787,0,113,121,35,5
1778519252.5813835,1,1393,0,19,121,40,0
1778519252.5958238,2,787,0,113,121,35,4
1778519252.5991747,1,1393,0,19,121,41,0
1778519252.6130993,2,787,0,113,121,50,4
1778519252.6157892,1,1393,0,19,121,40,0
1778519252.63006,2,787,0,113,121,35,4
1778519252.6336474,1,1393,0,19,121,40,0
1778519252.64805,2,787,0,113,121,61,5
1778519252.6512606,1,1393,0,19,121,41,0
1778519252.665569,2,787,0,113,121,47,4
1778519252.669164,1,1393,0,19,121,40,0
1778519252.6831636,2,787,0,113,121,35,4
1778519252.6863215,1,1393,0,19,121,40,0
1778519252.7010252,2,787,0,113,121,35,4
1778519252.7042348,1,1393,0,19,121,40,0
1778519252.7185397,2,787,0,113,121,35,4
1778519252.7215965,1,1393,0,19,121,42,0
1778519252.7363975,2,787,0,113,121,35,4
1778519252.7397957,1,1393,0,19,121,41,1
1778519252.7537892,2,787,0,113,121,35,5
1778519252.7566571,1,1393,0,19,121,40,0
1778519252.771509,2,787,0,113,121,35,3
1778519252.7747998,1,1393,0,19,121,40,0
1778519252.7889361,2,787,0,113,121,35,4
1778519252.7917438,1,1393,0,19,121,41,0
1778519252.8063462,2,787,0,113,121,35,4
1778519252.8100972,1,1393,0,19,121,40,0
1778519252.8242173,2,787,0,113,121,35,5
1778519252.8270404,1,1393,0,19,121,40,0
1778519252.8417485,2,787,0,113,121,35,5
1778519252.8455856,1,1393,0,19,121,40,0
1778519252.8594952,2,787,0,113,121,35,5
1778519252.8629375,1,1393,0,19,121,40,0
1778519252.8773427,2,787,0,113,121,35,5
1778519252.8803,1,1393,0,19,121,40,0
1778519252.8941803,2,787,0,113,121,36,5
1778519252.8971097,1,1393,0,19,121,40,0
1778519252.9115665,2,787,0,113,121,35,5
1778519252.9148188,1,1393,0,19,121,40,0
1778519252.9288285,2,787,0,113,121,35,4
1778519252.931605,1,1393,0,19,121,40,1
1778519252.9458706,2,787,0,113,121,35,5
1778519252.9530027,1,1393,0,19,121,40,0
1778519252.9680007,2,787,0,113,121,35,5
1778519252.9719825,1,1393,0,19,121,40,0
1778519252.986239,2,787,0,113,121,35,5
1778519252.9891553,1,1393,0,19,121,40,0
1778519253.0041068,2,787,0,113,121,35,4
1778519253.0074444,1,1393,0,19,121,40,0
1778519253.0215867,2,787,0,113,121,35,4
1778519253.0244052,1,1393,0,19,121,40,0
1778519253.039245,2,787,0,113,121,35,4
1778519253.0427456,1,1393,0,19,121,40,0
1778519253.0572157,2,787,0,113,121,35,5
1778519253.0603552,1,1393,0,19,121,41,0
1778519253.0749233,2,787,0,113,121,35,5
1778519253.078168,1,1393,0,19,121,41,0
1778519253.0922625,2,787,0,113,121,35,4
1778519253.0950618,1,1393,0,19,121,40,0
1778519253.10965,2,787,0,113,121,35,4
1778519253.11361,1,1393,0,19,121,40,0
1778519253.1275728,2,787,0,113,121,35,5
1778519253.130935,1,1393,0,19,121,41,0
1778519253.1458745,2,787,0,113,121,36,4
1778519253.1489084,1,1393,0,19,121,40,0
1778519253.1631942,2,787,0,113,121,35,4
1778519253.166357,1,1393,0,19,121,40,0
1778519253.1810703,2,787,0,113,121,35,5
1778519253.1843023,1,1393,0,19,121,41,0
1778519253.1984363,2,787,0,113,121,35,4
1778519253.2014117,1,1393,0,19,121,40,0
1778519253.2159297,2,787,0,113,121,35,5
1778519253.2193084,1,1393,0,19,121,40,0
1778519253.2334485,2,787,0,113,121,35,5
1778519253.2363336,1,1393,0,19,121,41,0
1778519253.2503254,2,787,0,113,121,35,4
1778519253.2534275,1,1393,0,19,121,41,0
1778519253.2681923,2,787,0,113,121,35,4
1778519253.271546,1,1393,0,19,121,40,0
1778519253.2857652,2,787,0,113,121,35,5
1778519253.2884426,1,1393,0,19,121,40,0
1778519253.3032553,2,787,0,113,121,35,5
1778519253.3069544,1,1393,0,19,121,40,0
1778519253.3211944,2,787,0,113,121,35,4
1778519253.3240178,1,1393,0,19,121,41,0
1778519253.3384638,2,787,0,113,121,35,4
1778519253.3421345,1,1393,0,19,121,40,0
1778519253.3566039,2,787,0,113,121,35,5
1778519253.3597498,1,1393,0,19,121,41,0
1778519253.3743832,2,787,0,113,121,35,5
1778519253.37796,1,1393,0,19,121,41,0
1778519253.3920336,2,787,0,113,121,64,5
1778519253.3948102,1,1393,0,19,121,41,0
1778519253.40943,2,787,0,113,121,35,4
1778519253.4135292,1,1393,0,19,121,40,0
1778519253.4275339,2,787,0,113,121,35,3
1778519253.430839,1,1393,0,19,121,40,0
1778519253.4453855,2,787,0,113,121,35,4
1778519253.4485872,1,1393,0,19,121,41,0
1778519253.4627,2,787,0,113,121,35,4
1778519253.4656377,1,1393,0,19,121,41,0
1778519253.4802072,2,787,0,113,121,35,5
1778519253.4835734,1,1393,0,19,121,40,0
1778519253.4975493,2,787,0,113,121,35,5
1778519253.500317,1,1393,0,19,121,41,0
1778519253.5150864,2,787,0,113,121,35,5
1778519253.5186787,1,1393,0,19,121,41,0
1778519253.5330307,2,787,0,113,121,35,4
1778519253.5358183,1,1393,0,19,121,40,0
1778519253.5512323,2,787,0,113,121,36,5
1778519253.55507,1,1393,0,19,121,41,0
1778519253.5697458,2,787,0,113,121,35,4
1778519253.5739498,1,1393,0,19,121,40,0
1778519253.5883033,2,787,0,113,121,35,6
1778519253.5911028,1,1393,0,19,121,41,0
1778519253.60586,2,787,0,113,121,35,4
1778519253.609769,1,1393,0,19,121,40,0
1778519253.6238348,2,787,0,113,121,35,4
1778519253.6273103,1,1393,0,19,121,41,0
1778519253.6420026,2,787,0,113,121,35,4
1778519253.6449552,1,1393,0,19,121,41,0
1778519253.6590095,2,787,0,113,121,35,5
1778519253.6620467,1,1393,0,19,121,41,0
1778519253.676777,2,787,0,113,121,35,4
1778519253.6801527,1,1393,0,19,121,41,0
1778519253.6941025,2,787,0,113,121,35,4
1778519253.6968904,1,1393,0,19,121,40,0
1778519253.7114785,2,787,0,113,121,35,5
1778519253.71481,1,1393,0,19,121,41,1
1778519253.728901,2,787,0,113,121,35,5
1778519253.7316368,1,1393,0,19,121,41,0
1778519253.7460506,2,787,0,113,121,35,5
1778519253.7496364,1,1393,0,19,121,41,0
1778519253.7638805,2,787,0,113,121,35,4
1778519253.7668872,1,1393,0,19,121,40,0
1778519253.7814026,2,787,0,113,121,35,4
1778519253.7852585,1,1393,0,19,121,41,0
1778519253.7994478,2,787,0,113,121,45,4
1778519253.802479,1,1393,0,19,121,41,0
1778519253.8169203,2,787,0,113,121,35,4
1778519253.820175,1,1393,0,19,121,41,0
1778519253.834282,2,787,0,113,121,35,5
1778519253.8372493,1,1393,0,19,121,40,0
1778519253.8520553,2,787,0,113,121,35,4
1778519253.8554494,1,1393,0,19,121,41,0
1778519253.8694687,2,787,0,113,121,35,4
1778519253.872161,1,1393,0,19,121,41,0
1778519253.886895,2,787,0,113,121,35,5
1778519253.8905127,1,1393,0,19,121,41,0
1778519253.9047751,2,787,0,113,121,35,5
1778519253.907501,1,1393,0,19,121,41,0
1778519253.9220965,2,787,0,113,121,35,4
1778519253.9257429,1,1393,0,19,121,41,0
1778519253.9398346,2,787,0,113,121,35,5
1778519253.9431129,1,1393,0,19,121,41,0
1778519253.9575531,2,787,0,113,121,35,4
1778519253.9605966,1,1393,0,19,121,41,0
1778519253.9747014,2,787,0,113,121,35,5
1778519253.977693,1,1393,0,19,121,41,0
1778519253.9922786,2,787,0,113,121,35,4
1778519253.9955678,1,1393,0,19,121,41,0
1778519254.0096614,2,787,0,113,121,36,4
1778519254.0123932,1,1393,0,19,121,41,0
1778519254.0272264,2,787,0,113,121,35,4
1778519254.030461,1,1393,0,19,121,40,0
1778519254.0445807,2,787,0,113,121,35,4
1778519254.0475223,1,1393,0,19,121,41,0
1778519254.0620306,2,787,0,113,121,35,5
1778519254.0655463,1,1393,0,19,121,41,0
1778519254.0799186,2,787,0,113,121,35,5
1778519254.0829134,1,1393,0,19,121,41,0
1778519254.0974734,2,787,0,113,121,35,5
1778519254.1015458,1,1393,0,19,121,41,0
1778519254.1155303,2,787,0,113,121,35,5
1778519254.1188703,1,1393,0,19,121,40,0
1778519254.1334398,2,787,0,113,121,35,4
1778519254.1366854,1,1393,0,19,121,41,1
1778519254.1507266,2,787,0,113,121,35,5
1778519254.15378,1,1393,0,19,121,41,0
1778519254.1683037,2,787,0,113,121,35,4
1778519254.1715221,1,1393,0,19,121,41,0
1778519254.1856477,2,787,0,113,121,45,4
1778519254.1884084,1,1393,0,19,121,41,0
1778519254.20308,2,787,0,113,121,35,5
1778519254.206662,1,1393,0,19,121,41,0
1778519254.2206748,2,787,0,113,121,35,5
1778519254.223413,1,1393,0,19,121,41,0
1778519254.2379408,2,787,0,113,121,35,4
1778519254.2414424,1,1393,0,19,121,41,0
1778519254.2553227,2,787,0,112,121,60,5
1778519254.258571,1,1393,0,19,121,41,0
1778519254.2732024,2,787,0,106,121,35,4
1778519254.276427,1,1393,0,19,121,41,0
1778519254.2903826,2,787,0,92,121,40,3
1778519254.293369,1,1393,0,19,121,40,0
1778519254.307898,2,787,0,73,121,35,2
1778519254.311296,1,1393,0,19,121,41,0
1778519254.3253284,2,787,0,46,121,35,1
1778519254.3281918,1,1393,0,19,121,41,0
1778519254.3426661,2,787,0,0,121,35,0
1778519254.3463347,1,1393,0,19,121,41,0
1778519254.360657,2,786,0,54,121,35,0
1778519254.3636272,1,1393,0,19,121,41,0
1778519254.3779855,2,785,-50,96,121,35,1
1778519254.3814783,1,1393,0,19,121,41,0
1778519254.39556,2,782,-150,139,121,35,3
1778519254.3982959,1,1393,0,19,121,41,0
1778519254.4130669,2,779,-150,180,121,35,5
1778519254.417394,1,1393,0,19,121,41,0
1778519254.431493,2,772,-300,228,121,35,7
1778519254.4346457,1,1393,0,19,121,41,1
1778519254.449224,2,764,-500,250,121,35,8
1778519254.4524603,1,1393,0,19,121,41,0
1778519254.466385,2,753,-500,258,121,35,7
1778519254.4693909,1,1393,0,19,121,41,0
1778519254.4837801,2,742,-600,255,121,35,7
1778519254.4869878,1,1393,0,19,121,41,0
1778519254.5012686,2,730,-600,245,121,35,6
1778519254.5042353,1,1393,0,19,121,41,0
1778519254.518236,2,720,-700,223,121,35,4
1778519254.5212357,1,1393,0,19,121,41,0
1778519254.5358055,2,710,-550,205,121,35,4
1778519254.5390372,1,1393,0,19,121,41,0
1778519254.5533683,2,700,-600,177,121,35,3
1778519254.556407,1,1393,0,19,121,41,0
1778519254.5707998,2,693,-450,150,121,35,3
1778519254.574119,1,1393,0,19,121,41,0
1778519254.5882385,2,686,-400,121,121,35,2
1778519254.5912125,1,1393,0,19,121,41,0
1778519254.6054845,2,681,-400,94,121,35,2
1778519254.608968,1,1393,0,19,122,41,1
1778519254.6230795,2,678,-250,79,121,35,1
1778519254.6260655,1,1393,0,19,121,41,0
1778519254.6407473,2,676,-200,66,121,35,1
1778519254.6440785,1,1393,0,19,121,41,0
1778519254.6580753,2,674,-100,59,121,35,2
1778519254.660972,1,1393,0,19,121,41,0
1778519254.6756124,2,674,-50,55,121,35,1
1778519254.6790407,1,1393,0,19,121,41,1
1778519254.6931825,2,674,0,54,121,35,1
1778519254.696047,1,1393,0,19,121,41,0
1778519254.7103682,2,674,0,54,121,36,1
1778519254.7139387,1,1393,0,19,121,41,0
1778519254.727871,2,674,0,54,121,35,2
1778519254.7306068,1,1393,0,19,121,41,0
1778519254.7450454,2,674,0,54,121,35,1
1778519254.7490218,1,1393,0,19,121,41,0
1778519254.7631896,2,674,0,54,121,35,1
1778519254.7664852,1,1393,0,19,121,41,0
1778519254.780917,2,674,0,54,121,35,2
1778519254.7840643,1,1393,0,19,121,41,0
1778519254.798061,2,674,0,54,121,35,2
1778519254.8008435,1,1393,0,19,121,41,0
1778519254.8153396,2,674,0,54,121,35,1
1778519254.8186715,1,1393,0,19,121,41,0
1778519254.8328192,2,674,0,54,121,35,1
1778519254.8357506,1,1393,0,19,121,41,0
1778519254.8501089,2,674,0,54,121,35,2
1778519254.8537078,1,1393,0,19,121,41,0
1778519254.8683128,2,674,0,54,121,35,1
1778519254.87132,1,1393,0,19,121,41,0
1778519254.8851955,2,674,0,54,121,35,1
1778519254.8880136,1,1393,0,19,121,41,0
1778519254.90236,2,674,0,54,121,35,1
1778519254.905975,1,1393,0,19,121,41,0
1778519254.9200206,2,674,0,54,121,35,1
1778519254.9228687,1,1393,0,19,121,41,0
1778519254.9375386,2,674,0,54,121,35,1
1778519254.941499,1,1393,0,19,122,41,0
1778519254.9556074,2,674,0,54,121,35,1
1778519254.9589462,1,1393,0,19,121,41,0
1778519254.9734366,2,674,0,56,121,35,1
1778519254.9764633,1,1393,0,19,121,41,0
1778519254.9904177,2,674,0,62,121,35,2
1778519254.993323,1,1393,0,19,121,41,0
1778519255.0078316,2,674,0,76,121,35,2
1778519255.0110855,1,1393,0,19,121,40,0
1778519255.0251036,2,674,0,96,121,35,4
1778519255.0278902,1,1393,0,19,121,41,0
1778519255.0422583,2,673,0,121,121,35,4
1778519255.0459483,1,1393,0,19,121,41,0
1778519255.0601149,2,671,-50,149,121,35,5
1778519255.0633686,1,1393,0,19,121,41,0
1778519255.0776439,2,667,-150,175,121,35,6
1778519255.0806003,1,1393,0,19,121,41,0
1778519255.0944903,2,661,-250,203,121,35,9
1778519255.09742,1,1393,0,19,121,41,0
1778519255.1118402,2,655,-350,229,121,35,8
1778519255.115135,1,1393,0,19,121,41,0
1778519255.1290884,2,646,-500,253,121,35,9
1778519255.131826,1,1393,0,19,121,41,0
1778519255.1463115,2,635,-600,276,121,35,9
1778519255.1499636,1,1393,0,19,121,41,0
1778519255.1641562,2,623,-650,302,121,35,10
1778519255.1670585,1,1393,0,19,121,41,0
1778519255.181555,2,610,-650,331,120,35,12
1778519255.185548,1,1393,0,19,121,41,0
1778519255.1994896,2,594,-800,355,120,35,13
1778519255.2029884,1,1393,0,19,121,41,0
1778519255.217607,2,577,-900,376,120,35,12
1778519255.2206883,1,1393,0,19,120,41,0
1778519255.2345846,2,559,-1000,390,120,35,12
1778519255.2374713,1,1393,0,19,121,41,0
1778519255.2519681,2,540,-1050,401,120,35,11
1778519255.2553847,1,1393,0,19,121,41,0
1778519255.2693608,2,520,-1150,407,120,35,12
1778519255.2721953,1,1393,0,19,121,41,0
1778519255.2864182,2,500,-1150,410,120,35,11
1778519255.2900174,1,1393,0,19,121,41,0
1778519255.3043373,2,478,-1200,412,121,35,10
1778519255.307262,1,1393,0,19,121,41,0
1778519255.321952,2,457,-1200,412,121,35,9
1778519255.3255072,1,1393,0,19,121,41,0
1778519255.339498,2,433,-1200,412,121,35,10
1778519255.3426554,1,1393,0,19,121,41,0
1778519255.357169,2,412,-1300,404,121,35,9
1778519255.360402,1,1393,0,19,121,41,0
1778519255.374391,2,390,-1200,404,121,35,10
1778519255.3774765,1,1393,0,19,121,41,1
1778519255.391969,2,369,-1250,401,121,35,8
1778519255.3953874,1,1393,0,19,121,41,0
1778519255.409559,2,346,-1250,398,121,35,9
1778519255.4124143,1,1393,0,19,121,41,0
1778519255.426913,2,326,-1200,392,121,35,9
1778519255.4302173,1,1393,0,19,121,41,0
1778519255.4441786,2,305,-1200,381,121,35,8
1778519255.4469335,1,1393,0,19,121,41,0
1778519255.4615862,2,286,-1200,365,121,35,7
1778519255.4655266,1,1393,0,19,121,41,0
1778519255.479456,2,265,-1150,345,121,35,6
1778519255.4826741,1,1393,0,19,121,41,0
1778519255.497423,2,245,-1150,318,121,35,4
1778519255.5006588,1,1393,0,19,121,41,0
1778519255.514586,2,228,-1050,295,121,35,4
1778519255.5175927,1,1393,0,19,121,41,1
1778519255.5319862,2,213,-900,272,121,35,4
1778519255.5354042,1,1393,0,19,121,41,0
1778519255.5494409,2,199,-900,246,121,35,4
1778519255.5523164,1,1393,0,19,121,41,0
1778519255.566773,2,186,-750,220,121,35,3
1778519255.5704353,1,1393,0,19,121,41,0
1778519255.5847452,2,173,-650,193,121,35,3
1778519255.5877285,1,1393,0,19,121,41,0
1778519255.601953,2,164,-650,167,121,35,2
1778519255.60551,1,1393,0,19,121,41,0
1778519255.6201906,2,155,-600,136,121,35,2
1778519255.6231189,1,1393,0,19,121,41,0
1778519255.6369581,2,149,-450,113,121,35,2
1778519255.6397347,1,1393,0,19,121,41,0
1778519255.6540055,2,144,-350,90,121,35,2
1778519255.6575067,1,1393,0,19,121,41,0
1778519255.671725,2,141,-200,74,121,35,1
1778519255.6745503,1,1393,0,19,121,41,0
1778519255.6889517,2,139,-150,62,121,35,2
1778519255.6928363,1,1393,0,19,121,41,0
1778519255.7067842,2,139,-50,49,121,35,1
1778519255.7096968,1,1393,0,19,121,41,0
1778519255.724087,2,138,-50,32,121,35,0
1778519255.7274616,1,1393,0,19,121,41,0
1778519255.741418,2,138,0,22,121,35,0
1778519255.7442193,1,1393,0,19,121,41,0
1778519255.7585306,2,138,0,48,121,35,1
1778519255.7619946,1,1393,0,19,121,41,1
1778519255.7761085,2,138,0,79,121,35,2
1778519255.778988,1,1393,0,19,121,41,0
1778519255.7935553,2,139,0,117,121,35,3
1778519255.7976215,1,1393,0,19,121,41,0
1778519255.8117144,2,141,100,158,121,35,4
1778519255.8150742,1,1393,0,19,121,41,0
1778519255.8297062,2,146,150,198,121,35,6
1778519255.8327324,1,1393,0,19,121,41,1
1778519255.846802,2,153,350,236,121,35,8
1778519255.8498416,1,1393,0,19,121,42,0
1778519255.864207,2,162,550,265,121,35,10
1778519255.8675869,1,1393,0,19,121,41,0
1778519255.881634,2,173,600,296,120,35,11
1778519255.8845866,1,1393,0,19,121,41,0
1778519255.8990722,2,186,600,328,120,35,12
1778519255.9024222,1,1393,0,19,121,40,0
1778519255.9166543,2,201,750,355,120,35,14
1778519255.9196362,1,1393,0,19,121,41,0
1778519255.933462,2,217,900,374,120,35,13
1778519255.9363801,1,1393,0,19,120,41,0
1778519255.9508471,2,233,900,395,120,35,13
1778519255.9542096,1,1393,0,19,121,41,0
1778519255.9681332,2,251,950,414,120,35,16
1778519255.9709313,1,1393,0,19,120,41,0
1778519255.9853585,2,271,1150,422,120,36,12
1778519255.9893112,1,1393,0,19,121,41,0
1778519256.0031555,2,293,1200,424,120,35,9
1778519256.0057745,1,1393,0,19,121,41,0
1778519256.0204377,2,314,1200,421,120,35,12
1778519256.0236742,1,1393,0,19,121,41,0
1778519256.0375996,2,335,1300,414,121,35,11
1778519256.0404027,1,1393,0,19,121,41,1
1778519256.055021,2,356,1100,419,121,35,12
1778519256.0584755,1,1393,0,19,121,41,0
1778519256.072384,2,378,1250,406,121,35,9
1778519256.07527,1,1393,0,19,121,41,0
1778519256.08955,2,398,1250,386,121,35,8
1778519256.0930889,1,1393,0,19,121,41,0
1778519256.107277,2,419,1200,361,121,35,8
1778519256.1101732,1,1393,0,19,121,41,0
1778519256.1245553,2,435,1050,339,121,35,7
1778519256.1286812,1,1393,0,19,121,41,0
1778519256.1426017,2,455,1000,315,121,35,6
1778519256.1454976,1,1393,0,19,121,41,0
1778519256.1599994,2,471,950,289,121,35,5
1778519256.163254,1,1393,0,19,121,41,0
1778519256.1772418,2,486,950,258,121,35,3
1778519256.1801672,1,1393,0,19,121,41,0
1778519256.194964,2,500,800,235,121,35,4
1778519256.1985574,1,1393,0,19,121,41,0
1778519256.2131128,2,512,800,200,121,35,3
1778519256.2160501,1,1393,0,19,121,41,0
1778519256.229918,2,521,600,177,121,35,3
1778519256.23289,1,1393,0,19,121,41,0
1778519256.2473342,2,528,450,156,121,35,3
1778519256.2507942,1,1393,0,19,121,41,0
1778519256.2647061,2,534,350,134,121,35,2
1778519256.267476,1,1393,0,19,121,41,0
1778519256.2818174,2,538,300,113,121,35,2
1778519256.2857149,1,1393,0,19,121,41,0
1778519256.2999792,2,544,300,88,121,39,2
1778519256.302874,1,1393,0,19,121,41,0
1778519256.317439,2,546,300,57,121,35,1
1778519256.321436,1,1393,0,19,121,41,0
1778519256.335396,2,547,150,31,121,35,0
1778519256.3383431,1,1393,0,19,121,41,0
1778519256.3527718,2,547,0,21,121,35,0
1778519256.3559353,1,1393,0,19,121,41,0
1778519256.3698604,2,547,0,47,121,35,0
1778519256.3726597,1,1393,0,19,121,41,0
1778519256.3870876,2,546,-50,78,121,35,1
1778519256.390306,1,1393,0,19,121,41,0
1778519256.4046938,2,545,-50,116,121,35,3
1778519256.4077144,1,1393,0,19,121,41,0
1778519256.4216154,2,543,-100,156,121,35,5
1778519256.4245572,1,1393,0,19,121,41,0
1778519256.43907,2,538,-250,195,121,35,6
1778519256.4425359,1,1393,0,19,121,41,0
1778519256.456487,2,531,-250,238,121,35,8
1778519256.4592617,1,1393,0,19,121,41,0
1778519256.4736974,2,523,-400,271,120,35,12
1778519256.477639,1,1393,0,19,121,41,0
1778519256.4917285,2,511,-550,304,120,35,12
1778519256.495146,1,1393,0,19,121,41,0
1778519256.509524,2,498,-700,332,120,35,11
1778519256.5125637,1,1393,0,19,121,41,0
1778519256.5265605,2,483,-800,360,120,35,11
1778519256.5296342,1,1393,0,19,120,41,0
1778519256.5441186,2,465,-950,382,120,35,13
1778519256.5475366,1,1393,0,19,121,41,1
1778519256.5619433,2,445,-1100,394,121,35,12
1778519256.5649552,1,1393,0,19,121,41,0
1778519256.5794096,2,426,-1100,401,121,35,11
1778519256.5828297,1,1393,0,19,121,41,0
1778519256.5968766,2,405,-1100,408,121,35,13
1778519256.599671,1,1393,0,19,121,41,0
1778519256.6139581,2,385,-1150,410,121,35,9
1778519256.617434,1,1393,0,19,120,41,0
1778519256.632017,2,362,-1200,410,121,35,9
1778519256.6352713,1,1393,0,19,121,41,0
1778519256.64935,2,339,-1250,406,121,35,8
1778519256.6522412,1,1393,0,19,121,41,0
1778519256.666251,2,319,-1250,403,121,35,9
1778519256.669296,1,1393,0,19,121,41,0
1778519256.6838648,2,298,-1250,400,121,35,9
1778519256.6872022,1,1393,0,19,121,41,0
1778519256.7012398,2,276,-1200,398,121,35,9
1778519256.703983,1,1393,0,19,121,41,0
1778519256.7183852,2,255,-1250,397,121,35,9
1778519256.7219334,1,1393,0,19,121,41,1
1778519256.7358813,2,234,-1250,393,121,35,9
1778519256.7386923,1,1393,0,19,121,41,0
1778519256.7533703,2,215,-1150,398,121,35,10
1778519256.757415,1,1393,0,19,121,41,1
1778519256.7714283,2,192,-1200,398,120,35,10
1778519256.7749763,1,1393,0,19,121,41,0
1778519256.7892995,2,171,-1200,398,121,35,10
1778519256.7923965,1,1393,0,19,121,41,0
1778519256.8064008,2,149,-1200,398,121,35,8
1778519256.8095858,1,1393,0,19,121,41,0
1778519256.8237195,2,129,-1200,398,121,35,10
1778519256.826715,1,1393,0,19,121,41,0
1778519256.8411086,2,109,-1150,400,121,35,10
1778519256.8449962,1,1393,0,19,121,41,0
1778519256.8589063,2,87,-1200,402,121,35,9
1778519256.861971,1,1393,0,19,121,41,0
1778519256.876707,2,67,-1200,402,121,35,11
1778519256.8802862,1,1393,0,19,120,41,0
1778519256.8943946,2,44,-1250,397,121,35,9
1778519256.8973398,1,1393,0,19,121,41,1
1778519256.9116824,2,24,-1200,398,121,35,9
1778519256.914824,1,1393,0,19,121,41,0
1778519256.9291406,2,4,-1150,402,121,35,10
1778519256.9330382,1,1393,0,19,121,41,0
1778519256.9470127,2,4077,-1200,402,121,35,9
1778519256.9500957,1,1393,0,19,121,41,0
1778519256.9645936,2,4056,-1200,402,120,35,8
1778519256.967785,1,1393,0,19,121,41,0
1778519256.9818993,2,4035,-1200,402,121,35,11
1778519256.984989,1,1393,0,19,121,41,0
1778519256.998812,2,4018,-1050,407,120,35,19
1778519257.0018437,1,1393,0,19,120,41,1
1778519257.0162613,2,4006,-1050,426,119,35,33
1778519257.0195994,1,1393,0,19,119,41,0
1778519257.0335364,2,3998,-700,460,117,35,61
1778519257.0363405,1,1393,0,19,118,41,0
1778519257.0508137,2,3994,-450,512,116,35,91
1778519257.0541966,1,1393,0,19,116,41,0
1778519257.0680602,2,3992,-200,572,113,35,121
1778519257.0714157,1,1393,0,19,113,41,0
1778519257.086236,2,3992,-50,636,112,35,154
1778519257.0893939,1,1393,0,19,112,41,0
1778519257.103468,2,3992,0,697,110,35,183
1778519257.1064239,1,1393,-50,23,110,41,0
1778519257.1210742,2,3992,0,750,109,35,205
1778519257.1249142,1,1393,50,20,109,41,0
1778519257.1389322,2,3992,0,801,107,35,234
1778519257.1418738,1,1393,0,19,108,41,0
1778519257.1562521,2,3992,0,842,105,35,254
1778519257.1593914,1,1392,0,19,105,40,0
1778519257.1734293,2,3992,0,879,105,35,267
1778519257.1762795,1,1392,0,19,105,41,0
1778519257.1906607,2,3990,0,908,103,35,259
1778519257.194443,1,1393,0,19,105,41,0
1778519257.2088907,2,3987,-150,923,104,35,287
1778519257.2117813,1,1393,0,19,104,41,0
1778519257.2258127,2,3985,-150,930,103,35,298
1778519257.229095,1,1393,0,19,103,41,0
1778519257.2434793,2,3985,-50,936,103,35,306
1778519257.2469132,1,1393,0,19,103,41,0
1778519257.260801,2,3984,-50,938,102,36,307
1778519257.2635689,1,1393,0,19,104,41,0
1778519257.2779636,2,3985,0,937,102,36,307
1778519257.2814388,1,1393,0,19,102,41,0
1778519257.2956567,2,3985,50,939,103,35,307
1778519257.2986653,1,1393,0,19,102,41,0
1778519257.3130481,2,3985,50,942,102,35,307
1778519257.3169212,1,1393,0,19,103,41,0
1778519257.3310082,2,3985,-50,937,102,35,305
1778519257.3341312,1,1393,0,19,103,41,0
1778519257.3488305,2,3985,0,937,103,35,305
1778519257.3523166,1,1393,0,19,103,41,0
1778519257.3663309,2,3985,50,941,102,36,307
1778519257.3692262,1,1393,0,19,102,41,0
1778519257.3836634,2,3985,-50,938,103,35,305
1778519257.3869035,1,1393,0,19,103,41,0
1778519257.400842,2,3984,0,937,102,35,304
1778519257.403612,1,1393,0,19,103,41,0
1778519257.4179747,2,3985,50,939,102,35,305
1778519257.421512,1,1393,0,19,103,41,0
1778519257.4360313,2,3985,0,941,102,35,309
1778519257.4390397,1,1393,0,19,103,41,0
1778519257.4528077,2,3985,0,941,102,35,305
1778519257.4555566,1,1393,0,19,103,41,0
1778519257.47003,2,3985,-50,937,103,35,304
1778519257.4739332,1,1393,0,19,103,41,0
1778519257.4886181,2,3985,50,941,103,36,305
1778519257.4915745,1,1393,0,19,102,41,0
1778519257.5055642,2,3984,0,941,102,36,305
1778519257.5083199,1,1393,0,19,104,41,0
1778519257.522789,2,3985,0,941,103,35,304
1778519257.5261493,1,1393,0,19,104,41,0
1778519257.5400136,2,3984,0,941,102,36,305
1778519257.54286,1,1393,-50,23,103,41,0
1778519257.5576103,2,3985,0,941,102,36,305
1778519257.561516,1,1393,50,20,102,41,0
1778519257.5753992,2,3985,0,941,103,35,304
1778519257.5787532,1,1393,0,19,103,41,0
1778519257.593431,2,3984,0,941,102,35,302
1778519257.5966659,1,1393,0,19,103,41,0
1778519257.6105971,2,3985,-50,937,103,36,300
1778519257.6136038,1,1393,0,19,103,41,0
1778519257.6282458,2,3985,0,937,103,36,301
1778519257.6316838,1,1393,0,19,103,41,0
1778519257.6455998,2,3985,0,937,103,36,300
1778519257.648412,1,1393,0,19,103,41,0
1778519257.6628642,2,3985,0,937,103,36,300
1778519257.6664097,1,1393,0,19,103,41,0
1778519257.680687,2,3985,50,940,103,35,301
1778519257.6835961,1,1393,0,19,103,41,0
1778519257.6979823,2,3985,-50,938,103,35,299
1778519257.7015862,1,1393,0,19,103,41,0
1778519257.715653,2,3985,0,929,103,36,294
1778519257.7186005,1,1393,0,19,103,41,0
1778519257.7331638,2,3984,0,916,104,35,286
1778519257.7370472,1,1393,0,19,104,41,0
1778519257.7509642,2,3984,50,899,104,36,276
1778519257.7541468,1,1393,0,19,104,41,0
1778519257.7688215,2,3985,-50,868,105,35,257
1778519257.7719676,1,1393,0,19,105,41,0
1778519257.7859004,2,3985,50,839,106,35,242
1778519257.788806,1,1393,0,19,106,41,0
1778519257.8033013,2,3985,-50,799,107,36,221
1778519257.806705,1,1393,0,19,108,41,0
1778519257.8206463,2,3985,50,755,109,35,199
1778519257.8234131,1,1393,0,19,109,41,0
1778519257.8379536,2,3985,0,707,110,35,174
1778519257.8415189,1,1393,0,19,111,41,0
1778519257.8556106,2,3985,0,649,112,35,149
1778519257.858895,1,1393,-50,22,113,41,0
1778519257.8734684,2,3985,0,585,113,35,117
1778519257.8767147,1,1393,50,21,114,41,0
1778519257.8908107,2,3985,0,517,115,35,94
1778519257.893947,1,1393,0,19,116,41,0
1778519257.9083338,2,3984,0,440,117,36,71
1778519257.911514,1,1393,0,19,117,41,0
1778519257.925648,2,3985,-50,357,118,35,47
1778519257.9285495,1,1393,0,19,119,41,0
1778519257.9430492,2,3985,50,273,119,35,27
1778519257.9463983,1,1393,0,19,120,41,0
1778519257.9602873,2,3985,0,192,120,35,16
1778519257.9630415,1,1393,0,19,121,41,0
1778519257.977449,2,3986,0,111,121,35,5
1778519257.9813478,1,1393,0,19,121,41,0
1778519257.9952376,2,3988,100,28,121,35,1
1778519257.9981058,1,1393,0,19,121,41,0
1778519258.012563,2,3992,250,74,121,41,0
1778519258.0158734,1,1393,0,19,121,41,0
1778519258.0297968,2,3998,250,143,122,35,0
1778519258.0325375,1,1393,0,19,122,41,0
1778519258.0470917,2,4006,400,195,121,35,0
1778519258.050559,1,1393,0,19,122,41,0
1778519258.0654001,2,4015,450,249,121,35,5
1778519258.0694778,1,1393,0,19,121,41,0
1778519258.0834923,2,4024,500,302,121,36,8
1778519258.086767,1,1393,0,19,121,41,0
1778519258.1012788,2,4036,550,347,120,36,12
1778519258.104487,1,1393,0,19,121,41,0
1778519258.1184986,2,4052,800,380,120,35,13
1778519258.1214945,1,1393,0,19,120,41,0
1778519258.135849,2,4068,950,402,120,35,14
1778519258.1392598,1,1393,0,19,121,41,0
1778519258.153478,2,4088,1100,415,120,35,16
1778519258.1564543,1,1393,0,19,121,41,0
1778519258.1704319,2,12,1100,422,120,35,13
1778519258.1735585,1,1393,0,19,121,41,0
1778519258.1883178,2,33,1150,424,120,35,13
1778519258.1917646,1,1393,0,19,121,41,0
1778519258.205654,2,53,1150,423,121,35,11
1778519258.2084188,1,1393,0,19,121,41,0
1778519258.2229247,2,73,1150,417,121,35,10
1778519258.2262464,1,1393,0,19,121,41,0
1778519258.2407506,2,95,1250,398,121,35,8
1778519258.2437294,1,1393,0,19,121,41,0
1778519258.2576597,2,117,1200,373,121,35,9
1778519258.260493,1,1393,0,19,121,41,0
1778519258.2749715,2,135,1100,349,121,35,7
1778519258.2782674,1,1393,0,19,121,41,0
1778519258.292076,2,151,1000,325,121,35,6
1778519258.294819,1,1393,0,19,121,41,0
1778519258.3095403,2,168,1000,299,121,35,4
1778519258.313465,1,1393,-50,22,121,41,0
1778519258.3274353,2,185,1000,263,121,35,3
1778519258.3308558,1,1393,50,22,121,41,0
1778519258.3453035,2,199,850,235,121,35,4
1778519258.348214,1,1393,0,19,121,41,0
1778519258.362119,2,211,750,208,121,35,4
1778519258.3650312,1,1393,0,19,121,41,0
1778519258.3794644,2,220,650,181,121,35,3
1778519258.382785,1,1393,0,19,121,41,0
1778519258.3971508,2,228,500,154,121,36,3
1778519258.4001796,1,1393,0,19,121,41,0
1778519258.4139662,2,234,350,132,121,35,2
1778519258.4168446,1,1393,0,19,121,41,0
1778519258.4313123,2,238,250,112,121,35,2
1778519258.4346337,1,1393,0,19,121,41,0
1778519258.4487016,2,242,250,95,121,35,2
1778519258.4514785,1,1393,0,19,121,41,0
1778519258.4660125,2,245,250,78,121,35,1
1778519258.4695134,1,1393,0,19,121,41,0
1778519258.4835734,2,247,150,67,121,35,1
1778519258.4868102,1,1393,0,19,121,41,0
1778519258.5012732,2,248,100,60,121,35,2
1778519258.5045717,1,1393,0,19,121,41,0
1778519258.5184648,2,249,50,56,121,36,2
1778519258.521384,1,1393,0,19,121,41,0
1778519258.5358455,2,249,0,55,121,35,1
1778519258.5391765,1,1393,0,19,121,41,0
1778519258.5531843,2,249,0,55,121,35,1
1778519258.555931,1,1393,0,19,122,41,0
1778519258.5702677,2,249,0,55,121,35,1
1778519258.5738425,1,1393,0,19,121,41,0
1778519258.5879834,2,249,0,55,121,35,1
1778519258.5910656,1,1393,0,19,121,41,0
1778519258.6053777,2,249,0,55,121,35,1
1778519258.608978,1,1393,0,19,122,41,0
1778519258.622931,2,249,0,55,121,35,1
1778519258.6258938,1,1393,0,19,121,41,0
1778519258.64036,2,249,0,55,121,36,1
1778519258.643817,1,1393,0,19,121,41,0
1778519258.6577194,2,249,0,55,121,35,1
1778519258.6605327,1,1393,0,19,121,41,0
1778519258.6749775,2,249,0,55,121,35,1
1778519258.6783042,1,1393,0,19,122,41,0
1778519258.6922174,2,249,0,55,121,35,1
1778519258.694959,1,1393,0,19,121,41,0
1778519258.7095182,2,249,0,55,121,35,1
1778519258.7135227,1,1393,0,19,121,41,0
1778519258.7274897,2,249,0,55,121,35,1
1778519258.7306173,1,1393,0,19,121,41,0
1778519258.7451818,2,249,0,55,121,35,1
1778519258.7484043,1,1393,0,19,121,41,0
1778519258.7626338,2,249,0,55,121,35,1
1778519258.765721,1,1393,0,19,121,41,0
1778519258.7801354,2,249,0,55,121,36,2
1778519258.7834356,1,1393,0,19,121,41,0
1778519258.7975278,2,249,0,55,121,35,1
1778519258.800371,1,1393,0,19,122,41,0
1778519258.8149633,2,249,0,55,121,35,1
1778519258.8183231,1,1393,0,19,122,41,0
1778519258.83228,2,249,0,55,121,35,1
1778519258.8351343,1,1393,0,19,121,41,0
1778519258.8495502,2,249,0,55,121,35,2
1778519258.8535461,1,1393,0,19,121,41,0
1778519258.8674252,2,249,0,55,121,35,1
1778519258.8707044,1,1393,0,19,122,41,0
1778519258.8853126,2,249,0,55,121,35,1
1778519258.8886716,1,1393,0,19,121,41,0
1778519258.902566,2,249,0,55,121,35,1
1778519258.9056208,1,1393,0,19,121,41,0
1778519258.920141,2,249,0,55,121,35,1
1778519258.923533,1,1393,0,19,122,41,0
1778519258.9375322,2,249,0,55,121,37,1
1778519258.9404051,1,1393,0,19,121,41,0
1778519258.9548626,2,249,0,55,121,35,1
1778519258.9582531,1,1393,0,19,121,41,0
1778519258.9721985,2,249,0,55,121,35,1
1778519258.9749928,1,1393,0,19,121,41,0
1778519258.9896142,2,249,0,55,121,36,1
1778519258.9935045,1,1393,0,19,122,41,0
1778519259.0074134,2,249,0,55,121,35,2
1778519259.0105479,1,1393,0,19,121,41,0
1778519259.0251625,2,249,0,55,121,35,1
1778519259.0283587,1,1393,0,19,121,41,0
1778519259.0424447,2,249,0,55,121,35,1
1778519259.0454235,1,1393,0,19,121,41,0
1778519259.0599415,2,249,0,55,121,38,2
1778519259.0634046,1,1392,0,19,121,41,0
1778519259.077571,2,249,0,55,121,35,2
1778519259.0803773,1,1393,0,19,121,41,0
1778519259.0949054,2,249,0,55,121,36,1
1778519259.0981731,1,1393,0,19,121,41,0
1778519259.1121933,2,249,0,55,121,36,2
1778519259.1150284,1,1393,0,19,121,41,0
1778519259.1296282,2,249,0,55,122,36,2
1778519259.1335845,1,1393,0,19,122,41,0
1778519259.14757,2,249,0,55,121,35,2
1778519259.150993,1,1393,0,19,121,41,0
1778519259.165431,2,249,0,55,121,37,2
1778519259.1684659,1,1393,0,19,121,41,0
1778519259.1822896,2,249,0,55,121,35,1
1778519259.185166,1,1393,0,19,121,41,0
1778519259.1995575,2,249,0,55,121,35,1
1778519259.202938,1,1393,0,19,121,41,0
1778519259.216993,2,249,0,55,121,35,2
1778519259.219774,1,1393,0,19,121,41,0
1778519259.2340357,2,249,0,55,121,35,1
1778519259.2375956,1,1393,0,19,121,41,0
1778519259.2516148,2,249,0,55,121,36,2
1778519259.2543747,1,1393,0,19,121,41,0
1778519259.268799,2,249,0,55,121,36,1
1778519259.2727227,1,1393,0,19,121,41,0
1778519259.2868204,2,249,0,55,121,35,1
1778519259.2898147,1,1393,0,19,122,41,0
1778519259.3041613,2,249,0,55,121,35,1
1778519259.3074005,1,1393,0,19,121,41,0
1778519259.3219664,2,249,0,55,121,35,1
1778519259.3262227,1,1393,0,19,121,41,0
1778519259.3412733,2,249,0,55,122,36,2
1778519259.3441253,1,1393,0,19,121,41,0
1778519259.3579166,2,249,0,55,121,35,1
1778519259.3608081,1,1393,0,19,121,41,1
1778519259.3752525,2,249,0,55,121,36,2
1778519259.3785887,1,1393,0,19,121,41,1
1778519259.3926635,2,249,0,55,121,38,1
1778519259.395503,1,1393,0,19,121,41,0
1778519259.4098325,2,249,0,55,121,35,2
1778519259.4134667,1,1393,0,19,121,41,0
1778519259.4274971,2,249,0,55,121,36,1
1778519259.4302902,1,1393,0,19,121,41,0
1778519259.4445684,2,249,0,55,121,35,1
1778519259.4486952,1,1393,0,19,122,41,0
1778519259.4628263,2,249,0,55,121,36,2
1778519259.465743,1,1393,0,19,121,41,0
1778519259.48021,2,249,0,55,121,35,1
1778519259.4835796,1,1392,0,19,122,41,0
1778519259.4975142,2,249,0,55,121,35,0
1778519259.5002773,1,1393,0,19,121,41,0
1778519259.5148027,2,249,0,55,121,35,1
1778519259.5183923,1,1392,0,19,121,41,0
1778519259.532777,2,249,0,55,121,36,1
1778519259.5358984,1,1393,0,19,121,41,0
1778519259.5504148,2,249,0,53,121,35,1
1778519259.554004,1,1393,0,19,121,41,0
1778519259.5680146,2,249,0,45,121,35,1
1778519259.5718658,1,1393,0,19,122,41,0
1778519259.5863407,2,249,0,32,121,36,1
1778519259.5893836,1,1393,0,19,121,41,0
1778519259.603314,2,249,0,20,121,35,0
1778519259.606617,1,1393,0,19,121,41,0
1778519259.6211996,2,248,0,47,121,35,1
1778519259.6243794,1,1393,0,19,122,41,0
1778519259.6383703,2,247,-50,75,121,36,1
1778519259.6414928,1,1393,0,19,121,41,0
1778519259.6560557,2,246,-50,110,121,36,3
1778519259.6594877,1,1393,0,19,121,41,0
1778519259.673528,2,245,-50,153,121,35,4
1778519259.6762722,1,1393,0,19,121,41,0
1778519259.6906104,2,241,-200,190,121,36,6
1778519259.6941586,1,1393,0,19,121,41,0
1778519259.7082705,2,234,-350,228,121,36,8
1778519259.7110324,1,1393,0,19,121,41,0
1778519259.725459,2,225,-500,261,121,35,8
1778519259.729391,1,1393,0,19,121,41,0
1778519259.743274,2,213,-500,298,121,35,10
1778519259.7465174,1,1393,0,19,121,41,0
1778519259.761204,2,200,-650,325,121,35,11
1778519259.7643971,1,1393,0,19,121,41,0
1778519259.7783308,2,185,-750,354,121,35,11
1778519259.781234,1,1393,0,19,121,41,0
1778519259.795727,2,169,-950,371,121,35,12
1778519259.7990675,1,1393,0,19,121,41,0
1778519259.813364,2,149,-1050,383,121,36,10
1778519259.8163266,1,1393,-50,24,121,41,0
1778519259.83034,2,130,-1050,393,121,36,10
1778519259.8333244,1,1393,50,20,121,41,0
1778519259.8478382,2,111,-1100,397,121,36,10
1778519259.8512697,1,1393,0,19,121,41,0
1778519259.8652039,2,90,-1200,392,121,35,9
1778519259.868059,1,1393,0,19,121,41,0
1778519259.882615,2,70,-1200,375,121,35,8
1778519259.886158,1,1393,0,19,121,41,0
1778519259.9004195,2,49,-1200,351,121,35,6
1778519259.9035492,1,1393,0,19,121,41,0
1778519259.9178603,2,30,-1100,329,121,36,5
1778519259.9210293,1,1393,0,19,121,41,0
1778519259.9351943,2,12,-1050,306,121,36,4
1778519259.9382508,1,1393,0,19,121,41,0
1778519259.95259,2,4092,-1000,279,121,36,4
1778519259.956439,1,1393,0,19,121,41,0
1778519259.9703488,2,4076,-900,248,121,36,3
1778519259.973086,1,1393,0,19,121,41,0
1778519259.9878423,2,4063,-800,220,121,35,3
1778519259.9912925,1,1393,0,19,121,41,0
1778519260.0051672,2,4052,-650,193,121,36,2
1778519260.0078988,1,1393,0,19,121,41,0
1778519260.02258,2,4042,-650,167,121,36,2
1778519260.0261343,1,1393,0,19,122,41,0
1778519260.0401766,2,4034,-550,140,121,35,2
1778519260.0430048,1,1393,0,19,121,41,0
1778519260.0575259,2,4028,-400,120,121,36,2
1778519260.0615056,1,1393,0,19,121,41,0
1778519260.075476,2,4023,-350,95,121,36,1
1778519260.078954,1,1393,0,19,121,41,0
1778519260.0932882,2,4021,-200,80,121,36,2
1778519260.0962348,1,1393,0,19,122,41,0
1778519260.110032,2,4021,-50,74,121,35,2
1778519260.1128488,1,1393,0,19,121,42,0
1778519260.127336,2,4021,0,72,121,35,2
1778519260.1306639,1,1393,-50,23,121,41,1
1778519260.1445746,2,4021,0,72,121,36,2
1778519260.1474035,1,1393,50,21,121,41,0
1778519260.1616662,2,4021,0,72,121,36,2
1778519260.1652112,1,1393,-50,22,121,41,0
1778519260.179129,2,4021,0,72,121,35,2
1778519260.182382,1,1393,50,22,121,41,0
1778519260.1970196,2,4021,0,72,121,36,2
1778519260.2002513,1,1393,0,19,121,41,0
1778519260.2143219,2,4021,0,72,121,36,2
1778519260.2174163,1,1393,0,19,121,41,0
1778519260.2313302,2,4021,0,72,121,36,2
1778519260.234453,1,1393,0,19,121,41,0
1778519260.2490332,2,4021,0,72,121,36,1
1778519260.2522416,1,1393,0,19,121,41,0
1778519260.266234,2,4021,0,72,121,36,3
1778519260.2693691,1,1393,0,19,121,41,0
1778519260.2838273,2,4021,0,72,121,35,2
1778519260.2870443,1,1393,0,19,121,41,0
1778519260.301544,2,4021,0,72,121,36,2
1778519260.3048007,1,1393,0,19,121,41,0
1778519260.3188593,2,4021,0,72,121,36,2
1778519260.3218763,1,1393,0,19,121,41,0
1778519260.3362877,2,4021,0,72,121,35,2
1778519260.3394802,1,1393,0,19,121,41,0
1778519260.353427,2,4021,0,72,121,36,2
1778519260.3562517,1,1393,0,19,121,41,0
1778519260.3707955,2,4021,0,72,121,35,2
1778519260.3743742,1,1393,0,19,122,41,0
1778519260.388487,2,4021,0,72,121,35,2
1778519260.3914163,1,1393,0,19,121,41,0
1778519260.4059408,2,4021,0,72,121,36,2
1778519260.4096265,1,1393,0,19,121,41,0
1778519260.4237735,2,4021,0,72,121,35,2
1778519260.4265342,1,1393,0,19,121,41,0
1778519260.4409645,2,4021,0,72,121,36,2
1778519260.4449408,1,1393,0,19,122,41,0
1778519260.4589577,2,4021,0,72,121,36,2
1778519260.4618642,1,1393,0,19,121,41,0
1778519260.4763687,2,4021,0,72,121,36,2
1778519260.4797552,1,1393,0,19,121,41,0
1778519260.4938898,2,4021,0,72,121,35,2
1778519260.4969077,1,1393,0,19,121,41,0
1778519260.5109935,2,4021,0,72,121,36,2
1778519260.5141122,1,1393,0,19,121,41,0
1778519260.5287418,2,4021,0,72,121,35,2
1778519260.5320706,1,1393,0,19,121,41,0
1778519260.5460405,2,4021,0,72,121,36,2
1778519260.5492609,1,1393,0,19,121,41,0
1778519260.5637274,2,4021,0,72,121,36,2
1778519260.5671678,1,1393,0,19,121,41,0
1778519260.581095,2,4021,0,72,121,35,2
1778519260.5838335,1,1393,0,19,121,41,0
1778519260.5981607,2,4021,0,72,121,35,2
1778519260.6017525,1,1393,0,19,121,41,0
1778519260.6163297,2,4021,0,72,121,36,2
1778519260.6192837,1,1393,0,19,121,41,0
1778519260.6331005,2,4021,0,72,121,36,1
1778519260.6358867,1,1393,0,19,121,41,0
1778519260.6501384,2,4021,0,72,121,36,2
1778519260.653747,1,1393,0,19,121,41,0
1778519260.6678045,2,4021,0,72,121,36,2
1778519260.67062,1,1393,0,19,121,41,0
1778519260.6849217,2,4021,0,72,121,36,2
1778519260.688848,1,1393,0,19,121,41,0
1778519260.7028868,2,4021,0,72,121,36,2
1778519260.705884,1,1393,0,19,121,41,0
1778519260.720402,2,4021,0,72,121,35,2
1778519260.723765,1,1393,0,19,121,41,0
1778519260.7376533,2,4021,0,72,121,36,2
1778519260.740584,1,1393,0,19,121,41,0
1778519260.755115,2,4021,0,72,121,36,2
1778519260.758375,1,1393,0,19,122,41,0
1778519260.7726429,2,4021,0,72,121,36,2
1778519260.7756944,1,1393,0,19,121,41,0
1778519260.789494,2,4021,0,72,121,36,2
1778519260.7922459,1,1393,0,19,121,41,0
1778519260.8067296,2,4021,0,72,121,36,1
1778519260.8103065,1,1393,0,19,121,41,0
1778519260.8245301,2,4021,0,72,121,36,2
1778519260.827533,1,1393,0,19,121,41,0
1778519260.8418467,2,4021,0,72,121,36,2
1778519260.8453877,1,1393,0,19,122,41,0
1778519260.8594475,2,4021,0,72,121,35,2
1778519260.862235,1,1393,-50,22,121,41,1
1778519260.8767383,2,4021,0,72,122,35,1
1778519260.8809159,1,1393,50,21,121,41,0
1778519260.895054,2,4021,0,72,122,36,2
1778519260.8980336,1,1393,0,19,121,41,0
1778519260.9126046,2,4021,0,72,121,36,2
1778519260.9158719,1,1393,0,19,121,41,0
1778519260.9298952,2,4021,0,72,121,36,2
1778519260.932765,1,1392,0,19,122,41,0
1778519260.9473019,2,4021,0,72,121,36,2
1778519260.9506378,1,1393,0,19,121,41,0
1778519260.9646904,2,4021,0,72,121,36,2
1778519260.9674356,1,1393,0,19,121,41,0
1778519260.981652,2,4021,0,72,121,36,2
1778519260.9852567,1,1393,0,19,122,41,0
1778519260.9992201,2,4021,0,72,121,36,2
1778519261.0024686,1,1393,-50,22,121,41,0
1778519261.0171094,2,4021,0,72,121,36,2
1778519261.0203495,1,1393,50,21,121,41,0
1778519261.0342991,2,4021,0,72,121,36,2
1778519261.0371492,1,1393,0,19,121,41,0
1778519261.0516534,2,4021,0,72,121,36,2
1778519261.054896,1,1393,0,19,121,41,0
1778519261.0696769,2,4021,0,72,121,36,2
1778519261.0736375,1,1393,0,19,121,41,0
1778519261.087631,2,4021,0,72,121,36,2
1778519261.0910513,1,1393,0,19,121,41,0
1778519261.1054893,2,4021,0,72,122,35,2
1778519261.108406,1,1393,0,19,121,41,0
1778519261.1224954,2,4021,0,72,121,36,2
1778519261.125408,1,1393,0,19,121,41,0
1778519261.1397514,2,4021,0,72,121,36,2
1778519261.1432114,1,1393,0,19,121,41,0
1778519261.1576128,2,4021,0,72,121,36,2
1778519261.1608734,1,1393,0,19,121,41,0
1778519261.1751854,2,4021,0,72,121,36,3
1778519261.17848,1,1393,0,19,121,41,0
1778519261.1927865,2,4021,0,72,121,36,2
1778519261.1957402,1,1393,0,19,121,41,0
1778519261.2095883,2,4021,0,72,121,36,2
1778519261.2123055,1,1393,0,19,121,41,0
1778519261.2265859,2,4021,0,72,121,36,1
1778519261.2301984,1,1393,-50,24,121,41,1
1778519261.2446363,2,4021,0,72,121,36,2
1778519261.247892,1,1393,50,20,121,41,0
1778519261.2623506,2,4021,0,72,121,36,2
1778519261.26597,1,1393,0,19,121,41,0
1778519261.2800927,2,4021,0,72,121,36,2
1778519261.2829366,1,1393,0,19,121,41,0
1778519261.2974536,2,4021,0,72,121,36,2
1778519261.3014219,1,1392,0,19,122,41,0
1778519261.3155065,2,4021,0,72,121,36,2
1778519261.318846,1,1393,0,19,121,41,0
1778519261.333369,2,4021,0,72,121,36,2
1778519261.3366065,1,1393,0,19,121,41,0
1778519261.35055,2,4021,0,72,121,36,2
1778519261.353495,1,1393,0,19,121,41,0
1778519261.3680177,2,4021,0,72,121,36,2
1778519261.371527,1,1393,0,19,121,41,0
1778519261.38553,2,4021,0,72,121,36,2
1778519261.38836,1,1393,0,19,121,41,1
1778519261.4029708,2,4021,0,72,121,36,2
1778519261.4063466,1,1393,0,19,121,41,0
1778519261.42027,2,4021,0,72,121,36,2
1778519261.4231124,1,1393,0,19,121,41,0
1778519261.4373379,2,4021,0,72,121,36,2
1778519261.4408796,1,1393,0,19,121,41,0
1778519261.4547145,2,4021,0,72,121,36,2
1778519261.4576354,1,1393,0,19,121,41,0
1778519261.472385,2,4021,0,72,121,36,2
1778519261.4760141,1,1393,0,19,121,41,0
1778519261.4902928,2,4021,0,72,121,36,2
1778519261.4932244,1,1393,0,19,121,41,0
1778519261.5080276,2,4021,0,72,121,36,2
1778519261.511396,1,1393,0,19,121,41,1
1778519261.5255635,2,4021,0,71,121,36,2
1778519261.5282764,1,1393,-50,24,121,41,0
1778519261.543041,2,4021,0,64,121,36,2
1778519261.5466373,1,1393,50,20,121,41,0
1778519261.5611758,2,4021,0,50,121,36,1
1778519261.564118,1,1393,0,19,122,41,0
1778519261.5783768,2,4021,0,30,121,36,0
1778519261.5820296,1,1393,0,19,121,41,0
1778519261.5961475,2,4021,0,28,121,36,0
1778519261.5989141,1,1392,0,19,121,41,0
1778519261.6135077,2,4021,0,58,121,36,1
1778519261.617483,1,1393,0,19,121,41,0
1778519261.631482,2,4022,0,100,121,36,1
1778519261.635021,1,1393,0,19,121,41,0
1778519261.6494076,2,4024,100,138,121,36,4
1778519261.6526134,1,1393,0,19,121,41,0
1778519261.6665304,2,4027,100,181,121,36,6
1778519261.6694922,1,1393,0,19,121,41,0
1778519261.684012,2,4033,300,220,121,36,7
1778519261.687297,1,1392,0,19,121,41,0
1778519261.701207,2,4041,400,258,121,36,9
1778519261.7039592,1,1393,0,19,121,41,0
1778519261.718322,2,4051,550,293,121,36,10
1778519261.7219002,1,1393,0,19,121,41,0
1778519261.7359753,2,4064,550,328,120,36,12
1778519261.7388895,1,1393,0,19,121,41,0
1778519261.753595,2,4077,700,359,120,36,13
1778519261.7575257,1,1393,0,19,121,41,1
1778519261.7714977,2,4095,850,384,121,36,14
1778519261.774642,1,1393,0,19,120,41,0
1778519261.789212,2,17,950,400,120,36,14
1778519261.7924476,1,1393,0,19,120,41,0
1778519261.8064015,2,36,1050,411,120,36,16
1778519261.8093677,1,1392,0,19,121,41,0
1778519261.824072,2,54,1050,422,121,36,13
1778519261.8274145,1,1393,0,19,121,41,0
1778519261.841359,2,76,1200,425,121,36,11
1778519261.844137,1,1393,0,19,121,41,0
1778519261.8589327,2,96,1200,422,121,36,11
1778519261.8625708,1,1393,0,19,121,41,0
1778519261.8772447,2,120,1300,412,121,36,10
1778519261.8801668,1,1393,0,19,121,41,0
1778519261.894156,2,140,1300,391,121,36,8
1778519261.8969996,1,1393,0,19,121,41,0
1778519261.911406,2,160,1100,383,121,36,9
1778519261.9148,1,1393,0,19,121,41,0
1778519261.9286602,2,180,1200,357,121,36,6
1778519261.9313943,1,1393,-50,21,121,41,0
1778519261.9459379,2,198,1100,334,121,36,6
1778519261.949416,1,1393,-50,24,121,41,0
1778519261.9634078,2,216,1050,305,121,36,6
1778519261.96656,1,1393,50,19,121,41,0
1778519261.9809225,2,231,950,276,121,36,7
1778519261.9842236,1,1393,0,19,121,41,0
1778519261.998274,2,244,700,253,121,36,4
1778519262.0012856,1,1393,0,19,121,41,0
1778519262.0158434,2,257,750,231,121,36,4
1778519262.0193388,1,1393,0,19,121,41,0
1778519262.0332763,2,269,750,201,121,36,3
1778519262.036154,1,1393,0,19,121,41,0
1778519262.050571,2,277,650,173,121,36,3
1778519262.0539792,1,1393,0,19,121,41,0
1778519262.0678298,2,286,550,144,121,36,2
1778519262.0713687,1,1393,0,19,121,41,0
1778519262.0862637,2,292,400,119,121,36,2
1778519262.089514,1,1393,0,19,121,41,0
1778519262.1035416,2,298,350,92,121,36,2
1778519262.1065328,1,1393,0,19,121,41,0
1778519262.121176,2,301,200,76,121,36,1
1778519262.125128,1,1393,0,19,121,41,0
1778519262.139222,2,302,100,65,121,36,1
1778519262.1420438,1,1393,0,19,121,41,0
1778519262.1565855,2,303,50,60,121,36,1
1778519262.1607268,1,1393,0,19,121,41,0
1778519262.1748185,2,303,0,57,121,36,1
1778519262.177842,1,1393,0,19,121,41,0
1778519262.1923203,2,303,0,57,121,36,2
1778519262.1955965,1,1393,0,19,121,41,1
1778519262.2096288,2,303,0,57,121,36,1
1778519262.2123783,1,1393,0,19,122,41,0
1778519262.2268944,2,303,0,57,121,36,2
1778519262.230309,1,1393,0,19,121,41,0
1778519262.2443986,2,303,0,57,121,36,1
1778519262.2472253,1,1393,0,19,121,41,0
1778519262.261701,2,303,0,57,121,36,2
1778519262.2657602,1,1393,0,19,122,41,0
1778519262.2798553,2,303,0,57,121,36,1
1778519262.2832515,1,1393,0,19,122,41,0
1778519262.2980044,2,303,0,57,121,36,1
1778519262.3012753,1,1393,0,19,121,41,0
1778519262.3152874,2,303,0,57,121,36,1
1778519262.3182356,1,1393,0,19,121,41,0
1778519262.333007,2,303,0,57,121,36,1
1778519262.3369887,1,1393,0,19,121,41,0
1778519262.3510418,2,303,0,57,121,36,1
1778519262.3541079,1,1393,0,19,121,41,0
1778519262.3688195,2,303,0,57,121,36,1
1778519262.3720703,1,1393,0,19,122,41,0
1778519262.3861055,2,303,0,57,121,36,1
1778519262.3890574,1,1393,0,19,121,41,0
1778519262.4039452,2,303,0,57,121,36,2
1778519262.4073799,1,1392,0,19,121,41,0
1778519262.4213688,2,303,0,57,121,36,1
1778519262.4241016,1,1393,0,19,121,41,0
1778519262.4384475,2,303,0,57,121,36,1
1778519262.4419975,1,1393,0,19,122,41,0
1778519262.4560478,2,303,0,57,121,36,1
1778519262.458811,1,1393,-50,23,122,41,0
1778519262.4732413,2,303,0,57,121,36,1
1778519262.4771864,1,1393,50,21,122,41,0
1778519262.4911425,2,303,0,57,121,36,2
1778519262.4941616,1,1393,0,19,121,41,0
1778519262.508682,2,303,0,57,121,36,2
1778519262.5118043,1,1393,0,19,121,41,0
1778519262.5257766,2,303,0,57,122,36,1
1778519262.5285437,1,1393,0,19,122,41,0
1778519262.542933,2,303,0,57,121,36,1
1778519262.54638,1,1393,0,19,121,41,0
1778519262.5603158,2,303,0,57,121,39,1
1778519262.5631728,1,1393,0,19,121,41,0
1778519262.577605,2,303,0,57,121,35,2
1778519262.5815995,1,1393,0,19,121,41,0
1778519262.5956187,2,303,0,57,121,36,1
1778519262.598906,1,1393,0,19,121,41,0
1778519262.6133857,2,303,0,57,121,36,2
1778519262.6166062,1,1393,0,19,121,41,0
1778519262.6304896,2,303,0,57,121,36,1
1778519262.6334336,1,1393,0,19,121,41,0
1778519262.6481574,2,303,0,57,121,36,1
1778519262.651538,1,1393,0,19,121,41,1
1778519262.665657,2,303,0,57,121,36,1
1778519262.6684391,1,1392,-50,21,122,41,0
1778519262.6829524,2,303,0,57,121,36,1
1778519262.6864884,1,1393,-50,24,122,41,0
1778519262.700499,2,303,0,57,121,36,2
1778519262.7033556,1,1392,0,23,121,41,0
1778519262.717731,2,303,0,57,121,36,2
1778519262.7213964,1,1393,0,23,122,41,0
1778519262.7352955,2,303,0,57,121,36,1
1778519262.7385004,1,1393,50,20,121,41,0
1778519262.7531288,2,303,0,57,121,36,1
1778519262.756331,1,1393,0,19,121,41,0
1778519262.7703285,2,303,0,57,121,36,1
1778519262.773437,1,1393,-50,22,121,41,0
1778519262.787861,2,303,0,57,121,36,1
1778519262.7911792,1,1393,0,23,121,41,0
1778519262.8054478,2,303,0,57,121,36,1
1778519262.8084738,1,1392,0,23,121,41,0
1778519262.8228276,2,303,0,57,121,36,2
1778519262.8261242,1,1393,0,23,121,41,0
1778519262.84073,2,303,0,57,121,36,1
1778519262.844684,1,1393,0,23,122,41,0
1778519262.858651,2,303,0,57,121,40,1
1778519262.861592,1,1393,50,19,121,41,0
1778519262.8761506,2,303,0,57,121,36,2
1778519262.879516,1,1393,0,19,122,41,0
1778519262.893542,2,303,0,57,121,36,1
1778519262.8963118,1,1393,0,19,121,41,0
1778519262.9106424,2,303,0,57,121,36,2
1778519262.9142063,1,1393,0,19,121,41,0
1778519262.9283144,2,303,0,57,121,36,1
1778519262.9310741,1,1393,-50,21,122,41,0
1778519262.945663,2,303,0,57,121,36,2
1778519262.9495606,1,1393,50,22,121,41,0
1778519262.9634976,2,303,0,57,121,36,1
1778519262.9666083,1,1393,50,19,121,41,0
1778519262.9811468,2,303,0,57,121,36,2
1778519262.984354,1,1393,0,19,121,41,0
1778519262.9984732,2,303,0,57,121,36,1
1778519263.001611,1,1392,0,19,121,41,0
1778519263.0161495,2,303,0,57,121,36,1
1778519263.0194376,1,1392,0,19,122,41,0
1778519263.0334241,2,303,0,57,121,49,1
1778519263.0361266,1,1392,0,19,121,41,0
1778519263.0506222,2,303,0,57,121,36,1
1778519263.0539305,1,1393,0,19,121,41,0
1778519263.0676897,2,303,0,57,121,36,1
1778519263.071112,1,1393,0,19,121,41,0
1778519263.0858593,2,303,0,57,121,36,1
1778519263.089012,1,1393,0,19,121,41,0
1778519263.1028452,2,303,0,57,121,36,1
1778519263.1058855,1,1393,0,19,121,41,0
1778519263.1204531,2,303,0,57,121,36,1
1778519263.1240144,1,1393,0,19,122,41,0
1778519263.137894,2,303,0,57,121,36,1
1778519263.1406572,1,1393,0,19,121,41,1
1778519263.1550875,2,303,0,57,121,36,1
1778519263.1585062,1,1393,0,19,121,41,0
1778519263.172446,2,303,0,57,121,36,2
1778519263.1753118,1,1393,0,19,121,41,0
1778519263.1895597,2,303,0,57,121,37,1
1778519263.1931365,1,1393,0,19,122,41,0
1778519263.2069585,2,303,0,57,121,36,1
1778519263.2101202,1,1392,0,19,121,41,0
1778519263.22481,2,303,0,57,121,36,1
1778519263.2279527,1,1393,0,19,121,42,0
1778519263.2419438,2,303,0,57,121,36,2
1778519263.2447808,1,1393,0,19,121,41,0
1778519263.2592087,2,303,0,57,121,36,2
1778519263.2624712,1,1393,0,19,121,41,0
1778519263.2768261,2,303,0,57,121,36,2
1778519263.2798252,1,1393,0,19,121,41,0
1778519263.2935774,2,303,0,57,121,36,2
1778519263.2964349,1,1393,0,19,122,41,0
1778519263.3110201,2,303,0,57,121,36,1
1778519263.3146155,1,1393,0,19,122,41,0
1778519263.3286035,2,303,0,57,121,36,2
1778519263.331361,1,1393,0,19,121,41,0
1778519263.346027,2,303,0,57,121,36,2
1778519263.3495827,1,1393,0,19,121,41,0
1778519263.363719,2,303,0,57,121,36,1
1778519263.366696,1,1393,0,19,121,41,0
1778519263.3813508,2,303,0,57,121,36,1
1778519263.3853643,1,1393,0,19,122,41,0
1778519263.3995535,2,303,0,57,121,36,1
1778519263.402924,1,1393,0,19,122,41,0
1778519263.4176745,2,303,0,57,121,36,1
1778519263.4207835,1,1393,-50,24,122,41,0
1778519263.434862,2,303,0,57,121,36,1
1778519263.4378817,1,1393,50,20,122,41,0
1778519263.4527159,2,303,0,57,121,36,1
1778519263.455907,1,1393,0,19,122,41,0
1778519263.4699686,2,303,0,57,121,36,1
1778519263.47283,1,1393,0,19,122,41,0
1778519263.4873457,2,303,0,57,121,36,1
1778519263.4907682,1,1393,0,19,121,41,0
1778519263.5048838,2,303,0,57,121,36,2
1778519263.5078645,1,1393,0,19,121,41,0
1778519263.5225246,2,303,0,57,121,36,1
1778519263.526078,1,1393,0,19,122,41,0
1778519263.5401618,2,303,0,57,121,36,1
1778519263.5429013,1,1393,0,19,121,41,0
1778519263.557625,2,303,0,57,121,36,2
1778519263.5615923,1,1393,0,19,121,41,0
1778519263.5755494,2,303,0,57,121,36,2
1778519263.5788608,1,1393,0,19,121,41,0
1778519263.5929995,2,303,0,57,121,36,2
1778519263.5960224,1,1392,0,19,121,41,0
1778519263.6103854,2,303,0,57,121,36,1
1778519263.6139534,1,1393,0,19,122,41,0
1778519263.6280332,2,303,0,57,121,36,1
1778519263.63079,1,1393,0,19,121,41,0
1778519263.6453798,2,303,0,57,121,36,1
1778519263.6494904,1,1393,0,19,122,41,0
1778519263.663402,2,303,0,57,121,36,1
1778519263.6666338,1,1393,0,19,121,41,1
1778519263.6813097,2,303,0,57,122,36,1
1778519263.6845512,1,1393,0,19,121,41,0
1778519263.6986892,2,303,0,57,121,45,1
1778519263.701774,1,1393,0,19,121,41,0
1778519263.7166028,2,303,0,57,122,36,1
1778519263.719907,1,1393,0,19,121,41,1
1778519263.7340682,2,303,0,57,121,36,1
1778519263.7370043,1,1393,0,19,121,41,0
1778519263.7515042,2,303,0,57,122,36,2
1778519263.7547843,1,1393,-50,23,121,41,0
1778519263.768706,2,303,0,57,121,36,2
1778519263.7715943,1,1393,50,20,122,41,0
1778519263.7861624,2,303,0,57,121,36,2
1778519263.7896683,1,1393,0,19,122,41,0
1778519263.8039446,2,303,0,57,121,36,1
1778519263.806786,1,1392,0,19,122,41,0
1778519263.8214848,2,303,0,57,121,36,2
1778519263.8250625,1,1393,0,19,122,41,0
1778519263.8392632,2,303,0,57,121,36,1
1778519263.8423064,1,1393,0,19,121,41,0
1778519263.8570485,2,303,0,57,121,36,1
1778519263.8602507,1,1393,0,19,121,41,0
1778519263.8746064,2,303,0,57,121,36,2
1778519263.8775673,1,1393,0,19,121,41,0
1778519263.8916383,2,303,0,57,121,36,2
1778519263.8948283,1,1393,0,19,122,41,0
1778519263.9092762,2,303,0,57,121,36,1
1778519263.9124858,1,1393,0,19,121,41,0
1778519263.9264874,2,303,0,57,121,36,1
1778519263.9295695,1,1393,0,19,122,41,0
1778519263.9442086,2,303,0,57,121,36,2
1778519263.9475548,1,1393,0,19,121,41,0
1778519263.9617002,2,303,0,57,121,36,2
1778519263.9647286,1,1393,0,19,121,41,0
1778519263.9791918,2,303,0,57,121,36,1
1778519263.9826977,1,1393,0,19,122,41,0
1778519263.9967287,2,303,0,57,121,36,1
1778519263.9995215,1,1393,0,19,121,41,0
1778519264.0141075,2,303,0,57,121,36,1
1778519264.0185692,1,1393,0,19,121,41,0
1778519264.0326545,2,303,0,57,121,36,2
1778519264.035468,1,1393,0,19,121,41,0
1778519264.0500073,2,303,0,57,121,36,1
1778519264.0536275,1,1393,0,19,121,41,0
1778519264.067661,2,303,0,57,121,36,1
1778519264.0710979,1,1393,0,19,121,41,0
1778519264.0860915,2,303,0,57,121,36,1
1778519264.0893197,1,1393,0,19,121,41,0
1778519264.1030927,2,303,0,57,121,36,2
1778519264.1060352,1,1392,0,19,121,41,0
1778519264.1206439,2,303,0,57,121,36,2
1778519264.1241517,1,1393,0,19,121,41,0
1778519264.1380794,2,303,0,57,121,36,1
1778519264.1409678,1,1393,0,19,121,41,0
1778519264.1553721,2,303,0,57,121,36,1
1778519264.1586277,1,1393,0,19,121,41,0
1778519264.1725714,2,303,0,57,121,36,1
1778519264.175488,1,1393,0,19,121,41,0
1778519264.190237,2,303,0,57,121,36,1
1778519264.1940656,1,1392,0,19,122,41,0
1778519264.208121,2,303,0,57,121,36,0
1778519264.2108839,1,1392,0,19,121,41,0
1778519264.2253292,2,303,0,57,121,36,1
1778519264.2293148,1,1393,-50,22,121,41,0
1778519264.243251,2,303,0,57,121,36,2
1778519264.2463613,1,1393,50,21,122,41,0
1778519264.2608292,2,303,0,57,121,36,1
1778519264.2640085,1,1393,0,19,121,41,0
1778519264.2779794,2,303,0,57,121,36,1
1778519264.2808459,1,1392,-50,21,121,41,0
1778519264.2955456,2,303,0,57,121,36,2
1778519264.2989402,1,1393,-50,24,121,41,0
1778519264.3133092,2,303,0,57,121,36,1
1778519264.3162832,1,1392,50,19,121,41,0
1778519264.3301394,2,303,0,57,121,36,1
1778519264.3330328,1,1393,0,19,121,41,0
1778519264.3474326,2,303,0,57,121,36,2
1778519264.3508363,1,1393,0,19,121,41,1
1778519264.3647244,2,303,0,57,121,36,1
1778519264.3675382,1,1393,0,19,121,41,0
1778519264.3818252,2,303,0,57,121,36,2
1778519264.3853788,1,1393,0,19,121,41,0
1778519264.3993995,2,303,0,57,121,35,1
1778519264.4021308,1,1393,0,19,121,41,0
1778519264.416392,2,303,0,57,121,36,2
1778519264.420344,1,1392,0,21,121,41,0
1778519264.4345093,2,303,0,57,121,36,1
1778519264.4374902,1,1393,-50,24,121,41,0
1778519264.4516823,2,303,0,57,121,36,2
1778519264.4546473,1,1393,50,19,121,41,0
1778519264.469079,2,303,0,57,121,36,1
1778519264.4730482,1,1393,-50,23,121,41,0
1778519264.4869301,2,303,0,57,121,36,1
1778519264.4898067,1,1392,50,20,121,41,0
1778519264.5043733,2,303,0,57,121,36,1
1778519264.507758,1,1393,0,19,121,41,0
1778519264.5216954,2,303,0,57,121,36,1
1778519264.5244477,1,1393,0,19,121,41,0
1778519264.5390007,2,303,0,57,121,36,2
1778519264.5423982,1,1393,0,19,121,41,0
1778519264.556302,2,303,0,57,121,36,1
1778519264.55927,1,1393,0,19,121,41,0
1778519264.573847,2,303,0,57,121,36,1
1778519264.577082,1,1393,0,19,122,41,0
1778519264.5910442,2,303,0,57,121,36,1
1778519264.5940738,1,1393,0,19,121,41,0
1778519264.6087143,2,303,0,57,121,36,2
1778519264.6118777,1,1393,-50,23,121,41,0
1778519264.6259396,2,303,0,57,121,36,1
1778519264.628881,1,1393,50,20,121,41,0
1778519264.6434596,2,303,0,57,121,36,1
1778519264.646897,1,1392,0,19,121,41,0
1778519264.6608,2,303,0,57,121,36,1
1778519264.6635277,1,1393,0,19,121,41,0
1778519264.6780252,2,303,0,57,121,36,1
1778519264.6814895,1,1393,0,19,121,41,0
1778519264.6955435,2,303,0,57,121,36,2
1778519264.6983268,1,1393,0,19,121,41,0
1778519264.7129056,2,303,0,57,121,36,1
1778519264.7170408,1,1393,0,19,121,41,0
1778519264.7311492,2,303,0,57,121,36,1
1778519264.7343404,1,1393,0,19,121,41,0
1778519264.7489357,2,303,0,57,121,36,2
1778519264.752066,1,1393,0,19,121,41,0
1778519264.7659464,2,303,0,57,121,36,1
1778519264.7688522,1,1393,0,19,121,41,0
1778519264.783215,2,303,0,57,121,36,1
1778519264.78665,1,1393,0,19,121,41,0
1778519264.8006113,2,303,0,57,121,36,1
1778519264.8033884,1,1393,0,19,121,41,0
1778519264.817604,2,303,0,57,121,36,2
1778519264.8212397,1,1393,0,19,121,41,0
1778519264.835365,2,303,0,57,121,36,1
1778519264.8384132,1,1392,-50,21,121,41,0
1778519264.8529024,2,303,0,57,121,36,2
1778519264.8560984,1,1393,-50,24,122,41,1
1778519264.8700268,2,303,0,57,121,36,2
1778519264.872934,1,1393,50,19,121,42,0
1778519264.8875248,2,303,0,57,121,36,2
1778519264.8909366,1,1392,0,19,121,41,0
1778519264.904991,2,303,0,57,121,36,1
1778519264.9077432,1,1393,0,19,121,41,0
1778519264.9219854,2,303,0,57,121,36,1
1778519264.9254615,1,1393,0,19,121,41,0
1778519264.9400494,2,303,0,57,121,36,1
1778519264.943073,1,1393,0,19,121,42,0
1778519264.9571195,2,303,0,57,121,36,1
1778519264.960021,1,1393,0,19,121,41,0
1778519264.974504,2,303,0,57,121,36,1
1778519264.9780831,1,1393,0,19,121,42,0
1778519264.9923913,2,303,0,57,121,36,1
1778519264.9954445,1,1393,0,19,121,41,0
1778519265.009887,2,303,0,57,121,36,2
1778519265.0134797,1,1393,0,19,121,42,0
1778519265.0273428,2,303,0,57,121,36,1
1778519265.0305295,1,1393,0,19,121,41,0
1778519265.0451977,2,303,0,57,121,36,1
1778519265.0484612,1,1393,0,19,121,42,0
1778519265.062447,2,303,0,57,121,36,2
1778519265.0654671,1,1393,0,19,121,41,0
1778519265.0800035,2,303,0,57,121,36,2
1778519265.0835323,1,1393,0,19,121,41,0
1778519265.097501,2,303,0,57,121,36,1
1778519265.1002424,1,1393,0,19,121,41,0
1778519265.1147716,2,303,0,57,121,36,2
1778519265.118224,1,1392,-50,21,121,41,0
1778519265.1322486,2,303,0,57,121,36,1
1778519265.1350865,1,1393,-50,24,121,41,0
1778519265.149442,2,303,0,57,121,36,1
1778519265.1534395,1,1393,50,19,121,41,0
1778519265.1673772,2,303,0,57,121,36,1
1778519265.1705558,1,1393,0,19,121,42,0
1778519265.1852403,2,303,0,57,121,40,2
1778519265.1884463,1,1393,0,19,121,41,0
1778519265.2024162,2,303,0,57,121,36,1
1778519265.2052796,1,1393,0,19,121,42,0
1778519265.2197306,2,303,0,57,121,36,1
1778519265.2229786,1,1393,0,19,121,41,0
1778519265.2368617,2,303,0,57,121,36,1
1778519265.2396767,1,1393,0,19,121,41,0
1778519265.2540667,2,303,0,57,121,37,1
1778519265.257594,1,1393,0,19,122,41,0
1778519265.2716222,2,303,0,57,121,36,1
1778519265.2744071,1,1393,0,19,121,42,0
1778519265.2890055,2,303,0,57,122,36,1
1778519265.2930088,1,1393,-50,24,121,41,0
1778519265.306992,2,303,0,57,121,36,1
1778519265.310364,1,1393,50,19,121,42,0
1778519265.3246763,2,303,0,57,121,36,2
1778519265.327665,1,1393,0,19,121,42,1
1778519265.342133,2,303,0,57,121,36,1
1778519265.3456454,1,1393,0,19,121,41,0
1778519265.359639,2,303,0,57,121,36,1
1778519265.3624554,1,1393,-50,22,121,41,0
1778519265.3770812,2,303,0,57,121,36,1
1778519265.3809993,1,1393,50,21,121,41,0
1778519265.3949912,2,303,0,57,121,36,1
1778519265.3981066,1,1392,0,19,121,42,0
1778519265.4127622,2,303,0,57,121,36,1
1778519265.415999,1,1393,0,19,121,41,0
1778519265.4299445,2,303,0,57,121,36,2
1778519265.4328344,1,1392,0,19,121,41,0
1778519265.447269,2,303,0,57,121,54,2
1778519265.4505377,1,1393,0,19,121,41,0
1778519265.4644535,2,303,0,57,121,36,1
1778519265.4672344,1,1393,-50,23,121,42,0
1778519265.481616,2,303,0,57,121,36,1
1778519265.4855845,1,1393,50,20,121,42,1
1778519265.4994478,2,303,0,57,121,36,2
1778519265.5028243,1,1393,0,19,121,41,0
1778519265.517476,2,303,0,57,121,37,2
1778519265.5207283,1,1393,0,19,121,42,0
1778519265.534703,2,303,0,57,121,36,1
1778519265.5378077,1,1393,0,19,121,42,0
1778519265.552054,2,303,0,57,121,36,2
1778519265.555136,1,1393,-50,21,121,42,0
1778519265.569759,2,303,0,57,121,36,2
1778519265.5740693,1,1393,-50,24,121,42,1
1778519265.5880551,2,303,0,57,121,36,1
1778519265.5919034,1,1392,50,19,121,42,0
1778519265.6063566,2,303,0,57,121,36,1
1778519265.60948,1,1393,0,19,121,41,0
1778519265.6234274,2,303,0,57,121,36,1
1778519265.626684,1,1393,0,19,121,41,0
1778519265.6413538,2,303,0,57,121,36,2
1778519265.6445458,1,1392,0,19,121,42,0
1778519265.6584945,2,303,0,57,121,36,0
1778519265.6615994,1,1393,0,19,121,41,0
1778519265.6760633,2,303,0,57,121,36,2
1778519265.6793942,1,1392,-50,22,121,41,0
1778519265.6934428,2,303,0,57,121,36,1
1778519265.6962867,1,1393,50,22,121,42,1
1778519265.7108133,2,303,0,57,121,36,1
1778519265.7144952,1,1393,0,19,121,41,0
1778519265.7287042,2,303,0,57,121,36,2
1778519265.7315753,1,1393,0,19,121,41,0
1778519265.745982,2,303,0,57,121,36,1
1778519265.749472,1,1392,0,19,121,42,0
1778519265.7635388,2,303,0,57,121,36,1
1778519265.7664342,1,1393,0,19,121,41,0
1778519265.7807412,2,303,0,57,121,36,1
1778519265.7845697,1,1393,0,19,121,41,0
1778519265.7986686,2,303,0,57,121,36,2
1778519265.801592,1,1393,0,19,121,42,0
1778519265.8160775,2,303,0,57,121,36,1
1778519265.8194387,1,1393,0,19,121,41,0
1778519265.8335366,2,303,0,57,121,36,1
1778519265.8363388,1,1393,0,19,121,41,0
1778519265.8508103,2,303,0,57,121,36,1
1778519265.8540244,1,1393,0,19,121,42,0
1778519265.868258,2,303,0,57,121,36,1
1778519265.871313,1,1393,0,19,121,42,0
1778519265.8851137,2,303,0,57,121,36,1
1778519265.887927,1,1393,0,19,121,41,0
1778519265.9022589,2,303,0,57,121,36,1
1778519265.905822,1,1393,-50,23,121,42,0
1778519265.9197931,2,303,0,57,121,36,1
1778519265.922566,1,1393,0,23,121,42,0
1778519265.9370053,2,303,0,57,121,40,2
1778519265.9408207,1,1393,50,21,121,42,0
1778519265.9547043,2,303,0,57,121,36,2
1778519265.9575572,1,1393,0,19,121,41,0
1778519265.9721217,2,303,0,57,121,36,2
1778519265.9754639,1,1393,0,19,121,42,0
1778519265.9894109,2,303,0,57,121,36,1
1778519265.9921825,1,1393,0,19,121,42,0
1778519266.0066562,2,303,0,57,121,36,2
1778519266.0101821,1,1393,0,19,121,42,0
1778519266.0242486,2,303,0,57,121,37,1
1778519266.026998,1,1393,0,19,121,42,0
1778519266.0414674,2,303,0,57,121,36,1
1778519266.045355,1,1392,0,19,121,42,0
1778519266.0633373,2,303,0,57,121,36,2
1778519266.067612,1,1393,0,19,121,41,1
1778519266.0817714,2,303,0,57,121,36,1
1778519266.0845318,1,1392,0,19,121,42,0
1778519266.0989246,2,303,0,57,121,36,1
1778519266.1023605,1,1393,-50,23,121,42,1
1778519266.1162477,2,303,0,57,121,36,1
1778519266.1190546,1,1393,0,23,121,42,0
1778519266.1334321,2,303,0,57,121,36,2
1778519266.1370063,1,1393,50,21,121,41,0
1778519266.150974,2,303,0,57,121,36,2
1778519266.1538486,1,1393,0,19,121,42,0
1778519266.1682725,2,303,0,57,121,36,1
1778519266.171593,1,1393,0,19,121,42,0
1778519266.1855004,2,303,0,57,121,36,1
1778519266.1882322,1,1393,0,19,121,42,0
1778519266.2025971,2,303,0,57,121,36,1
1778519266.2058756,1,1393,-50,23,121,42,0
1778519266.219806,2,303,0,57,122,36,1
1778519266.2226374,1,1393,50,20,121,42,1
1778519266.2373545,2,303,0,57,121,36,2
1778519266.2415354,1,1393,0,19,121,42,0
1778519266.2557151,2,303,0,57,121,36,1
1778519266.2591972,1,1392,0,19,121,42,0
1778519266.2735863,2,303,0,57,121,36,2
1778519266.2767355,1,1393,0,19,121,42,0
1778519266.2908068,2,303,0,57,121,36,1
1778519266.2938907,1,1393,-50,21,121,42,0
1778519266.3083308,2,303,0,57,121,36,1
1778519266.3115902,1,1393,50,22,121,42,0
1778519266.3255486,2,303,0,57,121,36,1
1778519266.3283875,1,1393,50,19,121,41,0
1778519266.342767,2,303,0,57,121,36,1
1778519266.3464148,1,1393,0,19,121,42,0
1778519266.3604612,2,303,0,57,121,36,1
1778519266.363178,1,1393,0,19,121,42,0
1778519266.3775399,2,303,0,57,121,36,1
1778519266.3814087,1,1393,0,19,122,42,0
1778519266.3953183,2,303,0,57,121,36,1
1778519266.3984888,1,1393,0,19,121,42,0
1778519266.4131453,2,303,0,57,121,36,1
1778519266.4163005,1,1393,0,19,121,42,0
1778519266.430227,2,303,0,57,121,36,1
1778519266.4330938,1,1393,-50,21,121,42,0
1778519266.4475155,2,303,0,57,121,36,2
1778519266.4509318,1,1392,50,22,121,42,0
1778519266.4649742,2,303,0,57,121,36,1
1778519266.467846,1,1393,50,19,121,42,0
1778519266.4825318,2,303,0,57,121,36,1
1778519266.486073,1,1393,0,19,121,42,0
1778519266.5002515,2,303,0,56,121,36,1
1778519266.5030465,1,1392,-50,23,121,42,0
1778519266.5177667,2,303,0,50,121,36,1
1778519266.5217636,1,1393,50,20,121,42,0
1778519266.5357826,2,303,0,35,121,36,1
1778519266.5392005,1,1393,0,19,121,42,0
1778519266.5535247,2,303,0,18,121,36,0
1778519266.556557,1,1392,0,19,121,42,0
1778519266.5711,2,303,0,43,121,36,1
1778519266.5747151,1,1392,0,19,121,42,0
1778519266.5888214,2,302,0,76,121,36,2
1778519266.591609,1,1393,0,19,121,42,0
1778519266.6059413,2,301,-100,106,121,36,3
1778519266.6094692,1,1393,0,19,121,42,0
1778519266.6237135,2,298,-50,148,121,36,4
1778519266.626696,1,1392,0,19,121,42,0
1778519266.6410515,2,294,-250,185,121,36,5
1778519266.6449857,1,1393,0,19,121,42,0
1778519266.6590998,2,287,-350,224,121,36,7
1778519266.662387,1,1393,0,19,121,42,0
1778519266.6769493,2,277,-550,256,121,36,8
1778519266.6801014,1,1393,0,19,121,42,0
1778519266.6940043,2,266,-550,287,121,36,12
1778519266.6969142,1,1392,0,19,121,42,0
1778519266.71144,2,254,-600,319,121,36,10
1778519266.7149374,1,1393,0,19,121,42,0
1778519266.729091,2,238,-800,343,121,36,11
1778519266.7323508,1,1393,-50,21,121,42,0
1778519266.7467422,2,222,-850,369,120,36,12
1778519266.750335,1,1393,50,22,121,42,0
1778519266.7643185,2,203,-950,387,120,36,11
1778519266.767098,1,1392,50,19,121,42,0
1778519266.7815528,2,184,-1050,399,121,36,12
1778519266.7854872,1,1393,0,19,121,41,0
1778519266.799447,2,163,-1200,403,121,36,11
1778519266.8027785,1,1392,0,19,121,42,0
1778519266.8173776,2,141,-1200,403,121,36,10
1778519266.8206906,1,1393,0,19,121,42,0
1778519266.8346024,2,121,-1200,403,121,36,9
1778519266.8375175,1,1393,0,19,121,42,0
1778519266.8520536,2,100,-1200,403,121,36,9
1778519266.855462,1,1393,0,19,121,42,0
1778519266.8696465,2,76,-1250,399,121,36,8
1778519266.8724034,1,1393,0,19,121,42,0
1778519266.8872156,2,55,-1250,391,121,36,7
1778519266.8905818,1,1392,0,19,121,42,0
1778519266.904684,2,33,-1200,380,121,36,8
1778519266.9075906,1,1393,0,19,121,42,0
1778519266.9221563,2,14,-1150,366,121,36,7
1778519266.9257722,1,1393,0,19,121,42,0
1778519266.9397273,2,4089,-1150,346,121,36,5
1778519266.9425044,1,1393,-50,23,121,42,0
1778519266.9570603,2,4071,-1100,322,121,36,5
1778519266.9610112,1,1393,50,20,121,42,0
1778519266.9749794,2,4053,-1000,297,121,36,4
1778519266.977842,1,1392,0,19,121,42,0
1778519266.9922557,2,4038,-1000,270,121,36,4
1778519266.9956193,1,1393,0,19,121,42,0
1778519267.0096147,2,4024,-950,239,121,36,4
1778519267.01236,1,1393,0,19,121,42,0
1778519267.0267963,2,4015,-700,223,121,36,6
1778519267.0304918,1,1393,0,19,121,42,0
1778519267.0447536,2,4010,-450,215,120,36,13
1778519267.047844,1,1392,0,19,121,42,0
1778519267.0635204,2,4008,-150,219,120,36,19
1778519267.0672157,1,1393,0,19,120,42,0
1778519267.081348,2,4008,-50,225,120,36,18
1778519267.0840917,1,1393,0,19,120,42,0
1778519267.0986202,2,4008,0,229,120,36,24
1778519267.1022189,1,1392,0,19,120,42,0
1778519267.1163464,2,4008,0,229,120,36,19
1778519267.1191673,1,1393,0,19,120,42,0
1778519267.1338458,2,4008,0,229,120,36,22
1778519267.1377726,1,1393,0,19,120,42,0
1778519267.1517239,2,4008,0,229,120,36,20
1778519267.1546729,1,1393,0,19,120,42,1
1778519267.1692965,2,4008,0,229,120,36,18
1778519267.1724489,1,1393,0,19,121,42,0
1778519267.1865175,2,4009,50,233,120,36,20
1778519267.1895013,1,1393,0,19,120,42,0
1778519267.2040462,2,4008,-50,230,120,36,19
1778519267.2074819,1,1393,0,19,120,42,0
1778519267.2214017,2,4008,0,229,120,36,20
1778519267.2242646,1,1393,0,19,120,42,0
1778519267.2385776,2,4008,0,229,120,36,21
1778519267.2421293,1,1393,0,19,120,42,0
1778519267.2561436,2,4008,0,229,120,36,19
1778519267.2589202,1,1393,0,19,120,42,0
1778519267.2736719,2,4008,0,229,120,36,19
1778519267.277529,1,1392,0,19,121,42,1
1778519267.2914894,2,4009,0,229,120,36,21
1778519267.295053,1,1393,-50,22,120,42,0
1778519267.3094378,2,4008,0,229,120,36,18
1778519267.3125942,1,1393,50,21,120,42,0
1778519267.3265722,2,4008,50,233,120,36,19
1778519267.3297,1,1392,-50,21,120,42,0
1778519267.3443353,2,4008,-50,229,120,36,21
1778519267.3477511,1,1393,50,22,120,42,0
1778519267.361709,2,4008,0,229,121,36,24
1778519267.3645623,1,1393,50,19,120,42,0
1778519267.3790371,2,4008,0,229,120,36,21
1778519267.3823404,1,1393,0,19,120,42,0
1778519267.3963587,2,4008,0,229,120,36,22
1778519267.3992097,1,1393,0,19,120,42,0
1778519267.4139163,2,4009,50,230,120,36,23
1778519267.4179597,1,1393,-50,23,120,42,1
1778519267.4318762,2,4008,-50,232,120,36,24
1778519267.4352057,1,1392,50,20,120,42,0
1778519267.4495625,2,4008,-50,228,120,36,19
1778519267.4526207,1,1392,0,19,120,42,0
1778519267.4665527,2,4008,0,229,120,36,19
1778519267.469528,1,1393,-50,21,120,42,0
1778519267.4840975,2,4008,0,229,120,36,19
1778519267.4875026,1,1393,50,22,120,42,0
1778519267.5013692,2,4008,50,232,120,36,19
1778519267.5041928,1,1393,50,18,120,42,0
1778519267.519089,2,4008,-50,230,120,36,21
1778519267.5226727,1,1393,0,19,120,42,0
1778519267.5367575,2,4008,50,233,120,36,19
1778519267.539711,1,1393,0,19,120,42,1
1778519267.5541196,2,4008,-50,239,120,36,23
1778519267.5578156,1,1393,-50,23,120,42,0
1778519267.5719576,2,4008,0,251,120,36,23
1778519267.5747924,1,1392,0,23,120,42,1
1778519267.5894153,2,4008,0,271,119,36,26
1778519267.593379,1,1393,50,21,120,42,0
1778519267.6072886,2,4009,0,298,119,36,48
1778519267.6101809,1,1393,0,19,119,42,0
1778519267.6247604,2,4008,0,328,119,36,35
1778519267.6280973,1,1393,0,19,119,42,0
1778519267.6420245,2,4006,-50,364,118,36,42
1778519267.6449068,1,1392,-50,21,118,42,0
1778519267.6593635,2,4004,-100,401,118,36,53
1778519267.662855,1,1393,-50,24,118,42,0
1778519267.676943,2,4000,-200,441,117,36,71
1778519267.6797504,1,1392,50,19,117,42,0
1778519267.6941245,2,3997,-200,477,117,36,69
1778519267.6976242,1,1392,-50,23,116,42,0
1778519267.7120004,2,3994,-150,510,116,36,109
1778519267.715095,1,1393,50,20,115,42,0
1778519267.7296681,2,3992,-150,540,115,36,108
1778519267.7332573,1,1393,0,19,114,42,0
1778519267.747331,2,3992,-100,566,114,36,120
1778519267.7503757,1,1393,0,19,114,42,0
1778519267.7648675,2,3992,0,593,113,36,135
1778519267.7680156,1,1392,-50,21,114,42,0
1778519267.7819676,2,3992,0,613,113,36,138
1778519267.7849355,1,1393,50,22,113,42,0
1778519267.7993555,2,3992,0,627,112,36,148
1778519267.802712,1,1392,50,19,112,42,0
1778519267.8170078,2,3992,0,635,112,36,152
1778519267.8200033,1,1393,0,19,112,42,0
1778519267.8339837,2,3992,0,636,112,36,152
1778519267.836851,1,1392,0,19,111,42,0
1778519267.8513925,2,3992,0,636,112,36,152
1778519267.8548725,1,1392,-50,23,112,42,0
1778519267.8692772,2,3992,0,636,112,36,150
1778519267.872485,1,1393,50,20,112,42,0
1778519267.8868523,2,3992,0,636,112,36,149
1778519267.890179,1,1393,0,19,112,42,0
1778519267.9042997,2,3992,0,636,112,36,152
1778519267.9073412,1,1392,-50,21,113,42,0
1778519267.9216757,2,3992,0,636,112,36,154
1778519267.925288,1,1392,0,23,113,42,0
1778519267.9393935,2,3992,0,636,112,36,150
1778519267.94251,1,1393,0,23,113,42,0
1778519267.9569516,2,3992,0,636,112,36,149
1778519267.960099,1,1393,0,23,112,42,0
1778519267.974021,2,3992,0,636,112,36,150
1778519267.9768808,1,1393,50,19,112,41,0
1778519267.991402,2,3992,0,636,112,36,151
1778519267.99486,1,1393,0,19,112,42,0
1778519268.0090086,2,3992,0,636,112,36,148
1778519268.011788,1,1392,-50,22,112,42,0
1778519268.026289,2,3992,0,634,112,36,150
1778519268.0299146,1,1393,50,21,112,42,0
1778519268.0441623,2,3992,0,626,112,36,145
1778519268.0472572,1,1393,0,19,113,42,0
1778519268.061649,2,3992,0,614,113,36,135
1778519268.065281,1,1392,0,19,113,41,0
1778519268.0791578,2,3992,0,593,113,36,132
1778519268.0820034,1,1393,0,19,114,42,0
1778519268.0964086,2,3992,0,567,114,36,118
1778519268.0997438,1,1392,0,19,115,42,0
1778519268.113868,2,3992,0,534,114,36,102
1778519268.1167996,1,1393,0,19,116,42,0
1778519268.130854,2,3992,0,497,115,36,105
1778519268.1339083,1,1393,0,19,116,42,0
1778519268.1483846,2,3992,0,454,116,36,75
1778519268.1517346,1,1392,0,19,117,42,0
1778519268.1656528,2,3992,0,402,117,36,59
1778519268.168551,1,1393,-50,22,118,42,0
1778519268.1830318,2,3992,0,348,118,36,48
1778519268.1864076,1,1393,0,23,118,42,0
1778519268.2009106,2,3992,0,283,119,36,28
1778519268.203893,1,1393,50,22,119,42,0
1778519268.2176628,2,3992,0,216,120,36,20
1778519268.220424,1,1393,50,19,120,42,0
1778519268.2348704,2,3992,0,143,121,36,8
1778519268.238123,1,1393,0,19,121,42,0
1778519268.2521925,2,3993,50,63,121,36,3
1778519268.2550108,1,1393,-50,23,121,42,0
1778519268.2694027,2,3994,50,47,121,36,0
1778519268.2729468,1,1393,50,20,122,42,1
1778519268.287006,2,3998,50,130,121,36,0
1778519268.2901306,1,1393,0,19,122,42,1
1778519268.3047051,2,4005,250,191,121,36,1
1778519268.30791,1,1393,0,19,121,42,0
1778519268.3218293,2,4014,450,243,121,36,3
1778519268.3246243,1,1392,0,19,121,42,0
1778519268.3390794,2,4021,450,294,121,36,8
1778519268.34256,1,1393,0,19,121,42,0
1778519268.3569295,2,4034,550,342,120,36,10
1778519268.3599174,1,1392,0,19,120,42,0
1778519268.3736904,2,4048,800,374,121,36,12
1778519268.3764822,1,1393,0,19,120,42,0
1778519268.3909292,2,4065,900,398,120,36,16
1778519268.3942213,1,1393,0,19,121,42,0
1778519268.4081025,2,4084,1100,414,120,36,16
1778519268.4109378,1,1393,0,19,121,42,0
1778519268.4256213,2,7,1100,420,120,36,16
1778519268.4294882,1,1393,0,19,121,42,0
1778519268.4434812,2,30,1200,419,121,36,12
1778519268.4466925,1,1393,-50,22,121,42,0
1778519268.4613652,2,50,1150,418,121,36,12
1778519268.4646127,1,1393,0,23,121,42,0
1778519268.4785264,2,70,1150,412,121,36,11
1778519268.4813027,1,1393,50,22,121,42,0
1778519268.4956398,2,91,1200,396,121,36,8
1778519268.4989178,1,1393,50,19,121,42,0
1778519268.51287,2,113,1250,370,121,36,6
1778519268.5156245,1,1392,-50,24,121,42,0
1778519268.5299878,2,131,1100,344,121,36,7
1778519268.5335424,1,1392,50,20,121,42,0
1778519268.5501463,2,149,1000,319,121,36,6
1778519268.553166,1,1393,0,19,121,42,0
1778519268.567056,2,167,950,290,121,36,6
1778519268.570323,1,1392,-50,22,121,42,0
1778519268.5851786,2,182,950,258,121,36,5
1778519268.5884328,1,1393,50,21,121,42,0
1778519268.6023722,2,196,850,229,121,36,4
1778519268.6054225,1,1393,0,19,121,42,0
1778519268.6195562,2,208,750,202,121,36,3
1778519268.6225212,1,1393,0,19,121,42,0
1778519268.63689,2,217,650,175,121,36,3
1778519268.6408148,1,1392,0,21,121,42,0
1778519268.6549113,2,225,450,151,121,36,3
1778519268.6580107,1,1393,-50,24,121,42,0
1778519268.6724014,2,231,350,129,121,36,3
1778519268.6756034,1,1393,50,19,121,42,0
1778519268.6895556,2,235,300,107,121,36,2
1778519268.6923316,1,1392,0,19,121,42,0
1778519268.7069962,2,238,150,90,121,36,2
1778519268.7104616,1,1392,0,19,121,42,0
1778519268.7246308,2,241,150,81,121,36,3
1778519268.7276065,1,1393,0,19,121,42,0
1778519268.7419941,2,243,150,77,121,36,1
1778519268.745555,1,1392,-50,22,121,42,0
1778519268.7595823,2,244,100,84,121,36,2
1778519268.762344,1,1393,0,23,121,42,1
1778519268.7770908,2,245,100,96,121,36,3
1778519268.7810621,1,1393,50,22,121,42,1
1778519268.7950525,2,248,100,116,121,36,4
1778519268.7982836,1,1393,50,19,121,42,1
1778519268.812665,2,250,150,140,121,37,4
1778519268.815949,1,1393,0,19,121,42,0
1778519268.829917,2,254,150,166,121,36,5
1778519268.8327246,1,1393,-50,23,121,42,0
1778519268.8472137,2,259,300,195,121,36,7
1778519268.850479,1,1393,0,23,121,42,0
1778519268.8648407,2,266,300,226,121,36,8
1778519268.8678014,1,1392,50,20,121,42,0
1778519268.8818028,2,275,400,250,121,36,9
1778519268.8847554,1,1392,0,19,121,42,0
1778519268.8994553,2,285,550,273,121,36,9
1778519268.9030583,1,1392,-50,21,121,42,0
1778519268.917342,2,298,650,294,121,36,10
1778519268.92026,1,1393,50,22,121,42,0
1778519268.9342935,2,311,700,301,121,36,10
1778519268.9372587,1,1392,50,19,121,42,0
1778519268.951832,2,325,800,298,121,36,8
1778519268.95524,1,1393,0,19,121,42,0
1778519268.9694893,2,337,700,291,121,36,6
1778519268.9724429,1,1393,0,19,121,42,0
1778519268.9864457,2,351,800,278,121,36,6
1778519268.9897664,1,1393,0,19,121,42,0
1778519269.0043252,2,365,800,254,121,36,5
1778519269.0077531,1,1393,0,19,121,42,0
1778519269.0216374,2,378,750,228,121,36,4
1778519269.0243223,1,1393,0,19,121,42,0
1778519269.0387607,2,389,750,196,121,36,2
1778519269.0423064,1,1393,0,19,121,42,0
1778519269.0563111,2,399,650,165,121,36,3
1778519269.0592358,1,1393,0,19,121,42,0
1778519269.073784,2,407,500,137,121,36,3
1778519269.0769565,1,1392,0,19,121,42,0
1778519269.0909102,2,412,350,111,121,36,3
1778519269.0936463,1,1392,0,19,121,42,0
1778519269.1080132,2,416,200,93,121,36,2
1778519269.1113427,1,1393,0,19,122,42,0
1778519269.125379,2,418,150,80,121,46,2
1778519269.12821,1,1393,0,19,121,42,0
1778519269.1426084,2,419,150,70,121,36,2
1778519269.146306,1,1393,0,19,121,42,0
1778519269.1607065,2,419,50,68,121,36,2
1778519269.1638231,1,1393,0,19,121,42,0
1778519269.1784723,2,419,50,63,121,36,2
1778519269.1820269,1,1393,0,19,122,42,0
1778519269.196019,2,419,0,55,121,36,1
1778519269.1987865,1,1393,0,19,121,42,0
1778519269.2132921,2,419,-50,45,121,36,1
1778519269.217353,1,1393,0,19,121,42,0
1778519269.2313535,2,420,50,22,121,36,0
1778519269.2346022,1,1393,-50,24,121,42,1
1778519269.2492464,2,419,-50,35,121,36,1
1778519269.2524724,1,1393,0,23,121,42,0
1778519269.2664747,2,419,0,67,121,36,2
1778519269.269563,1,1393,50,20,121,42,0
1778519269.2841685,2,418,-50,103,121,36,3
1778519269.2875702,1,1393,0,19,121,42,0
1778519269.301681,2,416,-50,145,121,36,4
1778519269.3044753,1,1392,0,19,121,42,1
1778519269.319087,2,412,-100,188,121,36,6
1778519269.3224401,1,1392,0,19,121,42,0
1778519269.3366864,2,405,-300,224,121,36,7
1778519269.3396409,1,1393,-50,21,121,42,0
1778519269.3535755,2,397,-400,258,121,36,8
1778519269.356341,1,1393,-50,24,121,42,0
1778519269.3708386,2,387,-600,288,121,36,10
1778519269.3742836,1,1393,50,19,121,42,0
1778519269.38824,2,373,-700,318,121,36,11
1778519269.3910623,1,1392,0,19,121,42,0
1778519269.4054415,2,358,-850,345,120,36,11
1778519269.4093907,1,1393,0,19,121,42,0
1778519269.4235003,2,341,-900,369,120,36,11
1778519269.426868,1,1393,0,19,121,42,0
1778519269.4413977,2,323,-900,390,120,36,13
1778519269.4442801,1,1392,0,19,121,42,0
1778519269.4584846,2,304,-1050,398,121,36,12
1778519269.46167,1,1393,-50,22,121,42,0
1778519269.4762406,2,284,-1100,405,121,36,12
1778519269.48042,1,1393,50,22,121,42,0
1778519269.4945407,2,261,-1200,401,121,36,9
1778519269.4974148,1,1392,-50,21,121,42,0
1778519269.5120783,2,240,-1250,388,121,36,8
1778519269.5154212,1,1393,-50,24,121,42,0
1778519269.5294464,2,219,-1200,369,121,36,7
1778519269.5322237,1,1393,50,19,121,42,0
1778519269.5469847,2,199,-1100,351,121,36,6
1778519269.5506332,1,1392,0,19,121,42,1
1778519269.564907,2,179,-1150,326,121,36,4
1778519269.5678623,1,1392,0,19,121,42,0
1778519269.5821471,2,161,-1150,296,121,36,4
1778519269.5856771,1,1393,0,19,121,42,0
1778519269.6002367,2,145,-1050,265,121,36,4
1778519269.6034954,1,1392,-50,22,121,42,0
1778519269.617473,2,130,-900,241,121,36,3
1778519269.620279,1,1393,50,21,121,42,1
1778519269.6346538,2,117,-800,216,121,36,3
1778519269.6383214,1,1392,0,19,122,42,0
1778519269.6524615,2,106,-700,190,121,36,3
1778519269.6552985,1,1393,0,19,121,42,0
1778519269.6697762,2,96,-550,168,121,36,3
1778519269.6736147,1,1393,0,19,121,42,0
1778519269.6875854,2,87,-550,138,121,36,2
1778519269.6907268,1,1393,-50,24,122,42,0
1778519269.705327,2,81,-400,111,121,36,1
1778519269.7085626,1,1392,0,23,121,42,0
1778519269.7224693,2,76,-250,87,122,36,1
1778519269.7254615,1,1393,50,20,121,42,0
1778519269.7399666,2,73,-250,67,121,36,1
1778519269.743407,1,1393,0,19,121,42,0
1778519269.7573955,2,71,-200,43,121,36,1
1778519269.7600703,1,1393,-50,22,122,42,0
1778519269.7743592,2,71,-50,27,122,36,1
1778519269.7779653,1,1392,0,23,121,42,0
1778519269.7920299,2,71,0,27,121,37,0
1778519269.7948577,1,1393,50,22,121,42,0
1778519269.8091776,2,71,0,54,121,36,1
1778519269.812928,1,1393,50,19,121,42,0
1778519269.8268602,2,72,50,89,121,36,1
1778519269.8297217,1,1392,0,19,121,42,0
1778519269.8442442,2,72,0,127,121,36,3
1778519269.8476617,1,1392,0,19,121,42,0
1778519269.8615499,2,75,200,167,121,36,5
1778519269.864282,1,1393,-50,23,121,42,0
1778519269.8788128,2,81,200,204,121,36,8
1778519269.8824117,1,1393,50,21,121,42,0
1778519269.896711,2,89,300,241,121,36,9
1778519269.8997395,1,1393,-50,22,121,42,0
1778519269.9141479,2,98,500,271,121,36,9
1778519269.917691,1,1393,0,23,121,42,0
1778519269.9323354,2,110,550,305,121,36,10
1778519269.9355133,1,1393,50,22,121,42,0
1778519269.9495184,2,124,750,332,121,36,13
1778519269.9522455,1,1392,50,19,121,42,0
1778519269.966772,2,137,800,360,120,36,13
1778519269.970132,1,1392,0,19,120,42,0
1778519269.9840457,2,154,850,386,120,36,14
1778519269.98689,1,1392,0,19,120,42,0
1778519270.0012672,2,171,1050,405,121,36,13
1778519270.005222,1,1393,0,19,121,42,0
1778519270.019328,2,193,1050,416,121,36,13
1778519270.0226917,1,1392,0,19,121,42,0
1778519270.0374062,2,213,1150,418,121,36,13
1778519270.0405877,1,1392,0,19,121,42,1
1778519270.0545702,2,234,1200,413,121,36,11
1778519270.0577595,1,1392,0,19,121,42,0
1778519270.0723903,2,254,1100,410,121,36,11
1778519270.075673,1,1393,-50,21,121,42,0
1778519270.089698,2,276,1250,391,121,36,10
1778519270.0926123,1,1392,-50,24,121,42,0
1778519270.1071937,2,296,1200,366,121,36,8
1778519270.1104808,1,1392,50,19,121,42,0
1778519270.1244876,2,317,1150,340,121,36,7
1778519270.1272771,1,1393,-50,23,121,42,0
1778519270.1415398,2,333,1000,315,121,36,7
1778519270.1450949,1,1392,50,20,121,42,0
1778519270.1592946,2,349,1000,287,121,36,5
1778519270.1621566,1,1393,0,19,121,42,0
1778519270.1763873,2,364,900,263,121,36,5
1778519270.1803231,1,1393,-50,22,121,42,1
1778519270.1942997,2,379,850,232,121,36,3
1778519270.1970434,1,1393,50,21,121,42,1
1778519270.2114942,2,390,750,207,121,36,3
1778519270.2149234,1,1393,0,19,121,42,0
1778519270.2288375,2,401,650,178,121,36,4
1778519270.2315915,1,1392,0,19,121,42,0
1778519270.2459497,2,409,550,151,121,36,3
1778519270.249493,1,1393,-50,24,122,42,0
1778519270.263746,2,416,400,123,121,36,3
1778519270.2667336,1,1393,50,19,121,42,0
1778519270.281069,2,420,250,101,121,36,2
1778519270.284936,1,1393,0,19,122,42,0
1778519270.298908,2,423,250,85,121,36,2
1778519270.3019185,1,1392,0,19,121,42,1
1778519270.3163722,2,425,150,74,122,36,1
1778519270.319618,1,1392,0,19,121,42,0
1778519270.3334875,2,426,100,68,121,44,2
1778519270.3361845,1,1393,-50,21,121,42,0
1778519270.35055,2,427,50,65,121,36,1
1778519270.3542063,1,1393,50,22,122,42,0
1778519270.3683028,2,427,50,61,121,36,1
1778519270.371053,1,1393,50,18,121,42,1
1778519270.3856878,2,428,50,58,122,36,1
1778519270.3896134,1,1393,0,19,121,42,0
1778519270.4034495,2,429,0,56,121,36,1
1778519270.4067738,1,1393,-50,23,121,42,0
1778519270.421406,2,429,50,55,121,36,1
1778519270.424658,1,1392,50,20,122,42,0
1778519270.4385478,2,429,50,52,121,36,1
1778519270.441504,1,1393,0,19,121,42,0
1778519270.4559498,2,429,0,52,121,36,1
1778519270.4594193,1,1393,0,19,121,42,0
1778519270.4734244,2,429,0,52,121,36,1
1778519270.4762046,1,1392,0,19,121,42,0
1778519270.490477,2,429,0,52,121,35,1
1778519270.4940033,1,1393,0,19,121,42,0
1778519270.5080914,2,429,0,52,121,36,1
1778519270.510977,1,1393,0,19,122,42,0
1778519270.524925,2,429,0,52,121,37,1
1778519270.5288615,1,1393,0,19,121,42,0
1778519270.5432658,2,429,0,52,121,36,1
1778519270.546515,1,1393,0,19,122,42,0
1778519270.5610373,2,429,0,52,121,36,1
1778519270.5642314,1,1392,0,19,121,42,0
1778519270.5781481,2,429,0,52,121,36,1
1778519270.5810094,1,1393,0,19,121,42,0
1778519270.5954442,2,429,0,52,121,36,1
1778519270.598753,1,1392,0,19,121,42,0
1778519270.6130342,2,429,0,52,121,36,1
1778519270.6160212,1,1393,0,19,121,42,1
1778519270.630103,2,429,0,52,121,36,1
1778519270.632939,1,1393,0,19,121,42,0
1778519270.6474633,2,429,0,52,121,36,1
1778519270.6507475,1,1393,0,19,122,42,1
1778519270.664658,2,429,0,52,121,36,1
1778519270.6674054,1,1393,-50,24,121,42,0
1778519270.6817355,2,429,0,52,121,36,1
1778519270.6856573,1,1393,50,19,122,42,0
1778519270.6996782,2,429,0,52,122,36,1
1778519270.7031548,1,1393,0,19,121,42,0
1778519270.7175126,2,429,0,52,121,36,1
1778519270.7205873,1,1393,0,19,122,42,0
1778519270.7345755,2,429,0,52,121,36,0
1778519270.7375486,1,1392,0,19,121,42,0
1778519270.751897,2,429,0,52,121,36,1
1778519270.755223,1,1393,-50,21,122,42,0
1778519270.7694805,2,429,0,52,122,36,0
1778519270.7723713,1,1393,50,22,121,42,0
1778519270.786479,2,429,0,52,121,37,1
1778519270.789644,1,1393,50,18,122,42,0
1778519270.804058,2,429,0,52,121,36,1
1778519270.8072402,1,1392,0,19,122,42,0
1778519270.8216736,2,429,0,52,121,36,1
1778519270.825884,1,1393,0,19,122,42,0
1778519270.8401337,2,429,0,52,121,36,1
1778519270.8428724,1,1392,0,19,121,42,0
1778519270.8571706,2,429,0,52,121,36,1
1778519270.861123,1,1393,0,19,122,42,0
1778519270.8754084,2,429,0,52,121,36,1
1778519270.8785465,1,1392,0,19,122,42,0
1778519270.893264,2,429,0,52,121,36,1
1778519270.897358,1,1392,0,19,121,42,0
1778519270.9112103,2,429,0,52,121,36,1
1778519270.9141302,1,1392,-50,21,121,42,0
1778519270.9287508,2,429,0,52,121,36,2
1778519270.9319947,1,1393,50,22,122,42,0
1778519270.945841,2,429,0,52,121,36,1
1778519270.948725,1,1393,50,18,121,42,0
1778519270.9632874,2,429,0,52,121,36,1
1778519270.9667861,1,1393,0,19,122,42,0
1778519270.9812183,2,429,0,52,121,37,0
1778519270.9842079,1,1393,0,19,122,42,0
1778519270.9985602,2,429,0,52,121,36,2
1778519271.0020506,1,1393,0,19,122,42,0
1778519271.0160391,2,429,0,52,121,36,2
1778519271.0189385,1,1393,-50,23,121,42,0
1778519271.0335903,2,429,0,52,121,36,1
1778519271.0372097,1,1393,50,21,122,42,1
1778519271.0512896,2,429,0,52,121,36,1
1778519271.05463,1,1393,0,19,122,42,0
1778519271.0692403,2,429,0,52,121,36,1
1778519271.0724533,1,1393,-50,21,122,42,1
1778519271.0864143,2,429,0,52,121,36,1
1778519271.0893881,1,1392,0,23,121,42,1
1778519271.1037703,2,429,0,52,121,36,1
1778519271.1069863,1,1393,0,23,121,42,0
1778519271.12083,2,429,0,52,121,36,1
1778519271.123562,1,1393,50,19,122,41,0
1778519271.1379738,2,429,0,52,121,36,2
1778519271.1419911,1,1393,-50,23,122,42,0
1778519271.1567094,2,429,0,52,121,36,1
1778519271.1597512,1,1392,0,23,121,42,0
1778519271.173784,2,429,0,52,121,36,1
1778519271.1770003,1,1393,50,21,121,42,0
1778519271.1914108,2,429,0,52,121,36,1
1778519271.1947837,1,1392,-50,22,122,42,0
1778519271.2089584,2,429,0,52,121,36,1
1778519271.2118661,1,1393,50,22,122,42,0
1778519271.2257657,2,429,0,52,121,36,1
1778519271.2286727,1,1393,0,19,122,42,1
1778519271.243047,2,429,0,52,122,36,1
1778519271.2465518,1,1392,0,19,122,42,0
1778519271.2604177,2,429,0,52,121,36,1
1778519271.2632833,1,1393,-50,24,121,42,0
1778519271.2775724,2,429,0,52,121,36,1
1778519271.2810981,1,1393,50,20,121,42,0
1778519271.294985,2,429,0,52,121,36,1
1778519271.2978647,1,1393,-50,23,121,42,0
1778519271.3123088,2,429,0,52,121,36,2
1778519271.3156066,1,1393,50,21,122,42,0
1778519271.3297434,2,429,0,52,121,36,1
1778519271.3326693,1,1392,0,19,121,42,0
1778519271.3474593,2,429,0,52,121,36,1
1778519271.3509383,1,1392,0,19,121,42,0
1778519271.365111,2,429,0,52,121,36,1
1778519271.367923,1,1393,0,19,121,42,0
1778519271.382381,2,429,0,52,121,36,1
1778519271.3859234,1,1393,0,19,121,42,0
1778519271.3999836,2,429,0,52,121,36,2
1778519271.4028316,1,1393,0,19,121,42,0
1778519271.4173026,2,429,0,52,121,36,1
1778519271.4212024,1,1393,-50,23,122,42,1
1778519271.4352775,2,429,0,52,121,36,1
1778519271.4383922,1,1393,50,20,122,42,0
1778519271.4528873,2,429,0,52,122,36,0
1778519271.4560163,1,1392,0,19,121,42,0
1778519271.4700851,2,429,0,52,121,36,1
1778519271.4729493,1,1393,0,19,122,42,0
1778519271.487733,2,429,0,52,122,36,1
1778519271.4910765,1,1392,0,19,122,42,0
1778519271.5051367,2,429,0,52,121,36,1
1778519271.5078955,1,1392,-50,21,121,42,0
1778519271.5226755,2,429,0,52,121,36,1
1778519271.5263379,1,1393,-50,24,122,42,0
1778519271.5407114,2,429,0,52,121,36,1
1778519271.5435321,1,1393,50,19,122,42,0
1778519271.5583107,2,429,0,52,122,37,2
1778519271.5620139,1,1393,0,19,121,42,0
1778519271.5762508,2,429,0,52,121,36,1
1778519271.5790927,1,1393,0,19,121,42,0
1778519271.5940564,2,429,0,52,121,36,1
1778519271.5980752,1,1392,0,19,122,42,0
1778519271.612213,2,429,0,52,121,36,2
1778519271.6157665,1,1393,0,19,122,42,0
1778519271.630486,2,429,0,52,121,36,1
1778519271.6335282,1,1393,0,19,121,42,0
1778519271.6477094,2,429,0,52,122,36,0
1778519271.651046,1,1392,0,19,122,42,0
1778519271.6655138,2,429,0,52,121,36,1
1778519271.6686327,1,1392,-50,21,122,42,0
1778519271.6825354,2,429,0,52,121,36,1
1778519271.6855984,1,1393,-50,24,122,42,0
1778519271.700062,2,429,0,52,121,36,1
1778519271.7036004,1,1393,50,19,121,42,0
1778519271.7175782,2,429,0,52,121,36,1
1778519271.7204611,1,1392,0,19,121,42,0
1778519271.73514,2,429,0,52,121,36,1
1778519271.7384033,1,1393,-50,23,121,42,0
1778519271.7528834,2,429,0,52,121,36,1
1778519271.7559268,1,1393,50,20,122,42,0
1778519271.7706933,2,429,0,52,121,36,1
1778519271.7740874,1,1392,0,19,122,42,0
1778519271.7888207,2,429,0,52,121,36,1
1778519271.792744,1,1393,0,19,122,42,0
1778519271.8069098,2,429,0,52,121,36,1
1778519271.8097565,1,1393,0,19,121,42,0
1778519271.8247008,2,429,0,52,121,36,1
1778519271.8280993,1,1393,0,19,122,42,0
1778519271.8422763,2,429,0,52,121,36,1
1778519271.845268,1,1393,0,19,121,42,0
1778519271.8601532,2,429,0,52,121,36,1
1778519271.8636134,1,1393,-50,24,122,42,0
1778519271.877763,2,429,0,52,121,36,1
1778519271.88049,1,1392,50,19,122,42,0
1778519271.8954287,2,429,0,52,121,36,1
1778519271.898909,1,1392,0,19,121,42,0
1778519271.9135177,2,429,0,52,121,36,1
1778519271.9175131,1,1393,0,19,121,42,0
1778519271.932594,2,429,0,52,122,36,1
1778519271.9355755,1,1392,0,19,122,42,0
1778519271.9497883,2,429,0,52,121,36,1
1778519271.9529097,1,1393,0,19,121,42,0
1778519271.9674194,2,429,0,52,121,36,2
1778519271.9707992,1,1393,0,19,121,42,1
1778519271.9848144,2,429,0,52,121,36,1
1778519271.987721,1,1393,0,19,121,42,0
1778519272.0023315,2,429,0,52,121,36,1
1778519272.0059493,1,1393,0,19,122,42,0
1778519272.0206547,2,429,0,52,121,36,1
1778519272.0236712,1,1392,0,19,121,42,0
1778519272.0378296,2,429,0,52,121,36,1
1778519272.0407484,1,1393,0,19,121,42,0
1778519272.0555,2,429,0,52,121,36,1
1778519272.0585904,1,1393,0,19,121,42,0
1778519272.07259,2,429,0,52,121,36,1
1778519272.0755131,1,1393,0,19,122,42,0
1778519272.0898764,2,429,0,52,121,36,1
1778519272.0934246,1,1393,0,19,121,42,0
1778519272.1074324,2,429,0,52,121,36,1
1778519272.1102176,1,1393,0,19,121,42,0
1778519272.1244779,2,429,0,52,121,36,2
1778519272.1286957,1,1393,-50,21,121,42,0
1778519272.1428227,2,429,0,52,121,36,1
1778519272.1459374,1,1393,50,22,121,42,0
1778519272.1604064,2,429,0,52,121,36,1
1778519272.163619,1,1393,50,18,122,42,0
1778519272.1776743,2,429,0,52,121,36,1
1778519272.180741,1,1393,0,19,121,42,0
1778519272.1951828,2,429,0,52,121,36,1
1778519272.1984475,1,1393,0,19,122,42,0
1778519272.2128117,2,429,0,52,121,36,1
1778519272.2158477,1,1393,0,19,122,42,0
1778519272.2299225,2,429,0,52,121,36,1
1778519272.2330563,1,1393,0,19,122,42,0
1778519272.247898,2,429,0,52,121,36,1
1778519272.2511375,1,1393,0,19,122,42,0
1778519272.2650871,2,429,0,52,121,36,1
1778519272.267898,1,1393,-50,21,121,42,0
1778519272.2823043,2,429,0,52,121,36,1
1778519272.2858465,1,1393,50,22,121,42,0
1778519272.2999911,2,429,0,52,121,36,1
1778519272.3027892,1,1393,50,18,122,42,0
1778519272.3170094,2,429,0,52,121,36,1
1778519272.3209462,1,1393,-50,24,121,42,1
1778519272.3349383,2,429,0,52,121,36,1
1778519272.3378408,1,1393,50,19,122,42,0
1778519272.3521483,2,429,0,52,121,36,1
1778519272.3555098,1,1393,-50,23,122,42,0
1778519272.3695683,2,429,0,52,121,36,1
1778519272.3723407,1,1393,50,20,121,42,0
1778519272.3867495,2,429,0,52,121,36,2
1778519272.390072,1,1393,-50,22,121,42,0
1778519272.404036,2,429,0,52,121,36,0
1778519272.4067976,1,1392,50,21,122,42,0
1778519272.4211662,2,429,0,52,121,36,1
1778519272.4250007,1,1393,0,19,122,42,0
1778519272.4392462,2,429,0,52,121,36,0
1778519272.4421089,1,1393,0,19,121,42,0
1778519272.4567447,2,429,0,52,122,36,1
1778519272.4609442,1,1393,-50,24,122,42,0
1778519272.4750016,2,429,0,52,121,36,1
1778519272.477877,1,1393,50,19,121,42,0
1778519272.4923687,2,429,0,52,121,37,1
1778519272.4957757,1,1392,0,19,122,42,0
1778519272.5097075,2,429,0,52,121,36,2
1778519272.512655,1,1392,-50,23,122,42,0
1778519272.5271804,2,429,0,52,121,36,1
1778519272.5304608,1,1393,50,21,122,42,0
1778519272.544564,2,429,0,52,121,36,1
1778519272.5476656,1,1393,-50,22,121,42,1
1778519272.5620897,2,429,0,52,121,36,1
1778519272.5657167,1,1392,0,23,121,42,0
1778519272.579817,2,429,0,52,121,36,1
1778519272.5826254,1,1393,50,22,121,42,0
1778519272.5969577,2,429,0,52,121,36,2
1778519272.600944,1,1393,50,19,122,42,1
1778519272.6150165,2,429,0,52,121,36,1
1778519272.6181376,1,1393,0,19,121,42,0
1778519272.6326988,2,429,0,52,122,36,1
1778519272.635911,1,1393,0,19,122,42,0
1778519272.649887,2,429,0,52,121,36,1
1778519272.6528678,1,1392,0,19,121,42,0
1778519272.6672626,2,429,0,52,121,36,1
1778519272.670485,1,1392,0,19,122,42,0
1778519272.6843777,2,429,0,52,121,36,1
1778519272.6871223,1,1393,-50,22,121,42,0
1778519272.7014723,2,429,0,52,121,36,1
1778519272.7056122,1,1393,0,23,122,42,0
1778519272.7197201,2,429,0,52,121,36,1
1778519272.7230892,1,1393,50,22,122,42,0
1778519272.7374454,2,429,0,52,121,36,1
1778519272.740576,1,1393,50,18,122,42,0
1778519272.7544613,2,429,0,52,121,36,1
1778519272.7575083,1,1392,0,19,121,42,0
1778519272.7720647,2,429,0,52,121,36,1
1778519272.7754588,1,1392,-50,23,121,42,0
1778519272.7893918,2,429,0,52,121,36,1
1778519272.7922568,1,1392,50,20,122,42,0
1778519272.806534,2,429,0,52,122,36,2
1778519272.809922,1,1392,0,19,122,42,0
1778519272.8239045,2,429,0,52,121,36,1
1778519272.82665,1,1392,-50,22,121,42,0
1778519272.8409872,2,429,0,52,121,36,1
1778519272.8447714,1,1393,50,22,121,42,0
1778519272.8586814,2,429,0,52,122,36,1
1778519272.8615482,1,1392,-50,21,121,42,1
1778519272.876006,2,429,0,52,121,36,1
1778519272.8793185,1,1392,-50,24,121,42,0
1778519272.8932724,2,429,0,52,121,36,1
1778519272.896089,1,1393,0,23,121,42,0
1778519272.9103878,2,429,0,52,121,36,1
1778519272.913899,1,1392,50,20,121,42,0
1778519272.9279592,2,429,0,52,121,36,2
1778519272.9308443,1,1393,-50,23,122,42,0
1778519272.945184,2,429,0,52,121,36,1
1778519272.9490263,1,1392,0,23,122,42,0
1778519272.9630625,2,429,0,52,121,36,1
1778519272.9660501,1,1393,50,21,121,42,0
1778519272.980472,2,429,0,52,121,36,1
1778519272.9837103,1,1393,-50,21,122,42,0
1778519272.997674,2,429,0,52,122,36,1
1778519273.000553,1,1393,50,22,122,42,0
1778519273.0153396,2,429,0,52,121,36,1
1778519273.0187724,1,1393,50,19,122,42,0
1778519273.0331516,2,429,0,52,121,36,1
1778519273.0361118,1,1393,0,19,121,42,0
1778519273.0507355,2,429,0,52,121,36,1
1778519273.0537355,1,1393,0,19,121,42,0
1778519273.0680954,2,429,0,52,121,36,1
1778519273.0713983,1,1393,0,19,121,42,0
1778519273.0855267,2,429,0,52,121,36,1
1778519273.0883348,1,1392,-50,22,121,42,1
1778519273.1026223,2,429,0,52,121,36,1
1778519273.1061754,1,1393,0,23,121,42,0
1778519273.1201713,2,429,0,52,121,36,1
1778519273.1229687,1,1393,50,22,121,42,0
1778519273.1373954,2,429,0,52,121,36,1
1778519273.1412785,1,1392,-50,21,121,42,0
1778519273.1552188,2,429,0,52,121,36,0
1778519273.1580787,1,1393,-50,24,121,42,0
1778519273.1725678,2,429,0,52,121,36,1
1778519273.1758115,1,1392,0,23,121,42,0
1778519273.1896803,2,429,0,52,121,36,1
1778519273.19243,1,1393,0,23,122,42,0
1778519273.2071092,2,429,0,52,121,36,1
1778519273.2103817,1,1393,50,20,121,42,0
1778519273.2246447,2,429,0,52,121,36,1
1778519273.227621,1,1393,0,19,121,42,0
1778519273.2415624,2,429,0,52,121,36,1
1778519273.2443662,1,1392,0,19,122,42,0
1778519273.2588408,2,429,0,52,121,36,1
1778519273.2622232,1,1392,0,19,122,42,1
1778519273.276188,2,429,0,52,122,36,1
1778519273.2789235,1,1393,0,19,121,42,0
1778519273.2933187,2,429,0,52,121,36,1
1778519273.2973554,1,1393,0,19,122,42,0
1778519273.311469,2,429,0,52,121,36,1
1778519273.3149614,1,1392,0,19,122,42,0
1778519273.3294413,2,429,0,52,121,36,2
1778519273.332383,1,1393,-50,23,122,42,0
1778519273.346357,2,429,0,52,121,36,1
1778519273.3493526,1,1393,50,20,121,42,0
1778519273.3638246,2,429,0,52,121,36,0
1778519273.3670547,1,1393,0,19,121,42,0
1778519273.381237,2,429,0,52,121,36,1
1778519273.3841524,1,1393,0,19,121,42,0
1778519273.398377,2,429,0,52,121,36,1
1778519273.4013164,1,1393,0,19,122,42,0
1778519273.4161394,2,429,0,52,122,36,1
1778519273.419512,1,1393,0,19,121,42,0
1778519273.433555,2,429,0,52,122,36,1
1778519273.4363165,1,1393,0,19,121,42,0
1778519273.4509704,2,429,0,52,121,36,1
1778519273.45452,1,1393,0,19,121,42,1
1778519273.4685397,2,429,0,52,121,36,0
1778519273.4713569,1,1393,0,19,121,42,0
1778519273.4856822,2,429,0,52,121,36,2
1778519273.489241,1,1393,-50,23,122,42,0
1778519273.503107,2,429,0,52,121,36,0
1778519273.5062563,1,1393,0,23,121,42,0
1778519273.5208294,2,429,0,52,121,36,1
1778519273.5240326,1,1392,0,23,122,42,0
1778519273.5380073,2,429,0,52,121,36,0
1778519273.5407956,1,1392,50,22,121,42,0
1778519273.5554054,2,429,0,52,121,36,1
1778519273.5588953,1,1393,0,19,121,42,0
1778519273.5732849,2,429,0,52,121,36,1
1778519273.5763218,1,1392,0,19,121,43,0
1778519273.5910163,2,429,0,52,121,36,1
1778519273.5943518,1,1393,-50,24,122,42,0
1778519273.6085522,2,429,0,52,121,36,2
1778519273.6113684,1,1393,50,19,122,42,0
1778519273.626102,2,429,0,52,121,36,1
1778519273.6301048,1,1393,-50,23,121,42,0
1778519273.644085,2,429,0,52,121,36,2
1778519273.6479516,1,1393,50,20,122,42,0
1778519273.6635206,2,429,0,52,122,36,1
1778519273.666867,1,1393,-50,22,121,42,0
1778519273.68104,2,429,0,52,121,36,1
1778519273.683857,1,1392,0,23,122,42,0
1778519273.6985736,2,429,0,52,121,36,1
1778519273.7020688,1,1392,50,21,121,42,0
1778519273.7160642,2,429,0,52,121,36,1
1778519273.7189233,1,1393,0,19,121,42,0
1778519273.7333534,2,429,0,52,121,36,1
1778519273.737362,1,1392,0,19,121,42,0
1778519273.7513685,2,429,0,52,121,36,1
1778519273.7547026,1,1393,0,19,122,42,0
1778519273.768889,2,429,0,52,121,36,1
1778519273.7717748,1,1393,0,19,121,42,0
1778519273.7861788,2,429,0,52,121,36,1
1778519273.7897787,1,1392,0,19,122,42,0
1778519273.8038108,2,429,0,52,121,36,1
1778519273.8066597,1,1393,-50,23,122,42,0
1778519273.8213108,2,429,0,52,121,36,1
1778519273.8248973,1,1393,50,21,121,42,0
1778519273.8390815,2,429,0,52,121,36,1
1778519273.8422966,1,1393,0,19,121,42,1
1778519273.8568952,2,429,0,52,121,36,2
1778519273.8600845,1,1393,0,19,121,42,0
1778519273.8739908,2,429,0,52,121,36,1
1778519273.876828,1,1393,0,19,121,42,0
1778519273.8912723,2,429,0,52,121,36,1
1778519273.8945305,1,1393,0,19,121,42,0
1778519273.9086065,2,429,0,52,122,36,1
1778519273.9114118,1,1393,0,19,121,42,0
1778519273.926042,2,429,0,52,121,36,1
1778519273.9295332,1,1393,0,19,121,42,0
1778519273.9435906,2,429,0,52,121,36,1
1778519273.9469438,1,1393,-50,23,122,42,0
1778519273.961272,2,429,0,52,122,36,1
1778519273.9642174,1,1393,50,21,121,42,0
1778519273.9780593,2,429,0,52,121,36,1
1778519273.9809625,1,1393,0,19,122,42,0
1778519273.9954093,2,429,0,52,121,36,1
1778519273.9987872,1,1393,-50,21,121,42,0
1778519274.0126996,2,429,0,52,121,36,1
1778519274.015447,1,1393,-50,22,121,42,0
1778519274.0300114,2,429,0,52,122,36,1
1778519274.033612,1,1393,50,19,122,42,0
1778519274.0480917,2,429,0,52,121,36,1
1778519274.0522568,1,1393,0,19,121,42,1
1778519274.066437,2,429,0,52,121,36,1
1778519274.0694952,1,1393,-50,23,122,42,0
1778519274.083904,2,429,0,52,121,36,1
1778519274.0870974,1,1392,50,20,122,42,0
1778519274.101601,2,429,0,52,121,36,1
1778519274.105556,1,1393,0,19,122,42,0
1778519274.1197221,2,429,0,52,121,36,1
1778519274.123054,1,1393,0,19,121,42,0
1778519274.1374125,2,429,0,52,121,36,1
1778519274.1403754,1,1393,0,19,122,42,0
1778519274.1542647,2,429,0,52,122,36,1
1778519274.1572285,1,1392,-50,21,122,42,0
1778519274.1716828,2,429,0,52,122,36,1
1778519274.1750085,1,1393,-50,22,122,42,0
1778519274.189196,2,429,0,52,121,36,1
1778519274.1921585,1,1393,50,19,122,42,0
1778519274.2061796,2,429,0,52,122,36,1
1778519274.2092953,1,1392,0,19,121,42,0
1778519274.2240248,2,429,0,52,121,36,1
1778519274.2274885,1,1392,0,19,122,42,0
1778519274.2416227,2,429,0,52,121,36,2
1778519274.2442493,1,1393,0,19,122,42,1
1778519274.2590594,2,429,0,52,121,36,1
1778519274.2626276,1,1393,-50,22,122,42,0
1778519274.277196,2,429,0,52,121,36,1
1778519274.2801654,1,1393,0,23,122,43,0
1778519274.293998,2,429,0,52,121,36,1
1778519274.2967873,1,1392,50,22,122,42,0
1778519274.3113434,2,429,0,52,121,36,1
1778519274.3147078,1,1392,-50,21,122,42,0
1778519274.3287842,2,429,0,52,121,36,1
1778519274.3317754,1,1392,-50,24,122,42,0
1778519274.3461864,2,429,0,52,121,36,2
1778519274.3497386,1,1393,50,19,121,42,0
1778519274.3641076,2,429,0,52,121,36,1
1778519274.367226,1,1393,0,19,122,42,0
1778519274.381464,2,429,0,52,121,36,1
1778519274.3850489,1,1392,0,19,122,42,0
1778519274.399016,2,429,0,52,121,36,1
1778519274.4021926,1,1393,0,19,122,42,0
1778519274.416937,2,429,0,52,122,36,1
1778519274.4201758,1,1392,0,19,122,42,0
1778519274.434321,2,429,0,52,121,36,1
1778519274.4372735,1,1393,-50,21,122,42,0
1778519274.4517076,2,429,0,52,122,36,1
1778519274.4549806,1,1393,50,22,122,42,0
1778519274.4693472,2,429,0,52,121,36,1
1778519274.4728677,1,1393,50,18,121,42,0
1778519274.4868197,2,429,0,52,121,36,1
1778519274.4897661,1,1393,0,19,122,42,0
1778519274.5042424,2,429,0,52,121,36,2
1778519274.50742,1,1393,0,19,122,42,0
1778519274.5213432,2,429,0,52,121,36,1
1778519274.5242538,1,1393,-50,23,121,42,0
1778519274.53854,2,429,0,52,121,36,1
1778519274.542112,1,1393,50,21,122,42,0
1778519274.5561373,2,429,0,52,121,36,2
1778519274.5590599,1,1393,0,19,121,42,1
1778519274.5737314,2,429,0,52,121,36,1
1778519274.5769277,1,1393,0,19,121,42,0
1778519274.590956,2,429,0,52,121,36,1
1778519274.5939977,1,1393,0,19,121,42,0
1778519274.60847,2,429,0,52,121,36,2
1778519274.6117187,1,1393,0,19,122,42,0
1778519274.625657,2,429,0,52,121,36,1
1778519274.6285322,1,1393,0,19,122,42,0
1778519274.6430094,2,429,0,52,121,36,2
1778519274.6463027,1,1392,0,19,121,42,0
1778519274.6601741,2,429,0,52,121,36,1
1778519274.6630833,1,1393,-50,23,122,42,0
1778519274.6775143,2,429,0,52,121,36,1
1778519274.6815326,1,1393,50,21,122,42,0
1778519274.6954448,2,429,0,52,121,37,1
1778519274.6988702,1,1393,0,19,122,42,1
1778519274.7134058,2,429,0,52,121,36,1
1778519274.716764,1,1393,-50,21,122,42,0
1778519274.730731,2,429,0,52,121,36,2
1778519274.7337701,1,1392,0,23,121,42,0
1778519274.7482393,2,429,0,52,122,36,2
1778519274.7515292,1,1392,0,23,121,42,0
1778519274.7653763,2,429,0,52,121,37,1
1778519274.7681177,1,1393,0,23,121,42,0
1778519274.7826333,2,429,0,52,121,36,1
1778519274.7861028,1,1392,50,19,122,42,0
1778519274.8001566,2,429,0,52,121,36,1
1778519274.8029835,1,1393,0,19,122,42,0
1778519274.8175645,2,429,0,52,121,36,1
1778519274.821537,1,1393,-50,22,122,42,1
1778519274.8355136,2,429,0,52,121,36,1
1778519274.8386798,1,1393,0,23,121,42,0
1778519274.853291,2,429,0,52,121,37,1
1778519274.8564305,1,1392,0,23,122,42,0
1778519274.8703632,2,429,0,52,121,36,1
1778519274.8733735,1,1393,50,22,121,42,0
1778519274.888052,2,429,0,52,122,36,1
1778519274.8916056,1,1393,50,21,122,42,0
1778519274.9056878,2,429,0,52,121,36,1
1778519274.908341,1,1393,-50,24,121,42,0
1778519274.9224722,2,429,0,52,121,36,1
1778519274.9259481,1,1393,0,23,121,42,0
1778519274.9403877,2,429,0,52,121,36,1
1778519274.943398,1,1393,0,23,122,42,0
1778519274.9572308,2,429,0,52,121,36,1
1778519274.9600933,1,1393,50,20,121,42,0
1778519274.9743574,2,429,0,52,121,36,1
1778519274.9778926,1,1393,0,19,122,42,0
1778519274.9919086,2,429,0,52,121,36,1
1778519274.9948092,1,1393,-50,21,122,42,0
1778519275.0092056,2,429,0,52,121,36,1
1778519275.0130143,1,1393,50,22,122,42,0
1778519275.0270202,2,429,0,52,121,36,1
1778519275.0301611,1,1393,50,18,122,42,0
1778519275.0448089,2,429,0,52,121,36,1
1778519275.048,1,1392,0,19,122,42,0
1778519275.0620131,2,429,0,52,121,36,1
1778519275.0649095,1,1392,0,19,121,42,0
1778519275.0793512,2,429,0,52,121,36,1
1778519275.082817,1,1392,0,19,122,42,0
1778519275.0967665,2,429,0,52,121,37,1
1778519275.0995746,1,1393,0,19,121,42,0
1778519275.1139092,2,429,0,52,121,36,1
1778519275.1174266,1,1393,0,19,122,42,0
1778519275.1314712,2,429,0,52,121,37,1
1778519275.1342158,1,1392,-50,21,121,42,0
1778519275.1484745,2,429,0,52,121,36,2
1778519275.152493,1,1393,50,22,121,42,0
1778519275.1665096,2,429,0,52,121,36,1
1778519275.1694508,1,1393,50,18,122,42,0
1778519275.184143,2,429,0,52,121,36,1
1778519275.1873562,1,1392,0,19,121,42,0
1778519275.2014174,2,429,0,52,121,36,1
1778519275.2042189,1,1392,-50,23,122,42,0
1778519275.2186809,2,429,0,52,121,36,2
1778519275.222259,1,1393,50,20,121,42,0
1778519275.2362604,2,429,0,52,121,36,1
1778519275.2392414,1,1393,-50,22,121,42,0
1778519275.253761,2,429,0,52,121,36,1
1778519275.2577186,1,1393,50,21,122,42,0
1778519275.2717862,2,429,0,52,121,36,1
1778519275.2745538,1,1392,0,19,121,42,0
1778519275.2892196,2,429,0,52,121,36,1
1778519275.2930415,1,1392,0,19,121,42,0
1778519275.3069637,2,429,0,52,121,36,1
1778519275.3104196,1,1393,0,19,121,42,0
1778519275.3246882,2,429,0,52,121,36,1
1778519275.3276227,1,1393,0,19,121,42,0
1778519275.3420935,2,429,0,52,121,36,0
1778519275.3461952,1,1392,0,19,121,42,0
1778519275.3608758,2,429,0,52,121,36,2
1778519275.3638563,1,1393,0,19,121,42,0
1778519275.3778226,2,429,0,52,121,36,1
1778519275.3809376,1,1392,0,19,121,42,0
1778519275.3956144,2,429,0,52,121,36,0
1778519275.3988917,1,1393,0,19,121,42,0
1778519275.4130228,2,429,0,52,121,37,2
1778519275.4160426,1,1392,-50,22,121,42,0
1778519275.4307992,2,429,0,52,121,36,1
1778519275.4344742,1,1393,0,23,121,42,0
1778519275.449084,2,429,0,52,121,36,1
1778519275.4523642,1,1393,50,22,122,42,0
1778519275.4669096,2,429,0,52,121,36,1
1778519275.4703681,1,1393,0,19,121,42,0
1778519275.4847207,2,429,0,52,121,36,1
1778519275.4876611,1,1392,0,19,122,42,0
1778519275.5014577,2,429,0,52,121,36,1
1778519275.5042179,1,1392,0,19,121,42,0
1778519275.5184803,2,429,0,52,121,37,1
1778519275.522016,1,1393,0,19,121,42,1
1778519275.5361774,2,429,0,52,121,36,1
1778519275.538977,1,1392,0,19,121,42,0
1778519275.5536587,2,429,0,52,121,36,1
1778519275.5575585,1,1392,0,19,121,42,0
1778519275.5715175,2,429,0,52,121,36,1
1778519275.5746758,1,1393,0,19,121,42,0
1778519275.589567,2,429,0,52,121,36,1
1778519275.59282,1,1393,-50,21,121,42,0
1778519275.6068692,2,429,0,52,121,36,1
1778519275.6099412,1,1392,50,22,121,42,0
1778519275.6246557,2,429,0,52,121,36,1
1778519275.6279254,1,1393,50,21,121,42,0
1778519275.6418881,2,429,0,52,121,36,1
1778519275.6447828,1,1393,-50,24,121,42,0
1778519275.6592731,2,429,0,52,121,36,1
1778519275.6625705,1,1393,0,23,121,42,0
1778519275.6764414,2,429,0,52,121,36,2
1778519275.6792784,1,1393,0,23,121,42,0
1778519275.6936076,2,429,0,52,122,36,1
1778519275.6974862,1,1392,50,20,122,42,0
1778519275.7114234,2,429,0,52,121,36,1
1778519275.7147155,1,1393,0,19,121,42,0
1778519275.7293375,2,429,0,52,121,36,2
1778519275.7325838,1,1392,0,19,121,42,0
1778519275.7464602,2,429,0,52,121,36,0
1778519275.7494771,1,1393,0,19,121,42,0
1778519275.7641377,2,429,0,52,121,36,1
1778519275.7674017,1,1392,0,19,122,42,0
1778519275.7814426,2,429,0,52,121,36,1
1778519275.784196,1,1393,0,19,121,42,0
1778519275.7986877,2,429,0,52,121,36,1
1778519275.802344,1,1393,0,19,122,42,0
1778519275.8165703,2,429,0,52,121,36,1
1778519275.8193736,1,1392,0,19,121,42,0
1778519275.834027,2,429,0,52,121,36,1
1778519275.838027,1,1393,0,19,121,42,0
1778519275.8518813,2,429,0,52,121,36,0
1778519275.8552182,1,1393,0,19,121,42,0
1778519275.869641,2,429,0,52,121,36,1
1778519275.8727872,1,1393,-50,22,121,42,0
1778519275.8868217,2,429,0,52,121,36,2
1778519275.88993,1,1393,50,22,121,42,0
1778519275.9043725,2,429,0,52,121,36,1
1778519275.9075773,1,1393,0,19,121,42,0
1778519275.921495,2,429,0,52,121,36,1
1778519275.924316,1,1393,0,19,121,42,0
1778519275.9390755,2,429,0,52,121,36,1
1778519275.9424634,1,1392,-50,24,121,42,0
1778519275.9563582,2,429,0,52,121,36,1
1778519275.9591303,1,1393,50,20,121,42,0
1778519275.9736946,2,429,0,52,121,36,1
1778519275.9776092,1,1393,0,19,122,42,0
1778519275.9914975,2,429,0,52,121,36,1
1778519275.9947553,1,1393,-50,22,121,42,0
1778519276.0093832,2,429,0,52,121,37,1
1778519276.0126424,1,1393,0,23,122,42,0
1778519276.026539,2,429,0,52,121,37,1
1778519276.0296035,1,1393,0,23,121,42,0
1778519276.0442333,2,429,0,52,121,36,1
1778519276.0476696,1,1392,0,23,121,42,0
1778519276.0616097,2,429,0,52,121,36,1
1778519276.0643382,1,1393,0,23,121,42,0
1778519276.0788336,2,429,0,52,121,36,1
1778519276.0823102,1,1393,50,19,121,42,0
1778519276.0962834,2,429,0,52,121,36,1
1778519276.0990565,1,1392,-50,23,121,42,0
1778519276.1134574,2,429,0,52,121,36,1
1778519276.1174655,1,1392,50,20,122,42,0
1778519276.1314483,2,429,0,52,121,36,1
1778519276.1346035,1,1393,0,19,121,42,0
1778519276.1491609,2,429,0,52,121,37,1
1778519276.1523988,1,1392,0,19,121,42,0
1778519276.1665967,2,429,0,52,121,36,2
1778519276.169707,1,1392,0,19,121,42,0
1778519276.1841898,2,429,0,52,121,36,1
1778519276.187417,1,1393,0,19,121,42,0
1778519276.2013113,2,429,0,52,121,36,1
1778519276.204152,1,1393,0,19,121,42,0
1778519276.2185426,2,429,0,52,121,36,1
1778519276.2220871,1,1393,0,19,121,42,0
1778519276.236122,2,429,0,52,121,36,1
1778519276.2390134,1,1393,0,19,121,42,1
1778519276.2531972,2,429,0,52,121,36,1
1778519276.2570617,1,1393,0,19,121,42,0
1778519276.2709973,2,429,0,52,121,36,1
1778519276.2739959,1,1393,-50,22,122,42,0
1778519276.2886045,2,429,0,52,121,36,1
1778519276.29198,1,1393,50,21,122,42,0
1778519276.305922,2,429,0,52,121,36,1
1778519276.3088665,1,1392,0,19,121,43,0
1778519276.3232152,2,429,0,52,121,36,1
1778519276.326418,1,1393,0,19,121,42,0
1778519276.341066,2,429,0,52,121,36,1
1778519276.3449526,1,1393,0,21,122,42,0
1778519276.3589048,2,429,0,52,121,36,1
1778519276.3618739,1,1393,-50,24,121,43,0
1778519276.3762949,2,429,0,52,121,36,2
1778519276.3794475,1,1393,50,19,121,42,0
1778519276.3933296,2,429,0,52,121,36,1
1778519276.3961585,1,1392,0,19,121,42,0
1778519276.410481,2,429,0,52,121,37,1
1778519276.4140117,1,1393,0,19,121,42,0
1778519276.4281287,2,429,0,52,121,36,1
1778519276.4309509,1,1393,-50,22,122,42,1
1778519276.4455411,2,429,0,52,121,36,1
1778519276.4495149,1,1392,50,21,121,42,0
1778519276.463459,2,429,0,52,121,36,1
1778519276.4670062,1,1392,-50,21,121,42,0
1778519276.4814167,2,429,0,52,121,36,1
1778519276.4844215,1,1392,50,22,121,42,0
1778519276.498487,2,429,0,52,121,36,1
1778519276.5015552,1,1393,50,19,121,42,0
1778519276.5160728,2,429,0,52,121,36,2
1778519276.519405,1,1393,0,19,121,42,0
1778519276.5333216,2,429,0,52,121,36,1
1778519276.5361366,1,1392,0,19,121,42,0
1778519276.5506968,2,429,0,52,121,37,1
1778519276.5543122,1,1393,0,19,122,42,0
1778519276.5683107,2,429,0,52,121,36,1
1778519276.5723555,1,1392,0,19,121,42,0
1778519276.5874574,2,429,0,52,121,36,1
1778519276.5905101,1,1392,-50,22,121,42,0
1778519276.6043646,2,429,0,52,121,36,1
1778519276.6071928,1,1392,50,21,121,42,1
1778519276.6216,2,429,0,52,121,36,0
1778519276.6255991,1,1393,0,19,121,42,0
1778519276.6398523,2,429,0,52,121,36,1
1778519276.642765,1,1393,0,19,121,42,0
1778519276.6575816,2,429,0,52,121,36,1
1778519276.6615603,1,1392,0,19,121,42,0
1778519276.6755037,2,429,0,52,121,37,1
1778519276.6790702,1,1393,0,19,122,42,0
1778519276.6933887,2,429,0,52,121,36,2
1778519276.6963346,1,1393,0,19,122,43,0
1778519276.7101803,2,429,0,52,121,36,1
1778519276.7130427,1,1393,0,19,121,42,0
1778519276.7275267,2,429,0,52,121,36,1
1778519276.7307968,1,1392,0,19,121,43,0
1778519276.7447107,2,429,0,52,121,36,1
1778519276.7475562,1,1393,0,19,121,42,0
1778519276.7618046,2,429,0,52,121,36,1
1778519276.7653625,1,1393,0,19,121,42,0
1778519276.7800114,2,429,0,52,121,36,2
1778519276.7829711,1,1393,0,19,121,42,0
1778519276.796861,2,429,0,52,121,37,1
1778519276.7996068,1,1392,0,19,121,42,0
1778519276.813935,2,429,0,52,121,37,1
1778519276.81746,1,1392,0,19,121,42,0
1778519276.8314538,2,429,0,52,121,36,1
1778519276.8344197,1,1393,0,19,121,42,0
1778519276.8488276,2,429,0,52,121,36,1
1778519276.8527834,1,1393,0,19,121,42,0
1778519276.866961,2,429,0,52,121,37,1
1778519276.8698573,1,1393,0,19,121,43,0
1778519276.8843067,2,429,0,52,121,37,1
1778519276.8875232,1,1393,0,19,122,42,0
1778519276.9016361,2,429,0,52,121,36,1
1778519276.904475,1,1393,0,19,121,42,0
1778519276.918962,2,429,0,52,121,36,1
1778519276.9226346,1,1393,-50,21,121,42,0
1778519276.936648,2,429,0,52,121,36,1
1778519276.9394176,1,1393,-50,24,122,43,0
1778519276.953699,2,429,0,52,121,36,1
1778519276.9573176,1,1392,50,19,121,42,0
1778519276.9720883,2,429,0,52,121,36,1
1778519276.9751232,1,1393,0,19,122,43,0
1778519276.9889636,2,429,0,52,121,36,2
1778519276.9916856,1,1392,0,19,121,43,0
1778519277.0059645,2,429,0,52,121,37,2
1778519277.0095088,1,1393,0,19,121,42,0
1778519277.0236185,2,429,0,52,121,37,1
1778519277.0264533,1,1392,-50,22,121,43,0
1778519277.0410335,2,429,0,52,121,37,0
1778519277.0451567,1,1392,50,22,122,42,0
1778519277.059275,2,429,0,52,121,36,1
1778519277.0626724,1,1393,0,19,121,42,0
1778519277.0773084,2,429,0,52,121,36,1
1778519277.0805023,1,1392,0,19,122,43,0
1778519277.0944414,2,429,0,52,121,37,1
1778519277.0974584,1,1393,-50,24,121,42,0
1778519277.111841,2,429,0,52,122,36,2
1778519277.1150742,1,1393,0,23,122,42,0
1778519277.1292007,2,429,0,52,121,37,1
1778519277.1320236,1,1393,50,20,121,42,0
1778519277.1464293,2,429,0,52,121,36,1
1778519277.1499608,1,1393,0,19,122,43,0
1778519277.1644707,2,429,0,52,122,36,1
1778519277.1675737,1,1393,0,19,121,43,0
1778519277.181686,2,429,0,52,121,37,1
1778519277.1847532,1,1393,-50,21,121,42,0
1778519277.1994317,2,429,0,52,121,36,1
1778519277.2028122,1,1393,50,22,122,42,0
1778519277.2171514,2,429,0,52,121,36,1
1778519277.2201068,1,1393,50,18,121,42,0
1778519277.2340055,2,429,0,52,121,36,1
1778519277.236951,1,1393,0,19,122,42,0
1778519277.2514572,2,429,0,52,122,37,1
1778519277.2550008,1,1392,0,19,122,43,0
1778519277.2690043,2,429,0,52,121,37,1
1778519277.271723,1,1393,-50,23,122,42,0
1778519277.2858973,2,429,0,52,121,37,2
1778519277.2894337,1,1393,50,20,122,42,0
1778519277.3035164,2,429,0,52,121,37,2
1778519277.306441,1,1392,0,19,122,43,0
1778519277.3209722,2,429,0,52,121,37,1
1778519277.3244793,1,1392,-50,21,122,42,0
1778519277.338427,2,429,0,52,121,38,2
1778519277.3413723,1,1393,50,22,122,43,0
1778519277.3558426,2,429,0,52,121,37,1
1778519277.3591375,1,1393,50,18,121,42,0
1778519277.3730297,2,429,0,52,121,37,1
1778519277.375787,1,1393,0,19,121,43,0
1778519277.3902314,2,429,0,52,121,36,1
1778519277.3939028,1,1392,-50,23,122,43,0
1778519277.4085658,2,429,0,52,121,36,1
1778519277.411622,1,1392,50,20,121,42,1
1778519277.4257185,2,429,0,52,121,36,1
1778519277.428639,1,1392,0,19,121,43,0
1778519277.4429998,2,429,0,52,121,36,1
1778519277.4464097,1,1393,-50,22,122,42,0
1778519277.4603596,2,429,0,52,121,36,1
1778519277.4631987,1,1393,50,21,122,42,1
1778519277.4777057,2,429,0,52,121,36,1
1778519277.4816732,1,1393,0,19,121,43,0
1778519277.4956396,2,429,0,52,122,36,1
1778519277.4988298,1,1392,0,19,122,42,0
1778519277.5133486,2,429,0,52,121,36,1
1778519277.516617,1,1392,-50,24,121,42,1
1778519277.5307295,2,429,0,52,121,36,1
1778519277.5338206,1,1393,50,19,121,43,0
1778519277.548605,2,429,0,52,121,36,1
1778519277.5522182,1,1393,-50,23,121,43,0
1778519277.5662718,2,429,0,52,122,36,1
1778519277.5692186,1,1393,0,23,122,43,0
1778519277.5837219,2,429,0,52,122,36,0
1778519277.587071,1,1393,0,23,122,42,0
1778519277.6013346,2,429,0,52,121,37,1
1778519277.6044397,1,1393,0,23,121,42,0
1778519277.618791,2,429,0,52,121,36,1
1778519277.6223958,1,1392,0,23,122,43,0
1778519277.6363704,2,429,0,52,121,37,1
1778519277.6391637,1,1392,0,23,121,43,0
1778519277.6537116,2,429,0,52,121,36,1
1778519277.6576326,1,1393,0,23,122,42,0
1778519277.6716287,2,429,0,52,122,36,1
1778519277.6752026,1,1393,0,23,121,42,0
1778519277.6895766,2,429,0,52,121,37,1
1778519277.6925564,1,1393,0,23,121,42,0
1778519277.7064645,2,429,0,52,121,37,1
1778519277.7095556,1,1393,50,20,122,43,0
1778519277.7242613,2,429,0,52,121,37,1
1778519277.7278004,1,1393,0,19,122,43,0
1778519277.7417772,2,429,0,52,122,37,1
1778519277.744478,1,1392,0,19,121,42,0
1778519277.7589862,2,429,0,52,121,36,1
1778519277.7624116,1,1393,-50,21,121,43,0
1778519277.776666,2,429,0,52,121,37,1
1778519277.7794094,1,1393,50,22,121,43,0
1778519277.793849,2,429,0,52,121,37,2
1778519277.7974868,1,1392,50,18,122,43,0
1778519277.8116934,2,429,0,52,121,36,1
1778519277.8150666,1,1393,0,19,121,43,0
1778519277.8296075,2,429,0,52,121,37,1
1778519277.832791,1,1393,0,19,122,42,0
1778519277.8468642,2,429,0,52,121,37,1
1778519277.8499668,1,1393,0,19,121,43,0
1778519277.8647225,2,429,0,52,121,37,0
1778519277.8679051,1,1393,-50,23,122,42,0
1778519277.8820956,2,429,0,52,122,37,1
1778519277.8850086,1,1393,0,23,121,43,0
1778519277.8995817,2,429,0,52,122,37,0
1778519277.9029078,1,1393,50,21,121,43,0
1778519277.9172356,2,429,0,52,121,37,2
1778519277.9202387,1,1393,-50,21,121,43,0
1778519277.9342072,2,429,0,52,121,37,1
1778519277.9371235,1,1393,-50,23,121,42,0
1778519277.951567,2,429,0,52,121,37,1
1778519277.9549747,1,1393,0,23,121,42,0
1778519277.9689517,2,429,0,52,121,37,1
1778519277.9717941,1,1392,0,23,122,42,1
1778519277.986052,2,429,0,52,121,37,1
1778519277.9895797,1,1393,50,20,121,43,0
1778519278.0036323,2,429,0,52,121,37,1
1778519278.0065022,1,1392,0,19,121,43,0
1778519278.020928,2,429,0,52,121,37,1
1778519278.0249734,1,1393,0,19,122,43,0
1778519278.03912,2,429,0,52,121,37,1
1778519278.041964,1,1393,-50,22,121,43,1
1778519278.056298,2,429,0,52,121,37,1
1778519278.060708,1,1392,50,22,122,42,0
1778519278.074784,2,429,0,52,121,37,1
1778519278.07778,1,1393,0,19,122,43,0
1778519278.0922825,2,429,0,52,122,36,1
1778519278.0956383,1,1393,0,19,122,42,0
1778519278.1096349,2,429,0,52,121,37,1
1778519278.1124208,1,1393,-50,24,122,43,0
1778519278.1270142,2,429,0,52,121,37,1
1778519278.130569,1,1393,50,19,121,42,0
1778519278.1449242,2,429,0,52,121,36,1
1778519278.1478736,1,1393,-50,23,121,43,0
1778519278.161651,2,429,0,52,121,37,1
1778519278.1645825,1,1392,0,23,121,43,0
1778519278.1795805,2,429,0,52,122,37,2
1778519278.1832688,1,1392,50,21,121,43,0
1778519278.1975408,2,429,0,52,121,37,1
1778519278.2003407,1,1393,0,19,121,43,0
1778519278.215182,2,429,0,52,121,37,1
1778519278.2188084,1,1392,-50,21,122,42,1
1778519278.2327843,2,429,0,52,122,37,1
1778519278.2355535,1,1392,-50,22,122,43,0
1778519278.2501822,2,429,0,52,121,37,1
1778519278.2537892,1,1392,50,19,122,42,0
1778519278.2677991,2,429,0,52,121,37,1
1778519278.2706494,1,1392,0,19,121,43,0
1778519278.2849536,2,429,0,52,121,37,1
1778519278.288862,1,1393,0,19,121,43,0
1778519278.3028972,2,429,0,52,121,37,1
1778519278.3059537,1,1393,0,19,122,43,1
1778519278.3204653,2,429,0,52,121,37,1
1778519278.32368,1,1392,0,19,121,43,0
1778519278.3377366,2,429,0,52,122,37,1
1778519278.3408067,1,1393,-50,22,121,43,0
1778519278.3552642,2,429,0,52,121,37,1
1778519278.3585322,1,1393,0,23,121,43,0
1778519278.3726473,2,429,0,52,121,37,1
1778519278.3755865,1,1393,50,22,121,43,0
1778519278.390149,2,429,0,52,122,37,1
1778519278.3940566,1,1393,50,19,122,43,0
1778519278.4082205,2,429,0,52,122,36,1
1778519278.4111319,1,1393,0,19,121,43,0
1778519278.4257655,2,429,0,52,121,37,1
1778519278.4296372,1,1392,-50,23,121,43,0
1778519278.4435165,2,429,0,52,121,37,1
1778519278.4469123,1,1392,50,20,122,43,0
1778519278.4613523,2,429,0,52,121,37,1
1778519278.4644308,1,1393,0,19,121,42,0
1778519278.478412,2,429,0,52,121,37,1
1778519278.4814,1,1392,-50,22,122,43,0
1778519278.4958146,2,429,0,52,121,37,1
1778519278.4991465,1,1393,0,23,121,43,1
1778519278.513179,2,429,0,52,121,37,1
1778519278.5159214,1,1393,50,22,121,43,0
1778519278.5303574,2,429,0,52,122,37,1
1778519278.533931,1,1393,50,18,122,43,0
1778519278.5479705,2,429,0,52,121,37,1
1778519278.5508273,1,1393,-50,24,121,43,0
1778519278.5653622,2,429,0,52,121,37,1
1778519278.5692577,1,1392,50,19,122,43,0
1778519278.583194,2,429,0,52,121,37,1
1778519278.5865319,1,1392,0,19,122,43,0
1778519278.6009817,2,429,0,52,121,37,1
1778519278.604259,1,1393,-50,23,121,43,0
1778519278.6183176,2,429,0,52,121,37,1
1778519278.621333,1,1393,50,21,122,43,0
1778519278.6352262,2,429,0,52,121,37,1
1778519278.6383054,1,1393,-50,21,121,43,0
1778519278.6527789,2,429,0,52,122,37,1
1778519278.6559436,1,1393,50,22,121,43,0
1778519278.6698606,2,429,0,52,121,37,1
1778519278.672691,1,1392,50,18,121,43,1
1778519278.6870966,2,429,0,52,121,37,1
1778519278.6903536,1,1392,0,19,122,43,0
1778519278.7047582,2,429,0,52,121,37,1
1778519278.7077308,1,1392,-50,23,122,43,0
1778519278.7215369,2,429,0,52,121,37,0
1778519278.7242882,1,1393,0,23,122,43,0
1778519278.7387838,2,429,0,52,122,37,2
1778519278.7423851,1,1392,0,23,122,43,0
1778519278.7564192,2,429,0,52,121,37,1
1778519278.7592278,1,1393,50,21,122,43,0
1778519278.7739048,2,429,0,52,121,37,1
1778519278.77776,1,1392,0,19,122,43,0
1778519278.7915812,2,429,0,52,121,37,1
1778519278.7947826,1,1393,0,19,122,43,0
1778519278.8093452,2,429,0,52,121,37,1
1778519278.8124964,1,1392,0,19,122,43,0
1778519278.8264637,2,429,0,52,121,37,2
1778519278.8294582,1,1393,0,19,122,42,0
1778519278.8437855,2,429,0,52,122,37,1
1778519278.84697,1,1393,-50,23,121,43,1
1778519278.8608868,2,429,0,52,121,37,1
1778519278.863745,1,1393,0,23,121,43,0
1778519278.878015,2,429,0,52,121,37,1
1778519278.8816013,1,1392,0,23,122,43,0
1778519278.8956373,2,429,0,52,121,37,1
1778519278.898432,1,1393,50,21,121,43,0
1778519278.9129372,2,429,0,52,121,37,1
1778519278.9169152,1,1393,-50,21,121,43,0
1778519278.9308293,2,429,0,52,121,37,1
1778519278.9338255,1,1392,0,23,121,43,1
1778519278.948313,2,429,0,52,121,37,1
1778519278.9515111,1,1393,0,23,121,43,0
1778519278.9653504,2,429,0,52,121,37,1
1778519278.9682155,1,1393,50,19,121,43,1
1778519278.982616,2,429,0,52,121,37,1
1778519278.9861941,1,1392,-50,23,122,43,0
1778519279.0008123,2,429,0,52,121,37,2
1778519279.0038428,1,1393,0,23,121,43,0
1778519279.0181577,2,429,0,52,121,37,1
1778519279.02182,1,1393,50,20,121,43,0
1778519279.035867,2,429,0,52,121,37,1
1778519279.0386329,1,1393,0,19,121,43,0
1778519279.0532079,2,429,0,52,121,37,1
1778519279.056695,1,1393,-50,21,121,43,1
1778519279.0706232,2,429,0,52,121,37,1
1778519279.0736341,1,1393,50,22,121,43,0
1778519279.0882573,2,429,0,52,121,37,2
1778519279.0916116,1,1392,50,18,122,43,0
1778519279.105575,2,429,0,52,121,37,1
1778519279.1083171,1,1393,0,19,122,43,0
1778519279.1227324,2,429,0,52,121,37,1
1778519279.1260881,1,1392,0,19,121,43,0
1778519279.1399343,2,429,0,52,121,37,1
1778519279.1427073,1,1393,0,19,122,43,1
1778519279.1570613,2,429,0,52,121,37,1
1778519279.160866,1,1392,0,19,121,43,0
1778519279.17498,2,429,0,52,121,37,1
1778519279.1779408,1,1393,0,19,121,43,0
1778519279.1923654,2,429,0,52,121,37,1
1778519279.1956236,1,1392,-50,21,122,43,0
1778519279.2096179,2,429,0,52,121,37,0
1778519279.2123725,1,1393,50,22,121,43,0
1778519279.226916,2,429,0,52,121,37,1
1778519279.2303512,1,1392,50,18,122,43,0
1778519279.2443452,2,429,0,52,121,37,1
1778519279.2471597,1,1392,0,19,122,43,0
1778519279.2615793,2,429,0,52,121,37,0
1778519279.265533,1,1393,-50,23,122,43,0
1778519279.2795038,2,429,0,52,121,37,1
1778519279.282817,1,1392,50,20,121,43,0
1778519279.297402,2,429,0,52,121,37,1
1778519279.3005002,1,1393,0,19,121,43,0
1778519279.3145201,2,429,0,52,121,37,1
1778519279.3175423,1,1393,-50,22,122,43,0
1778519279.3320017,2,429,0,52,121,37,1
1778519279.335386,1,1393,0,23,121,43,0
1778519279.349308,2,429,0,52,121,37,1
1778519279.3521008,1,1393,50,22,121,43,0
1778519279.3666937,2,429,0,52,122,37,1
1778519279.3704073,1,1392,50,18,121,43,0
1778519279.3848789,2,429,0,52,121,37,0
1778519279.387881,1,1392,-50,24,121,43,0
1778519279.4018037,2,429,0,52,121,37,1
1778519279.4048266,1,1392,50,19,122,43,0
1778519279.4192379,2,429,0,52,121,37,1
1778519279.4226356,1,1392,0,19,121,43,0
1778519279.4366305,2,429,0,52,121,37,1
1778519279.439515,1,1393,-50,22,122,43,1
1778519279.4539733,2,429,0,52,121,37,1
1778519279.457651,1,1393,50,21,121,43,0
1778519279.4718313,2,429,0,52,121,37,2
1778519279.4747128,1,1393,0,19,121,43,0
1778519279.489585,2,429,0,52,121,37,1
1778519279.4935746,1,1392,0,19,121,43,1
1778519279.5077157,2,429,0,52,121,37,1
1778519279.511077,1,1393,0,19,121,43,0
1778519279.5258667,2,429,0,52,121,37,1
1778519279.5289369,1,1392,0,19,121,43,0
1778519279.5430508,2,429,0,52,121,37,1
1778519279.5461283,1,1393,-50,24,121,43,0
1778519279.5607917,2,429,0,52,121,37,1
1778519279.564083,1,1393,0,23,121,43,0
1778519279.5780568,2,429,0,52,121,37,1
1778519279.5809453,1,1392,50,20,121,43,0
1778519279.5954247,2,429,0,52,121,37,2
1778519279.598817,1,1392,-50,22,121,43,0
1778519279.6129901,2,429,0,52,121,37,1
1778519279.6158874,1,1393,50,21,121,43,0
1778519279.629758,2,429,0,52,121,37,1
1778519279.63255,1,1393,-50,21,121,43,0
1778519279.6470556,2,429,0,52,121,37,1
1778519279.6506798,1,1393,50,22,122,43,0
1778519279.6647117,2,429,0,52,121,37,1
1778519279.6675646,1,1392,50,19,121,43,0
1778519279.6819375,2,429,0,52,121,37,1
1778519279.685492,1,1393,0,19,122,43,0
1778519279.6996112,2,429,0,52,121,37,1
1778519279.702535,1,1392,-50,23,121,43,1
1778519279.7171266,2,429,0,52,121,37,2
1778519279.72107,1,1393,50,20,121,43,0
1778519279.7351906,2,429,0,52,121,37,1
1778519279.738244,1,1393,0,19,121,43,0
1778519279.7529662,2,429,0,52,121,37,1
1778519279.756146,1,1393,-50,22,121,43,0
1778519279.770492,2,429,0,52,121,37,1
1778519279.7736363,1,1393,0,23,122,43,0
1778519279.7881358,2,429,0,52,121,37,0
1778519279.7914777,1,1393,50,22,121,43,1
1778519279.805467,2,429,0,52,121,37,1
1778519279.808284,1,1393,50,19,121,43,0
1778519279.8226519,2,429,0,52,121,37,1
1778519279.825897,1,1393,0,19,121,43,0
1778519279.839771,2,429,0,52,121,37,1
1778519279.8432307,1,1392,0,19,121,43,0
1778519279.8580625,2,429,0,52,121,37,1
1778519279.8613698,1,1393,0,19,121,43,0
1778519279.8755114,2,429,0,52,121,37,1
1778519279.8785963,1,1393,0,19,122,43,0
1778519279.893422,2,429,0,52,121,37,1
1778519279.897451,1,1393,-50,22,121,43,0
1778519279.911349,2,429,0,52,121,37,1
1778519279.9145758,1,1393,50,21,121,43,0
1778519279.92925,2,429,0,52,121,37,1
1778519279.9324458,1,1393,-50,21,121,43,0
1778519279.946505,2,429,0,52,121,37,2
1778519279.9494717,1,1393,50,22,122,43,0
1778519279.9642375,2,429,0,52,121,37,1
1778519279.9675293,1,1393,50,18,121,43,0
1778519279.9816697,2,429,0,52,121,37,1
1778519279.98461,1,1393,0,19,121,43,0
1778519279.9993088,2,429,0,52,121,37,1
1778519280.0028803,1,1392,-50,24,121,43,0
1778519280.0170405,2,429,0,52,121,37,1
1778519280.019883,1,1393,0,23,121,43,0
1778519280.0342503,2,429,0,52,121,37,1
1778519280.037881,1,1392,50,20,121,43,0
1778519280.0519369,2,429,0,52,121,37,1
1778519280.0547931,1,1392,-50,22,121,43,0
1778519280.0691392,2,429,0,52,121,37,1
1778519280.0730464,1,1392,0,23,121,43,1
1778519280.0869992,2,429,0,52,121,37,1
1778519280.0898623,1,1393,50,22,121,43,0
1778519280.1043284,2,429,0,52,121,37,1
1778519280.10768,1,1392,0,19,121,43,0
1778519280.1216493,2,429,0,52,121,37,1
1778519280.1244197,1,1392,0,19,121,43,0
1778519280.1389785,2,429,0,52,121,37,1
1778519280.142352,1,1393,-50,24,122,43,0
1778519280.1562667,2,429,0,52,121,37,1
1778519280.1590357,1,1393,50,20,121,43,0
1778519280.1736152,2,429,0,52,121,37,1
1778519280.1775,1,1393,0,19,121,43,0
1778519280.1916156,2,429,0,52,121,37,1
1778519280.194859,1,1392,-50,22,121,43,0
1778519280.2095,2,429,0,52,121,37,1
1778519280.2127452,1,1392,0,23,122,43,0
1778519280.2269323,2,429,0,52,121,37,1
1778519280.2301433,1,1393,50,22,121,43,0
1778519280.244788,2,429,0,52,121,37,2
1778519280.2481277,1,1393,0,19,121,43,0
1778519280.2621,2,429,0,52,121,37,1
1778519280.265079,1,1392,0,19,122,43,0
1778519280.2798617,2,429,0,52,122,37,1
1778519280.2833216,1,1392,0,19,121,43,0
1778519280.2974446,2,429,0,52,121,37,1
1778519280.3002396,1,1393,-50,23,121,43,0
1778519280.3148592,2,429,0,51,121,37,1
1778519280.318565,1,1392,50,20,121,43,0
1778519280.333039,2,429,0,43,121,37,1
1778519280.3359532,1,1392,0,19,121,43,0
1778519280.3498447,2,429,0,30,121,37,0
1778519280.3527403,1,1392,0,19,121,43,0
1778519280.3672588,2,429,0,22,121,37,0
1778519280.3705719,1,1393,-50,21,122,43,1
1778519280.3845563,2,428,0,48,121,37,2
1778519280.387296,1,1393,50,22,121,43,0
1778519280.402089,2,428,-50,76,121,37,1
1778519280.4060776,1,1392,50,18,121,43,0
1778519280.4201808,2,427,-50,114,121,37,3
1778519280.4239438,1,1393,0,19,121,43,0
1778519280.4390323,2,424,-100,152,121,37,4
1778519280.4422376,1,1393,0,19,121,43,0
1778519280.4564981,2,419,-300,172,121,37,5
1778519280.4595623,1,1393,-50,23,121,43,0
1778519280.473454,2,413,-300,178,121,37,5
1778519280.4762928,1,1393,0,23,121,43,1
1778519280.4905913,2,407,-350,175,121,37,5
1778519280.494161,1,1392,50,21,121,43,0
1778519280.508635,2,399,-400,161,121,37,4
1778519280.5115871,1,1393,-50,22,121,43,0
1778519280.5254433,2,392,-400,141,121,37,3
1778519280.5282655,1,1392,50,22,121,43,1
1778519280.5425718,2,386,-350,119,121,37,2
1778519280.5461628,1,1392,-50,21,121,43,0
1778519280.5605292,2,381,-350,94,121,37,2
1778519280.5633898,1,1393,-50,24,121,43,0
1778519280.577704,2,377,-250,73,121,37,1
1778519280.5816517,1,1393,50,19,121,43,0
1778519280.5955245,2,375,-100,59,121,37,1
1778519280.5988188,1,1393,-50,23,121,43,0
1778519280.613539,2,374,-100,52,121,37,1
1778519280.6167786,1,1392,0,23,122,43,1
1778519280.6307437,2,373,-50,49,121,37,1
1778519280.633961,1,1393,0,23,121,43,0
1778519280.6485891,2,373,-50,46,121,37,1
1778519280.6517773,1,1393,50,21,122,43,0
1778519280.665969,2,373,0,45,121,37,0
1778519280.6689718,1,1392,-50,21,121,43,0
1778519280.6830041,2,373,0,45,121,37,1
1778519280.6860425,1,1393,50,22,121,43,0
1778519280.7005572,2,373,0,45,121,37,1
1778519280.7037437,1,1393,50,18,122,43,0
1778519280.7176833,2,373,0,45,121,37,1
1778519280.7204864,1,1393,0,19,121,43,0
1778519280.7350934,2,373,0,45,121,37,0
1778519280.7383769,1,1393,-50,23,121,43,0
1778519280.7527788,2,373,0,45,121,37,0
1778519280.75587,1,1393,50,20,121,43,0
1778519280.7697182,2,373,0,45,121,37,1
1778519280.7724555,1,1393,0,19,122,43,1
1778519280.7868817,2,373,0,45,121,37,1
1778519280.790185,1,1393,-50,22,121,43,0
1778519280.8041654,2,373,50,49,121,36,1
1778519280.8069868,1,1392,50,22,121,43,0
1778519280.8216794,2,373,-50,47,121,37,1
1778519280.8252783,1,1393,0,19,122,43,0
1778519280.8393247,2,373,0,45,121,37,1
1778519280.8424163,1,1393,0,19,121,43,0
1778519280.856873,2,373,0,45,121,37,1
1778519280.860057,1,1393,-50,24,122,43,0
1778519280.8739994,2,373,0,45,121,37,1
1778519280.8769019,1,1392,50,20,121,43,1
1778519280.8913412,2,373,0,45,121,37,1
1778519280.8945787,1,1393,0,19,121,43,0
1778519280.9085228,2,373,0,45,121,37,1
1778519280.9113011,1,1393,0,19,121,43,0
1778519280.9255617,2,373,0,45,121,37,1
1778519280.9290738,1,1393,-50,22,121,43,0
1778519280.9429445,2,373,0,45,121,37,1
1778519280.9459128,1,1392,50,22,121,43,0
1778519280.9602942,2,373,0,45,121,37,1
1778519280.9635663,1,1393,0,19,121,43,0
1778519280.9776077,2,373,0,45,121,37,1
1778519280.9803932,1,1393,0,19,121,43,0
1778519280.9946527,2,373,0,45,121,37,1
1778519280.9982638,1,1393,0,19,121,43,0
1778519281.0122504,2,373,0,45,121,37,1
1778519281.015031,1,1393,0,19,121,43,0
1778519281.0297477,2,373,0,45,121,37,1
1778519281.0336847,1,1392,-50,23,122,43,0
1778519281.0476243,2,373,0,45,121,37,1
1778519281.051169,1,1393,0,23,122,43,0
1778519281.0655715,2,373,0,45,121,37,1
1778519281.0686965,1,1392,50,21,121,43,1
1778519281.0828328,2,373,0,45,121,37,0
1778519281.0859098,1,1392,0,19,121,43,0
1778519281.100339,2,373,0,45,121,37,1
1778519281.1035771,1,1393,0,19,121,43,0
1778519281.1177604,2,373,0,45,121,37,1
1778519281.1205823,1,1392,0,19,121,43,0
1778519281.1354342,2,373,0,47,121,37,1
1778519281.1388717,1,1393,0,19,121,43,0
1778519281.1529853,2,373,0,55,121,37,1
1778519281.155814,1,1393,0,19,121,43,0
1778519281.170472,2,373,0,68,121,37,2
1778519281.174085,1,1393,0,19,121,43,0
1778519281.188818,2,373,0,90,121,37,4
1778519281.1918027,1,1393,0,19,121,43,0
1778519281.2058067,2,372,0,116,121,37,3
1778519281.2085993,1,1392,0,19,121,43,0
1778519281.2231455,2,370,-100,141,121,37,4
1778519281.2264612,1,1392,-50,21,121,43,0
1778519281.2411606,2,365,-200,167,121,37,5
1778519281.24436,1,1392,50,22,121,43,0
1778519281.2585511,2,359,-300,194,121,37,6
1778519281.2616427,1,1393,50,18,121,43,0
1778519281.2765737,2,351,-400,221,121,37,7
1778519281.2801096,1,1393,0,19,121,43,0
1778519281.2941606,2,341,-550,247,121,37,9
1778519281.2970552,1,1393,-50,24,121,43,0
1778519281.3116903,2,331,-550,270,121,37,8
1778519281.3150644,1,1393,0,23,121,43,0
1778519281.329352,2,319,-600,298,121,37,9
1778519281.3326216,1,1392,50,20,121,43,0
1778519281.346942,2,304,-700,325,121,37,10
1778519281.35037,1,1393,-50,22,121,43,1
1778519281.3646126,2,289,-850,347,121,37,10
1778519281.3677213,1,1392,0,23,121,43,0
1778519281.3819957,2,271,-950,365,121,37,11
1778519281.385573,1,1393,50,21,121,43,0
1778519281.399588,2,252,-1000,381,121,37,10
1778519281.4023795,1,1393,0,19,121,43,0
1778519281.4168115,2,233,-1100,389,121,37,10
1778519281.4207063,1,1393,0,19,121,43,0
1778519281.4348323,2,213,-1150,395,121,37,10
1778519281.4377108,1,1393,-50,24,121,44,0
1778519281.452478,2,193,-1150,394,121,37,9
1778519281.4559116,1,1392,50,19,121,43,0
1778519281.469979,2,171,-1150,388,121,37,9
1778519281.4727702,1,1392,0,19,121,43,0
1778519281.487222,2,150,-1250,366,121,37,7
1778519281.4904997,1,1392,0,19,121,43,0
1778519281.5047686,2,129,-1200,343,121,37,5
1778519281.50797,1,1393,0,19,121,43,0
1778519281.5218434,2,110,-1100,321,121,37,5
1778519281.5247326,1,1393,-50,21,121,43,0
1778519281.5395136,2,93,-1000,299,121,37,5
1778519281.5429137,1,1393,50,22,121,43,0
1778519281.5571618,2,76,-1000,270,121,37,4
1778519281.5599873,1,1392,50,21,121,43,0
1778519281.5746357,2,61,-900,241,121,37,3
1778519281.5782676,1,1393,-50,24,121,43,0
1778519281.5924802,2,48,-750,212,121,37,3
1778519281.5952494,1,1393,0,23,121,43,0
1778519281.6096745,2,37,-750,185,121,37,3
1778519281.6136003,1,1393,0,23,121,43,0
1778519281.627573,2,28,-600,161,121,37,3
1778519281.6309419,1,1392,50,20,122,43,0
1778519281.645279,2,20,-500,139,121,37,2
1778519281.6482675,1,1392,-50,22,121,43,0
1778519281.662409,2,14,-450,113,121,36,1
1778519281.6656194,1,1393,0,23,121,43,0
1778519281.6795924,2,9,-300,91,121,37,1
1778519281.6836877,1,1392,50,22,122,43,0
1778519281.698022,2,5,-250,70,121,37,0
1778519281.700869,1,1393,0,19,121,43,0
1778519281.7153022,2,3,-150,46,121,37,1
1778519281.7185411,1,1393,0,19,122,43,0
1778519281.732891,2,3,0,24,121,37,0
1778519281.7361453,1,1392,0,19,121,43,0
1778519281.750048,2,3,0,30,121,37,0
1778519281.7529829,1,1393,0,19,121,43,0
1778519281.7674415,2,3,0,56,121,37,0
1778519281.770733,1,1393,0,19,121,43,0
1778519281.7847362,2,4,0,92,121,37,2
1778519281.787597,1,1392,0,19,121,43,0
1778519281.8020363,2,4,50,128,121,37,3
1778519281.805326,1,1393,-50,22,121,43,0
1778519281.819926,2,7,50,170,121,37,5
1778519281.824135,1,1393,0,23,121,43,0
1778519281.8382626,2,14,300,208,121,37,7
1778519281.8412836,1,1392,50,22,121,43,0
1778519281.855735,2,22,400,243,121,37,9
1778519281.8589509,1,1392,50,21,121,43,0
1778519281.872936,2,31,550,274,121,37,11
1778519281.8757048,1,1393,-50,24,121,43,1
1778519281.8900003,2,41,550,305,120,37,12
1778519281.8935263,1,1393,50,19,121,43,0
1778519281.9083579,2,53,600,340,121,37,17
1778519281.9113147,1,1392,0,19,121,43,0
1778519281.925328,2,70,700,375,120,37,14
1778519281.9282932,1,1392,-50,22,121,43,0
1778519281.9423187,2,86,900,393,120,37,14
1778519281.9453478,1,1393,0,23,120,43,1
1778519281.9593291,2,105,1050,404,120,37,14
1778519281.962424,1,1393,50,21,121,43,0
1778519281.976818,2,124,1150,409,121,37,12
1778519281.9799328,1,1393,0,19,121,43,0
1778519281.9938579,2,144,1100,415,121,37,9
1778519281.9966757,1,1392,0,19,121,43,0
1778519282.0111325,2,165,1200,419,121,37,10
1778519282.014409,1,1393,0,19,121,43,0
1778519282.028356,2,186,1200,419,121,37,11
1778519282.03112,1,1393,-50,23,121,43,0
1778519282.0460787,2,207,1200,419,121,37,12
1778519282.049807,1,1392,50,20,121,43,0
1778519282.0649574,2,230,1300,405,121,37,9
1778519282.0691473,1,1393,0,19,121,43,0
1778519282.08329,2,253,1150,398,121,37,10
1778519282.0865684,1,1392,-50,22,121,43,1
1778519282.101261,2,273,1150,384,121,37,8
1778519282.1044245,1,1392,0,23,121,43,0
1778519282.1183944,2,294,1200,360,121,37,6
1778519282.1213014,1,1393,50,22,121,43,0
1778519282.1358979,2,313,1150,333,121,37,7
1778519282.139285,1,1393,0,19,121,43,0
1778519282.153535,2,331,1050,304,121,37,5
1778519282.1564314,1,1393,0,19,121,43,0
1778519282.1704094,2,345,800,282,121,37,5
1778519282.1734247,1,1393,-50,24,121,42,0
1778519282.18808,2,360,800,262,121,37,4
1778519282.191479,1,1392,0,23,121,43,0
1778519282.2055364,2,374,850,230,121,37,4
1778519282.2082808,1,1393,0,23,121,43,0
1778519282.2229128,2,385,750,203,121,37,3
1778519282.2263124,1,1393,0,23,121,43,0
1778519282.240396,2,396,700,171,121,37,3
1778519282.2432108,1,1393,0,23,121,43,0
1778519282.2574475,2,404,500,146,121,37,3
1778519282.261058,1,1392,0,23,121,43,0
1778519282.2751076,2,410,400,121,121,43,2
1778519282.2783175,1,1392,0,23,121,43,0
1778519282.2927737,2,414,250,99,121,36,2
1778519282.296033,1,1393,0,23,121,43,0
1778519282.3100379,2,417,200,83,121,37,2
1778519282.3128912,1,1393,0,23,121,43,0
1778519282.3273873,2,419,200,70,121,37,2
1778519282.3307815,1,1392,50,19,121,43,0
1778519282.3447564,2,419,100,65,121,37,2
1778519282.34755,1,1392,-50,23,121,43,0
1778519282.361892,2,419,0,66,121,37,2
1778519282.36548,1,1392,50,21,122,43,0
1778519282.3798642,2,420,0,66,121,37,2
1778519282.3828425,1,1393,0,19,121,43,0
1778519282.3971684,2,420,50,63,121,39,2
1778519282.40111,1,1392,0,19,121,43,0
1778519282.415077,2,420,-50,65,121,37,1
1778519282.4179542,1,1392,-50,21,121,42,0
1778519282.4324665,2,419,50,64,121,37,1
1778519282.4358044,1,1393,-50,24,121,43,0
1778519282.4499335,2,419,-50,64,121,48,2
1778519282.4528556,1,1392,50,19,121,43,0
1778519282.4676354,2,419,-50,66,121,37,2
1778519282.470845,1,1392,0,19,121,43,1
1778519282.4850678,2,420,0,66,121,37,1
1778519282.4880414,1,1393,-50,23,121,43,0
1778519282.502136,2,420,50,62,121,37,1
1778519282.5051076,1,1393,50,20,121,43,0
1778519282.520155,2,419,0,62,121,37,2
1778519282.52375,1,1392,0,19,121,43,0
1778519282.5379486,2,419,-50,65,121,37,2
1778519282.5408478,1,1392,0,19,121,43,0
1778519282.5557444,2,420,0,66,121,37,2
1778519282.5590541,1,1393,-50,21,122,43,0
1778519282.5730839,2,419,0,66,121,37,2
1778519282.5759764,1,1393,50,22,121,43,0
1778519282.5904472,2,420,50,64,121,37,2
1778519282.5939665,1,1392,50,19,121,43,0
1778519282.6079686,2,420,0,62,121,37,1
1778519282.6107435,1,1392,0,19,122,43,0
1778519282.6254866,2,420,0,62,121,37,2
1778519282.6295428,1,1393,0,19,122,43,0
1778519282.6435282,2,419,0,62,121,37,2
1778519282.6470823,1,1393,-50,23,121,43,0
1778519282.6615896,2,420,0,62,121,37,2
1778519282.6648526,1,1393,50,20,121,43,0
1778519282.6790147,2,419,0,62,121,37,1
1778519282.6821105,1,1393,0,19,121,43,0
1778519282.696836,2,420,0,62,121,37,1
1778519282.7000794,1,1392,0,19,121,43,0
1778519282.7141778,2,419,0,62,121,37,1
1778519282.717059,1,1393,0,19,121,43,0
1778519282.7318351,2,420,0,62,121,37,2
1778519282.7350736,1,1393,0,19,121,43,0
1778519282.7491992,2,419,0,62,121,37,1
1778519282.752012,1,1393,0,19,122,43,0
1778519282.766709,2,420,0,62,121,37,2
1778519282.7702794,1,1393,-50,24,122,43,0
1778519282.784462,2,420,0,62,121,37,2
1778519282.7873414,1,1393,0,23,122,43,0
1778519282.802006,2,419,0,62,121,55,2
1778519282.8056147,1,1393,50,20,121,43,0
1778519282.8198562,2,419,-50,66,121,37,2
1778519282.8226504,1,1393,0,19,121,43,0
1778519282.8369782,2,420,50,62,121,37,2
1778519282.84085,1,1393,-50,22,121,43,1
1778519282.8548791,2,420,0,62,121,37,1
1778519282.857876,1,1392,50,22,121,43,0
1778519282.8724346,2,420,0,62,121,37,2
1778519282.875619,1,1393,0,19,121,43,1
1778519282.8898332,2,419,0,62,121,37,1
1778519282.8927886,1,1393,0,19,121,43,0
1778519282.9075475,2,419,-50,63,121,39,2
1778519282.9108956,1,1393,0,19,121,43,0
1778519282.925067,2,420,-50,65,121,37,2
1778519282.9278512,1,1392,-50,23,122,43,0
1778519282.9425626,2,420,50,61,121,37,2
1778519282.9461217,1,1393,50,20,121,43,0
1778519282.9603019,2,420,0,62,121,37,2
1778519282.9631174,1,1393,-50,22,121,43,0
1778519282.977824,2,419,0,62,121,44,2
1778519282.9814522,1,1392,50,21,121,43,0
1778519282.9955807,2,420,0,62,121,37,1
1778519282.99894,1,1392,-50,22,121,43,0
1778519283.0137384,2,420,0,62,121,37,2
1778519283.0171046,1,1393,50,22,121,43,0
1778519283.0313754,2,420,-50,64,121,37,1
1778519283.0343752,1,1392,-50,21,121,43,0
1778519283.0517094,2,420,0,66,121,37,2
1778519283.0556312,1,1393,50,22,122,43,0
1778519283.070493,2,420,0,66,121,37,2
1778519283.0742784,1,1393,0,19,121,43,0
1778519283.0883303,2,420,50,64,122,37,2
1778519283.091282,1,1393,0,19,121,43,0
1778519283.1059725,2,420,0,62,121,37,1
1778519283.109522,1,1392,0,19,121,43,0
1778519283.1234937,2,420,0,62,121,37,2
1778519283.126956,1,1392,0,19,122,43,0
1778519283.1415403,2,420,0,62,121,37,2
1778519283.1445944,1,1393,-50,23,121,44,1
1778519283.1587284,2,419,0,62,121,37,2
1778519283.1618576,1,1392,0,23,121,43,0
1778519283.176623,2,420,0,62,121,37,2
1778519283.1800294,1,1393,50,21,121,43,0
1778519283.194041,2,420,-50,65,121,41,2
1778519283.1969166,1,1393,-50,21,121,43,0
1778519283.2114272,2,420,50,63,121,37,2
1778519283.2147703,1,1393,50,22,121,43,0
1778519283.22908,2,420,0,62,121,37,1
1778519283.232103,1,1393,50,18,121,43,0
1778519283.2460673,2,420,0,62,121,37,2
1778519283.2491002,1,1392,0,19,121,43,0
1778519283.2635515,2,420,0,62,121,37,2
1778519283.2667563,1,1393,0,19,122,43,0
1778519283.2811131,2,420,0,62,121,37,2
1778519283.2840803,1,1392,0,19,121,43,0
1778519283.2980528,2,420,0,62,121,37,1
1778519283.3009942,1,1393,0,19,121,43,0
1778519283.315501,2,419,-50,65,121,37,2
1778519283.318797,1,1393,-50,22,121,43,0
1778519283.332999,2,420,50,63,121,37,2
1778519283.3359275,1,1393,50,21,121,43,0
1778519283.3502493,2,420,-50,64,121,37,2
1778519283.3538573,1,1392,-50,21,121,43,0
1778519283.3682384,2,420,50,64,121,37,2
1778519283.3713138,1,1392,-50,24,121,43,1
1778519283.38576,2,420,0,62,121,37,2
1778519283.3893433,1,1392,0,23,121,43,0
1778519283.4033294,2,420,0,62,121,37,1
1778519283.4066029,1,1392,0,23,121,43,0
1778519283.4211838,2,420,0,62,121,37,1
1778519283.424385,1,1392,0,23,121,43,0
1778519283.4385443,2,420,0,62,121,37,2
1778519283.4415288,1,1393,50,20,121,43,0
1778519283.4559994,2,420,-50,66,121,47,2
1778519283.4594178,1,1392,0,19,121,43,0
1778519283.4733047,2,420,50,62,121,37,2
1778519283.4760983,1,1393,0,19,121,43,1
1778519283.4903977,2,419,0,62,121,37,2
1778519283.493967,1,1393,0,19,121,43,0
1778519283.5079777,2,420,0,62,121,37,2
1778519283.510728,1,1392,0,19,121,43,0
1778519283.5248249,2,419,-50,63,121,37,2
1778519283.5289767,1,1393,0,19,121,43,0
1778519283.5429149,2,420,50,65,121,37,2
1778519283.5459452,1,1392,0,19,122,43,0
1778519283.560462,2,420,50,61,121,37,2
1778519283.5637755,1,1392,0,19,121,43,0
1778519283.5779045,2,420,-50,66,121,37,1
1778519283.5808926,1,1393,0,19,121,43,0
1778519283.5950108,2,420,50,62,121,37,2
1778519283.5982041,1,1393,-50,22,121,43,0
1778519283.612326,2,420,0,62,121,37,1
1778519283.6152394,1,1392,50,21,121,43,0
1778519283.6295228,2,420,0,62,121,37,2
1778519283.63311,1,1392,-50,21,121,43,0
1778519283.6470544,2,420,0,62,121,37,1
1778519283.6499462,1,1393,-50,24,121,43,0
1778519283.664343,2,420,-50,63,122,37,2
1778519283.6676216,1,1393,50,19,121,43,0
1778519283.681524,2,420,-50,65,121,39,2
1778519283.6843278,1,1393,0,19,121,43,0
1778519283.6987453,2,419,50,61,121,37,1
1778519283.702027,1,1393,-50,23,121,43,0
1778519283.7159872,2,420,0,62,121,37,1
1778519283.718731,1,1392,0,23,121,43,0
1778519283.7329943,2,420,0,62,121,37,2
1778519283.7369375,1,1392,50,21,121,43,0
1778519283.7508814,2,420,0,62,121,37,1
1778519283.7538688,1,1393,0,19,121,43,0
1778519283.7683008,2,420,0,62,121,37,2
1778519283.771481,1,1393,0,19,121,43,0
1778519283.7854252,2,420,0,62,121,37,1
1778519283.788198,1,1393,0,19,121,43,1
1778519283.8025906,2,420,0,62,121,37,2
1778519283.8061256,1,1393,-50,24,122,43,0
1778519283.820287,2,420,0,62,121,37,1
1778519283.8232322,1,1393,50,20,121,43,0
1778519283.837689,2,419,0,62,121,51,2
1778519283.84168,1,1393,0,19,121,43,0
1778519283.8555374,2,420,0,62,121,50,2
1778519283.8588595,1,1393,0,19,121,43,0
1778519283.8734157,2,420,-50,65,121,37,2
1778519283.8763537,1,1393,0,19,122,43,0
1778519283.89043,2,420,50,63,122,37,1
1778519283.8935447,1,1392,-50,21,122,43,0
1778519283.9080532,2,420,0,62,121,39,2
1778519283.9113882,1,1393,50,22,122,43,0
1778519283.9253666,2,420,0,62,121,37,1
1778519283.9281442,1,1393,50,18,122,43,0
1778519283.9423983,2,420,0,62,122,37,1
1778519283.9459445,1,1392,0,19,122,43,0
1778519283.960424,2,420,0,62,121,37,1
1778519283.9635255,1,1393,0,19,121,43,0
1778519283.9773707,2,420,0,62,121,37,2
1778519283.9801836,1,1393,0,19,121,43,0
1778519283.9946043,2,420,0,62,121,37,2
1778519283.9981668,1,1393,-50,22,122,43,0
1778519284.0121531,2,420,0,62,121,37,1
1778519284.014939,1,1393,50,21,121,43,0
1778519284.0295315,2,420,0,62,122,37,2
1778519284.033493,1,1393,-50,21,122,43,0
1778519284.0486898,2,419,-50,64,121,37,1
1778519284.0521677,1,1392,50,22,122,43,0
1778519284.0670073,2,419,0,66,121,37,2
1778519284.0702085,1,1392,-50,21,122,43,0
1778519284.0841684,2,420,50,64,122,37,2
1778519284.0869622,1,1392,-50,24,121,43,0
1778519284.1014788,2,420,0,62,121,37,2
1778519284.1054301,1,1392,50,19,122,43,1
1778519284.1193738,2,420,0,62,121,37,2
1778519284.1225843,1,1393,0,19,121,43,0
1778519284.1372924,2,420,-50,66,121,37,2
1778519284.1404555,1,1392,0,19,121,43,0
1778519284.1544042,2,420,50,62,121,37,1
1778519284.157353,1,1393,0,19,121,43,0
1778519284.1717916,2,420,0,62,121,37,2
1778519284.1750793,1,1393,0,19,122,43,0
1778519284.1892316,2,420,0,62,122,52,2
1778519284.192173,1,1392,0,19,121,43,0
1778519284.2062302,2,420,0,62,121,37,1
1778519284.2092624,1,1393,0,19,121,43,1
1778519284.223767,2,420,0,62,121,37,1
1778519284.2270422,1,1392,0,19,121,43,0
1778519284.2409854,2,420,0,62,122,37,1
1778519284.2437713,1,1393,-50,24,121,43,0
1778519284.2581265,2,420,0,62,121,37,2
1778519284.2616942,1,1393,0,23,121,43,0
1778519284.2758033,2,420,-50,66,121,38,2
1778519284.2786748,1,1393,0,23,121,43,0
1778519284.292931,2,420,0,66,121,50,2
1778519284.297135,1,1393,50,21,121,43,0
1778519284.3112357,2,420,50,62,121,37,1
1778519284.3146117,1,1393,0,19,122,43,0
1778519284.3290746,2,419,0,62,122,37,2
1778519284.3322358,1,1393,0,19,121,43,0
1778519284.3460772,2,420,0,62,122,37,2
1778519284.349052,1,1392,-50,21,122,43,0
1778519284.3636053,2,420,0,62,121,37,2
1778519284.3669214,1,1393,-50,24,122,43,0
1778519284.380881,2,420,0,62,121,37,2
1778519284.3836758,1,1392,0,23,121,43,0
1778519284.39837,2,419,0,62,122,37,2
1778519284.4020193,1,1393,0,23,121,43,0
1778519284.416244,2,420,0,62,121,37,2
1778519284.419068,1,1393,0,23,121,43,0
1778519284.4335535,2,420,0,62,121,37,1
1778519284.4376407,1,1393,50,20,121,43,0
1778519284.4515438,2,420,0,62,121,48,2
1778519284.4547164,1,1392,-50,22,121,43,0
1778519284.4692833,2,419,0,62,121,37,2
1778519284.4725428,1,1393,50,21,121,43,0
1778519284.4864445,2,420,0,62,121,37,2
1778519284.4892874,1,1393,0,19,121,43,0
1778519284.5038745,2,420,0,62,121,37,1
1778519284.5073364,1,1392,0,19,121,43,0
1778519284.521947,2,420,-50,64,121,37,2
1778519284.5262527,1,1392,0,19,121,43,1
1778519284.540389,2,420,50,64,121,37,2
1778519284.5430715,1,1393,-50,24,121,43,0
1778519284.5576205,2,419,50,61,121,37,2
1778519284.5615673,1,1393,50,19,122,43,0
1778519284.5757554,2,420,0,62,121,37,1
1778519284.5791686,1,1393,0,19,121,43,0
1778519284.593517,2,420,-50,66,121,37,2
1778519284.5964549,1,1392,-50,23,121,43,1
1778519284.6104598,2,420,50,62,121,37,2
1778519284.6134362,1,1393,0,23,121,43,0
1778519284.6278293,2,420,0,62,121,37,1
1778519284.6311376,1,1393,50,21,121,43,0
1778519284.6451123,2,419,0,62,121,48,2
1778519284.647996,1,1392,0,19,121,43,0
1778519284.662382,2,420,0,62,121,37,2
1778519284.6659596,1,1392,0,19,121,43,0
1778519284.6800356,2,420,0,62,121,37,2
1778519284.6828682,1,1393,0,19,121,43,0
1778519284.6972213,2,420,0,62,121,37,1
1778519284.7010522,1,1392,0,19,121,43,0
1778519284.7150245,2,420,0,62,121,38,2
1778519284.7180119,1,1392,-50,23,121,43,0
1778519284.732432,2,420,0,62,121,37,2
1778519284.7356198,1,1392,50,20,121,43,0
1778519284.7495155,2,420,0,62,121,37,2
1778519284.7522597,1,1392,-50,22,121,43,0
1778519284.7666922,2,420,0,62,121,37,2
1778519284.7704217,1,1392,0,23,121,43,0
1778519284.7845335,2,420,0,62,121,37,1
1778519284.787454,1,1392,0,23,121,43,0
1778519284.8021712,2,420,0,62,121,37,2
1778519284.8061419,1,1393,50,22,121,43,0
1778519284.8202238,2,420,0,62,121,37,2
1778519284.8241549,1,1392,50,19,121,43,0
1778519284.8384008,2,420,0,62,121,50,2
1778519284.8413672,1,1393,0,19,121,43,0
1778519284.855246,2,420,0,62,121,37,1
1778519284.8583722,1,1393,0,19,121,43,0
1778519284.8728662,2,420,0,62,121,37,2
1778519284.8761022,1,1392,0,19,121,43,0
1778519284.8900316,2,420,0,62,121,37,2
1778519284.8929327,1,1393,0,19,121,43,0
1778519284.9073968,2,420,0,62,121,46,1
1778519284.9107897,1,1393,0,19,121,43,0
1778519284.924761,2,420,0,62,121,37,1
1778519284.9274998,1,1392,-50,21,121,43,0
1778519284.9419081,2,420,0,62,121,37,2
1778519284.945429,1,1393,50,22,121,43,0
1778519284.9596252,2,420,0,62,121,37,2
1778519284.9626312,1,1393,50,19,121,43,0
1778519284.9769847,2,420,0,62,121,37,2
1778519284.9809315,1,1393,-50,24,121,43,0
1778519284.9951038,2,419,0,62,121,37,2
1778519284.9983907,1,1393,0,23,121,43,0
1778519285.0129342,2,420,0,62,121,48,1
1778519285.016099,1,1393,50,20,121,43,0
1778519285.0301876,2,420,0,62,121,37,1
1778519285.0331912,1,1393,-50,22,121,43,0
1778519285.048557,2,420,0,62,121,37,2
1778519285.0519466,1,1393,50,21,121,43,0
1778519285.0664835,2,420,-50,65,121,37,2
1778519285.070093,1,1393,-50,22,121,43,0
1778519285.0843203,2,419,50,63,121,37,2
1778519285.0871499,1,1393,0,23,121,43,0
1778519285.101781,2,420,0,62,121,37,2
1778519285.105633,1,1393,50,22,122,43,0
1778519285.1196337,2,419,0,62,121,37,2
1778519285.1231866,1,1392,50,18,121,43,0
1778519285.137596,2,420,0,62,121,37,2
1778519285.1406543,1,1392,0,19,121,43,0
1778519285.1545525,2,420,0,62,121,37,1
1778519285.1575258,1,1393,-50,23,121,43,1
1778519285.172099,2,420,0,62,121,53,1
1778519285.1754,1,1393,50,20,122,43,0
1778519285.1893585,2,420,0,62,121,37,1
1778519285.192303,1,1393,0,19,121,43,1
1778519285.2068222,2,420,0,62,121,37,2
1778519285.2104244,1,1393,0,19,121,43,0
1778519285.224384,2,420,0,62,121,37,2
1778519285.2272866,1,1393,0,19,121,43,0
1778519285.2418535,2,420,0,62,121,37,1
1778519285.2454395,1,1393,0,19,121,43,0
1778519285.2593048,2,420,0,62,121,37,1
1778519285.2620652,1,1392,0,19,121,43,0
1778519285.2766757,2,420,0,62,121,37,2
1778519285.2798464,1,1393,0,19,122,43,0
1778519285.2940168,2,420,0,62,121,37,2
1778519285.2994552,1,1393,0,19,121,43,0
1778519285.314021,2,419,0,62,121,36,2
1778519285.3173974,1,1393,0,19,121,43,0
1778519285.3312142,2,420,0,62,121,37,1
1778519285.3342001,1,1392,0,19,122,43,0
1778519285.348617,2,420,0,62,121,37,2
1778519285.3519106,1,1393,-50,22,121,43,0
1778519285.3658571,2,420,-50,65,121,37,1
1778519285.3686461,1,1393,0,23,121,43,0
1778519285.383016,2,420,50,63,121,37,2
1778519285.3864307,1,1392,0,23,121,43,0
1778519285.4003437,2,420,0,62,121,37,2
1778519285.4031348,1,1392,0,23,121,43,0
1778519285.4176898,2,420,0,62,121,37,1
1778519285.4216766,1,1393,0,23,122,43,0
1778519285.4359028,2,420,0,62,121,37,2
1778519285.4393992,1,1392,50,19,121,43,0
1778519285.4538553,2,420,0,62,121,37,2
1778519285.456917,1,1393,0,19,121,43,0
1778519285.4708295,2,420,0,62,121,37,2
1778519285.47388,1,1393,0,19,121,43,0
1778519285.4882677,2,420,0,62,121,37,1
1778519285.4913936,1,1392,0,19,121,43,0
1778519285.5053492,2,420,0,62,121,37,2
1778519285.5080976,1,1393,-50,22,122,43,0
1778519285.5226605,2,419,0,62,121,37,2
1778519285.526275,1,1393,0,23,122,43,0
1778519285.5402493,2,420,0,62,121,37,2
1778519285.5429757,1,1393,50,22,121,43,0
1778519285.557435,2,420,0,62,121,37,1
1778519285.561437,1,1392,50,18,122,43,1
1778519285.575327,2,420,0,62,121,37,2
1778519285.5785313,1,1392,-50,24,121,43,0
1778519285.593213,2,420,0,62,121,37,2
1778519285.5964074,1,1392,50,19,121,43,0
1778519285.6103866,2,420,0,62,121,37,2
1778519285.6134896,1,1392,0,19,121,43,0
1778519285.6279786,2,420,0,62,121,37,2
1778519285.6312397,1,1393,0,19,122,43,0
1778519285.645273,2,419,0,62,121,36,2
1778519285.6480005,1,1393,0,19,121,43,0
1778519285.6623025,2,420,0,62,121,37,1
1778519285.6658876,1,1392,0,19,121,43,0
1778519285.6804216,2,420,0,62,121,55,1
1778519285.6835313,1,1393,0,19,122,43,0
1778519285.6974268,2,420,0,62,121,37,2
1778519285.700215,1,1393,0,19,121,43,0
1778519285.7145293,2,420,0,62,121,37,1
1778519285.7181828,1,1392,0,19,121,43,0
1778519285.732283,2,420,0,62,121,37,2
1778519285.7350295,1,1393,-50,23,121,43,0
1778519285.74935,2,420,0,62,121,37,2
1778519285.753405,1,1393,0,23,121,43,0
1778519285.7673712,2,420,0,62,121,37,2
1778519285.7702854,1,1393,0,23,121,43,0
1778519285.7847488,2,420,0,62,121,37,2
1778519285.7879014,1,1392,0,23,121,43,0
1778519285.8018646,2,420,0,62,121,37,2
1778519285.8046353,1,1392,50,21,121,43,0
1778519285.8190823,2,420,0,62,121,37,1
1778519285.8223884,1,1393,0,19,122,43,0
1778519285.8362653,2,420,0,62,121,37,2
1778519285.8390226,1,1393,0,19,121,43,0
1778519285.8533854,2,420,0,62,121,37,2
1778519285.8572748,1,1393,0,19,121,43,0
1778519285.8714306,2,420,0,62,121,37,2
1778519285.8748515,1,1392,0,19,121,43,0
1778519285.8894153,2,420,-50,66,121,37,2
1778519285.8926067,1,1393,-50,23,121,43,0
1778519285.9064145,2,420,50,62,121,37,1
1778519285.9093852,1,1393,50,20,121,43,0
1778519285.92406,2,420,0,62,121,37,2
1778519285.9275038,1,1393,-50,22,121,43,0
1778519285.9414666,2,420,0,62,121,37,2
1778519285.9441884,1,1392,50,21,121,43,0
1778519285.9585655,2,420,0,62,121,37,2
1778519285.9621406,1,1393,-50,21,121,43,0
1778519285.97621,2,420,-50,64,121,37,2
1778519285.9790177,1,1393,-50,24,121,43,0
1778519285.9933991,2,420,50,64,121,37,2
1778519285.997449,1,1393,50,19,122,43,0
1778519286.0114954,2,420,50,62,121,37,1
1778519286.0146978,1,1393,0,19,121,43,0
1778519286.0290515,2,420,0,62,121,37,2
1778519286.032237,1,1393,-50,23,121,43,0
1778519286.0462654,2,420,0,62,121,37,1
1778519286.049296,1,1393,0,23,121,43,0
1778519286.063973,2,419,0,62,121,59,2
1778519286.067285,1,1392,50,21,122,43,0
1778519286.0819907,2,420,0,62,121,37,2
1778519286.0856051,1,1393,0,19,121,43,0
1778519286.0999641,2,420,0,60,121,37,1
1778519286.1033757,1,1392,-50,21,122,43,0
1778519286.118303,2,420,0,52,121,37,1
1778519286.1214914,1,1392,0,23,121,43,0
1778519286.1357756,2,419,0,39,121,37,0
1778519286.1390157,1,1393,0,22,122,43,0
1778519286.1534119,2,419,0,19,121,37,0
1778519286.1573167,1,1393,50,19,121,43,0
1778519286.1715238,2,419,-50,40,121,37,0
1778519286.1748765,1,1392,0,19,121,43,0
1778519286.1894195,2,419,-50,69,121,37,2
1778519286.1925964,1,1393,0,19,122,43,0
1778519286.206617,2,418,0,108,122,37,3
1778519286.2097454,1,1392,-50,23,121,43,1
1778519286.2243204,2,416,-50,149,121,37,4
1778519286.2276044,1,1393,50,20,121,43,0
1778519286.2415588,2,412,-200,188,121,37,6
1778519286.2443297,1,1393,0,19,121,43,0
1778519286.258845,2,405,-300,224,121,37,7
1778519286.2623281,1,1392,0,19,121,43,0
1778519286.2762547,2,395,-500,257,121,37,9
1778519286.2790365,1,1392,-50,21,121,43,0
1778519286.2934182,2,385,-600,288,121,37,10
1778519286.3006823,1,1393,-50,24,121,43,0
1778519286.315466,2,368,-800,322,121,37,11
1778519286.3191078,1,1393,0,19,121,43,0
1778519286.3332376,2,351,-850,348,121,37,11
1778519286.3360298,1,1393,0,19,121,43,0
1778519286.3502655,2,335,-850,370,121,37,11
1778519286.3538947,1,1392,0,19,121,43,0
1778519286.3678994,2,316,-950,388,120,37,11
1778519286.3706965,1,1393,-50,23,121,43,0
1778519286.3854475,2,297,-1050,396,121,37,11
1778519286.3895018,1,1392,50,20,121,43,0
1778519286.4034464,2,274,-1150,400,121,37,9
1778519286.406646,1,1392,0,19,121,43,0
1778519286.4212992,2,254,-1200,400,121,37,10
1778519286.424541,1,1392,0,19,121,43,0
1778519286.438554,2,232,-1200,400,121,37,10
1778519286.4416022,1,1393,0,19,121,43,0
1778519286.4563546,2,212,-1200,400,121,37,9
1778519286.4596288,1,1393,0,19,121,43,0
1778519286.4735465,2,190,-1250,393,121,37,9
1778519286.4762614,1,1392,0,19,121,43,0
1778519286.4907942,2,169,-1200,382,121,37,8
1778519286.4943702,1,1392,-50,24,121,43,0
1778519286.5083163,2,147,-1200,365,121,37,6
1778519286.511105,1,1393,50,19,121,43,0
1778519286.5255303,2,127,-1200,343,121,37,5
1778519286.5293686,1,1393,0,19,121,43,0
1778519286.5433187,2,108,-1150,317,121,37,4
1778519286.5462565,1,1392,0,19,121,43,0
1778519286.5608802,2,91,-1050,294,121,37,4
1778519286.5642405,1,1393,-50,22,121,43,0
1778519286.5783985,2,74,-1000,265,121,37,3
1778519286.581373,1,1393,50,21,121,43,0
1778519286.5954115,2,60,-850,240,121,37,3
1778519286.598601,1,1393,0,19,121,43,0
1778519286.6131892,2,47,-750,215,121,37,3
1778519286.6163366,1,1392,0,19,122,43,1
1778519286.6302438,2,36,-650,191,121,37,3
1778519286.6331027,1,1393,0,19,121,43,0
1778519286.647612,2,27,-650,165,121,37,2
1778519286.6508472,1,1392,0,19,122,43,0
1778519286.6650786,2,19,-500,144,121,37,2
1778519286.6682172,1,1393,-50,23,121,44,0
1778519286.682148,2,12,-500,117,121,37,2
1778519286.6851053,1,1393,0,23,121,43,0
1778519286.699628,2,7,-300,95,121,37,1
1778519286.7028823,1,1392,0,23,122,43,0
1778519286.7173307,2,3,-250,77,121,37,1
1778519286.7203064,1,1392,0,23,121,43,0
1778519286.734277,2,1,-150,64,121,37,1
1778519286.7371423,1,1392,0,23,122,43,0
1778519286.7516446,2,0,-100,55,122,37,1
1778519286.7551243,1,1392,0,23,121,43,0
1778519286.7695878,2,4095,-50,50,121,37,1
1778519286.7728624,1,1393,50,19,121,43,0
1778519286.7868104,2,4095,-50,46,121,37,1
1778519286.7899258,1,1393,0,19,121,43,0
1778519286.8046923,2,4095,0,47,121,37,1
1778519286.807886,1,1393,0,19,122,43,0
1778519286.8220055,2,4095,0,45,121,37,1
1778519286.8247294,1,1392,-50,22,122,43,1
1778519286.8396842,2,4095,0,39,121,37,1
1778519286.843217,1,1393,50,21,121,43,1
1778519286.8573294,2,4095,0,25,122,37,0
1778519286.860075,1,1392,0,19,121,43,0
1778519286.8744605,2,4095,0,26,121,37,0
1778519286.8780253,1,1392,0,19,122,43,0
1778519286.8920684,2,4095,0,53,121,37,0
1778519286.8949044,1,1393,0,19,121,43,0
1778519286.9093897,2,4095,0,83,121,37,2
1778519286.913343,1,1392,-50,24,121,43,0
1778519286.927538,2,1,0,123,121,37,3
1778519286.9306939,1,1392,0,23,121,43,0
1778519286.9451532,2,3,100,160,121,37,5
1778519286.9483602,1,1393,0,23,121,43,0
1778519286.9623117,2,9,150,201,121,37,7
1778519286.965176,1,1392,0,23,121,43,0
1778519286.9796696,2,16,350,231,121,37,9
1778519286.9829245,1,1392,50,21,121,43,0
1778519286.9970558,2,25,450,264,121,37,11
1778519287.000031,1,1392,0,19,121,43,0
1778519287.0144672,2,35,550,296,121,37,13
1778519287.0180323,1,1393,0,19,121,43,0
1778519287.032646,2,46,650,329,121,37,12
1778519287.0356026,1,1393,0,19,121,43,0
1778519287.0495636,2,62,800,359,120,37,12
1778519287.0524356,1,1393,0,19,121,43,0
1778519287.0668175,2,77,800,387,120,37,15
1778519287.0703592,1,1392,0,19,121,43,0
1778519287.0848384,2,97,950,403,121,37,14
1778519287.0878417,1,1392,0,19,121,43,0
1778519287.1017382,2,117,1100,407,121,37,13
1778519287.1044428,1,1393,0,19,121,43,0
1778519287.1187828,2,136,1150,410,121,37,11
1778519287.1223688,1,1393,0,19,121,43,0
1778519287.13688,2,157,1100,417,121,37,12
1778519287.1400464,1,1392,0,19,121,43,0
1778519287.1540475,2,179,1200,419,121,37,11
1778519287.1570063,1,1392,0,19,121,43,0
1778519287.1718335,2,200,1250,412,121,37,10
1778519287.1752124,1,1393,0,19,121,43,0
1778519287.1896243,2,222,1250,398,121,37,10
1778519287.1926155,1,1392,0,19,121,43,0
1778519287.2064462,2,241,1100,381,121,37,9
1778519287.209461,1,1393,0,19,121,43,0
1778519287.2239287,2,261,1100,365,121,37,7
1778519287.2271912,1,1393,-50,23,121,43,0
1778519287.2411118,2,280,1150,338,121,37,6
1778519287.2438607,1,1393,50,20,121,43,0
1778519287.2582552,2,298,1100,312,121,37,6
1778519287.2618434,1,1393,0,19,121,43,0
1778519287.2758167,2,316,1000,283,121,37,5
1778519287.2785811,1,1392,0,19,121,43,0
1778519287.293011,2,330,900,257,121,37,4
1778519287.297136,1,1392,0,19,121,43,0
1778519287.3110523,2,341,700,230,121,37,4
1778519287.3142445,1,1392,0,19,121,43,0
1778519287.3289113,2,354,650,207,121,37,3
1778519287.3321157,1,1392,0,19,121,43,0
1778519287.3460088,2,363,600,181,121,37,3
1778519287.3490005,1,1392,-50,24,121,43,0
1778519287.3634653,2,372,600,152,121,37,1
1778519287.3667183,1,1392,50,20,122,43,0
1778519287.380625,2,380,500,123,121,37,2
1778519287.383386,1,1393,-50,23,122,43,1
1778519287.3979216,2,385,400,97,122,37,1
1778519287.401523,1,1393,0,23,121,43,0
1778519287.4157877,2,389,250,78,121,37,2
1778519287.4191427,1,1393,0,23,121,43,0
1778519287.4338698,2,391,150,65,121,37,1
1778519287.4371,1,1392,50,21,122,43,0
1778519287.4513953,2,392,50,58,122,37,1
1778519287.454372,1,1392,-50,21,122,43,0
1778519287.4688597,2,392,50,48,122,37,1
1778519287.4722214,1,1393,-50,24,122,43,0
1778519287.486137,2,392,0,31,121,37,0
1778519287.4889863,1,1392,0,23,122,43,0
1778519287.5034986,2,392,0,20,121,37,0
1778519287.5067766,1,1393,0,23,122,43,0
1778519287.521181,2,392,0,46,121,37,1
1778519287.5241768,1,1393,50,20,121,43,0
1778519287.5381892,2,391,0,76,122,37,1
1778519287.5411901,1,1392,-50,22,122,43,0
1778519287.5558186,2,390,-100,109,121,37,2
1778519287.5592792,1,1393,50,21,121,43,0
1778519287.5733218,2,388,-50,151,121,37,4
1778519287.5760772,1,1392,0,19,121,43,0
1778519287.5908635,2,383,-250,187,121,37,6
1778519287.5945356,1,1392,-50,21,121,43,0
1778519287.6089945,2,375,-400,216,121,37,7
1778519287.6119602,1,1393,-50,23,121,43,0
1778519287.6259873,2,367,-450,230,121,37,7
1778519287.6290202,1,1393,0,23,121,43,0
1778519287.6435316,2,356,-450,238,121,37,7
1778519287.6468842,1,1393,50,19,121,44,0
1778519287.6608837,2,344,-600,225,121,37,5
1778519287.6636384,1,1393,0,19,121,43,0
1778519287.6782491,2,335,-650,206,121,37,4
1778519287.6822124,1,1392,0,19,121,43,0
1778519287.6964536,2,324,-600,182,121,37,4
1778519287.6994665,1,1393,-50,22,122,43,0
1778519287.7138996,2,316,-550,159,121,38,2
1778519287.7175577,1,1393,50,21,122,43,0
1778519287.7316637,2,308,-450,130,121,37,2
1778519287.734434,1,1392,0,19,121,43,0
1778519287.7490146,2,302,-350,106,121,37,1
1778519287.752934,1,1393,0,19,122,43,0
1778519287.7668326,2,298,-250,83,121,37,0
1778519287.76976,1,1393,0,19,122,43,0
1778519287.784449,2,295,-200,68,121,37,1
1778519287.7878015,1,1393,0,19,121,43,0
1778519287.8019178,2,293,-200,53,122,37,2
1778519287.8049493,1,1392,-50,23,122,43,0
1778519287.8194578,2,292,-100,48,121,37,1
1778519287.8228624,1,1392,0,23,122,43,0
1778519287.8368568,2,291,0,48,121,37,1
1778519287.8396575,1,1392,0,23,121,43,0
1778519287.8541396,2,291,-50,45,121,37,1
1778519287.8581536,1,1393,50,21,122,43,0
1778519287.8721228,2,291,0,44,122,37,1
1778519287.874881,1,1392,0,19,121,43,0
1778519287.8893504,2,291,0,44,121,37,1
1778519287.8933268,1,1392,-50,21,122,43,0
1778519287.9072695,2,291,0,44,121,37,0
1778519287.9104981,1,1393,-50,24,121,43,0
1778519287.9250762,2,291,0,44,121,37,0
1778519287.9282317,1,1392,50,19,121,43,0
1778519287.9422421,2,291,0,44,121,37,1
1778519287.9452627,1,1392,0,19,121,43,0
1778519287.9599485,2,291,0,44,121,37,1
1778519287.963328,1,1392,0,19,122,43,0
1778519287.977358,2,291,0,44,121,37,0
1778519287.9801962,1,1393,0,19,121,43,0
1778519287.9948378,2,291,0,44,121,37,0
1778519287.9985301,1,1392,-50,22,122,43,0
1778519288.012799,2,291,0,44,121,37,1
1778519288.0155847,1,1393,0,23,121,43,1
1778519288.0298936,2,291,0,44,121,37,1
1778519288.033456,1,1393,0,23,122,43,0
1778519288.047638,2,291,0,44,121,37,1
1778519288.0506992,1,1392,50,22,121,43,1
1778519288.065196,2,291,0,44,122,37,1
1778519288.0690272,1,1392,50,19,122,43,0
1778519288.083067,2,291,0,44,121,37,1
1778519288.0863008,1,1393,-50,24,121,44,0
1778519288.100794,2,291,0,44,121,37,0
1778519288.1040015,1,1392,50,19,121,43,0
1778519288.117988,2,291,0,44,121,37,1
1778519288.1209822,1,1392,-50,23,121,43,0
1778519288.1354394,2,291,0,44,121,37,1
1778519288.1388595,1,1392,0,23,121,43,0
1778519288.1527972,2,291,0,44,121,37,0
1778519288.1555557,1,1392,0,23,121,43,0
1778519288.1699862,2,291,0,44,121,37,1
1778519288.173475,1,1392,50,21,121,43,0
1778519288.1881433,2,291,0,44,121,37,1
1778519288.1911502,1,1392,0,19,121,43,0
1778519288.2051396,2,291,0,44,121,37,1
1778519288.2079618,1,1393,0,19,121,43,0
1778519288.2223334,2,291,0,44,121,37,1
1778519288.225918,1,1392,-50,24,121,43,0
1778519288.2399704,2,291,0,44,121,37,1
1778519288.2427309,1,1392,50,19,122,43,0
1778519288.2573361,2,291,0,44,121,37,1
1778519288.261329,1,1393,-50,23,121,43,1
1778519288.275358,2,291,0,44,121,37,1
1778519288.278742,1,1392,0,23,121,43,1
1778519288.2933304,2,291,0,44,121,37,1
1778519288.2968152,1,1393,50,21,121,43,0
1778519288.3110096,2,291,0,44,121,37,1
1778519288.3141038,1,1393,0,19,121,43,0
1778519288.328639,2,291,0,44,121,37,1
1778519288.3319852,1,1392,-50,21,121,43,0
1778519288.3460617,2,291,0,44,121,37,0
1778519288.348871,1,1392,0,23,121,43,0
1778519288.363329,2,291,0,44,121,37,1
1778519288.3668401,1,1393,0,23,121,43,0
1778519288.3807483,2,291,0,44,121,37,1
1778519288.3835642,1,1392,50,19,121,43,0
1778519288.3978763,2,291,0,44,121,37,1
1778519288.401417,1,1393,-50,23,122,43,0
1778519288.4156091,2,291,0,44,121,37,1
1778519288.4186332,1,1392,50,20,121,43,0
1778519288.4331224,2,291,0,44,121,37,1
1778519288.4370797,1,1392,-50,22,121,43,1
1778519288.4511268,2,291,0,44,121,37,1
1778519288.4544828,1,1393,0,23,121,43,0
1778519288.4691484,2,291,0,44,121,37,1
1778519288.4723148,1,1392,50,21,121,43,0
1778519288.4865751,2,291,0,44,121,37,1
1778519288.489671,1,1392,0,19,121,43,0
1778519288.5044112,2,291,0,44,121,37,1
1778519288.507919,1,1393,0,19,121,43,0
1778519288.5220592,2,291,0,44,121,37,1
1778519288.5250802,1,1392,0,19,121,43,0
1778519288.5397608,2,291,0,44,121,37,1
1778519288.5431988,1,1393,-50,24,121,43,0
1778519288.5572755,2,291,0,44,121,37,1
1778519288.5600448,1,1393,50,20,121,43,0
1778519288.574446,2,291,0,44,121,37,1
1778519288.5780172,1,1393,0,19,121,43,0
1778519288.5921,2,291,0,44,121,37,0
1778519288.5950174,1,1393,0,19,121,43,0
1778519288.609688,2,291,0,44,121,37,1
1778519288.6135242,1,1392,-50,22,121,43,0
1778519288.6274054,2,291,0,44,121,37,1
1778519288.6307297,1,1393,50,22,121,43,1
1778519288.6455047,2,291,0,44,121,37,0
1778519288.6486924,1,1393,0,19,121,43,0
1778519288.662527,2,291,0,44,121,37,1
1778519288.665456,1,1393,0,19,121,43,0
1778519288.680051,2,291,0,44,121,37,1
1778519288.6834157,1,1392,0,19,121,43,0
1778519288.6975422,2,291,0,44,121,37,1
1778519288.7002563,1,1393,-50,23,121,43,0
1778519288.7148287,2,291,0,44,121,37,1
1778519288.7184289,1,1392,50,20,121,43,1
1778519288.7324765,2,291,0,44,121,37,1
1778519288.7352254,1,1392,-50,22,121,43,0
1778519288.749617,2,291,0,44,121,37,1
1778519288.753562,1,1392,50,21,121,43,0
1778519288.7676523,2,291,0,44,121,37,0
1778519288.7708855,1,1392,0,19,121,43,0
1778519288.7853036,2,291,0,44,121,37,1
1778519288.7884867,1,1393,0,19,121,43,0
1778519288.802463,2,291,0,44,121,37,1
1778519288.8054206,1,1393,0,19,121,43,1
1778519288.819959,2,291,0,44,121,37,1
1778519288.8234403,1,1393,0,19,121,43,0
1778519288.8374043,2,291,0,44,121,37,0
1778519288.8401682,1,1393,0,19,121,43,0
1778519288.8544807,2,291,0,44,121,37,1
1778519288.8580537,1,1393,0,19,121,43,0
1778519288.8720274,2,291,0,44,121,37,1
1778519288.8748112,1,1393,0,19,121,43,1
1778519288.8891897,2,291,0,44,121,37,0
1778519288.893064,1,1393,0,19,121,43,0
1778519288.9069803,2,291,0,44,121,37,1
1778519288.909914,1,1393,-50,21,121,43,0
1778519288.9244602,2,291,0,44,121,37,0
1778519288.9279082,1,1393,50,22,121,43,0
1778519288.9418957,2,291,0,44,121,37,1
1778519288.944851,1,1392,50,18,121,43,0
1778519288.959321,2,291,0,44,121,37,1
1778519288.9626656,1,1392,0,19,121,43,0
1778519288.9768662,2,291,0,44,121,37,1
1778519288.9798188,1,1393,-50,23,121,43,0
1778519288.9937048,2,291,0,44,121,37,1
1778519288.9964533,1,1393,0,23,121,43,0
1778519289.0109932,2,291,0,44,121,37,1
1778519289.014564,1,1393,50,20,121,43,1
1778519289.0291326,2,291,0,44,121,37,1
1778519289.0321047,1,1392,0,19,121,43,0
1778519289.0460262,2,291,0,44,121,37,0
1778519289.0489576,1,1392,-50,21,121,43,1
1778519289.0634947,2,291,0,44,121,37,1
1778519289.0669367,1,1393,50,22,121,43,0
1778519289.0808935,2,291,0,44,121,37,0
1778519289.0837202,1,1392,50,18,121,43,0
1778519289.0980775,2,291,0,44,121,37,1
1778519289.1016333,1,1392,0,19,121,43,0
1778519289.115633,2,291,0,44,121,37,1
1778519289.118434,1,1393,0,19,121,43,0
1778519289.1328309,2,291,0,44,121,37,1
1778519289.1367316,1,1392,-50,23,121,43,0
1778519289.1507967,2,291,0,44,121,37,0
1778519289.1537204,1,1393,0,23,121,43,0
1778519289.1682248,2,291,0,44,121,37,1
1778519289.1714127,1,1393,0,23,121,43,0
1778519289.185306,2,291,0,44,121,37,1
1778519289.188113,1,1393,0,23,121,43,0
1778519289.2026432,2,291,0,44,121,37,1
1778519289.2061248,1,1393,50,22,121,43,0
1778519289.220476,2,291,0,44,121,37,0
1778519289.2234883,1,1393,50,18,121,43,0
1778519289.2378132,2,291,0,44,121,37,0
1778519289.2413921,1,1393,-50,24,121,43,0
1778519289.255312,2,291,0,44,121,37,1
1778519289.258095,1,1392,50,19,121,43,0
1778519289.2726111,2,291,0,44,121,37,1
1778519289.2770002,1,1392,-50,23,121,43,0
1778519289.2911088,2,291,0,44,121,37,1
1778519289.2944682,1,1392,50,20,121,43,0
1778519289.3090103,2,291,0,44,121,37,1
1778519289.3122156,1,1392,-50,22,121,43,0
1778519289.3261476,2,291,0,44,121,37,1
1778519289.3290493,1,1393,0,23,121,43,0
1778519289.34353,2,291,0,44,121,37,1
1778519289.346778,1,1393,50,22,121,43,0
1778519289.361268,2,291,0,44,121,37,0
1778519289.3644886,1,1392,0,19,121,44,0
1778519289.3784575,2,291,0,44,121,37,1
1778519289.3815708,1,1393,0,19,121,43,0
1778519289.395981,2,291,0,44,121,37,1
1778519289.3993773,1,1392,-50,24,121,43,1
1778519289.4133317,2,291,0,44,121,37,0
1778519289.416158,1,1392,50,20,121,43,0
1778519289.4305174,2,291,0,44,121,37,1
1778519289.4341393,1,1393,-50,23,121,43,0
1778519289.4483216,2,291,0,44,121,37,1
1778519289.451597,1,1393,50,21,121,43,0
1778519289.4661877,2,291,0,44,121,37,1
1778519289.4697926,1,1393,-50,22,121,43,0
1778519289.4843445,2,291,0,44,121,37,1
1778519289.4872718,1,1393,0,23,121,43,0
1778519289.501354,2,291,0,44,121,37,1
1778519289.504232,1,1393,50,22,121,43,0
1778519289.5182154,2,291,0,44,121,37,1
1778519289.5213282,1,1393,50,19,121,43,0
1778519289.5358362,2,291,0,44,121,37,0
1778519289.5393052,1,1393,-50,24,121,43,0
1778519289.553459,2,291,0,44,121,37,1
1778519289.5562215,1,1392,50,20,121,43,0
1778519289.5708904,2,291,0,44,121,37,2
1778519289.5748625,1,1392,-50,23,121,43,0
1778519289.5894911,2,291,0,44,121,37,1
1778519289.5924664,1,1392,50,20,121,43,0
1778519289.6063995,2,291,0,44,121,37,1
1778519289.609412,1,1392,0,19,121,43,0
1778519289.6237843,2,291,0,44,121,37,1
1778519289.6270306,1,1392,0,19,121,43,0
1778519289.6409862,2,291,0,44,121,37,1
1778519289.6437912,1,1393,0,19,121,43,0
1778519289.6581798,2,291,0,44,121,37,1
1778519289.6618176,1,1392,0,19,121,43,0
1778519289.6759245,2,291,0,44,121,37,1
1778519289.6787024,1,1393,0,19,121,43,0
1778519289.6931796,2,291,0,44,121,37,1
1778519289.6971405,1,1393,-50,23,121,43,0
1778519289.711117,2,291,0,44,121,37,1
1778519289.7143178,1,1393,0,23,121,43,0
1778519289.7290323,2,291,0,44,121,37,1
1778519289.7322147,1,1393,0,23,121,43,0
1778519289.7461371,2,291,0,44,121,37,1
1778519289.7490895,1,1392,0,23,121,43,0
1778519289.7635393,2,291,0,44,121,37,1
1778519289.7668493,1,1392,0,23,121,43,0
1778519289.7808459,2,291,0,44,121,37,0
1778519289.7836893,1,1392,50,22,121,43,0
1778519289.8010268,2,291,0,44,121,37,1
1778519289.8046954,1,1393,0,19,121,43,0
1778519289.819584,2,291,0,44,121,37,0
1778519289.8235316,1,1392,-50,21,121,43,0
1778519289.8376076,2,291,0,44,121,37,1
1778519289.8403945,1,1393,-50,24,121,43,0
1778519289.8548617,2,291,0,44,121,37,0
1778519289.858366,1,1392,0,23,121,43,0
1778519289.872262,2,291,0,44,121,37,1
1778519289.8751125,1,1393,0,23,121,43,0
1778519289.889607,2,291,0,44,121,37,1
1778519289.8938885,1,1393,50,20,121,43,0
1778519289.9087315,2,291,0,44,121,37,1
1778519289.9116907,1,1392,-50,23,121,43,0
1778519289.9261935,2,291,0,44,121,37,1
1778519289.9292934,1,1393,0,23,121,43,0
1778519289.9431987,2,291,0,44,121,37,1
1778519289.9463348,1,1393,50,21,121,43,0
1778519289.960836,2,291,0,44,121,37,0
1778519289.964047,1,1392,0,19,121,43,0
1778519289.9780056,2,291,0,44,121,37,1
1778519289.980867,1,1393,0,19,121,43,0
1778519289.9952936,2,291,0,44,121,37,0
1778519289.9986055,1,1393,0,19,121,43,0
