Timestamp,ID,Position,Speed,Load,Voltage,Temperature,Current
1778519173.9633465,1,1210,350,135,112,34,0
1778519173.9774113,1,1217,400,158,112,34,0
1778519173.9909418,1,1224,500,174,112,34,0
1778519174.0043926,1,1232,500,188,113,34,0
1778519174.0179467,1,1240,600,200,114,34,0
1778519174.0314386,1,1249,600,210,114,34,1
1778519174.0449443,1,1258,650,220,114,34,2
1778519174.058403,1,1266,650,228,115,34,3
1778519174.0719404,1,1274,600,239,115,34,3
1778519174.08539,1,1280,500,252,115,34,3
1778519174.098904,1,1287,500,269,115,34,4
1778519174.1124706,1,1295,550,282,115,34,6
1778519174.1259878,1,1305,650,292,115,34,7
1778519174.1394277,1,1315,650,300,114,34,8
1778519174.1527696,1,1325,750,303,115,34,7
1778519174.1662302,1,1336,800,304,115,34,7
1778519174.1796744,1,1348,800,304,115,34,7
1778519174.1935484,1,1358,850,301,115,34,7
1778519174.2068758,1,1370,800,300,116,34,7
1778519174.2203817,1,1381,800,300,115,34,7
1778519174.2339032,1,1392,800,300,115,34,8
1778519174.2474186,1,1403,800,300,116,34,7
1778519174.2608037,1,1414,800,300,117,34,7
1778519174.2741756,1,1425,850,296,117,34,7
1778519174.2875698,1,1436,850,294,117,34,6
1778519174.306856,1,1448,800,292,117,34,7
1778519174.320613,1,1463,800,292,117,34,7
1778519174.3342206,1,1475,850,288,117,34,7
1778519174.3477263,1,1486,800,288,117,34,6
1778519174.3612964,1,1497,800,288,117,34,7
1778519174.3747175,1,1508,800,288,116,34,6
1778519174.3880649,1,1518,800,288,115,34,7
1778519174.4018528,1,1529,800,288,117,34,6
1778519174.415176,1,1540,800,288,116,34,7
1778519174.4285617,1,1551,800,288,116,34,6
1778519174.4421146,1,1562,800,288,117,34,6
1778519174.4555626,1,1573,800,288,116,34,7
1778519174.469401,1,1583,800,288,116,34,7
1778519174.4829185,1,1594,750,289,116,34,7
1778519174.4965394,1,1605,750,292,116,35,7
1778519174.5103009,1,1615,800,292,116,34,7
1778519174.5238478,1,1627,850,290,115,34,5
1778519174.5372736,1,1638,850,287,120,34,7
1778519174.5510085,1,1649,800,288,120,34,6
1778519174.56446,1,1661,850,286,120,34,6
1778519174.5781183,1,1672,850,283,120,34,6
1778519174.5915294,1,1682,800,284,120,34,6
1778519174.6053956,1,1694,800,284,120,34,6
1778519174.619426,1,1705,800,284,120,34,6
1778519174.6329577,1,1717,850,280,120,34,5
1778519174.6465008,1,1728,800,280,120,34,6
1778519174.6599696,1,1739,800,280,120,34,7
1778519174.673576,1,1750,850,276,120,34,5
1778519174.6869383,1,1761,800,276,120,34,6
1778519174.700236,1,1772,800,276,120,34,7
1778519174.713793,1,1782,800,276,120,34,6
1778519174.7272723,1,1793,750,278,120,34,6
1778519174.7406833,1,1804,750,281,120,34,6
1778519174.7539926,1,1814,800,280,120,34,6
1778519174.7676163,1,1825,850,277,119,34,6
1778519174.7812083,1,1837,850,276,120,34,5
1778519174.7952604,1,1847,800,276,120,34,5
1778519174.80882,1,1858,750,278,120,34,5
1778519174.822337,1,1869,800,280,120,34,6
1778519174.8361437,1,1879,800,280,120,34,6
1778519174.8498452,1,1890,750,282,120,34,7
1778519174.8635561,1,1901,800,284,120,35,6
1778519174.8771057,1,1910,800,284,120,35,8
1778519174.8906574,1,1918,650,293,119,34,13
1778519174.9043334,1,1924,500,306,118,34,22
1778519174.9177828,1,1929,500,323,117,34,31
1778519174.9311664,1,1931,300,352,116,35,45
1778519174.944581,1,1934,200,384,114,34,53
1778519174.958094,1,1936,200,415,113,34,61
1778519174.971603,1,1938,150,452,112,35,74
1778519175.7786686,2,591,-700,328,104,31,8
1778519175.7919106,2,579,-800,330,104,31,9
1778519175.8055003,2,568,-800,330,104,31,9
1778519175.818948,2,557,-850,327,104,31,8
1778519175.8328536,2,547,-750,328,104,31,9
1778519175.8463783,2,535,-750,331,104,31,8
1778519175.8599799,2,524,-850,327,104,31,8
1778519175.8734193,2,514,-750,328,105,31,7
1778519175.8869653,2,503,-750,331,104,31,9
1778519175.9006119,2,492,-800,330,105,31,8
1778519175.9146595,2,481,-800,330,105,31,7
1778519175.9279835,2,469,-800,330,104,31,7
1778519175.9414463,2,458,-850,326,104,31,7
1778519175.954891,2,447,-850,324,105,31,7
1778519175.9683242,2,436,-850,322,105,31,8
1778519175.9817212,2,425,-800,322,104,31,7
1778519175.9951243,2,415,-800,322,104,31,8
1778519176.008966,2,404,-800,322,105,31,7
1778519176.023095,2,393,-800,322,105,31,8
1778519176.0364494,2,382,-800,322,105,31,8
1778519176.0500083,2,370,-850,320,105,31,7
1778519176.0634367,2,359,-850,318,105,31,7
1778519176.0768678,2,348,-800,318,105,31,8
1778519176.0903296,2,337,-800,318,105,31,8
1778519176.1037402,2,326,-800,318,105,31,7
1778519176.1176975,2,316,-800,318,105,31,7
1778519176.1311347,2,305,-750,320,104,31,8
1778519176.1448398,2,295,-750,322,104,31,7
1778519176.1585777,2,283,-800,322,105,31,7
1778519176.171986,2,272,-850,320,104,31,7
1778519176.185478,2,261,-850,317,104,31,7
1778519176.1989698,2,250,-800,318,104,31,7
1778519176.2123554,2,239,-800,318,104,31,8
1778519176.2257504,2,229,-800,318,105,31,7
1778519176.2391827,2,218,-800,318,105,30,7
1778519176.252729,2,208,-750,320,105,31,8
1778519176.2662334,2,197,-750,323,105,31,7
1778519176.2797325,2,186,-800,322,106,31,7
1778519176.2935677,2,175,-850,320,106,31,8
1778519176.3076477,2,163,-850,318,106,31,7
1778519176.3212032,2,151,-800,318,106,31,7
1778519176.3347313,2,141,-800,318,106,31,9
1778519176.3481982,2,130,-800,318,105,31,7
1778519176.3617268,2,119,-800,318,105,31,7
1778519176.3752303,2,108,-800,318,105,31,7
1778519176.3886323,2,98,-800,318,105,31,7
1778519176.4027634,2,87,-800,318,105,31,7
1778519176.4164782,2,76,-800,318,105,31,7
1778519176.4300256,2,64,-850,316,105,31,7
1778519176.4434917,2,54,-850,313,105,31,7
1778519176.4570024,2,43,-750,317,105,31,8
1778519176.4704714,2,32,-800,318,105,31,8
1778519176.4838388,2,22,-800,318,105,31,7
1778519176.4972885,2,12,-750,321,105,31,7
1778519176.5107272,2,1,-800,322,105,31,6
1778519176.5241923,2,4086,-800,322,106,31,9
1778519176.5377638,2,4075,-800,322,106,31,8
1778519176.5512242,2,4063,-800,322,106,31,8
1778519176.5648148,2,4053,-800,322,106,31,6
1778519176.5782464,2,4042,-800,322,106,31,9
1778519176.5918548,2,4033,-800,322,106,31,8
1778519176.6057987,2,4023,-800,322,106,31,12
1778519176.6198418,2,4015,-650,333,104,31,17
1778519176.6332924,2,4010,-500,350,105,31,26
1778519176.6467543,2,4006,-300,372,104,31,40
1778519176.660237,2,4003,-300,398,103,31,48
1778519176.6737351,2,4000,-250,429,101,31,62
1778519177.4814684,2,4002,150,108,121,31,0
1778519177.485816,1,1935,-200,88,122,35,0
1778519177.4987948,2,4009,300,142,121,31,0
1778519177.5018673,1,1929,-300,120,121,35,0
1778519177.5153866,2,4014,400,167,121,31,1
1778519177.518695,1,1922,-350,152,121,35,1
1778519177.5321038,2,4020,350,197,121,31,4
1778519177.5351226,1,1916,-400,180,121,35,3
1778519177.54816,2,4026,350,226,120,31,5
1778519177.5511537,1,1912,-400,208,120,35,4
1778519177.5646307,2,4035,450,253,120,31,7
1778519177.568445,1,1905,-300,242,120,35,6
1778519177.581354,2,4045,450,277,120,31,7
1778519177.5841644,1,1895,-400,267,120,35,9
1778519177.597652,2,4056,650,283,120,31,7
1778519177.6015575,1,1884,-650,278,120,35,9
1778519177.614426,2,4069,700,289,120,31,8
1778519177.617575,1,1872,-700,285,120,35,8
1778519177.6310291,2,4081,750,293,120,31,8
1778519177.6343665,1,1860,-750,290,120,35,7
1778519177.647469,2,4095,800,294,120,31,9
1778519177.650504,1,1847,-750,294,120,35,8
1778519177.6639042,2,12,800,294,120,31,7
1778519177.6681564,1,1835,-750,297,120,35,8
1778519177.6817064,2,27,800,294,120,31,8
1778519177.6847332,1,1821,-750,300,120,35,7
1778519177.6980774,2,39,800,294,120,31,8
1778519177.7012503,1,1807,-750,304,120,35,10
1778519177.7147608,2,51,750,298,120,31,9
1778519177.7183442,1,1795,-850,302,120,35,10
1778519177.7313647,2,65,750,301,120,31,8
1778519177.7342446,1,1781,-800,300,120,35,8
1778519177.747395,2,78,850,300,120,31,8
1778519177.75066,1,1769,-800,302,120,35,9
1778519177.7640562,2,93,850,296,120,31,7
1778519177.767407,1,1754,-750,305,120,35,9
1778519177.7804716,2,107,850,293,120,31,10
1778519177.7834144,1,1741,-850,301,120,35,8
1778519177.7972806,2,121,800,294,120,31,9
1778519177.8017,1,1727,-850,297,120,35,7
1778519177.8145587,2,134,850,290,120,31,8
1778519177.817504,1,1713,-800,296,119,35,8
1778519177.8309574,2,146,750,293,120,31,8
1778519177.8343995,1,1700,-800,296,120,35,8
1778519177.847504,2,160,800,294,120,31,7
1778519177.850477,1,1687,-750,298,120,35,9
1778519177.863498,2,173,800,294,120,31,8
1778519177.8668234,1,1674,-750,301,120,35,9
1778519177.880367,2,186,800,294,120,31,8
1778519177.8836472,1,1660,-850,296,120,35,8
1778519177.8967862,2,200,850,290,120,31,8
1778519177.8998456,1,1647,-800,296,120,35,8
1778519177.9134617,2,214,800,290,120,31,8
1778519177.9173985,1,1634,-800,296,120,35,8
1778519177.930486,2,227,800,290,120,31,9
1778519177.9334457,1,1620,-750,298,120,35,9
1778519177.9469657,2,238,750,292,120,31,8
1778519177.9502738,1,1607,-850,299,120,35,8
1778519177.963356,2,252,750,296,120,31,7
1778519177.9662817,1,1594,-850,296,120,35,8
1778519177.9792864,2,265,750,299,120,31,8
1778519177.9823575,1,1581,-750,300,120,35,7
1778519177.9958477,2,279,850,294,120,31,10
1778519177.9992182,1,1569,-800,300,120,35,8
1778519178.0124378,2,292,800,294,120,31,9
1778519178.0153794,1,1555,-850,298,120,35,7
1778519178.0284095,2,306,850,291,120,31,8
1778519178.0314155,1,1541,-800,296,120,34,7
1778519178.0449798,2,320,850,288,120,31,8
1778519178.0489151,1,1527,-800,296,120,35,8
1778519178.0620363,2,333,750,287,120,31,8
1778519178.0648575,1,1514,-800,296,120,35,8
1778519178.0785341,2,344,750,291,120,31,8
1778519178.0825336,1,1501,-800,296,120,35,8
1778519178.095676,2,359,750,294,120,31,7
1778519178.0986462,1,1487,-800,296,120,35,8
1778519178.111662,2,372,800,294,120,31,8
1778519178.1150846,1,1473,-800,296,120,35,8
1778519178.1285439,2,386,850,291,120,31,7
1778519178.1317177,1,1460,-850,295,120,35,7
1778519178.1449192,2,400,800,290,120,31,9
1778519178.1480265,1,1447,-850,291,120,35,7
1778519178.1613762,2,414,850,289,120,31,9
1778519178.1645768,1,1434,-800,292,120,35,7
1778519178.1776605,2,426,850,285,120,31,8
1778519178.180711,1,1420,-800,292,120,35,8
1778519178.1942213,2,438,750,290,120,31,8
1778519178.197778,1,1407,-800,292,120,35,8
1778519178.2109814,2,452,750,293,120,31,7
1778519178.213898,1,1394,-750,295,119,35,8
1778519178.2269998,2,465,800,294,120,31,8
1778519178.2301688,1,1382,-800,296,120,35,8
1778519178.2436209,2,477,800,294,120,31,7
1778519178.246998,1,1368,-800,296,120,35,7
1778519178.2600093,2,491,800,294,120,31,8
1778519178.2630067,1,1355,-850,292,120,35,7
1778519178.2764654,2,505,800,294,120,31,8
1778519178.2804427,1,1341,-800,292,120,35,6
1778519178.2934937,2,519,850,290,120,31,8
1778519178.2963166,1,1327,-800,292,120,35,8
1778519178.3102407,2,530,750,293,120,31,8
1778519178.3142118,1,1314,-800,292,120,35,7
1778519178.32703,2,543,700,299,120,31,8
1778519178.3303382,1,1300,-800,292,119,35,6
1778519178.344023,2,557,800,302,120,31,8
1778519178.3473642,1,1286,-800,292,120,35,7
1778519178.3606367,2,571,850,301,120,31,7
1778519178.3635786,1,1273,-800,292,120,35,7
1778519178.3769374,2,585,850,297,119,30,7
1778519178.3801942,1,1260,-800,292,120,35,8
1778519178.3933775,2,600,850,294,120,31,9
1778519178.3964093,1,1247,-800,292,120,35,7
1778519178.409481,2,612,850,291,119,31,9
1778519178.4123836,1,1236,-800,292,119,35,8
1778519178.4260013,2,620,600,300,118,31,14
1778519178.429934,1,1228,-450,302,118,35,20
1778519178.4432387,2,627,450,320,116,31,26
1778519178.446429,1,1223,-450,326,114,35,31
1778519178.4594972,2,630,250,347,112,31,36
1778519178.4630325,1,1220,-300,362,111,35,48
1778519178.4765537,2,634,250,385,109,31,53
1778519178.479954,1,1220,-100,411,108,35,60
1778519178.493018,2,636,150,430,106,31,65
1778519178.4959126,1,1219,0,461,105,35,76
1778519178.5094335,2,639,150,472,104,31,77
1778519178.5141702,1,1218,-50,516,103,35,90
1778519179.0306675,2,645,0,671,98,31,170
1778519179.0345829,1,1209,0,708,97,35,178
1778519179.0487943,2,645,0,671,98,31,171
1778519179.0516644,1,1209,0,708,97,35,171
1778519179.0660322,2,645,0,671,98,31,171
1778519179.0696511,1,1209,0,708,96,35,168
1778519179.0837824,2,645,0,671,98,31,174
1778519179.0866444,1,1209,0,708,97,35,171
1778519179.1010845,2,645,0,671,98,31,174
1778519179.104992,1,1209,0,708,97,35,170
1778519179.11895,2,645,0,671,97,31,173
1778519179.1217797,1,1209,0,708,97,35,170
1778519179.1363385,2,645,0,671,97,31,166
1778519179.1395292,1,1209,0,708,97,35,168
1778519179.1535943,2,645,0,671,97,32,172
1778519179.1565497,1,1209,0,708,97,35,168
1778519179.1708937,2,645,0,671,97,31,170
1778519179.1742594,1,1209,0,708,97,35,166
1778519179.1883292,2,645,0,671,97,31,168
1778519179.191416,1,1209,0,708,97,35,167
1778519179.2057726,2,645,0,671,97,31,171
1778519179.209372,1,1209,0,708,98,35,168
1778519179.2234612,2,645,0,671,97,31,170
1778519179.2262588,1,1209,0,708,98,35,170
1778519179.2408016,2,645,0,671,97,31,167
1778519179.244955,1,1209,0,708,98,35,172
1778519179.2590432,2,645,0,671,97,31,168
1778519179.2621582,1,1209,0,708,97,35,172
1778519179.2767184,2,645,0,671,97,31,169
1778519179.2799559,1,1209,0,708,98,35,168
1778519179.2940156,2,645,0,671,97,31,178
1778519179.2969513,1,1209,0,708,98,35,168
1778519179.311491,2,645,0,671,98,31,172
1778519179.3148794,1,1209,0,708,98,35,170
1778519179.329231,2,645,0,671,98,31,171
1778519179.3321571,1,1209,0,708,98,35,170
1778519179.346013,2,645,0,671,98,31,169
1778519179.3489065,1,1209,0,708,98,35,169
1778519179.3634658,2,645,0,671,98,31,170
1778519179.3669124,1,1209,0,708,98,35,170
1778519179.3809924,2,645,0,671,98,31,172
1778519179.3839397,1,1209,0,708,97,35,168
1778519179.3984218,2,645,0,671,98,31,172
1778519179.4019175,1,1209,0,708,97,35,172
1778519179.4168024,2,645,0,671,98,31,172
1778519179.4209387,1,1209,0,708,98,35,171
1778519179.43501,2,645,0,671,98,31,170
1778519179.437905,1,1209,0,708,98,35,169
1778519179.4524233,2,645,0,671,98,31,166
1778519179.455697,1,1209,0,708,97,35,170
1778519179.4696872,2,645,0,671,98,31,170
1778519179.4725552,1,1209,0,708,99,35,172
1778519179.4869921,2,645,0,671,98,31,173
1778519179.4904337,1,1209,0,708,99,35,170
1778519179.504291,2,645,0,671,98,31,168
1778519179.5070462,1,1209,0,708,99,35,168
1778519179.5214276,2,645,0,671,98,31,171
1778519179.5253959,1,1209,0,708,99,35,169
1778519179.5394287,2,645,0,671,98,31,166
1778519179.5427556,1,1209,0,708,98,35,171
1778519179.5574057,2,645,0,671,98,31,168
1778519179.5606105,1,1209,0,708,98,35,171
1778519179.5745668,2,645,0,671,98,31,169
1778519179.5773892,1,1209,0,708,99,35,168
1778519179.5917723,2,645,0,671,98,31,168
1778519179.5951643,1,1209,0,708,98,35,167
1778519179.609181,2,645,0,671,98,31,167
1778519179.6119492,1,1209,0,708,98,35,168
1778519179.6263535,2,645,0,671,98,31,167
1778519179.629966,1,1209,0,708,98,35,171
1778519179.644084,2,645,0,671,98,31,183
1778519179.646954,1,1209,0,708,98,35,170
1778519179.6615412,2,645,0,671,98,31,169
1778519179.665464,1,1209,0,708,97,35,170
1778519179.6794527,2,645,0,671,98,31,166
1778519179.6824415,1,1209,0,708,98,35,170
1778519179.6969116,2,645,0,671,98,31,167
1778519179.7001207,1,1209,0,708,98,35,170
1778519179.7142258,2,645,0,671,98,31,167
1778519179.7173803,1,1210,0,708,98,35,176
1778519179.7317762,2,645,0,671,98,31,168
1778519179.7351499,1,1209,0,708,98,35,169
1778519179.7490587,2,645,0,671,98,31,168
1778519179.7518253,1,1209,0,708,98,35,169
1778519179.7662807,2,645,0,671,98,31,165
1778519179.7699606,1,1209,50,711,98,35,169
1778519179.7840812,2,645,0,671,98,31,169
1778519179.7869666,1,1210,-50,710,97,34,171
1778519179.801507,2,645,0,671,97,31,165
1778519179.8054364,1,1209,0,708,99,35,168
1778519179.8194327,2,645,0,671,98,31,167
1778519179.822998,1,1209,0,708,98,35,170
1778519179.8371952,2,645,0,671,98,31,170
1778519179.8401134,1,1209,0,708,98,35,166
1778519179.8545156,2,645,0,671,98,31,164
1778519179.858067,1,1209,50,713,98,35,171
1778519179.8721023,2,645,0,671,98,31,166
1778519179.8749323,1,1209,-50,709,99,35,170
1778519179.889677,2,645,0,671,98,31,166
1778519179.893501,1,1209,0,708,99,35,169
1778519179.9074595,2,645,0,671,97,31,166
1778519179.9108086,1,1209,0,708,98,35,170
1778519179.9254234,2,645,0,671,98,31,164
1778519179.928662,1,1209,0,708,98,35,168
1778519179.9425373,2,645,0,671,98,31,167
1778519179.945521,1,1210,0,708,98,35,166
1778519179.9600303,2,645,0,671,98,31,166
1778519179.963343,1,1209,0,708,98,35,169
1778519179.9773448,2,645,0,671,98,31,166
1778519179.9801128,1,1210,0,708,98,35,167
1778519179.9944015,2,645,0,671,98,31,168
1778519179.9980211,1,1209,0,708,98,35,166
1778519180.0121336,2,645,0,671,97,31,166
1778519180.014905,1,1209,50,712,98,35,169
1778519180.029327,2,645,0,671,98,31,164
1778519180.0333378,1,1209,-50,709,98,35,169
1778519180.0472944,2,645,0,671,98,31,164
1778519180.0502644,1,1209,50,711,98,35,170
1778519180.064797,2,645,0,671,98,31,164
1778519180.0679893,1,1209,-50,710,98,35,167
1778519180.0819292,2,645,0,671,98,31,166
1778519180.084785,1,1209,0,708,98,35,166
1778519180.099239,2,645,0,671,99,31,167
1778519180.10249,1,1209,0,708,98,35,171
1778519180.11647,2,645,0,671,98,31,163
1778519180.1192307,1,1209,0,708,98,35,166
1778519180.133592,2,645,0,671,97,31,164
1778519180.137497,1,1209,50,713,97,35,170
1778519180.1515274,2,645,0,671,98,31,164
1778519180.1546752,1,1209,-50,709,98,35,170
1778519180.1692052,2,645,0,671,99,31,164
1778519180.1724482,1,1209,0,708,97,35,167
1778519180.1864035,2,645,0,671,99,31,167
1778519180.189367,1,1209,0,708,97,35,169
1778519180.2037804,2,645,0,671,98,31,168
1778519180.2069657,1,1209,0,708,97,35,168
1778519180.22119,2,645,0,671,99,31,167
1778519180.2241657,1,1209,0,708,97,35,165
1778519180.2380214,2,645,0,671,99,31,166
1778519180.240954,1,1209,0,708,97,35,167
1778519180.2553988,2,645,0,671,99,31,163
1778519180.2588093,1,1210,0,708,97,35,167
1778519180.2726786,2,645,0,671,99,31,168
1778519180.2754045,1,1210,0,708,97,35,166
1778519180.2898011,2,645,0,671,99,31,163
1778519180.2937253,1,1209,50,712,97,35,169
1778519180.307835,2,645,0,671,99,31,163
1778519180.3110862,1,1209,-50,709,97,35,168
1778519180.325509,2,645,0,671,98,31,167
1778519180.3287258,1,1209,50,711,97,35,170
1778519180.3425977,2,645,0,671,99,31,162
1778519180.3455582,1,1209,-50,710,97,35,170
1778519180.360025,2,645,0,671,98,31,165
1778519180.3634381,1,1209,0,708,97,35,172
1778519180.3773532,2,645,0,671,98,31,166
1778519180.3800094,1,1209,0,708,97,35,164
1778519180.394364,2,645,0,671,98,31,164
1778519180.3979332,1,1209,0,708,97,35,166
1778519180.4119306,2,645,0,671,98,31,162
1778519180.4146695,1,1209,0,708,97,35,165
1778519180.4290056,2,645,0,671,98,31,163
1778519180.4329433,1,1209,0,708,97,35,164
1778519180.4468336,2,645,0,671,98,31,161
1778519180.4499338,1,1209,0,708,97,35,165
1778519180.4643836,2,645,0,671,98,31,164
1778519180.467554,1,1209,0,708,97,36,166
1778519180.4814713,2,645,0,671,98,31,171
1778519180.484394,1,1209,0,708,98,35,171
1778519180.4988253,2,645,0,671,98,31,168
1778519180.502449,1,1209,50,710,98,35,172
1778519180.5164275,2,645,0,671,97,31,163
1778519180.5192556,1,1209,50,713,98,35,166
1778519180.5336316,2,645,0,671,98,31,164
1778519180.5373313,1,1209,-50,708,98,35,164
1778519180.551228,2,645,0,671,98,31,163
1778519180.5544584,1,1209,0,708,98,35,169
1778519180.5690386,2,645,0,671,98,31,167
1778519180.5722353,1,1209,0,708,98,35,168
1778519180.5860283,2,645,0,671,98,31,167
1778519180.5888457,1,1210,0,708,97,35,166
1778519180.6033092,2,645,0,671,98,31,165
1778519180.6066115,1,1209,0,708,98,35,167
1778519180.6207023,2,645,0,671,98,31,161
1778519180.6234608,1,1209,0,708,97,35,166
1778519180.6378853,2,645,0,671,98,31,166
1778519180.641452,1,1209,0,708,97,35,167
1778519180.6556873,2,645,0,671,98,31,160
1778519180.6586716,1,1209,0,708,98,35,165
1778519180.6729062,2,645,0,671,98,31,164
1778519180.6768484,1,1209,50,713,97,35,165
1778519180.6908095,2,645,0,671,98,31,169
1778519180.69384,1,1209,-50,708,97,35,168
1778519180.7082722,2,645,0,671,99,31,161
1778519180.7114198,1,1210,0,708,97,35,164
1778519180.7253194,2,645,0,671,99,31,165
1778519180.7281272,1,1209,0,708,97,35,166
1778519180.7424464,2,645,0,671,98,31,163
1778519180.7459872,1,1209,0,708,97,35,166
1778519180.76005,2,645,0,671,99,31,162
1778519180.7629771,1,1209,50,710,97,35,169
1778519180.7774384,2,645,0,671,97,31,165
1778519180.7814724,1,1209,-50,711,97,35,168
1778519180.7954097,2,645,0,671,98,31,164
1778519180.7986913,1,1209,-50,707,97,35,163
1778519180.8132982,2,645,0,671,98,31,164
1778519180.8165653,1,1209,0,708,97,35,166
1778519180.8304758,2,645,0,671,98,31,163
1778519180.833413,1,1209,0,708,97,35,166
1778519180.8478572,2,645,0,671,98,31,164
1778519180.8511436,1,1209,50,712,97,35,167
1778519180.8653038,2,645,0,671,97,31,162
1778519180.868234,1,1209,-50,709,98,35,162
1778519180.8821123,2,645,0,671,98,31,160
1778519180.884915,1,1209,0,708,98,35,164
1778519180.899358,2,645,0,671,98,31,160
1778519180.9027216,1,1209,50,710,98,35,166
1778519180.916676,2,645,0,671,97,31,165
1778519180.9194832,1,1209,-50,711,98,35,166
1778519180.9337332,2,645,0,671,97,31,165
1778519180.9372747,1,1209,-50,708,98,35,166
1778519180.9513836,2,645,0,671,98,31,167
1778519180.9542444,1,1209,0,708,97,35,166
1778519180.968595,2,645,0,671,98,31,165
1778519180.9725516,1,1210,0,708,97,35,165
1778519180.9865985,2,645,0,671,98,31,165
1778519180.9894605,1,1209,0,708,97,35,164
1778519181.003958,2,645,0,671,98,31,162
1778519181.007348,1,1209,0,708,97,35,163
1778519181.0213065,2,645,0,671,98,31,160
1778519181.0240016,1,1209,0,708,97,35,164
1778519181.0384727,2,645,0,671,98,31,164
1778519181.0421681,1,1209,0,708,97,35,165
1778519181.0560784,2,645,0,671,98,31,160
1778519181.0591648,1,1209,0,708,97,35,165
1778519181.0736992,2,645,0,671,98,31,164
1778519181.076851,1,1209,0,708,97,35,165
1778519181.0907342,2,645,0,671,97,31,163
1778519181.0936832,1,1210,0,708,97,35,165
1778519181.108133,2,645,0,671,98,31,161
1778519181.1113942,1,1209,0,708,97,35,165
1778519181.1253655,2,645,0,671,98,31,159
1778519181.1282296,1,1210,50,712,97,35,167
1778519181.1425502,2,645,0,671,98,31,164
1778519181.1461751,1,1209,-50,710,97,35,163
1778519181.1607585,2,645,0,671,98,31,163
1778519181.1637406,1,1209,50,711,97,35,163
1778519181.1775706,2,645,0,671,97,31,162
1778519181.180462,1,1209,-50,711,97,35,168
1778519181.1950376,2,645,0,671,98,31,164
1778519181.1984036,1,1209,0,708,98,35,166
1778519181.212319,2,645,0,671,98,31,161
1778519181.2152152,1,1209,0,708,98,35,164
1778519181.229554,2,645,0,671,98,31,164
1778519181.2334917,1,1209,50,713,98,35,171
1778519181.2474616,2,645,0,671,98,31,162
1778519181.2507,1,1209,0,712,98,35,165
1778519181.2653427,2,645,0,671,98,31,160
1778519181.2686086,1,1209,0,712,98,35,170
1778519181.2825122,2,645,0,671,97,32,163
1778519181.2855191,1,1209,-50,710,98,35,168
1778519181.30017,2,645,0,671,97,31,160
1778519181.3034773,1,1209,50,711,98,35,166
1778519181.3173978,2,645,0,671,97,31,161
1778519181.3202786,1,1209,-50,711,98,35,165
1778519181.334894,2,645,0,671,98,31,163
1778519181.338458,1,1210,50,710,98,35,167
1778519181.3527749,2,645,0,671,98,31,160
1778519181.3557887,1,1210,50,713,98,35,168
1778519181.3703063,2,645,0,671,98,31,163
1778519181.3739722,1,1210,-50,708,98,35,165
1778519181.388102,2,645,0,671,97,31,160
1778519181.3908825,1,1209,50,712,98,35,173
1778519181.405272,2,645,0,671,97,31,161
1778519181.4091477,1,1210,0,712,98,35,165
1778519181.4230433,2,645,0,671,98,31,160
1778519181.4259074,1,1209,-50,709,98,35,163
1778519181.4405007,2,645,0,671,97,31,164
1778519181.4439888,1,1210,50,711,98,35,169
1778519181.4579856,2,645,0,671,97,31,171
1778519181.4608467,1,1210,0,712,98,35,165
1778519181.4753106,2,645,0,671,98,31,164
1778519181.4788144,1,1209,-50,711,98,35,163
1778519181.4927793,2,645,0,671,98,32,165
1778519181.4955688,1,1210,-50,707,98,35,166
1778519181.509916,2,645,0,671,97,31,160
1778519181.5138948,1,1209,50,713,98,35,166
1778519181.5278957,2,645,0,671,98,31,158
1778519181.5306442,1,1210,-50,708,98,35,165
1778519181.5453563,2,645,0,671,98,31,158
1778519181.549486,1,1209,0,708,97,35,164
1778519181.563497,2,645,0,671,97,31,160
1778519181.5668252,1,1209,50,712,98,35,166
1778519181.5813987,2,645,0,671,97,31,162
1778519181.5847259,1,1209,-50,710,98,35,167
1778519181.5986037,2,645,0,671,98,31,160
1778519181.6017058,1,1210,50,711,97,35,165
1778519181.6162024,2,645,0,671,98,32,160
1778519181.6194835,1,1209,0,712,97,35,164
1778519181.6334257,2,645,0,671,98,31,161
1778519181.6361768,1,1209,-50,711,97,35,163
1778519181.650508,2,645,0,671,98,31,167
1778519181.6542454,1,1209,-50,708,97,35,161
1778519181.6683338,2,645,0,671,98,31,161
1778519181.671104,1,1209,0,708,98,35,164
1778519181.6857095,2,645,0,671,98,31,161
1778519181.6896732,1,1209,0,708,98,35,171
1778519181.7036757,2,645,0,671,98,31,163
1778519181.7072387,1,1209,0,708,98,35,166
1778519181.7220411,2,645,0,671,98,31,161
1778519181.7252307,1,1209,0,708,98,36,162
1778519181.739383,2,645,0,671,98,31,161
1778519181.7423542,1,1210,50,711,97,35,165
1778519181.7567341,2,645,0,671,99,31,158
1778519181.7604501,1,1209,-50,710,97,35,168
1778519181.774413,2,645,0,671,98,31,158
1778519181.7774522,1,1209,0,708,97,35,162
1778519181.791886,2,645,0,671,99,31,176
1778519181.7951868,1,1209,0,708,97,35,166
1778519181.8091867,2,645,0,671,99,32,158
1778519181.8119822,1,1210,0,708,97,35,164
1778519181.8265579,2,645,0,671,99,31,160
1778519181.8302681,1,1209,0,708,97,35,167
1778519181.8444865,2,645,0,671,98,31,159
1778519181.8474672,1,1210,0,708,97,35,165
1778519181.8617997,2,645,0,671,99,31,162
1778519181.8653362,1,1209,0,708,97,35,161
1778519181.8794348,2,645,0,671,99,31,161
1778519181.8823755,1,1210,50,711,97,35,167
1778519181.8968785,2,645,0,671,99,31,160
1778519181.9008741,1,1210,-50,710,97,35,165
1778519181.9148445,2,645,0,671,99,31,161
1778519181.9179935,1,1210,0,708,97,35,163
1778519181.9325688,2,645,0,671,99,31,160
1778519181.9357343,1,1210,50,710,97,35,167
1778519181.949651,2,645,0,671,98,31,161
1778519181.9524226,1,1209,50,713,97,35,163
1778519181.9668503,2,645,0,671,98,31,158
1778519181.9702508,1,1210,0,712,98,35,167
1778519181.984684,2,645,0,671,98,31,162
1778519181.9877656,1,1210,-50,709,98,35,163
1778519182.0016713,2,645,0,671,98,31,163
1778519182.004613,1,1209,0,708,97,35,160
1778519182.0190728,2,645,0,671,98,31,157
1778519182.0224824,1,1210,50,711,98,35,164
1778519182.0363982,2,645,0,671,98,32,158
1778519182.039206,1,1210,-50,710,98,35,166
1778519182.053935,2,645,0,671,98,31,163
1778519182.0580213,1,1210,0,708,98,35,163
1778519182.0719218,2,645,0,671,98,31,159
1778519182.0755749,1,1210,50,710,98,35,161
1778519182.0898874,2,645,0,671,98,31,162
1778519182.0928543,1,1209,50,713,98,35,166
1778519182.1066453,2,645,0,671,98,31,162
1778519182.1097188,1,1209,0,712,97,35,165
1778519182.1242695,2,645,0,671,98,32,157
1778519182.1276665,1,1210,-50,709,98,35,161
1778519182.1415992,2,645,0,671,98,31,156
1778519182.144414,1,1210,0,708,98,35,164
1778519182.1587863,2,645,0,671,98,31,160
1778519182.1623535,1,1209,0,708,98,35,162
1778519182.1767778,2,645,0,671,98,31,158
1778519182.1797526,1,1209,50,711,98,35,165
1778519182.1935787,2,645,0,671,97,31,157
1778519182.196381,1,1209,0,712,98,35,163
1778519182.2108805,2,645,0,671,98,32,155
1778519182.2141361,1,1209,-50,711,98,35,163
1778519182.2283456,2,645,0,671,98,31,161
1778519182.231356,1,1209,-50,708,98,35,162
1778519182.246053,2,645,0,671,97,31,160
1778519182.2500358,1,1210,50,713,98,35,164
1778519182.2639408,2,645,0,671,97,31,172
1778519182.2674048,1,1209,0,712,98,35,168
1778519182.2819636,2,645,0,671,97,32,160
1778519182.2849343,1,1210,-50,709,98,35,164
1778519182.2989688,2,645,0,671,97,32,163
1778519182.302019,1,1209,50,711,98,35,163
1778519182.3164878,2,645,0,671,97,31,159
1778519182.31972,1,1209,-50,710,98,35,162
1778519182.3337262,2,645,0,671,98,31,157
1778519182.3366063,1,1210,0,708,97,35,163
1778519182.3510926,2,645,0,671,98,32,156
1778519182.354662,1,1210,50,710,98,35,164
1778519182.368721,2,645,0,671,97,32,161
1778519182.371492,1,1210,50,713,98,35,165
1778519182.3858852,2,645,0,671,98,32,156
1778519182.389887,1,1209,-50,708,98,35,162
1778519182.4038937,2,645,0,671,98,32,157
1778519182.4073606,1,1209,0,708,98,35,160
1778519182.4222608,2,645,0,671,98,31,155
1778519182.4254854,1,1210,0,708,98,35,163
1778519182.4396825,2,645,0,671,98,31,157
1778519182.4426537,1,1209,0,708,97,35,162
1778519182.4564521,2,645,0,671,97,32,158
1778519182.4592516,1,1209,50,711,98,35,165
1778519182.4739122,2,645,0,671,97,32,157
1778519182.4777262,1,1209,0,712,98,35,173
1778519182.4915788,2,645,0,671,97,32,160
1778519182.4948318,1,1209,-50,711,98,35,162
1778519182.5095155,2,645,0,671,98,32,156
1778519182.5127852,1,1209,-50,708,98,35,164
1778519182.526764,2,645,0,671,97,32,160
1778519182.5299072,1,1209,0,708,98,35,162
1778519182.544369,2,645,0,671,97,32,158
1778519182.5477118,1,1210,0,708,98,35,160
1778519182.5616386,2,645,0,671,97,32,161
1778519182.5644777,1,1210,0,708,98,35,161
1778519182.5789578,2,645,0,671,97,32,158
1778519182.582346,1,1210,50,712,98,35,163
1778519182.5962963,2,645,0,671,97,32,159
1778519182.5990746,1,1209,-50,710,98,35,162
1778519182.6133673,2,645,0,671,97,32,160
1778519182.6173146,1,1209,0,708,98,35,166
1778519182.631279,2,645,0,671,97,32,157
1778519182.6346338,1,1209,0,708,98,35,164
1778519182.649197,2,645,0,671,99,32,155
1778519182.6523974,1,1210,50,710,97,35,163
1778519182.6664789,2,645,0,671,98,32,158
1778519182.6695855,1,1209,50,713,97,35,163
1778519182.6841106,2,645,0,671,98,32,160
1778519182.6873257,1,1209,-50,708,97,35,166
1778519182.7012527,2,645,0,671,98,32,157
1778519182.7039537,1,1210,50,712,97,35,167
1778519182.7182436,2,645,0,671,98,32,161
1778519182.7217925,1,1210,0,712,97,35,164
1778519182.735814,2,645,0,671,98,32,155
1778519182.7386904,1,1209,0,712,96,35,163
1778519182.7534728,2,645,0,671,98,32,154
1778519182.7574983,1,1210,-50,710,97,35,165
1778519182.7714486,2,645,0,671,98,32,157
1778519182.7747881,1,1209,0,708,97,35,163
1778519182.789388,2,645,0,671,98,32,156
1778519182.7925866,1,1209,0,708,97,35,160
1778519182.8065557,2,645,0,671,98,32,157
1778519182.8097827,1,1209,0,708,97,35,167
1778519182.8239884,2,645,0,671,97,32,155
1778519182.8270113,1,1210,50,713,97,35,165
1778519182.841479,2,645,0,671,98,32,158
1778519182.845424,1,1210,0,712,98,35,164
1778519182.859314,2,645,0,671,98,32,158
1778519182.8621373,1,1209,0,712,98,35,161
1778519182.876638,2,645,0,671,97,32,158
1778519182.879818,1,1210,0,712,98,35,162
1778519182.8937461,2,645,0,671,98,32,160
1778519182.8965955,1,1209,-50,710,97,35,164
1778519182.9111128,2,645,0,671,98,32,158
1778519182.9143448,1,1209,0,708,97,35,161
1778519182.928307,2,645,0,671,98,32,157
1778519182.9310143,1,1210,50,710,97,35,160
1778519182.9454718,2,645,0,671,98,32,158
1778519182.9495318,1,1209,50,713,97,35,164
1778519182.963479,2,645,0,671,97,32,161
1778519182.96671,1,1209,0,712,97,35,161
1778519182.9813566,2,645,0,671,98,32,157
1778519182.9846036,1,1210,-50,709,97,35,159
1778519182.9985807,2,645,0,671,98,32,153
1778519183.00163,1,1209,50,712,98,35,164
1778519183.0161011,2,645,0,671,97,32,159
1778519183.0195005,1,1209,0,712,98,35,162
1778519183.033502,2,645,0,671,98,32,155
1778519183.0362697,1,1210,-50,710,96,35,167
1778519183.051406,2,645,0,671,95,32,149
1778519183.0561938,1,1209,0,708,94,35,157
1778519183.0712283,2,645,0,671,95,32,151
1778519183.0753446,1,1210,50,710,94,35,160
1778519183.089542,2,645,0,671,94,32,153
1778519183.0923254,1,1209,0,712,94,35,161
1778519183.1069765,2,645,0,671,94,32,153
1778519183.11042,1,1210,0,711,94,35,156
1778519183.1245704,2,645,0,671,94,32,150
1778519183.127344,1,1210,-50,708,94,35,157
1778519183.1416879,2,645,0,671,94,32,148
1778519183.1453385,1,1210,0,708,94,35,153
1778519183.1594636,2,645,0,671,93,32,150
1778519183.162826,1,1209,50,712,94,35,158
1778519183.1774704,2,645,0,671,93,32,152
1778519183.1807854,1,1209,0,712,93,35,157
1778519183.194755,2,645,0,671,94,32,147
1778519183.1975505,1,1210,0,712,93,36,153
1778519183.2119577,2,645,0,671,94,32,148
1778519183.2153137,1,1210,-50,710,93,35,157
1778519183.2292151,2,645,0,671,94,32,149
1778519183.2319455,1,1210,0,708,93,35,156
1778519183.246271,2,645,0,671,94,32,150
1778519183.2498105,1,1210,0,710,93,35,156
1778519183.2643666,2,645,0,671,94,32,148
1778519183.2674768,1,1210,50,713,94,35,156
1778519183.2814808,2,645,0,671,94,32,149
1778519183.2844634,1,1209,0,712,94,35,154
1778519183.2983882,2,645,0,671,94,32,151
1778519183.301304,1,1210,0,712,94,35,154
1778519183.315676,2,645,0,671,94,32,151
1778519183.31896,1,1210,0,712,94,35,155
1778519183.3333757,2,645,0,671,94,32,153
1778519183.336482,1,1210,-50,710,94,35,159
1778519183.3505843,2,645,0,671,95,32,149
1778519183.3536096,1,1210,0,708,95,35,154
1778519183.3681934,2,645,0,671,94,32,150
1778519183.3723056,1,1209,0,708,95,35,155
1778519183.3865314,2,645,0,671,95,32,149
1778519183.3894293,1,1210,0,708,94,35,154
1778519183.4039624,2,645,0,671,95,32,152
1778519183.4072814,1,1210,0,708,94,35,159
1778519183.421472,2,645,0,671,95,32,151
1778519183.4244244,1,1210,50,713,95,35,157
1778519183.4382212,2,645,0,671,95,32,153
1778519183.4411285,1,1210,0,712,95,35,161
1778519183.4555209,2,645,0,671,95,32,154
1778519183.4588304,1,1210,0,712,96,35,160
1778519183.472865,2,645,0,671,96,32,155
1778519183.47576,1,1210,0,712,97,35,160
1778519183.4900398,2,645,0,671,96,32,154
1778519183.493619,1,1210,0,712,97,35,160
1778519183.5075877,2,645,0,671,97,32,152
1778519183.510387,1,1210,-50,711,96,35,168
1778519183.524848,2,645,0,671,97,32,152
1778519183.5286987,1,1210,-50,707,96,35,171
1778519183.5425968,2,645,0,671,97,32,156
1778519183.545474,1,1209,50,713,96,35,159
1778519183.5600343,2,645,0,671,96,31,155
1778519183.5633607,1,1209,0,712,96,35,160
1778519183.5772796,2,645,0,671,97,32,155
1778519183.580064,1,1209,0,712,97,35,160
1778519183.5943062,2,645,0,671,97,32,153
1778519183.5978603,1,1209,-50,709,97,35,158
1778519183.6124034,2,645,0,671,98,32,155
1778519183.6154041,1,1210,0,708,99,35,165
1778519183.6293743,2,645,0,671,99,32,155
1778519183.6321247,1,1209,50,710,98,35,165
1778519183.6465473,2,645,0,671,100,32,160
1778519183.6500738,1,1210,0,712,99,35,166
1778519183.664328,2,645,0,671,100,32,157
1778519183.667284,1,1210,0,712,98,35,165
1778519183.6815605,2,645,0,671,99,32,155
1778519183.6850965,1,1209,-50,708,99,35,160
1778519183.6989543,2,645,0,671,99,32,155
1778519183.7018235,1,1209,50,712,99,35,164
1778519183.7161958,2,645,0,671,99,32,158
1778519183.719476,1,1209,-50,709,99,35,166
1778519183.733452,2,645,0,671,99,32,158
1778519183.7362378,1,1210,50,711,100,35,164
1778519183.7505407,2,645,0,671,99,32,155
1778519183.7540789,1,1209,-50,710,100,35,162
1778519183.7680707,2,645,0,671,99,32,162
1778519183.7709074,1,1210,0,708,100,35,167
1778519183.7856061,2,645,0,671,100,32,157
1778519183.7894795,1,1210,50,710,99,35,165
1778519183.803379,2,645,0,671,100,32,160
1778519183.8067944,1,1209,50,713,99,35,167
1778519183.821465,2,645,0,671,100,32,161
1778519183.8246953,1,1210,-50,708,99,35,166
1778519183.838616,2,645,0,671,99,32,157
1778519183.8415549,1,1209,0,708,99,35,160
1778519183.8562155,2,645,0,671,100,32,156
1778519183.8594854,1,1210,0,708,100,35,163
1778519183.873468,2,645,0,671,99,32,157
1778519183.876208,1,1210,50,711,100,35,167
1778519183.8905556,2,645,0,671,100,32,160
1778519183.8941631,1,1209,0,712,99,35,164
1778519183.9081366,2,645,0,671,101,32,157
1778519183.910908,1,1209,-50,710,99,35,165
1778519183.9253025,2,645,0,671,100,32,161
1778519183.9291465,1,1209,0,708,99,35,164
1778519183.9433055,2,645,0,671,100,32,156
1778519183.9466581,1,1210,0,708,99,35,164
1778519183.961222,2,645,0,671,100,32,158
1778519183.9644723,1,1210,50,713,100,35,166
1778519183.9784322,2,645,0,671,99,32,158
1778519183.9815238,1,1209,0,712,100,35,167
1778519183.9960642,2,645,0,671,99,32,155
1778519183.9995484,1,1210,0,712,100,35,166
1778519184.013494,2,645,0,671,99,32,160
1778519184.0162246,1,1209,0,712,99,35,167
1778519184.0306199,2,645,0,671,100,32,156
1778519184.0341072,1,1210,0,712,99,35,168
1778519184.0482488,2,645,0,671,101,32,161
1778519184.0511632,1,1209,0,712,99,35,167
1778519184.065617,2,645,0,671,101,32,160
1778519184.069209,1,1209,0,712,100,35,166
1778519184.083108,2,645,0,671,100,32,155
1778519184.0860722,1,1209,0,712,99,35,165
1778519184.1005476,2,645,0,671,100,32,172
1778519184.1037943,1,1210,-50,708,100,35,165
1778519184.117849,2,645,0,671,100,32,156
1778519184.1207073,1,1210,0,708,100,35,165
1778519184.1351676,2,645,0,671,100,32,158
1778519184.138407,1,1210,50,712,100,35,163
1778519184.1527166,2,645,0,671,101,32,157
1778519184.1557133,1,1210,0,712,99,35,166
1778519184.169539,2,645,0,671,101,32,173
1778519184.1723456,1,1209,0,712,99,35,163
1778519184.1868489,2,645,0,671,101,32,159
1778519184.1903245,1,1209,0,712,99,35,165
1778519184.204382,2,645,0,671,100,32,155
1778519184.2074924,1,1209,-50,711,99,35,162
1778519184.2219312,2,645,0,671,100,32,159
1778519184.225434,1,1209,-50,707,100,35,164
1778519184.2395804,2,645,0,671,100,32,153
1778519184.2424693,1,1209,50,713,100,35,166
1778519184.256847,2,645,0,671,100,32,157
1778519184.261006,1,1209,0,712,100,35,164
1778519184.2750618,2,645,0,671,100,32,158
1778519184.2780805,1,1209,0,712,100,35,169
1778519184.292563,2,645,0,671,99,32,156
1778519184.295762,1,1210,0,712,100,35,166
1778519184.309879,2,645,0,671,99,32,157
1778519184.3128514,1,1210,0,712,100,35,166
1778519184.326726,2,645,0,671,100,32,160
1778519184.329798,1,1210,0,712,100,35,167
1778519184.3444006,2,645,0,671,100,32,158
1778519184.347829,1,1209,0,712,99,35,167
1778519184.361753,2,645,0,671,101,32,155
1778519184.3644862,1,1210,0,712,99,35,166
1778519184.379121,2,645,0,671,100,32,157
1778519184.382674,1,1210,0,712,99,35,164
1778519184.3971992,2,645,0,671,100,32,155
1778519184.400148,1,1209,0,712,99,35,164
1778519184.4139934,2,645,0,671,100,32,155
1778519184.4168441,1,1210,0,712,99,35,165
1778519184.4313319,2,645,0,671,100,32,157
1778519184.4346879,1,1210,0,712,100,35,166
1778519184.4488304,2,645,0,671,100,32,157
1778519184.4519353,1,1209,0,712,100,35,162
1778519184.4662871,2,645,0,671,100,32,154
1778519184.469551,1,1209,0,712,100,35,163
1778519184.4836426,2,645,0,671,99,32,154
1778519184.486626,1,1210,0,712,100,35,163
1778519184.5009317,2,645,0,671,100,32,154
1778519184.5049515,1,1210,0,712,99,35,163
1778519184.5191991,2,645,0,671,100,32,155
1778519184.5221646,1,1209,0,712,99,35,162
1778519184.5365634,2,645,0,671,100,32,155
1778519184.5404017,1,1209,0,712,99,35,165
1778519184.5546005,2,645,0,671,100,32,157
1778519184.5575874,1,1209,0,712,99,35,167
1778519184.5721698,2,645,0,671,100,32,156
1778519184.5758502,1,1210,0,712,99,35,165
1778519184.5900068,2,645,0,671,99,32,162
1778519184.5928276,1,1210,-50,710,99,35,164
1778519184.607321,2,645,0,671,100,32,157
1778519184.6105883,1,1210,0,708,100,35,162
1778519184.6245708,2,645,0,671,99,32,160
1778519184.6273823,1,1210,50,710,100,35,163
1778519184.6416702,2,645,0,671,99,32,157
1778519184.64527,1,1210,-50,711,100,35,166
1778519184.6590974,2,645,0,671,100,32,154
1778519184.662299,1,1210,-50,708,99,35,163
1778519184.6769834,2,645,0,671,100,32,156
1778519184.6802626,1,1210,50,713,99,35,164
1778519184.6942277,2,645,0,671,100,32,153
1778519184.6970985,1,1210,0,712,99,35,165
1778519184.7116547,2,645,0,671,100,32,155
1778519184.715006,1,1210,0,712,99,35,163
1778519184.7290335,2,645,0,671,99,32,153
1778519184.7319083,1,1210,0,712,100,35,166
1778519184.746156,2,645,0,671,99,32,154
1778519184.749767,1,1210,0,712,100,35,161
1778519184.764332,2,645,0,671,99,32,154
1778519184.7675683,1,1210,0,712,100,35,162
1778519184.7815201,2,645,0,671,100,32,154
1778519184.784256,1,1210,0,712,99,35,165
1778519184.798785,2,645,0,671,100,32,154
1778519184.8023868,1,1210,0,712,99,35,163
1778519184.8164544,2,645,0,671,99,32,154
1778519184.8192875,1,1209,0,712,99,35,163
1778519184.8336706,2,645,0,671,99,32,158
1778519184.8376267,1,1210,0,712,99,35,164
1778519184.851567,2,645,0,671,99,31,158
1778519184.8548882,1,1210,-50,709,100,35,162
1778519184.8692822,2,645,0,671,99,32,154
1778519184.8722796,1,1209,50,711,100,35,164
1778519184.8862803,2,645,0,671,99,32,156
1778519184.8891382,1,1209,0,712,99,35,164
1778519184.9036674,2,645,0,671,100,32,153
1778519184.906979,1,1210,0,712,98,35,165
1778519184.9211848,2,645,0,671,100,32,156
1778519184.9241102,1,1209,-50,711,98,35,163
1778519184.938073,2,645,0,671,99,32,158
1778519184.941092,1,1209,-50,708,98,35,160
1778519184.9555423,2,645,0,671,99,32,152
1778519184.9588902,1,1209,50,713,99,35,161
1778519184.973278,2,645,0,671,99,32,157
1778519184.9762886,1,1210,0,712,99,35,163
1778519184.990215,2,645,0,671,99,32,157
1778519184.993108,1,1210,-50,709,99,36,161
1778519185.007705,2,645,0,671,99,32,157
1778519185.0110717,1,1209,50,711,100,35,160
1778519185.0250332,2,645,0,671,99,32,154
1778519185.0277889,1,1210,0,712,100,35,161
1778519185.0421016,2,645,0,671,99,32,156
1778519185.0457168,1,1210,0,712,99,35,162
1778519185.0603287,2,645,0,671,99,32,152
1778519185.0634036,1,1210,0,712,100,35,162
1778519185.0780444,2,645,0,671,100,32,157
1778519185.081612,1,1209,0,712,99,35,165
1778519185.0962908,2,645,0,671,100,32,153
1778519185.0993261,1,1210,0,712,99,35,164
1778519185.113245,2,645,0,671,100,32,155
1778519185.1160643,1,1210,0,712,98,35,163
1778519185.1304588,2,645,0,671,100,32,156
1778519185.1340628,1,1210,0,712,98,35,164
1778519185.148671,2,645,0,671,100,32,152
1778519185.151654,1,1209,0,712,98,35,163
1778519185.1654894,2,645,0,671,100,32,154
1778519185.1682343,1,1210,0,712,98,35,162
1778519185.182791,2,645,0,671,100,32,159
1778519185.1864562,1,1210,0,712,98,35,161
1778519185.2006397,2,645,0,671,100,32,157
1778519185.2034526,1,1209,-50,711,98,35,158
1778519185.217738,2,645,0,671,99,32,154
1778519185.2213106,1,1210,-50,707,99,35,162
1778519185.235254,2,645,0,671,99,32,154
1778519185.2385097,1,1209,50,713,98,35,164
1778519185.2527444,2,645,0,671,99,32,151
1778519185.2556605,1,1210,0,712,99,35,164
1778519185.2699785,2,645,0,671,99,32,155
1778519185.2735007,1,1209,0,712,100,35,163
1778519185.2876225,2,645,0,671,99,32,156
1778519185.2903895,1,1210,0,712,99,35,161
1778519185.3049417,2,645,0,671,98,32,156
1778519185.308894,1,1210,0,712,99,35,162
1778519185.3228414,2,645,0,671,99,32,152
1778519185.325814,1,1210,-50,710,99,35,162
1778519185.3402455,2,645,0,671,100,32,157
1778519185.3433566,1,1209,0,708,98,35,171
1778519185.3572662,2,645,0,671,100,32,157
1778519185.3600888,1,1210,0,708,98,35,159
1778519185.3745377,2,645,0,671,99,32,151
1778519185.3781292,1,1210,50,713,97,35,158
1778519185.3927941,2,645,0,671,97,32,154
1778519185.3959324,1,1209,-50,708,97,35,155
1778519185.4099104,2,645,0,671,98,32,149
1778519185.4128373,1,1210,50,712,97,35,161
1778519185.427289,2,645,0,671,98,32,154
1778519185.430595,1,1210,-50,709,97,35,162
1778519185.444897,2,645,0,671,98,32,151
1778519185.4479463,1,1210,50,711,98,35,161
1778519185.4618344,2,645,0,671,98,32,152
1778519185.4646788,1,1210,-50,711,98,35,164
1778519185.4791892,2,645,0,671,98,32,152
1778519185.482757,1,1210,50,710,98,35,161
1778519185.4968858,2,645,0,671,98,32,151
1778519185.4996622,1,1210,50,713,98,35,163
1778519185.5140276,2,645,0,671,99,32,153
1778519185.517518,1,1210,0,712,98,35,162
1778519185.5316107,2,645,0,671,98,32,153
1778519185.534442,1,1210,0,712,97,35,161
1778519185.5489807,2,645,0,671,98,32,151
1778519185.5529518,1,1210,0,712,97,35,160
1778519185.5668678,2,645,0,671,98,32,150
1778519185.56975,1,1210,0,712,97,35,161
1778519185.5843241,2,645,0,671,98,32,155
1778519185.587715,1,1210,0,712,97,35,158
1778519185.6016333,2,645,0,671,98,32,149
1778519185.6044843,1,1210,-50,710,97,35,157
1778519185.6190562,2,645,0,671,98,32,150
1778519185.6226366,1,1209,50,710,98,35,160
1778519185.636724,2,645,0,671,98,32,152
1778519185.6396172,1,1210,50,713,98,35,162
1778519185.6540136,2,645,0,671,98,32,158
1778519185.657553,1,1210,0,712,97,35,161
1778519185.671762,2,645,0,671,99,32,155
1778519185.6746783,1,1210,0,712,97,35,161
1778519185.6889606,2,645,0,671,98,32,151
1778519185.6927905,1,1210,0,712,98,35,161
1778519185.7067704,2,645,0,671,98,32,150
1778519185.7098005,1,1210,-50,709,97,35,156
1778519185.7238982,2,645,0,671,98,32,150
1778519185.7270072,1,1210,50,711,98,35,157
1778519185.7412846,2,645,0,671,98,32,153
1778519185.7448714,1,1210,0,712,98,35,158
1778519185.7587144,2,645,0,671,98,32,155
1778519185.7614822,1,1209,0,712,98,35,158
1778519185.7759914,2,645,0,671,99,32,155
1778519185.7792358,1,1210,0,712,97,35,158
1778519185.7933393,2,645,0,671,99,32,155
1778519185.7962253,1,1210,0,712,97,35,160
1778519185.8102276,2,645,0,671,99,32,155
1778519185.8132608,1,1210,0,712,98,35,162
1778519185.827824,2,645,0,671,98,32,152
1778519185.8312523,1,1210,0,712,98,35,158
1778519185.8454454,2,645,0,671,99,32,166
1778519185.8483331,1,1210,0,712,98,35,160
1778519185.862202,2,645,0,671,98,32,151
1778519185.865287,1,1210,-50,710,98,35,158
1778519185.879822,2,645,0,671,98,32,155
1778519185.883174,1,1210,0,708,98,35,158
1778519185.897126,2,645,0,671,98,32,151
1778519185.8999207,1,1209,0,708,98,35,159
1778519185.9144454,2,645,0,671,98,32,154
1778519185.9180217,1,1210,0,708,98,35,160
1778519185.9319878,2,645,0,671,98,32,152
1778519185.9347832,1,1210,50,713,98,35,160
1778519185.949436,2,645,0,671,98,32,151
1778519185.9533844,1,1209,0,712,99,36,161
1778519185.9672625,2,645,0,671,98,32,150
1778519185.9701195,1,1210,-50,709,99,35,160
1778519185.9845853,2,645,0,671,98,32,151
1778519185.9880123,1,1209,50,711,99,35,160
1778519186.001902,2,645,0,671,100,32,150
1778519186.0047138,1,1210,-50,710,98,35,160
1778519186.0191321,2,645,0,671,100,32,155
1778519186.0223937,1,1210,50,710,98,35,162
1778519186.0365918,2,645,0,671,99,32,152
1778519186.039397,1,1210,0,712,98,35,160
1778519186.0536854,2,645,0,671,99,32,154
1778519186.0574496,1,1210,0,712,98,35,160
1778519186.0713894,2,645,0,671,98,32,151
1778519186.0745149,1,1210,0,712,98,35,160
1778519186.0890274,2,645,0,671,98,32,150
1778519186.0922444,1,1210,0,712,98,35,163
1778519186.1062646,2,645,0,671,98,32,153
1778519186.1094115,1,1210,0,712,98,35,158
1778519186.123823,2,645,0,671,98,32,154
1778519186.127071,1,1210,0,712,99,35,160
1778519186.1414046,2,645,0,671,99,32,152
1778519186.1444187,1,1209,0,712,99,35,160
1778519186.158718,2,645,0,671,99,32,152
1778519186.1621082,1,1210,0,712,99,36,158
1778519186.1760175,2,645,0,671,98,32,157
1778519186.1788168,1,1210,0,712,99,35,157
1778519186.1933467,2,645,0,671,99,32,150
1778519186.1973393,1,1210,0,712,99,35,161
1778519186.211339,2,645,0,671,99,32,152
1778519186.2145112,1,1210,0,712,98,35,158
1778519186.2290268,2,645,0,671,99,32,153
1778519186.2322505,1,1210,0,712,98,35,161
1778519186.246322,2,645,0,671,100,32,155
1778519186.249211,1,1210,0,712,98,35,160
1778519186.2631292,2,645,0,671,99,32,154
1778519186.2661088,1,1210,0,712,98,36,160
1778519186.280645,2,645,0,671,99,32,155
1778519186.2838094,1,1210,-50,710,98,35,157
1778519186.2977982,2,645,0,671,99,32,150
1778519186.300857,1,1210,50,710,98,35,160
1778519186.3156364,2,645,0,671,99,32,150
1778519186.3190901,1,1210,0,712,98,35,157
1778519186.3331118,2,645,0,671,99,32,152
1778519186.3359118,1,1209,0,712,99,35,161
1778519186.350562,2,645,0,671,98,32,152
1778519186.3541667,1,1210,-50,708,99,35,159
1778519186.368246,2,645,0,671,100,32,155
1778519186.3709886,1,1210,50,712,98,35,161
1778519186.385874,2,645,0,671,100,32,153
1778519186.3897452,1,1210,0,712,98,35,161
1778519186.4039986,2,645,0,671,99,32,152
1778519186.4067695,1,1210,0,712,98,36,158
1778519186.4215455,2,645,0,671,99,32,151
1778519186.4254916,1,1210,0,710,99,35,160
1778519186.4395227,2,645,0,671,99,32,152
1778519186.442742,1,1210,0,701,100,36,157
1778519186.4574068,2,645,0,671,99,32,156
1778519186.460602,1,1210,-50,684,100,36,146
1778519186.474493,2,645,0,671,101,32,154
1778519186.4772954,1,1209,50,663,101,35,140
1778519186.4917097,2,645,0,671,101,32,154
1778519186.4950807,1,1210,50,638,101,35,129
1778519186.5090153,2,645,0,671,102,32,155
1778519186.5117817,1,1210,0,604,101,36,119
1778519186.5261729,2,645,0,671,103,32,157
1778519186.5297523,1,1210,0,566,102,35,101
1778519186.5437942,2,645,0,671,104,32,158
1778519186.5465872,1,1210,0,520,103,35,83
1778519186.561308,2,645,0,671,104,32,158
1778519186.5652764,1,1210,0,466,104,35,66
1778519186.5792444,2,645,0,671,105,32,162
1778519186.582372,1,1210,0,410,105,35,55
1778519186.596864,2,645,0,671,106,32,164
1778519186.6000829,1,1210,0,344,106,35,34
1778519186.6140397,2,645,0,671,108,32,164
1778519186.616933,1,1210,0,276,108,35,22
1778519186.631689,2,645,0,671,108,32,164
1778519186.63493,1,1210,0,198,109,35,11
1778519186.6491754,2,645,0,671,109,32,165
1778519186.6519873,1,1211,0,123,110,35,5
1778519186.6668124,2,645,0,671,109,32,166
1778519186.6704595,1,1212,50,49,109,35,2
1778519186.6847386,2,645,0,671,109,32,166
1778519186.687509,1,1215,150,36,110,35,0
1778519186.702012,2,646,0,671,110,32,166
1778519186.7056718,1,1221,200,84,110,40,0
1778519186.7197819,2,648,100,664,111,32,157
1778519186.7225943,1,1229,400,112,109,35,0
1778519186.7372274,2,656,250,650,113,32,109
1778519186.741389,1,1239,550,126,114,35,0
1778519186.7554355,2,670,700,606,115,32,88
1778519186.7585745,1,1252,700,124,116,35,0
1778519186.7732904,2,684,800,555,116,32,75
1778519186.776588,1,1265,750,109,117,35,0
1778519186.790439,2,696,700,500,117,32,90
1778519186.7934186,1,1278,750,85,117,35,0
1778519186.8079245,2,706,700,453,117,32,54
1778519186.81115,1,1289,700,58,118,35,0
1778519186.8251255,2,715,550,418,118,32,45
1778519186.8280354,1,1299,600,33,119,35,0
1778519186.8424478,2,722,500,385,118,32,40
1778519186.8460288,1,1307,550,27,119,35,1
1778519186.8602564,2,730,450,350,118,32,37
1778519186.8630562,1,1312,350,50,119,35,2
1778519186.8778749,2,734,300,329,118,32,34
1778519186.8817468,1,1315,200,69,119,35,3
1778519186.895873,2,737,200,312,118,32,38
1778519186.8991606,1,1316,100,80,118,35,2
1778519186.9138978,2,737,50,305,118,32,38
1778519186.9171014,1,1317,50,86,119,35,2
1778519186.9311144,2,737,0,303,118,32,36
1778519186.9341862,1,1317,50,90,119,35,3
1778519186.9487422,2,737,0,303,118,32,37
1778519186.9518836,1,1317,0,89,119,35,3
1778519186.966066,2,737,0,303,118,32,34
1778519186.9689102,1,1317,0,89,119,35,3
1778519186.9837499,2,737,0,303,118,32,33
1778519186.987164,1,1317,0,89,119,35,3
1778519187.001357,2,737,0,303,118,32,36
1778519187.0042183,1,1317,0,89,118,36,3
1778519187.0188243,2,737,0,303,118,32,34
1778519187.0223758,1,1317,0,89,119,35,3
1778519187.0367663,2,737,0,303,118,32,39
1778519187.039705,1,1317,0,89,119,36,3
1778519187.0535915,2,737,0,303,118,32,36
1778519187.0563552,1,1317,0,89,119,35,3
1778519187.0707753,2,737,0,303,118,32,38
1778519187.074368,1,1317,0,89,118,35,3
1778519187.0886717,2,737,0,303,118,32,37
1778519187.09176,1,1317,0,89,119,35,3
1778519187.106069,2,737,0,303,118,32,36
1778519187.109719,1,1317,0,89,119,35,3
1778519187.123833,2,737,0,303,118,32,38
1778519187.126558,1,1317,0,89,119,35,3
1778519187.140982,2,737,0,303,118,32,39
1778519187.1448915,1,1317,0,89,119,35,3
1778519187.1590638,2,737,0,303,118,32,39
1778519187.162228,1,1317,0,89,118,35,3
1778519187.1767292,2,737,0,303,118,32,33
1778519187.179911,1,1317,0,89,119,35,3
1778519187.1938868,2,737,0,303,118,32,36
1778519187.196743,1,1317,0,89,119,35,3
1778519187.2112143,2,737,0,303,118,32,35
1778519187.214773,1,1317,0,89,119,36,3
1778519187.2287695,2,737,0,303,118,32,35
1778519187.231506,1,1317,0,89,119,36,2
1778519187.2459047,2,737,0,303,118,32,33
1778519187.2497373,1,1317,0,89,119,35,3
1778519187.264692,2,737,0,303,119,32,33
1778519187.2679207,1,1317,0,89,118,35,3
1778519187.2817943,2,737,0,303,118,32,38
1778519187.284634,1,1317,0,89,119,35,4
1778519187.2992933,2,737,0,303,118,32,33
1778519187.3027325,1,1317,0,89,119,36,3
1778519187.3166523,2,737,0,303,118,32,41
1778519187.3195226,1,1317,0,89,119,35,3
1778519187.3338501,2,737,0,303,118,32,39
1778519187.3376994,1,1317,0,89,119,36,3
1778519187.3517382,2,737,0,303,118,32,35
1778519187.354521,1,1317,0,89,119,36,3
1778519187.369188,2,737,0,303,118,32,34
1778519187.3729763,1,1317,0,89,119,35,3
1778519187.3871474,2,737,0,303,118,32,36
1778519187.3900924,1,1317,0,89,119,36,3
1778519187.4048712,2,737,0,303,118,32,36
1778519187.4082427,1,1317,0,89,119,35,2
1778519187.4222016,2,737,0,303,118,32,42
1778519187.4252474,1,1317,0,89,119,36,3
1778519187.4397402,2,737,0,303,118,32,38
1778519187.4429436,1,1317,0,89,119,36,3
1778519187.4569733,2,737,0,303,118,32,34
1778519187.4597359,1,1317,0,89,119,36,3
1778519187.4740727,2,737,0,303,118,32,38
1778519187.4776325,1,1317,0,89,119,35,3
1778519187.4916346,2,737,0,303,118,32,33
1778519187.4943538,1,1317,0,89,119,36,3
1778519187.50892,2,737,0,303,118,32,38
1778519187.5129504,1,1317,0,89,119,35,3
1778519187.5269458,2,737,0,303,118,32,37
1778519187.5297582,1,1317,0,89,118,36,3
1778519187.5442693,2,737,0,303,118,32,38
1778519187.547541,1,1317,0,89,119,36,3
1778519187.5616026,2,737,0,303,118,32,36
1778519187.5643547,1,1317,0,89,119,35,2
1778519187.5789144,2,737,0,303,118,32,41
1778519187.582215,1,1317,0,89,119,35,3
1778519187.5968695,2,737,0,303,118,32,40
1778519187.6001818,1,1317,0,89,119,36,3
1778519187.6141279,2,737,0,303,118,32,39
1778519187.6170945,1,1317,0,89,119,35,3
1778519187.6318088,2,737,0,303,118,32,36
1778519187.6352792,1,1317,0,89,118,36,3
1778519187.6496215,2,737,0,303,118,32,33
1778519187.652628,1,1317,0,89,118,36,3
1778519187.6664245,2,737,0,303,118,32,33
1778519187.6693735,1,1317,0,89,119,36,3
1778519187.6837285,2,737,0,303,118,32,33
1778519187.6869931,1,1317,0,89,119,36,2
1778519187.7008395,2,737,0,303,118,32,37
1778519187.7037075,1,1317,0,89,119,35,3
1778519187.7180955,2,737,0,303,118,32,38
1778519187.7215776,1,1317,0,89,119,36,3
1778519187.7355483,2,737,0,303,118,32,37
1778519187.7383134,1,1317,0,89,119,35,3
1778519187.7526808,2,737,0,303,118,32,33
1778519187.7566087,1,1317,0,89,119,36,3
1778519187.7705052,2,737,50,301,118,32,36
1778519187.7734067,1,1317,0,89,118,36,3
1778519187.7878566,2,737,-50,300,118,32,38
1778519187.791261,1,1317,0,89,119,35,3
1778519187.8052585,2,737,0,303,118,32,33
1778519187.8081198,1,1317,0,89,119,36,3
1778519187.8227694,2,737,0,303,118,32,34
1778519187.8260605,1,1317,0,89,119,35,3
1778519187.8407211,2,737,0,303,118,32,33
1778519187.8448868,1,1317,0,89,119,36,3
1778519187.8590217,2,737,0,303,118,32,38
1778519187.862034,1,1317,0,89,119,36,3
1778519187.8766205,2,737,0,303,118,32,33
1778519187.8797452,1,1317,0,89,119,35,3
1778519187.893624,2,737,0,303,118,32,34
1778519187.896399,1,1317,0,89,118,36,3
1778519187.911062,2,737,0,303,118,32,36
1778519187.9142704,1,1317,0,89,119,36,3
1778519187.928486,2,737,0,303,118,33,33
1778519187.9315188,1,1317,0,89,118,35,3
1778519187.9458876,2,737,0,303,118,32,36
1778519187.9494338,1,1317,0,89,119,36,3
1778519187.963439,2,737,0,303,118,32,33
1778519187.9661784,1,1317,0,89,119,36,3
1778519187.9805403,2,737,0,303,118,32,33
1778519187.9846802,1,1317,0,89,119,36,3
1778519187.998834,2,737,0,303,118,32,33
1778519188.0018559,1,1317,0,89,119,36,3
1778519188.0162935,2,737,0,303,118,32,33
1778519188.0194895,1,1317,0,89,119,36,3
1778519188.0334249,2,737,0,303,118,32,33
1778519188.0362158,1,1317,0,89,119,36,3
1778519188.0508943,2,737,0,303,118,32,34
1778519188.054472,1,1317,0,89,119,36,3
1778519188.0683694,2,737,0,303,118,32,35
1778519188.0724058,1,1317,0,89,119,36,3
1778519188.087635,2,737,0,303,118,32,38
1778519188.0906734,1,1317,0,89,119,36,2
1778519188.104669,2,737,0,303,118,32,34
1778519188.1074345,1,1317,0,89,118,35,3
1778519188.1221402,2,737,0,301,119,32,34
1778519188.1257558,1,1317,0,89,119,35,3
1778519188.1397579,2,737,0,293,119,32,30
1778519188.1431177,1,1317,0,89,119,36,3
1778519188.1573682,2,737,0,280,119,32,29
1778519188.1603634,1,1317,0,89,120,36,3
1778519188.1743982,2,737,0,260,119,32,33
1778519188.1773167,1,1317,0,89,120,36,3
1778519188.191843,2,737,0,234,119,32,23
1778519188.1950836,1,1317,0,89,120,35,2
1778519188.209056,2,737,0,204,120,32,17
1778519188.211809,1,1317,0,89,120,35,2
1778519188.2261202,2,737,0,166,120,32,10
1778519188.2297223,1,1317,0,89,121,36,3
1778519188.244261,2,737,0,121,121,32,6
1778519188.2472339,1,1317,0,89,121,36,3
1778519188.2612393,2,737,0,69,121,32,3
1778519188.2640207,1,1317,0,89,121,36,3
1778519188.278504,2,736,0,17,121,32,0
1778519188.281992,1,1317,0,89,121,36,2
1778519188.296035,2,733,-100,74,121,32,0
1778519188.2988775,1,1317,0,89,121,36,3
1778519188.3136091,2,727,-200,124,121,32,0
1778519188.3176541,1,1316,0,89,121,36,3
1778519188.3316057,2,719,-400,179,121,32,2
1778519188.3351452,1,1315,-100,84,121,36,2
1778519188.3495119,2,712,-450,232,121,32,4
1778519188.3526206,1,1313,-50,79,121,36,3
1778519188.3665957,2,702,-550,279,121,32,7
1778519188.369791,1,1311,-50,73,121,35,2
1778519188.384345,2,692,-550,326,120,32,8
1778519188.3875852,1,1309,-150,62,120,35,2
1778519188.4014888,2,676,-550,373,120,32,13
1778519188.4043853,1,1309,-100,56,121,36,2
1778519188.419155,2,659,-900,386,120,32,12
1778519188.4224765,1,1309,0,57,121,36,1
1778519188.4365907,2,639,-1000,395,120,32,14
1778519188.4394207,1,1309,0,57,120,35,1
1778519188.4540608,2,620,-1200,386,120,32,10
1778519188.4576025,1,1309,0,57,121,36,1
1778519188.471702,2,600,-1050,378,121,32,8
1778519188.4744663,1,1309,0,57,121,36,1
1778519188.489069,2,581,-1100,365,121,32,7
1778519188.4930334,1,1309,0,57,121,36,1
1778519188.507133,2,560,-1150,341,121,32,5
1778519188.510147,1,1309,0,57,121,36,1
1778519188.5246227,2,543,-1000,315,121,32,5
1778519188.5277853,1,1309,0,57,121,36,2
1778519188.541677,2,527,-1000,289,121,32,6
1778519188.5444233,1,1309,0,57,121,36,1
1778519188.5588698,2,512,-950,262,121,32,4
1778519188.5622232,1,1309,0,57,121,35,2
1778519188.5766022,2,498,-850,234,121,32,4
1778519188.579474,1,1309,0,57,121,36,2
1778519188.5933425,2,486,-750,208,121,32,3
1778519188.596146,1,1309,0,57,121,36,1
1778519188.610461,2,476,-650,181,121,32,3
1778519188.6139936,1,1309,0,57,121,36,1
1778519188.6280797,2,467,-550,152,121,32,2
1778519188.6309276,1,1309,0,57,121,36,1
1778519188.6455646,2,460,-450,126,121,32,1
1778519188.6496484,1,1309,0,57,121,36,1
1778519188.6636162,2,454,-300,98,121,32,2
1778519188.6670904,1,1309,0,57,121,36,1
1778519188.6814823,2,449,-300,77,121,32,0
1778519188.684587,1,1309,0,57,121,36,1
1778519188.698602,2,447,-250,60,121,32,1
1778519188.701694,1,1309,0,57,121,36,2
1778519188.7161455,2,446,-100,55,121,32,1
1778519188.7194147,1,1309,0,57,121,36,1
1778519188.7333517,2,445,-50,52,121,32,2
1778519188.7362573,1,1309,0,57,121,35,1
1778519188.7505054,2,445,-50,48,121,32,2
1778519188.7541683,1,1309,0,57,121,36,2
1778519188.7687,2,445,0,47,121,32,1
1778519188.771631,1,1309,0,57,121,36,1
1778519188.7853825,2,445,0,47,121,32,1
1778519188.7882621,1,1309,0,57,121,36,1
1778519188.8028917,2,445,0,47,121,32,1
1778519188.8064795,1,1309,0,57,121,36,1
1778519188.820575,2,445,0,47,121,32,1
1778519188.8234115,1,1308,0,57,121,36,1
1778519188.8381214,2,445,0,47,121,32,1
1778519188.8417237,1,1309,0,57,121,36,1
1778519188.855696,2,445,0,47,121,32,1
1778519188.858957,1,1309,0,57,121,36,1
1778519188.8736067,2,445,0,47,121,32,1
1778519188.8768225,1,1309,0,57,121,36,1
1778519188.8907082,2,445,0,47,121,32,1
1778519188.8936281,1,1309,0,57,121,36,2
1778519188.9080439,2,445,0,47,121,32,2
1778519188.911448,1,1309,-50,55,121,36,1
1778519188.9253995,2,445,0,47,121,32,1
1778519188.9282885,1,1309,50,54,121,36,1
1778519188.9427986,2,445,0,47,121,32,1
1778519188.946436,1,1309,50,58,121,36,2
1778519188.9603856,2,445,0,47,121,32,1
1778519188.9631765,1,1308,0,57,121,36,2
1778519188.9777896,2,445,0,47,121,32,1
1778519188.9816258,1,1309,-50,53,121,36,1
1778519188.9954915,2,445,0,47,121,32,1
1778519188.9986417,1,1308,0,53,121,36,1
1778519189.0132933,2,445,0,47,121,32,1
1778519189.0164416,1,1308,50,56,121,36,1
1778519189.0304344,2,445,0,47,121,32,1
1778519189.0334485,1,1308,0,57,121,36,2
1778519189.048129,2,445,0,47,121,32,1
1778519189.0512698,1,1308,0,57,121,36,2
1778519189.0659263,2,445,0,47,121,32,1
1778519189.0698614,1,1309,-50,55,121,36,1
1778519189.0837235,2,445,0,47,121,32,1
1778519189.0871327,1,1309,-50,54,121,35,1
1778519189.1016488,2,445,0,47,121,32,1
1778519189.1047382,1,1309,50,57,121,36,2
1778519189.1186059,2,445,0,47,121,32,1
1778519189.1216161,1,1309,-50,52,121,36,1
1778519189.135976,2,445,0,47,121,32,1
1778519189.139371,1,1308,0,53,121,36,1
1778519189.1533413,2,445,0,47,121,32,1
1778519189.1561282,1,1308,50,56,121,36,1
1778519189.170549,2,445,0,47,121,32,1
1778519189.1741414,1,1309,-50,54,121,36,1
1778519189.188186,2,445,0,47,121,32,1
1778519189.1911044,1,1309,0,53,121,35,1
1778519189.2054062,2,445,0,47,121,32,0
1778519189.2093387,1,1308,0,53,121,36,1
1778519189.2233362,2,445,0,47,121,32,1
1778519189.2263355,1,1308,0,53,121,36,1
1778519189.240761,2,445,0,47,121,32,2
1778519189.2439024,1,1308,0,53,121,36,1
1778519189.2577908,2,445,0,47,121,32,1
1778519189.260589,1,1308,0,53,121,36,1
1778519189.275027,2,445,0,47,121,32,1
1778519189.2782683,1,1308,0,53,121,36,1
1778519189.2921784,2,445,0,47,121,32,2
1778519189.2948573,1,1308,0,53,121,35,1
1778519189.3096557,2,445,0,47,121,32,1
1778519189.3137722,1,1308,0,53,122,36,1
1778519189.3279068,2,445,0,47,121,32,1
1778519189.3306506,1,1308,0,53,121,36,1
1778519189.3453712,2,445,0,47,121,32,1
1778519189.349368,1,1308,0,53,121,36,2
1778519189.3636413,2,445,0,47,121,32,1
1778519189.3672032,1,1308,0,53,121,36,1
1778519189.3816922,2,445,0,47,121,32,1
1778519189.3846266,1,1308,0,53,121,36,2
1778519189.3986158,2,445,0,47,121,32,1
1778519189.4015782,1,1308,0,53,121,36,1
1778519189.4161527,2,445,0,47,121,32,1
1778519189.4194603,1,1308,0,53,121,36,1
1778519189.433453,2,445,0,47,121,32,1
1778519189.4362335,1,1308,0,53,121,36,1
1778519189.4509552,2,445,0,47,121,32,0
1778519189.4545493,1,1308,0,53,121,36,2
1778519189.4686627,2,445,0,47,121,32,1
1778519189.4714592,1,1308,0,53,121,36,1
1778519189.4858544,2,445,0,47,121,32,1
1778519189.4895086,1,1308,0,53,121,36,1
1778519189.5034046,2,445,0,47,121,32,1
1778519189.5063758,1,1308,0,53,121,36,1
1778519189.5207572,2,445,0,47,121,32,1
1778519189.5239115,1,1308,0,53,121,36,1
1778519189.5378938,2,445,0,47,121,32,1
1778519189.5407052,1,1308,0,53,121,36,1
1778519189.5553467,2,445,0,47,121,32,1
1778519189.5589054,1,1308,0,53,121,36,1
1778519189.572866,2,445,0,47,121,32,1
1778519189.575627,1,1308,0,53,121,36,1
1778519189.5899508,2,445,0,47,121,32,2
1778519189.5934381,1,1308,0,53,121,36,2
1778519189.6074889,2,445,0,47,121,32,1
1778519189.6104066,1,1308,0,53,121,35,1
1778519189.6250827,2,445,0,47,121,32,1
1778519189.6289687,1,1308,0,53,121,36,0
1778519189.6430767,2,445,0,47,121,32,0
1778519189.6462722,1,1308,0,53,121,36,1
1778519189.6609566,2,445,0,47,121,32,1
1778519189.664107,1,1308,0,53,121,36,1
1778519189.6781201,2,445,0,47,121,32,1
1778519189.681227,1,1308,0,53,121,36,2
1778519189.6957808,2,445,0,47,121,32,1
1778519189.6990318,1,1308,0,53,121,36,1
1778519189.712955,2,445,0,47,121,32,2
1778519189.7156615,1,1308,0,53,121,36,1
1778519189.7297003,2,445,0,47,121,32,1
1778519189.7333107,1,1308,0,53,121,36,2
1778519189.74744,2,445,0,47,121,32,1
1778519189.750325,1,1308,0,53,121,36,1
1778519189.7649424,2,445,0,47,121,32,1
1778519189.7689066,1,1308,0,53,121,36,1
1778519189.7829273,2,445,0,47,121,32,1
1778519189.7858381,1,1308,0,53,121,36,2
1778519189.8003762,2,445,0,47,121,32,1
1778519189.8041213,1,1308,0,53,121,36,1
1778519189.8181067,2,445,0,47,121,32,2
1778519189.8209188,1,1308,0,53,121,36,1
1778519189.83531,2,445,0,47,121,32,1
1778519189.8385506,1,1308,0,53,121,36,1
1778519189.8528469,2,445,0,47,121,32,1
1778519189.8557758,1,1308,0,53,121,36,1
1778519189.8699284,2,445,0,47,121,32,1
1778519189.8728983,1,1308,0,53,121,36,1
1778519189.8871913,2,445,0,47,122,32,1
1778519189.8905966,1,1308,0,53,121,36,2
1778519189.9047146,2,445,0,47,121,32,2
1778519189.9076765,1,1308,0,53,121,36,2
1778519189.9222379,2,445,0,47,121,32,1
1778519189.9257987,1,1308,0,53,121,36,1
1778519189.9398649,2,445,0,47,121,32,1
1778519189.9426928,1,1308,0,53,121,36,1
1778519189.957238,2,445,0,47,121,32,1
1778519189.9610589,1,1308,0,53,121,36,1
1778519189.975097,2,445,0,47,121,32,1
1778519189.9780369,1,1308,0,53,121,36,2
1778519189.9923983,2,445,0,47,121,32,1
1778519189.9955714,1,1308,0,53,121,36,0
1778519190.0096216,2,445,0,47,121,32,1
1778519190.012578,1,1308,0,53,121,36,1
1778519190.0268524,2,445,0,47,121,32,0
1778519190.030082,1,1308,0,53,121,36,0
1778519190.0441546,2,445,0,47,121,32,1
1778519190.046921,1,1308,0,53,121,36,1
1778519190.0617163,2,445,0,47,121,32,1
1778519190.0656714,1,1308,0,53,121,36,2
1778519190.079646,2,445,0,47,121,32,1
1778519190.082989,1,1308,0,53,121,36,2
1778519190.09743,2,445,0,47,121,32,2
1778519190.100415,1,1308,0,53,121,36,1
1778519190.1143591,2,445,0,47,121,32,1
1778519190.1173525,1,1308,0,53,121,36,1
1778519190.1318183,2,445,0,47,121,32,1
1778519190.1350198,1,1308,0,53,121,36,1
1778519190.1492803,2,445,0,47,121,32,0
1778519190.152265,1,1308,0,53,121,36,1
1778519190.1664379,2,445,0,47,121,32,2
1778519190.1695457,1,1308,0,53,121,36,1
1778519190.183978,2,445,0,47,121,32,1
1778519190.1873293,1,1308,0,53,121,36,1
1778519190.2012618,2,445,0,47,121,32,2
1778519190.2040539,1,1308,0,53,121,36,1
1778519190.218355,2,445,0,47,121,32,1
1778519190.2216074,1,1308,0,53,121,36,1
1778519190.2359812,2,445,0,47,121,32,1
1778519190.2402096,1,1308,0,53,121,36,2
1778519190.2544513,2,445,0,47,121,32,1
1778519190.257375,1,1308,0,53,121,36,1
1778519190.2721474,2,445,0,47,121,32,1
1778519190.2755964,1,1308,0,53,122,36,1
1778519190.2895927,2,445,0,47,121,32,1
1778519190.292276,1,1308,0,53,121,36,1
1778519190.306994,2,445,0,47,121,32,1
1778519190.3105254,1,1308,0,53,121,36,1
1778519190.3247943,2,445,0,47,121,32,1
1778519190.327772,1,1308,0,53,121,36,2
1778519190.3421621,2,445,0,47,121,32,1
1778519190.3458648,1,1308,0,53,121,36,1
1778519190.35992,2,445,0,47,121,32,1
1778519190.3626685,1,1308,0,53,121,36,2
1778519190.3770497,2,445,0,47,121,32,1
1778519190.3809361,1,1308,0,53,121,36,1
1778519190.394858,2,445,0,47,121,32,1
1778519190.3977644,1,1308,0,53,121,36,2
1778519190.4121375,2,445,0,47,121,32,1
1778519190.4153867,1,1308,0,53,121,36,1
1778519190.429353,2,445,0,47,121,32,1
1778519190.43208,1,1308,0,53,121,36,0
1778519190.446339,2,445,0,47,121,32,1
1778519190.4499686,1,1308,0,53,121,36,1
1778519190.4641905,2,445,0,47,121,32,1
1778519190.4670053,1,1308,0,53,121,36,1
1778519190.4817612,2,445,0,47,121,32,1
1778519190.4857342,1,1308,0,53,121,36,1
1778519190.4996989,2,445,0,47,121,32,1
1778519190.5028481,1,1308,0,53,121,36,1
1778519190.5174181,2,445,0,47,121,32,1
1778519190.520611,1,1308,0,53,121,36,1
1778519190.534569,2,445,0,47,121,32,1
1778519190.5374694,1,1308,0,53,121,36,1
1778519190.551837,2,445,0,47,121,32,1
1778519190.5550568,1,1308,0,53,121,36,2
1778519190.5698202,2,445,0,47,121,32,1
1778519190.5740561,1,1308,0,53,121,36,1
1778519190.58814,2,445,0,47,121,32,1
1778519190.5914664,1,1308,0,53,121,36,1
1778519190.606228,2,445,0,47,121,32,1
1778519190.6093652,1,1308,0,53,121,36,2
1778519190.6234422,2,445,0,47,121,32,1
1778519190.6263266,1,1308,0,53,121,36,1
1778519190.6408424,2,445,0,47,121,32,1
1778519190.6447022,1,1308,0,53,121,36,1
1778519190.658691,2,445,0,47,121,32,1
1778519190.661547,1,1308,0,53,121,36,1
1778519190.6758897,2,445,0,47,121,32,1
1778519190.6791594,1,1308,0,53,121,36,1
1778519190.6931975,2,445,0,47,121,32,2
1778519190.6960428,1,1308,0,53,121,36,1
1778519190.7105823,2,445,0,47,121,32,1
1778519190.714054,1,1308,0,53,121,36,1
1778519190.7280123,2,445,0,47,121,32,0
1778519190.730825,1,1308,0,53,121,36,1
1778519190.7451491,2,445,0,47,121,32,1
1778519190.7490034,1,1308,0,53,121,36,1
1778519190.763087,2,445,0,47,121,32,1
1778519190.7660904,1,1308,0,53,121,36,1
1778519190.780412,2,445,0,47,121,32,1
1778519190.7836182,1,1308,0,53,121,36,1
1778519190.7977269,2,445,0,47,121,32,1
1778519190.800738,1,1308,0,53,121,36,0
1778519190.8153915,2,445,0,47,121,32,1
1778519190.8189898,1,1308,0,53,121,37,1
1778519190.8329182,2,445,0,47,121,32,0
1778519190.8357346,1,1308,0,53,121,36,1
1778519190.8499963,2,445,0,47,121,32,1
1778519190.8534818,1,1308,0,53,121,36,1
1778519190.8676643,2,445,0,47,121,32,1
1778519190.8704534,1,1308,0,53,121,36,0
1778519190.8849142,2,445,0,47,121,32,1
1778519190.888844,1,1308,0,53,121,36,1
1778519190.9029448,2,445,0,47,121,32,1
1778519190.9058156,1,1308,0,53,121,36,1
1778519190.920456,2,445,0,47,121,32,1
1778519190.9238079,1,1308,0,53,121,36,1
1778519190.937802,2,445,0,47,121,32,1
1778519190.9406707,1,1308,0,53,121,36,1
1778519190.9552114,2,445,0,47,121,32,1
1778519190.958427,1,1308,0,53,121,36,2
1778519190.9723966,2,445,0,47,121,32,1
1778519190.975344,1,1308,0,53,121,36,1
1778519190.9895573,2,445,0,47,121,32,1
1778519190.9930913,1,1308,0,53,121,36,1
1778519191.0071063,2,445,0,47,121,32,1
1778519191.010129,1,1308,0,53,121,36,1
1778519191.0245614,2,445,0,47,121,32,1
1778519191.0276937,1,1308,0,53,121,36,1
1778519191.0416245,2,445,0,47,121,32,1
1778519191.044413,1,1308,0,53,121,36,1
1778519191.059068,2,445,0,47,121,32,1
1778519191.0624614,1,1308,0,53,122,36,1
1778519191.0766687,2,445,0,47,121,32,1
1778519191.0795002,1,1308,0,53,121,36,1
1778519191.0940483,2,445,0,47,121,32,2
1778519191.0977802,1,1308,0,53,121,36,1
1778519191.1118379,2,445,0,47,121,32,0
1778519191.1145937,1,1308,0,53,121,36,1
1778519191.128925,2,444,0,47,121,31,1
1778519191.1328511,1,1308,0,53,121,36,2
1778519191.1467488,2,444,-50,43,121,32,1
1778519191.1497161,1,1308,0,53,121,36,1
1778519191.164191,2,444,0,43,121,32,1
1778519191.167457,1,1308,0,53,121,36,1
1778519191.1813858,2,444,0,43,121,32,1
1778519191.1841316,1,1308,0,53,121,36,1
1778519191.1987543,2,444,0,43,121,32,1
1778519191.202361,1,1308,0,53,121,36,1
1778519191.2162938,2,444,0,43,121,32,1
1778519191.2190263,1,1308,0,53,121,36,1
1778519191.2334554,2,444,0,43,121,32,0
1778519191.237253,1,1308,0,53,121,36,1
1778519191.2514398,2,444,0,43,121,32,1
1778519191.2544773,1,1308,0,53,121,36,2
1778519191.2688172,2,444,0,43,121,32,1
1778519191.2720146,1,1308,0,53,121,36,1
1778519191.2859013,2,444,0,43,121,32,0
1778519191.288725,1,1308,0,53,121,36,1
1778519191.3034475,2,444,0,43,121,32,1
1778519191.306827,1,1308,0,53,121,35,1
1778519191.320936,2,444,0,42,121,32,1
1778519191.3237517,1,1308,0,53,121,36,2
1778519191.3381426,2,444,0,35,121,32,0
1778519191.3417516,1,1308,0,53,121,36,2
1778519191.3561077,2,444,0,21,121,32,0
1778519191.3591511,1,1308,0,53,121,36,1
1778519191.3735695,2,444,0,30,121,32,0
1778519191.3771904,1,1308,0,53,121,36,1
1778519191.3910503,2,444,0,57,121,32,1
1778519191.3942976,1,1308,0,53,121,36,1
1778519191.4090798,2,445,0,90,121,32,3
1778519191.4122655,1,1308,0,53,121,36,1
1778519191.4262838,2,446,50,123,121,32,3
1778519191.429215,1,1308,0,53,121,35,1
1778519191.4436295,2,449,50,165,121,32,4
1778519191.4470446,1,1308,0,53,121,36,1
1778519191.4612346,2,455,300,196,121,32,6
1778519191.464157,1,1308,0,53,121,36,1
1778519191.4779432,2,462,400,225,121,32,8
1778519191.480854,1,1308,0,53,121,36,1
1778519191.4952843,2,471,500,255,121,32,8
1778519191.4985373,1,1308,0,53,121,36,1
1778519191.512466,2,482,600,287,121,32,9
1778519191.515333,1,1308,0,53,121,36,0
1778519191.529714,2,495,600,319,120,32,13
1778519191.5336325,1,1308,0,53,120,36,2
1778519191.5477712,2,511,800,341,120,32,13
1778519191.55114,1,1308,0,53,121,36,2
1778519191.5654979,2,526,850,366,120,32,18
1778519191.5686061,1,1308,0,53,121,36,1
1778519191.5825443,2,541,800,394,120,32,14
1778519191.5855985,1,1308,0,53,121,36,1
1778519191.6003067,2,561,1050,407,120,32,12
1778519191.6037781,1,1308,0,53,120,36,1
1778519191.6176662,2,582,1150,413,120,32,13
1778519191.620433,1,1308,0,53,121,36,1
1778519191.634953,2,603,1250,413,120,32,11
1778519191.638459,1,1308,0,53,121,36,1
1778519191.6524787,2,624,1150,412,121,32,13
1778519191.6553237,1,1308,0,53,121,36,1
1778519191.669622,2,643,1150,415,120,32,12
1778519191.673183,1,1308,0,53,121,36,1
1778519191.6874654,2,666,1150,414,120,32,10
1778519191.690419,1,1308,0,53,121,36,1
1778519191.7052677,2,687,1250,400,121,32,10
1778519191.7086194,1,1308,0,53,121,36,1
1778519191.722601,2,705,1200,382,120,32,20
1778519191.7255676,1,1310,50,56,120,36,1
1778519191.740254,2,716,850,381,119,32,29
1778519191.7436802,1,1312,150,64,120,36,2
1778519191.7575912,2,725,500,394,118,32,41
1778519191.760305,1,1314,100,73,118,35,2
1778519191.774668,2,731,400,412,117,32,52
1778519191.777907,1,1316,100,79,118,36,5
1778519191.792288,2,736,300,430,117,32,82
1778519191.7952795,1,1317,100,87,117,36,4
1778519191.8091855,2,740,300,445,116,32,90
1778519191.811972,1,1318,50,89,116,36,3
1778519191.8263948,2,743,250,459,116,32,80
1778519191.8299248,1,1319,100,97,116,36,4
1778519191.844561,2,745,150,475,115,32,85
1778519191.8476212,1,1320,0,97,116,36,3
1778519191.861572,2,747,100,485,115,32,91
1778519191.8643582,1,1320,50,100,116,36,4
1778519191.8787966,2,749,100,490,114,32,118
1778519191.8821123,1,1321,0,101,116,36,3
1778519191.8959913,2,751,100,490,114,32,100
1778519191.8988268,1,1321,50,102,115,36,3
1778519191.9133089,2,752,100,484,115,32,94
1778519191.9169824,1,1321,0,105,115,36,4
1778519191.9309523,2,753,50,478,115,32,90
1778519191.9339225,1,1321,0,105,115,36,4
1778519191.9486413,2,753,50,474,115,32,88
1778519191.951914,1,1321,0,105,116,36,4
1778519191.9660192,2,753,0,475,115,32,88
1778519191.968821,1,1321,0,105,116,36,4
1778519191.9834132,2,753,0,474,115,32,94
1778519191.9870658,1,1321,0,105,116,36,4
1778519192.0011685,2,753,0,466,115,32,85
1778519192.00399,1,1321,0,105,115,36,4
1778519192.018386,2,753,0,453,115,32,78
1778519192.0219848,1,1321,0,105,116,36,4
1778519192.0360556,2,753,0,432,116,32,71
1778519192.039051,1,1321,0,105,116,36,4
1778519192.0538628,2,753,0,405,116,32,66
1778519192.0571585,1,1321,0,105,117,36,4
1778519192.0711715,2,753,0,371,117,32,58
1778519192.074279,1,1321,0,105,117,36,4
1778519192.0887334,2,753,0,334,118,32,48
1778519192.0918672,1,1321,0,105,119,36,4
1778519192.1058168,2,753,0,291,118,32,31
1778519192.1087031,1,1321,0,105,119,36,4
1778519192.1231313,2,753,0,238,119,33,27
1778519192.1264098,1,1321,0,105,120,36,4
1778519192.1404042,2,752,0,183,120,32,12
1778519192.1432066,1,1321,0,105,120,36,4
1778519192.1574817,2,752,-50,125,121,32,6
1778519192.161022,1,1321,0,105,121,36,4
1778519192.175076,2,750,-50,58,121,32,3
1778519192.1781325,1,1321,0,105,121,36,4
1778519192.1926,2,747,-150,40,121,32,0
1778519192.1958034,1,1321,0,105,121,36,4
1778519192.2096455,2,741,-350,107,121,32,0
1778519192.2127059,1,1320,0,105,121,36,5
1778519192.2270625,2,733,-350,165,121,32,0
1778519192.2302814,1,1319,-50,100,121,36,4
1778519192.244615,2,723,-500,210,121,32,1
1778519192.2485757,1,1317,-100,93,121,36,3
1778519192.262506,2,712,-600,255,121,32,4
1778519192.2653635,1,1315,-100,86,121,36,2
1778519192.2798846,2,702,-600,296,121,32,7
1778519192.2832654,1,1312,-100,79,121,36,1
1778519192.29731,2,689,-600,339,120,32,11
1778519192.3001945,1,1310,-200,67,121,36,2
1778519192.3147461,2,673,-850,368,120,32,11
1778519192.3181198,1,1310,0,61,120,36,2
1778519192.332896,2,654,-1050,385,120,32,12
1778519192.3372173,1,1309,-50,59,121,36,1
1778519192.351404,2,632,-1100,395,120,32,11
1778519192.3545976,1,1309,0,57,120,36,1
1778519192.3691812,2,613,-1150,400,120,32,11
1778519192.3723154,1,1309,0,57,121,36,2
1778519192.3862166,2,593,-1150,404,120,32,11
1778519192.3891575,1,1309,0,57,121,36,1
1778519192.40366,2,572,-1150,407,121,32,11
1778519192.4070287,1,1309,0,57,121,36,1
1778519192.4208105,2,550,-1200,407,120,32,9
1778519192.4237807,1,1308,0,57,121,36,1
1778519192.4381444,2,529,-1250,404,120,32,8
1778519192.4413142,1,1309,0,57,121,36,2
1778519192.4552238,2,509,-1200,403,121,32,9
1778519192.4584024,1,1309,-50,54,121,36,1
1778519192.4728844,2,488,-1200,403,121,32,8
1778519192.4761055,1,1308,50,54,121,35,1
1778519192.4900773,2,466,-1250,402,120,32,9
1778519192.493095,1,1308,50,55,121,36,1
1778519192.5075796,2,445,-1250,398,121,32,9
1778519192.5108988,1,1308,-50,52,121,36,1
1778519192.52483,2,424,-1200,399,121,32,10
1778519192.5276132,1,1308,50,57,120,36,1
1778519192.541958,2,404,-1200,399,120,32,9
1778519192.5455158,1,1308,-50,53,121,36,1
1778519192.559634,2,382,-1200,399,121,32,9
1778519192.5624826,1,1308,0,53,121,36,1
1778519192.5769243,2,361,-1250,396,121,32,9
1778519192.5809195,1,1308,0,53,121,36,1
1778519192.595074,2,337,-1250,393,121,32,10
1778519192.5981781,1,1309,0,53,121,36,1
1778519192.6126728,2,317,-1150,393,121,32,10
1778519192.6158617,1,1308,0,53,121,36,2
1778519192.6298018,2,297,-1200,395,121,32,9
1778519192.6326168,1,1308,0,53,121,36,1
1778519192.6469562,2,277,-1200,395,121,32,9
1778519192.6502192,1,1308,0,53,121,36,2
1778519192.664062,2,255,-1200,395,120,32,10
1778519192.6668706,1,1308,0,53,121,36,1
1778519192.681297,2,235,-1200,395,121,32,11
1778519192.6851592,1,1308,0,53,121,36,1
1778519192.6992254,2,214,-1200,395,121,32,9
1778519192.7018075,1,1308,0,53,121,36,1
1778519192.7162795,2,194,-1150,398,121,32,10
1778519192.7195482,1,1308,0,53,121,36,1
1778519192.7336433,2,172,-1200,399,120,32,9
1778519192.736656,1,1308,0,53,121,36,1
1778519192.7513304,2,151,-1250,397,121,32,9
1778519192.7548616,1,1308,0,53,121,36,1
1778519192.769217,2,129,-1200,395,121,32,9
1778519192.7721703,1,1308,0,53,121,36,1
1778519192.7860563,2,109,-1200,395,121,32,10
1778519192.788882,1,1308,0,53,121,36,1
1778519192.803637,2,89,-1200,395,121,32,8
1778519192.8070457,1,1308,0,53,121,36,1
1778519192.8214061,2,67,-1150,395,121,33,9
1778519192.824738,1,1308,0,53,121,36,1
1778519192.8394332,2,45,-1250,381,121,32,7
1778519192.8427496,1,1308,0,53,121,37,1
1778519192.8572621,2,25,-1150,366,121,32,7
1778519192.8601809,1,1308,0,53,121,36,1
1778519192.8741167,2,5,-1150,346,121,32,5
1778519192.8771927,1,1308,0,53,121,36,1
1778519192.8917425,2,4082,-1050,325,121,32,5
1778519192.895079,1,1308,0,53,121,36,1
1778519192.909039,2,4064,-1050,301,121,31,4
1778519192.9118228,1,1308,0,53,121,36,1
1778519192.9264274,2,4050,-1050,272,121,32,3
1778519192.9299707,1,1308,0,53,121,36,1
1778519192.9439363,2,4035,-900,246,121,32,4
1778519192.9491923,1,1308,0,53,121,36,1
1778519192.9637613,2,4023,-750,224,121,32,6
1778519192.967127,1,1308,0,53,121,36,1
1778519192.9813437,2,4016,-600,206,121,32,8
1778519192.984298,1,1308,0,53,121,36,2
1778519192.998322,2,4012,-350,201,120,32,11
1778519193.0012953,1,1308,0,53,121,36,1
1778519193.0151715,2,4011,-150,200,120,32,18
1778519193.0182614,1,1308,0,53,120,36,1
1778519193.0327299,2,4010,-50,200,120,32,17
1778519193.0359101,1,1308,0,53,120,36,1
1778519193.0501342,2,4010,0,198,120,32,22
1778519193.0531046,1,1308,0,53,120,36,1
1778519193.0676372,2,4010,0,196,120,32,20
1778519193.0710552,1,1308,0,53,121,36,1
1778519193.0849705,2,4010,0,185,120,32,13
1778519193.087878,1,1308,0,53,121,36,1
1778519193.102322,2,4010,0,169,120,32,10
1778519193.105994,1,1308,0,53,121,36,2
1778519193.1204572,2,4010,0,145,121,32,8
1778519193.1234634,1,1308,0,53,121,36,1
1778519193.137275,2,4010,0,118,121,32,6
1778519193.14006,1,1308,0,53,121,36,1
1778519193.1545408,2,4010,0,84,121,32,2
1778519193.158012,1,1308,0,53,121,36,1
1778519193.1719687,2,4010,0,42,121,32,0
1778519193.1747847,1,1308,0,53,121,36,1
1778519193.189481,2,4010,0,32,121,32,0
1778519193.193515,1,1308,0,53,121,36,1
1778519193.2074933,2,4011,50,86,121,40,1
1778519193.2108657,1,1308,0,53,121,36,1
1778519193.2252445,2,4015,50,140,121,32,2
1778519193.2282758,1,1308,0,53,121,36,1
1778519193.2421708,2,4020,200,190,121,32,4
1778519193.2450757,1,1308,0,53,121,36,1
1778519193.2595308,2,4025,300,238,121,32,7
1778519193.2629936,1,1308,0,53,121,36,1
1778519193.2769535,2,4034,350,292,121,32,10
1778519193.2799537,1,1308,0,53,120,36,1
1778519193.29432,2,4046,600,334,120,32,13
1778519193.2981026,1,1308,0,53,120,36,1
1778519193.312374,2,4062,800,367,120,32,14
1778519193.3152742,1,1308,0,53,121,36,1
1778519193.3296678,2,4078,950,384,120,32,16
1778519193.3332856,1,1308,0,53,121,36,1
1778519193.3473911,2,2,1050,389,120,32,11
1778519193.3504887,1,1308,0,53,121,36,2
1778519193.3648283,2,22,1050,380,121,32,10
1778519193.367974,1,1308,0,53,121,36,0
1778519193.3817987,2,39,1150,360,121,32,9
1778519193.384774,1,1308,0,53,121,36,1
1778519193.3992841,2,56,1000,348,121,32,8
1778519193.4025698,1,1308,0,53,121,36,1
1778519193.4167645,2,74,1000,327,121,32,7
1778519193.419723,1,1308,0,53,121,36,2
1778519193.4341264,2,91,1000,300,121,32,6
1778519193.4377058,1,1308,0,53,121,36,1
1778519193.4517262,2,107,900,271,121,32,6
1778519193.4545105,1,1308,0,53,121,36,1
1778519193.4689128,2,121,900,239,121,32,5
1778519193.47283,1,1308,0,53,121,36,1
1778519193.4870071,2,133,650,207,121,32,4
1778519193.4902036,1,1308,0,53,121,36,1
1778519193.5047,2,142,550,182,121,32,3
1778519193.5079832,1,1308,0,53,121,36,1
1778519193.522083,2,150,550,155,121,32,3
1778519193.5252497,1,1308,0,53,121,36,1
1778519193.5397081,2,157,450,131,121,32,2
1778519193.543087,1,1308,0,53,121,36,1
1778519193.5570617,2,163,350,107,121,32,2
1778519193.559911,1,1308,0,53,121,36,1
1778519193.5741708,2,167,300,86,121,32,1
1778519193.5778522,1,1308,0,53,121,36,1
1778519193.5919292,2,170,200,70,121,32,1
1778519193.5947998,1,1308,0,53,121,36,2
1778519193.6095436,2,171,100,61,121,32,1
1778519193.6135545,1,1308,0,53,121,36,1
1778519193.6275346,2,172,50,56,121,32,1
1778519193.6307406,1,1308,0,53,121,36,1
1778519193.6453218,2,172,0,54,121,32,1
1778519193.6484687,1,1308,0,53,121,36,1
1778519193.6623747,2,172,0,54,121,32,1
1778519193.6653712,1,1308,0,53,121,36,1
1778519193.679862,2,172,0,54,121,32,1
1778519193.6832442,1,1308,0,53,121,36,1
1778519193.6971624,2,172,0,54,121,32,1
1778519193.6999626,1,1308,0,53,121,36,1
1778519193.7143872,2,172,0,54,121,32,2
1778519193.7179627,1,1308,0,53,121,36,1
1778519193.7319622,2,172,0,54,121,32,1
1778519193.73472,1,1308,0,53,121,36,1
1778519193.7490196,2,172,0,54,121,32,1
1778519193.7529662,1,1308,0,53,121,36,1
1778519193.7670023,2,172,0,54,121,32,1
1778519193.7702022,1,1308,0,53,121,36,1
1778519193.7848291,2,172,0,54,121,32,1
1778519193.788017,1,1308,0,53,121,36,1
1778519193.8020482,2,172,0,54,121,32,1
1778519193.8050394,1,1308,0,53,121,36,1
1778519193.8195746,2,172,0,54,121,32,1
1778519193.8228242,1,1308,0,53,121,36,1
1778519193.836675,2,172,0,54,121,32,2
1778519193.8394654,1,1308,0,53,121,36,1
1778519193.8536172,2,172,0,54,121,32,2
1778519193.857177,1,1308,0,53,121,36,1
1778519193.8711371,2,172,0,54,121,32,2
1778519193.874287,1,1308,0,53,121,36,2
1778519193.8890543,2,172,0,54,121,32,2
1778519193.892286,1,1308,0,53,121,36,1
1778519193.9061663,2,172,0,54,121,32,1
1778519193.9090977,1,1308,0,53,121,36,1
1778519193.9236076,2,172,0,54,121,32,1
1778519193.9268486,1,1308,0,53,121,36,1
1778519193.940893,2,172,0,54,121,32,2
1778519193.94388,1,1308,0,53,121,36,1
1778519193.9582703,2,172,0,54,121,32,1
1778519193.9618957,1,1308,0,53,121,36,1
1778519193.9761703,2,172,0,54,121,32,1
1778519193.979187,1,1308,0,53,121,36,1
1778519193.9937274,2,172,0,54,121,32,1
1778519193.9972746,1,1308,0,53,121,36,2
1778519194.0111773,2,172,0,55,121,32,1
1778519194.0141523,1,1308,0,53,121,36,1
1778519194.0286279,2,172,0,61,121,32,2
1778519194.0318286,1,1308,0,53,121,36,1
1778519194.045808,2,172,0,75,121,32,3
1778519194.0488064,1,1308,0,53,121,36,2
1778519194.0633326,2,172,0,94,121,32,4
1778519194.0665548,1,1308,0,53,121,36,1
1778519194.0813777,2,173,0,119,121,32,4
1778519194.085421,1,1308,0,53,121,36,2
1778519194.099411,2,176,50,148,121,32,6
1778519194.1026626,1,1308,0,53,121,36,1
1778519194.1173465,2,181,200,171,121,32,6
1778519194.120564,1,1308,0,53,121,36,1
1778519194.1344666,2,187,300,195,121,32,6
1778519194.1374931,1,1308,0,53,121,36,1
1778519194.1521351,2,194,350,221,121,32,7
1778519194.1556284,1,1308,0,53,121,36,2
1778519194.1698182,2,204,500,246,121,32,9
1778519194.1727293,1,1308,0,53,121,36,1
1778519194.1871464,2,214,600,263,120,32,9
1778519194.190444,1,1308,0,53,121,36,1
1778519194.204312,2,225,600,273,120,32,9
1778519194.2071416,1,1308,0,53,121,36,1
1778519194.221541,2,236,600,276,121,32,9
1778519194.2254972,1,1308,0,53,121,36,1
1778519194.239435,2,249,650,268,121,32,7
1778519194.242775,1,1308,0,53,121,36,1
1778519194.257348,2,262,700,250,121,32,6
1778519194.2606027,1,1308,0,53,121,36,1
1778519194.2744517,2,274,750,224,121,32,3
1778519194.2773836,1,1308,0,53,121,36,1
1778519194.2918956,2,285,650,200,121,32,2
1778519194.2953176,1,1308,0,53,121,36,1
1778519194.3093576,2,295,600,171,121,32,2
1778519194.3122225,1,1308,0,53,121,36,1
1778519194.3265634,2,303,500,142,121,32,3
1778519194.330063,1,1308,0,53,121,36,1
1778519194.3440597,2,309,400,111,121,32,3
1778519194.3468428,1,1308,0,53,121,36,1
1778519194.3614526,2,313,400,89,121,32,2
1778519194.3653252,1,1308,0,53,121,36,1
1778519194.3792977,2,316,200,75,121,32,2
1778519194.382491,1,1308,0,53,121,36,2
1778519194.3971202,2,317,150,65,121,32,2
1778519194.4003236,1,1308,0,53,121,36,1
1778519194.4142337,2,318,50,62,121,32,1
1778519194.4172404,1,1308,0,53,121,36,1
1778519194.4316304,2,318,50,58,121,32,1
1778519194.434901,1,1308,0,53,121,36,1
1778519194.4487994,2,318,-50,61,121,32,1
1778519194.4514875,1,1308,0,53,121,36,1
1778519194.4657784,2,318,50,60,121,32,1
1778519194.4693313,1,1308,0,53,121,36,2
1778519194.4834929,2,318,0,58,121,32,1
1778519194.4868393,1,1308,0,53,121,36,1
1778519194.501529,2,318,0,58,121,32,2
1778519194.5047736,1,1308,0,53,121,36,1
1778519194.518976,2,318,0,58,121,32,2
1778519194.5220695,1,1308,0,53,121,36,1
1778519194.5364823,2,318,0,58,121,40,1
1778519194.5399868,1,1308,0,53,121,36,1
1778519194.5540998,2,318,0,58,121,32,2
1778519194.5571926,1,1308,0,53,121,36,1
1778519194.5716841,2,318,0,58,121,32,2
1778519194.5749598,1,1308,0,53,121,36,1
1778519194.589256,2,318,0,58,121,32,2
1778519194.5922441,1,1308,0,53,121,36,2
1778519194.6067917,2,318,0,58,121,42,2
1778519194.6103935,1,1308,0,53,121,36,1
1778519194.6243787,2,318,0,58,121,32,1
1778519194.6271718,1,1308,0,53,121,36,1
1778519194.641471,2,318,0,58,121,32,1
1778519194.645541,1,1308,0,53,121,36,1
1778519194.659473,2,318,0,58,121,32,2
1778519194.6626177,1,1308,0,53,121,36,1
1778519194.6774187,2,318,0,58,121,32,2
1778519194.6806462,1,1308,0,53,121,36,1
1778519194.694585,2,318,0,59,121,32,2
1778519194.6975842,1,1308,0,53,121,36,1
1778519194.7122471,2,318,0,66,121,32,2
1778519194.715602,1,1308,0,53,121,36,1
1778519194.7297125,2,318,0,80,121,32,3
1778519194.732642,1,1308,0,53,121,36,2
1778519194.747354,2,318,0,100,121,32,4
1778519194.750757,1,1308,0,53,121,36,1
1778519194.7647746,2,318,0,127,121,32,5
1778519194.7675374,1,1308,0,53,121,36,1
1778519194.7819512,2,321,100,154,121,32,6
1778519194.785558,1,1308,0,53,121,36,1
1778519194.8000996,2,325,250,182,121,32,7
1778519194.8031619,1,1308,0,53,121,36,1
1778519194.817741,2,331,250,210,121,32,7
1778519194.8216677,1,1308,0,53,121,36,1
1778519194.8359087,2,340,400,233,121,32,8
1778519194.8392882,1,1308,0,53,121,36,1
1778519194.8541873,2,349,400,263,121,32,8
1778519194.8574314,1,1308,0,53,121,36,1
1778519194.8716462,2,361,600,283,121,32,8
1778519194.8746839,1,1308,0,53,121,36,1
1778519194.8885944,2,375,750,302,121,32,10
1778519194.89137,1,1308,0,53,121,36,1
1778519194.9061575,2,388,800,321,121,32,11
1778519194.9100754,1,1308,0,53,121,36,1
1778519194.9239626,2,405,900,345,120,32,13
1778519194.9272432,1,1308,0,53,121,36,1
1778519194.9418647,2,422,900,366,120,32,12
1778519194.944863,1,1308,0,53,121,36,1
1778519194.9588146,2,437,900,382,121,32,12
1778519194.961809,1,1308,0,53,121,36,1
1778519194.9763656,2,456,900,393,121,32,12
1778519194.9797218,1,1308,0,53,121,36,1
1778519194.993621,2,476,1100,381,121,32,9
1778519194.9963486,1,1308,0,53,121,36,1
1778519195.010805,2,495,1100,365,121,32,9
1778519195.0140383,1,1308,0,53,121,36,1
1778519195.028435,2,515,1150,340,121,32,7
1778519195.0314155,1,1308,0,53,121,36,1
1778519195.045654,2,530,1000,318,121,32,7
1778519195.050567,1,1308,0,53,121,36,1
1778519195.0654838,2,547,900,293,121,32,5
1778519195.0694478,1,1308,0,53,121,36,1
1778519195.0833817,2,564,850,266,121,32,5
1778519195.0868795,1,1308,0,53,121,36,1
1778519195.1018212,2,577,800,237,121,32,4
1778519195.1048734,1,1308,0,53,121,36,1
1778519195.1189768,2,590,700,206,121,32,5
1778519195.1220362,1,1308,0,53,121,36,1
1778519195.136807,2,601,700,176,121,32,3
1778519195.1401515,1,1308,0,53,121,36,2
1778519195.1541572,2,608,600,146,121,32,3
1778519195.1571422,1,1308,0,53,121,36,1
1778519195.171588,2,614,400,125,121,32,2
1778519195.174901,1,1308,0,53,121,36,1
1778519195.1889927,2,619,300,103,121,32,2
1778519195.1919155,1,1308,0,53,121,36,1
1778519195.2064726,2,621,200,85,121,32,2
1778519195.2100875,1,1308,0,53,121,36,1
1778519195.2242057,2,624,150,62,121,32,2
1778519195.226967,1,1308,0,53,121,36,1
1778519195.2416258,2,625,100,38,121,32,1
1778519195.2455282,1,1308,0,53,121,36,2
1778519195.2595267,2,625,0,23,121,32,0
1778519195.2628846,1,1308,0,53,121,36,1
1778519195.2774584,2,625,0,52,121,32,1
1778519195.2807398,1,1308,0,53,121,36,1
1778519195.2946217,2,623,0,86,121,32,2
1778519195.297923,1,1308,0,53,121,36,1
1778519195.312555,2,622,-100,120,121,32,3
1778519195.3159451,1,1308,0,53,121,36,1
1778519195.3302073,2,619,-50,166,121,32,6
1778519195.3332431,1,1308,0,53,121,36,1
1778519195.3477273,2,614,-250,202,121,32,7
1778519195.351055,1,1308,0,53,121,36,2
1778519195.3650742,2,606,-350,239,121,32,8
1778519195.3678098,1,1308,0,53,121,36,2
1778519195.3821461,2,597,-500,273,120,32,11
1778519195.3856242,1,1308,0,53,121,36,1
1778519195.4003797,2,584,-700,305,121,32,10
1778519195.4033365,1,1308,0,53,120,36,1
1778519195.4173875,2,571,-800,331,120,32,11
1778519195.4201665,1,1308,0,53,121,36,1
1778519195.43471,2,555,-800,353,120,32,12
1778519195.4383893,1,1308,0,53,121,36,1
1778519195.4526155,2,537,-900,362,120,32,10
1778519195.455462,1,1308,0,53,121,36,1
1778519195.4697754,2,520,-1000,358,121,32,10
1778519195.4733548,1,1308,0,53,121,36,2
1778519195.4873738,2,502,-1000,347,121,32,8
1778519195.4901676,1,1308,0,53,121,36,2
1778519195.504652,2,485,-1050,329,121,32,7
1778519195.5085723,1,1308,0,53,121,36,1
1778519195.5225537,2,466,-1000,304,121,32,5
1778519195.5254548,1,1308,0,53,121,36,1
1778519195.539816,2,450,-950,279,121,32,4
1778519195.5430887,1,1308,0,53,121,36,1
1778519195.5572364,2,435,-850,249,121,32,3
1778519195.56009,1,1308,0,53,121,36,2
1778519195.5744205,2,422,-850,221,121,32,3
1778519195.5779736,1,1308,0,53,121,36,1
1778519195.5920093,2,411,-750,190,121,32,2
1778519195.5948474,1,1308,0,53,121,36,2
1778519195.6091883,2,402,-600,170,121,32,2
1778519195.6131048,1,1308,0,53,121,36,1
1778519195.6274374,2,393,-550,139,121,32,2
1778519195.6305833,1,1308,0,53,121,36,1
1778519195.6450746,2,386,-400,113,121,32,1
1778519195.648273,1,1308,0,53,121,36,1
1778519195.6622438,2,381,-350,88,121,32,0
1778519195.6652274,1,1308,0,53,121,36,1
1778519195.679654,2,377,-250,68,121,32,1
1778519195.6829739,1,1308,0,53,121,36,2
1778519195.6968846,2,375,-100,54,121,32,2
1778519195.699677,1,1308,0,53,121,35,1
1778519195.7144544,2,374,-100,47,121,32,1
1778519195.7180128,1,1308,0,53,121,36,1
1778519195.732123,2,374,-50,43,121,32,1
1778519195.73493,1,1308,0,53,121,36,1
1778519195.7495668,2,374,0,37,121,32,1
1778519195.7535613,1,1308,0,53,121,36,2
1778519195.7676265,2,373,-50,19,121,32,0
1778519195.7709358,1,1308,0,53,121,36,2
1778519195.7853327,2,373,0,32,121,32,0
1778519195.7883759,1,1308,0,53,121,36,1
1778519195.8022745,2,374,0,59,121,32,1
1778519195.8051903,1,1308,0,53,121,36,1
1778519195.8196342,2,374,50,87,121,32,2
1778519195.8228567,1,1308,0,53,121,36,1
1778519195.8367412,2,375,50,121,121,32,4
1778519195.8394592,1,1308,0,53,121,36,1
1778519195.85361,2,378,50,161,121,32,5
1778519195.8571224,1,1308,0,53,121,36,1
1778519195.871035,2,384,200,196,121,32,7
1778519195.8739605,1,1308,0,53,121,36,1
1778519195.8883154,2,391,350,225,121,32,7
1778519195.8916059,1,1308,0,53,121,36,1
1778519195.905529,2,401,500,252,121,32,10
1778519195.908327,1,1308,0,53,121,36,1
1778519195.9227436,2,412,600,279,121,32,10
1778519195.926104,1,1308,0,53,121,36,1
1778519195.9400666,2,424,650,310,121,32,12
1778519195.9428394,1,1308,0,53,121,36,1
1778519195.9575918,2,436,700,342,120,32,11
1778519195.9615395,1,1308,0,53,120,36,1
1778519195.975419,2,454,950,369,120,32,11
1778519195.9786708,1,1308,0,53,121,36,1
1778519195.9933321,2,471,950,376,120,32,10
1778519195.9965909,1,1308,0,53,121,36,2
1778519196.0105264,2,490,1000,372,121,32,11
1778519196.0135481,1,1308,0,53,121,36,1
1778519196.0281858,2,509,1100,355,121,32,8
1778519196.031509,1,1308,0,53,121,36,1
1778519196.0455413,2,527,1100,333,121,32,8
1778519196.0483575,1,1308,0,53,121,36,1
1778519196.0628471,2,542,850,320,121,32,7
1778519196.0661464,1,1308,0,53,121,36,2
1778519196.0802038,2,559,950,298,121,31,6
1778519196.0832121,1,1308,0,53,121,36,1
1778519196.0974815,2,574,950,268,121,32,5
1778519196.1012006,1,1308,0,53,121,36,1
1778519196.115108,2,589,800,235,121,32,5
1778519196.1184013,1,1308,0,53,121,36,1
1778519196.1328511,2,601,800,205,121,32,3
1778519196.136101,1,1308,0,53,121,36,1
1778519196.1501017,2,611,700,175,121,32,3
1778519196.1530085,1,1308,0,53,121,36,1
1778519196.1674664,2,618,500,154,121,32,3
1778519196.170911,1,1308,0,53,121,36,1
1778519196.1847854,2,624,400,131,121,32,2
1778519196.1875489,1,1308,0,53,121,36,1
1778519196.201935,2,629,300,111,121,32,2
1778519196.2055237,1,1308,0,53,121,36,1
1778519196.2197473,2,633,250,88,121,32,2
1778519196.222627,1,1308,0,53,121,36,1
1778519196.2370913,2,636,200,63,121,32,1
1778519196.2410562,1,1308,0,53,121,36,1
1778519196.2549691,2,637,50,37,121,32,1
1778519196.2579422,1,1308,0,53,121,36,2
1778519196.2723687,2,638,50,18,121,32,0
1778519196.2756038,1,1308,0,53,121,36,1
1778519196.2894378,2,638,50,50,121,32,2
1778519196.292155,1,1308,0,53,121,36,1
1778519196.3066683,2,637,-50,79,121,32,2
1778519196.3102338,1,1308,0,53,122,36,1
1778519196.3243036,2,635,-50,117,121,32,3
1778519196.3270955,1,1308,0,53,121,36,1
1778519196.3415492,2,633,-100,152,121,32,5
1778519196.3455155,1,1308,0,53,121,36,2
1778519196.3593764,2,628,-250,194,121,32,6
1778519196.3627381,1,1308,0,53,121,36,1
1778519196.3773837,2,620,-350,232,121,32,9
1778519196.380668,1,1308,0,53,121,36,1
1778519196.3945656,2,611,-550,266,121,32,10
1778519196.3976035,1,1308,0,53,121,36,1
1778519196.412063,2,601,-550,296,121,32,11
1778519196.4155047,1,1308,0,53,121,36,1
1778519196.4295132,2,586,-600,331,120,32,12
1778519196.4322047,1,1308,0,53,121,36,1
1778519196.4466934,2,571,-850,352,120,32,12
1778519196.4502537,1,1308,0,53,121,36,1
1778519196.464363,2,554,-950,371,120,32,12
1778519196.467132,1,1308,0,53,121,36,1
1778519196.481156,2,535,-1000,385,120,32,13
1778519196.4849324,1,1308,0,53,121,36,1
1778519196.4987783,2,516,-1050,397,121,32,12
1778519196.501691,1,1308,0,53,120,35,1
1778519196.516085,2,497,-1150,403,120,32,12
1778519196.5195036,1,1308,0,53,121,36,1
1778519196.5336225,2,475,-1200,406,120,32,10
1778519196.536425,1,1308,0,53,120,36,1
1778519196.551011,2,455,-1200,401,121,32,9
1778519196.5542717,1,1308,0,53,121,36,2
1778519196.5681021,2,432,-1250,387,121,32,6
1778519196.571468,1,1308,0,53,121,36,1
1778519196.586292,2,412,-1200,370,121,32,6
1778519196.589437,1,1308,0,53,121,36,1
1778519196.6037142,2,391,-1150,349,121,32,5
1778519196.6068726,1,1308,0,53,121,36,1
1778519196.62133,2,372,-1150,324,121,32,5
1778519196.6253934,1,1308,0,53,121,36,1
1778519196.6393118,2,353,-1050,294,121,32,4
1778519196.642622,1,1308,0,53,121,36,1
1778519196.6572309,2,337,-950,267,121,32,4
1778519196.6604006,1,1308,0,53,121,36,1
1778519196.6743867,2,322,-850,240,121,32,3
1778519196.6774814,1,1308,0,53,121,36,1
1778519196.6920354,2,310,-850,211,121,32,3
1778519196.6952612,1,1308,0,53,121,36,1
1778519196.7091992,2,299,-700,188,121,32,2
1778519196.7120051,1,1308,0,53,121,36,1
1778519196.726364,2,290,-650,162,121,32,2
1778519196.7300158,1,1308,0,53,121,36,1
1778519196.7441938,2,281,-500,138,121,32,1
1778519196.7469468,1,1308,0,53,121,36,1
1778519196.7614334,2,274,-450,112,121,32,2
1778519196.7653906,1,1308,0,53,122,36,2
1778519196.7793376,2,269,-300,88,121,32,1
1778519196.7822688,1,1308,0,53,121,36,1
1778519196.7968202,2,266,-250,68,121,32,1
1778519196.8001058,1,1308,0,53,121,36,1
1778519196.8140614,2,263,-150,54,121,32,1
1778519196.816896,1,1308,0,53,121,36,2
1778519196.8313227,2,262,-150,44,121,32,1
1778519196.834771,1,1308,0,53,121,36,1
1778519196.8490672,2,262,-50,43,121,32,1
1778519196.851963,1,1308,0,53,121,36,1
1778519196.8658397,2,262,0,43,121,32,1
1778519196.8687317,1,1308,0,53,121,36,1
1778519196.883269,2,262,0,43,121,32,0
1778519196.886498,1,1308,0,53,122,36,1
1778519196.9006603,2,262,0,43,121,32,1
1778519196.9036202,1,1308,0,53,121,36,1
1778519196.9181461,2,262,0,43,121,32,0
1778519196.921672,1,1308,0,53,121,36,1
1778519196.935598,2,262,0,43,121,32,1
1778519196.9383857,1,1308,0,53,121,36,1
1778519196.953119,2,262,0,43,121,32,1
1778519196.956938,1,1308,0,53,121,36,1
1778519196.9707906,2,262,0,43,121,32,1
1778519196.9736648,1,1308,0,53,121,36,1
1778519196.988002,2,262,0,43,121,32,1
1778519196.991296,1,1308,0,53,121,36,1
1778519197.0052068,2,262,0,43,121,32,1
1778519197.00807,1,1308,0,53,121,36,2
1778519197.0223348,2,262,0,43,121,32,1
1778519197.02593,1,1308,0,53,121,36,1
1778519197.0401926,2,262,0,43,121,32,1
1778519197.0430093,1,1308,0,53,121,36,1
1778519197.0576458,2,262,0,43,121,32,1
1778519197.061615,1,1308,0,53,121,36,1
1778519197.07576,2,262,0,43,121,32,1
1778519197.0791416,1,1308,0,53,121,36,1
1778519197.093484,2,262,0,43,121,32,0
1778519197.0966187,1,1308,0,53,122,36,1
1778519197.1106079,2,262,0,43,121,32,1
1778519197.1137042,1,1308,0,53,122,36,1
1778519197.128359,2,262,0,43,121,32,1
1778519197.131804,1,1308,0,53,122,36,1
1778519197.1459134,2,262,0,43,121,32,0
1778519197.1487234,1,1308,0,53,121,36,1
1778519197.1633694,2,262,0,43,121,32,0
1778519197.1667678,1,1308,0,53,121,36,1
1778519197.180685,2,262,0,43,121,32,0
1778519197.1834524,1,1308,0,53,122,36,1
1778519197.1978564,2,262,0,43,121,32,1
1778519197.2013655,1,1308,0,53,121,36,1
1778519197.2152224,2,262,0,43,121,32,1
1778519197.2185571,1,1308,0,53,121,36,2
1778519197.2331107,2,262,0,43,121,32,1
1778519197.236247,1,1308,0,53,121,36,1
1778519197.2501187,2,262,0,43,121,32,1
1778519197.2529607,1,1308,0,53,121,36,2
1778519197.2673843,2,262,0,43,121,32,1
1778519197.2708068,1,1308,0,53,121,36,1
1778519197.2851133,2,262,0,43,121,32,1
1778519197.2879918,1,1308,0,53,121,36,1
1778519197.301968,2,262,0,43,121,32,1
1778519197.3048947,1,1308,0,53,121,36,1
1778519197.3196788,2,262,0,43,121,32,1
1778519197.3230615,1,1308,0,53,122,36,1
1778519197.3372416,2,262,0,43,121,32,1
1778519197.3399997,1,1308,0,53,122,36,1
1778519197.3544118,2,262,0,43,121,32,1
1778519197.3579738,1,1308,0,53,121,36,1
1778519197.3719256,2,262,0,43,121,32,1
1778519197.3746753,1,1308,0,53,121,36,1
1778519197.3889523,2,262,0,43,121,32,0
1778519197.3928962,1,1308,0,53,121,36,1
1778519197.4068089,2,262,0,43,122,32,1
1778519197.4096994,1,1308,0,53,121,36,1
1778519197.4240956,2,262,0,43,121,32,1
1778519197.4273787,1,1308,0,53,122,36,1
1778519197.4413397,2,262,0,43,121,32,1
1778519197.4442148,1,1308,0,53,121,36,2
1778519197.458782,2,262,0,43,121,32,1
1778519197.462404,1,1308,0,53,121,36,1
1778519197.4764867,2,262,0,43,121,32,1
1778519197.479269,1,1308,0,53,121,36,2
1778519197.4938204,2,262,0,43,121,32,1
1778519197.4976645,1,1308,0,53,122,36,1
1778519197.5115097,2,262,0,43,121,32,1
1778519197.5146818,1,1308,0,53,121,36,1
1778519197.5293176,2,262,0,43,121,32,1
1778519197.5325701,1,1308,0,53,122,36,2
1778519197.5465233,2,262,0,43,121,32,1
1778519197.5495484,1,1308,0,53,121,36,1
1778519197.5640888,2,262,0,43,121,32,1
1778519197.5674908,1,1308,0,53,121,36,1
1778519197.5814638,2,262,0,43,121,32,1
1778519197.5842454,1,1308,0,53,121,36,1
1778519197.598543,2,262,0,43,121,32,1
1778519197.6021228,1,1308,0,53,122,36,1
1778519197.6162705,2,262,0,43,121,32,1
1778519197.6191158,1,1308,0,53,121,36,1
1778519197.6337168,2,262,0,43,121,32,2
1778519197.637679,1,1308,0,53,121,36,2
1778519197.6516082,2,262,0,43,121,32,1
1778519197.6550374,1,1308,0,53,121,36,1
1778519197.6692874,2,262,0,43,121,32,1
1778519197.6723018,1,1308,0,53,121,36,2
1778519197.6868112,2,262,0,43,121,32,1
1778519197.6897686,1,1308,0,53,121,36,1
1778519197.7035985,2,262,0,43,121,32,1
1778519197.7069497,1,1308,0,53,121,36,1
1778519197.7213697,2,262,0,43,121,32,1
1778519197.7244172,1,1308,0,53,121,36,1
1778519197.738342,2,262,0,43,121,32,1
1778519197.741349,1,1308,0,53,121,36,1
1778519197.75588,2,262,0,43,121,32,1
1778519197.7592041,1,1308,0,53,121,36,1
1778519197.773146,2,262,0,43,121,32,1
1778519197.7759566,1,1308,0,53,121,36,1
1778519197.7906573,2,262,0,43,121,32,1
1778519197.7942493,1,1308,0,53,121,36,1
1778519197.8084247,2,262,0,43,121,32,1
1778519197.8114731,1,1308,0,53,121,36,1
1778519197.8260527,2,262,0,43,121,32,1
1778519197.8294535,1,1308,0,53,121,36,1
1778519197.8438492,2,262,0,43,121,32,1
1778519197.847969,1,1308,0,53,122,36,2
1778519197.8620582,2,262,0,43,121,32,0
1778519197.8648157,1,1308,0,53,121,36,1
1778519197.8792284,2,262,0,43,121,32,1
1778519197.8824782,1,1308,0,53,122,36,2
1778519197.8965218,2,262,0,43,121,32,1
1778519197.8992913,1,1308,0,53,122,36,2
1778519197.9135442,2,262,0,43,121,32,0
1778519197.9170372,1,1308,0,53,121,36,1
1778519197.9309154,2,262,0,43,121,32,1
1778519197.9337194,1,1308,0,53,121,36,1
1778519197.948168,2,262,0,43,121,32,1
1778519197.9516716,1,1308,0,53,122,36,1
1778519197.9657164,2,262,0,43,121,32,1
1778519197.968544,1,1308,0,53,121,36,1
1778519197.9830878,2,262,0,43,122,32,1
1778519197.9866805,1,1308,0,53,122,36,1
1778519198.0009894,2,262,0,43,121,32,0
1778519198.0038614,1,1308,0,53,121,36,2
1778519198.0177064,2,262,0,43,121,32,1
1778519198.0206487,1,1308,0,53,121,36,1
1778519198.035308,2,262,0,43,121,32,1
1778519198.0386653,1,1308,0,53,122,36,1
1778519198.0527961,2,262,0,43,121,32,1
1778519198.055706,1,1308,0,53,121,36,1
1778519198.0700252,2,262,0,43,121,32,1
1778519198.07352,1,1308,0,53,122,36,1
1778519198.0875723,2,262,0,43,121,32,1
1778519198.0903397,1,1308,0,53,122,36,1
1778519198.1050017,2,262,0,43,121,32,1
1778519198.1088202,1,1308,0,53,122,36,1
1778519198.1227612,2,262,0,43,121,32,1
1778519198.1256585,1,1308,0,53,121,36,1
1778519198.1399841,2,262,0,43,121,32,1
1778519198.1434047,1,1308,0,53,122,36,1
1778519198.1574435,2,262,0,43,121,32,1
1778519198.1603045,1,1308,0,53,121,36,2
1778519198.1748815,2,262,0,43,121,32,1
1778519198.178754,1,1308,0,53,122,36,1
1778519198.1928327,2,262,0,43,121,32,0
1778519198.1955712,1,1308,0,53,121,36,1
1778519198.2102592,2,262,0,43,121,32,1
1778519198.2138295,1,1308,0,53,122,36,1
1778519198.2279747,2,262,0,43,121,31,1
1778519198.2308285,1,1308,0,53,121,36,1
1778519198.2452073,2,262,0,43,122,32,0
1778519198.2491438,1,1308,0,53,122,36,1
1778519198.2630162,2,262,0,43,121,32,1
1778519198.2659402,1,1308,0,53,121,36,1
1778519198.280435,2,262,0,43,121,32,0
1778519198.2836869,1,1308,0,53,122,36,1
1778519198.2976289,2,262,0,43,121,32,1
1778519198.3006039,1,1308,0,53,121,36,2
1778519198.3150373,2,262,0,43,121,32,1
1778519198.3182347,1,1308,0,53,121,36,1
1778519198.3322272,2,262,0,43,121,32,1
1778519198.3350234,1,1308,0,53,122,36,1
1778519198.34936,2,262,0,43,121,32,1
1778519198.3531218,1,1308,0,53,121,36,1
1778519198.3670037,2,262,0,43,121,32,1
1778519198.3702343,1,1308,0,53,121,36,1
1778519198.3851576,2,262,0,43,122,32,1
1778519198.3883986,1,1308,0,53,122,36,1
1778519198.4023323,2,262,0,43,122,32,1
1778519198.405171,1,1308,0,53,121,36,2
1778519198.4197137,2,262,0,43,121,32,1
1778519198.422985,1,1308,0,53,121,36,2
1778519198.4370866,2,262,0,43,121,32,1
1778519198.4398632,1,1308,0,53,122,36,1
1778519198.4545395,2,262,0,43,121,32,1
1778519198.4580426,1,1308,0,53,122,36,1
1778519198.472053,2,262,0,43,121,32,1
1778519198.4748933,1,1308,0,53,121,36,1
1778519198.4896364,2,262,0,43,121,32,0
1778519198.493615,1,1308,0,53,121,36,1
1778519198.5075805,2,262,0,43,121,32,1
1778519198.5108151,1,1308,0,53,121,36,1
1778519198.5256822,2,262,0,43,121,32,1
1778519198.5289145,1,1308,0,53,122,36,2
1778519198.542764,2,262,0,43,121,32,0
1778519198.5457382,1,1308,0,53,121,36,1
1778519198.5602832,2,262,0,43,121,32,1
1778519198.5637178,1,1308,0,53,122,36,1
1778519198.5777357,2,262,0,43,121,32,1
1778519198.5804768,1,1308,0,53,121,36,1
1778519198.5950375,2,262,0,43,121,32,1
1778519198.5983899,1,1308,0,53,122,36,1
1778519198.6124396,2,262,0,43,121,32,1
1778519198.6154478,1,1308,0,53,121,36,1
1778519198.62998,2,262,0,43,121,32,1
1778519198.6340826,1,1308,0,53,122,36,2
1778519198.648561,2,262,0,43,121,32,1
1778519198.651649,1,1308,0,53,121,36,1
1778519198.666184,2,262,0,43,121,32,1
1778519198.6698468,1,1308,0,53,121,36,2
1778519198.6838553,2,262,0,43,121,32,1
1778519198.68664,1,1308,0,53,122,36,1
1778519198.7011082,2,262,0,43,121,32,1
1778519198.704924,1,1308,0,53,122,36,2
1778519198.7187796,2,262,0,43,121,32,1
1778519198.7218225,1,1308,0,53,121,36,1
1778519198.736243,2,262,0,43,121,32,1
1778519198.739493,1,1308,0,53,122,36,1
1778519198.7534168,2,262,0,43,121,32,1
1778519198.7562237,1,1308,0,53,121,36,1
1778519198.770574,2,262,0,43,121,32,1
1778519198.7741306,1,1308,0,53,122,36,1
1778519198.7881095,2,262,0,43,121,32,1
1778519198.790903,1,1308,0,53,122,36,2
1778519198.8055515,2,262,0,43,121,32,0
1778519198.8094318,1,1308,0,53,122,36,1
1778519198.8234313,2,262,0,43,121,32,1
1778519198.8266287,1,1308,0,53,121,36,1
1778519198.8412757,2,262,0,43,121,32,1
1778519198.8444953,1,1308,0,53,121,36,2
1778519198.8584523,2,262,0,43,121,32,1
1778519198.8615224,1,1308,0,53,122,36,1
1778519198.8758798,2,262,0,43,121,32,1
1778519198.8792922,1,1308,0,53,121,36,1
1778519198.8932674,2,262,0,43,121,32,1
1778519198.8960345,1,1308,0,53,122,36,1
1778519198.9103234,2,262,0,43,121,32,1
1778519198.9139252,1,1308,0,53,122,36,1
1778519198.9278855,2,262,0,43,121,32,1
1778519198.9306626,1,1308,0,53,121,36,1
1778519198.9455,2,262,0,43,121,32,1
1778519198.9495115,1,1308,0,53,122,36,1
1778519198.9634092,2,262,0,43,121,32,1
1778519198.9666553,1,1308,0,53,121,36,1
1778519198.9812531,2,262,0,43,121,33,1
1778519198.9844918,1,1308,0,53,121,36,1
1778519198.9983482,2,262,0,43,122,32,1
1778519199.0012488,1,1308,0,53,122,36,1
1778519199.0158522,2,262,0,43,121,32,0
1778519199.0193233,1,1308,0,53,122,36,1
1778519199.0331848,2,262,0,43,121,32,1
1778519199.03594,1,1308,0,53,121,36,1
1778519199.0506544,2,262,0,43,121,32,1
1778519199.054329,1,1308,0,53,121,36,1
1778519199.0683036,2,262,0,43,121,32,1
1778519199.0721292,1,1308,0,53,121,36,1
1778519199.086477,2,262,0,43,121,32,1
1778519199.0893874,1,1308,0,53,122,36,1
1778519199.1032677,2,262,0,43,121,32,1
1778519199.1064622,1,1308,0,53,122,36,1
1778519199.121019,2,262,0,43,121,32,1
1778519199.1242108,1,1308,0,53,121,36,1
1778519199.138116,2,262,0,43,121,32,1
1778519199.1410394,1,1308,0,53,122,36,2
1778519199.1553717,2,262,0,43,121,32,0
1778519199.1586013,1,1308,0,53,122,36,2
1778519199.1724577,2,262,0,43,121,32,1
1778519199.175252,1,1308,0,53,121,36,1
1778519199.1899874,2,262,0,43,121,32,1
1778519199.1939073,1,1308,0,53,122,36,1
1778519199.2078373,2,262,0,43,122,32,1
1778519199.2112238,1,1308,0,53,122,36,1
1778519199.2256532,2,262,0,43,122,32,1
1778519199.2286928,1,1308,0,53,121,36,1
1778519199.2425597,2,262,0,43,121,32,1
1778519199.245471,1,1308,0,53,121,36,1
1778519199.2598228,2,262,0,43,122,32,1
1778519199.2630987,1,1308,0,53,121,36,1
1778519199.277032,2,262,0,43,121,32,1
1778519199.2799177,1,1308,0,53,122,36,1
1778519199.2947643,2,262,0,43,121,32,1
1778519199.2983942,1,1308,0,53,121,36,2
1778519199.3125498,2,262,0,43,121,32,1
1778519199.3153784,1,1308,0,53,121,36,1
1778519199.3296192,2,262,0,43,121,32,1
1778519199.3332167,1,1308,0,53,122,36,1
1778519199.3471136,2,262,0,43,121,32,1
1778519199.3501184,1,1308,0,53,121,36,1
1778519199.364598,2,262,0,43,121,32,0
1778519199.367893,1,1308,0,53,122,36,2
1778519199.3817668,2,262,0,43,121,32,1
1778519199.384616,1,1308,0,53,121,36,1
1778519199.399144,2,262,0,43,121,32,0
1778519199.402383,1,1308,0,53,121,36,1
1778519199.41623,2,262,0,43,121,32,1
1778519199.4189694,1,1308,0,53,122,36,1
1778519199.4336243,2,262,0,43,121,32,1
1778519199.4375076,1,1308,0,53,122,36,1
1778519199.4513683,2,262,0,43,121,32,1
1778519199.4547312,1,1308,0,53,121,36,1
1778519199.4693441,2,262,0,43,121,32,1
1778519199.4725976,1,1308,0,53,122,36,1
1778519199.4864848,2,262,0,43,121,32,1
1778519199.4894857,1,1308,0,53,121,36,0
1778519199.5040026,2,262,0,43,121,32,1
1778519199.5073416,1,1308,0,53,121,36,1
1778519199.5212631,2,262,0,43,122,32,0
1778519199.5240126,1,1308,0,53,121,36,1
1778519199.538414,2,262,0,43,121,32,0
1778519199.5419655,1,1308,0,53,122,36,1
1778519199.5562713,2,262,0,43,121,32,1
1778519199.5593503,1,1308,0,53,121,36,1
1778519199.5738297,2,262,0,43,121,32,1
1778519199.577069,1,1308,0,53,121,36,1
1778519199.5909934,2,262,0,43,121,32,1
1778519199.5943735,1,1308,0,53,122,36,1
1778519199.6089962,2,262,0,43,121,32,0
1778519199.6122787,1,1308,0,53,122,36,1
1778519199.6262195,2,262,0,43,121,32,1
1778519199.6290832,1,1308,0,53,121,36,1
1778519199.6435084,2,262,0,43,121,32,1
1778519199.6468744,1,1308,0,53,121,36,1
1778519199.6608324,2,262,0,43,121,32,0
1778519199.6637323,1,1308,0,53,122,36,1
1778519199.6779604,2,262,0,43,122,32,1
1778519199.68143,1,1308,0,53,121,36,1
1778519199.695589,2,262,0,43,121,32,1
1778519199.6986532,1,1308,0,53,121,36,2
1778519199.713371,2,262,0,43,121,32,1
1778519199.7173817,1,1308,0,53,121,36,1
1778519199.7315404,2,262,0,43,121,32,1
1778519199.7350204,1,1308,0,53,121,36,1
1778519199.7495234,2,262,0,43,121,32,1
1778519199.7524552,1,1308,0,53,121,36,1
1778519199.7664664,2,262,0,43,122,32,1
1778519199.7693958,1,1308,0,53,121,36,1
1778519199.7838886,2,262,0,43,121,32,0
1778519199.7871392,1,1308,0,53,122,36,1
1778519199.801235,2,262,0,43,121,32,1
1778519199.8041685,1,1308,0,53,121,36,1
1778519199.8185256,2,262,0,43,121,32,1
1778519199.8224425,1,1308,0,53,121,36,2
1778519199.8366475,2,262,0,43,121,32,1
1778519199.839563,1,1308,0,53,122,36,1
1778519199.853976,2,262,0,43,121,32,0
1778519199.8575552,1,1308,0,53,121,36,1
1778519199.8716784,2,262,0,43,121,32,1
1778519199.8745406,1,1308,0,53,121,36,1
1778519199.8889725,2,262,0,43,121,32,1
1778519199.8930852,1,1308,0,53,121,36,1
1778519199.9072163,2,262,0,43,121,32,1
1778519199.9102237,1,1308,0,53,121,36,1
1778519199.924749,2,262,0,43,121,32,1
1778519199.9278836,1,1308,0,53,122,36,1
1778519199.941828,2,262,0,43,121,32,1
1778519199.9446647,1,1308,0,53,121,36,1
1778519199.9592257,2,262,0,43,121,32,0
1778519199.9625301,1,1308,0,53,121,36,2
1778519199.9764376,2,262,0,43,121,32,2
1778519199.9792962,1,1308,0,53,121,36,2
1778519199.9938095,2,262,0,43,121,32,0
1778519199.997809,1,1308,0,53,121,36,2
1778519200.0117686,2,262,0,43,121,32,1
1778519200.0153732,1,1308,0,53,121,36,1
1778519200.030195,2,262,0,43,121,32,1
1778519200.0333364,1,1308,0,53,121,36,2
1778519200.047444,2,262,0,43,121,32,1
1778519200.0503948,1,1308,0,53,122,36,1
1778519200.064495,2,262,0,43,121,32,1
1778519200.0683491,1,1308,0,53,122,36,1
1778519200.0822773,2,262,0,43,121,32,1
1778519200.0848646,1,1308,0,53,121,36,1
1778519200.0993855,2,262,0,43,121,32,1
1778519200.1029909,1,1308,0,53,121,36,2
1778519200.1170223,2,262,0,43,121,32,0
1778519200.1198478,1,1308,0,53,121,36,1
1778519200.1341152,2,262,0,43,121,32,1
1778519200.137636,1,1308,0,53,121,36,1
1778519200.151627,2,262,0,43,121,32,1
1778519200.1544323,1,1308,0,53,122,36,1
1778519200.168822,2,262,0,43,121,32,0
1778519200.1727526,1,1308,0,53,122,36,1
1778519200.1868548,2,262,0,43,121,32,1
1778519200.1899052,1,1308,0,53,121,36,1
1778519200.204242,2,262,0,43,121,32,1
1778519200.207483,1,1308,0,53,121,36,1
1778519200.2214863,2,262,0,43,121,32,1
1778519200.2242615,1,1308,0,53,121,36,1
1778519200.2387352,2,262,0,43,121,32,0
1778519200.2422953,1,1308,0,53,122,36,1
1778519200.25624,2,262,0,43,122,32,1
1778519200.2590897,1,1308,0,53,121,36,1
1778519200.2734153,2,262,0,43,121,32,1
1778519200.2774692,1,1308,0,53,121,36,1
1778519200.2914107,2,262,0,43,121,32,0
1778519200.2947924,1,1308,0,53,121,36,2
1778519200.309351,2,262,0,43,121,32,1
1778519200.3123486,1,1308,0,53,122,36,1
1778519200.3262937,2,262,0,43,121,32,1
1778519200.3293355,1,1308,0,53,121,36,2
1778519200.3440058,2,262,0,43,121,32,1
1778519200.3473425,1,1308,0,53,121,36,1
1778519200.361312,2,262,0,43,121,32,1
1778519200.3640912,1,1308,0,53,122,36,2
1778519200.3784435,2,262,0,43,121,32,0
1778519200.3817713,1,1308,0,53,122,36,1
1778519200.3957334,2,262,0,43,121,32,1
1778519200.399023,1,1308,0,53,121,36,1
1778519200.4135392,2,262,0,43,121,32,1
1778519200.4167745,1,1308,0,53,122,36,1
1778519200.4308815,2,262,0,43,121,32,0
1778519200.433986,1,1308,0,53,121,36,2
1778519200.4484022,2,262,0,43,121,32,1
1778519200.4517193,1,1308,0,53,121,36,1
1778519200.4656582,2,262,0,43,121,32,1
1778519200.4685009,1,1308,0,53,122,36,1
1778519200.4830842,2,262,0,43,122,32,1
1778519200.4863234,1,1308,0,53,122,36,1
1778519200.5002668,2,262,0,43,121,32,1
1778519200.503069,1,1308,0,53,122,36,1
1778519200.5174744,2,262,0,43,121,32,1
1778519200.521478,1,1308,0,53,121,36,1
1778519200.5355482,2,262,0,43,121,32,1
1778519200.5383432,1,1308,0,53,121,36,1
1778519200.5528378,2,262,0,43,121,32,1
1778519200.5569227,1,1308,0,53,122,36,1
1778519200.5709589,2,262,0,43,121,32,0
1778519200.5736847,1,1308,0,53,121,36,1
1778519200.5881462,2,262,0,43,121,32,0
1778519200.5914896,1,1308,0,53,122,36,2
1778519200.6054025,2,262,0,43,121,32,1
1778519200.6081707,1,1308,0,53,121,36,1
1778519200.6225636,2,262,0,43,121,32,1
1778519200.6261566,1,1308,0,53,121,36,1
1778519200.6401265,2,262,0,43,121,32,1
1778519200.642907,1,1308,0,53,122,36,2
1778519200.657533,2,262,0,43,121,32,0
1778519200.661525,1,1308,0,53,121,36,1
1778519200.6754405,2,262,0,43,121,32,1
1778519200.6786778,1,1308,0,53,122,36,1
1778519200.693395,2,262,0,43,121,32,1
1778519200.6965334,1,1308,0,53,122,36,1
1778519200.7103727,2,262,0,43,121,32,1
1778519200.7133265,1,1308,0,53,121,36,2
1778519200.7280438,2,262,0,43,121,32,1
1778519200.7315857,1,1308,0,53,121,36,1
1778519200.7456703,2,262,0,43,121,32,1
1778519200.748433,1,1308,0,53,122,36,1
1778519200.763159,2,262,0,43,122,32,1
1778519200.7666054,1,1308,0,53,122,36,1
1778519200.7808042,2,262,0,43,121,32,1
1778519200.7837336,1,1308,0,53,121,36,1
1778519200.7981203,2,262,0,43,121,32,1
1778519200.801822,1,1308,0,53,122,36,1
1778519200.815956,2,262,0,43,121,32,1
1778519200.8187416,1,1308,0,53,122,36,1
1778519200.8334067,2,262,0,43,121,32,1
1778519200.837319,1,1308,0,53,121,36,1
1778519200.8512728,2,262,0,43,121,32,1
1778519200.8545754,1,1308,0,53,122,36,1
1778519200.8690665,2,262,0,43,121,32,1
1778519200.872273,1,1308,0,53,121,36,1
1778519200.8861997,2,262,0,43,121,32,1
1778519200.8892956,1,1308,0,53,122,36,2
1778519200.9039466,2,262,0,43,121,32,1
1778519200.907433,1,1308,0,53,121,36,1
1778519200.9213517,2,262,0,43,121,32,1
1778519200.9240894,1,1308,0,53,122,36,1
1778519200.9384642,2,262,0,43,121,32,0
1778519200.9420593,1,1308,0,53,122,36,1
1778519200.9562616,2,262,0,43,121,32,1
1778519200.9592812,1,1308,0,53,122,36,1
1778519200.9736147,2,262,0,43,121,32,1
1778519200.9772203,1,1308,0,53,122,36,2
1778519200.9912076,2,262,0,43,121,32,1
1778519200.9941483,1,1308,0,53,122,36,1
1778519201.008738,2,262,0,43,122,32,1
1778519201.0120554,1,1308,0,53,122,36,1
1778519201.0259306,2,262,0,43,121,33,1
1778519201.0288007,1,1308,0,53,122,36,1
1778519201.0435548,2,262,0,43,121,32,1
1778519201.047165,1,1308,0,53,122,36,1
1778519201.061401,2,262,0,43,121,32,1
1778519201.064338,1,1308,0,53,121,36,1
1778519201.0790162,2,262,0,43,121,32,1
1778519201.0825942,1,1308,0,53,122,36,2
1778519201.0967536,2,262,0,43,121,32,1
1778519201.0994973,1,1308,0,53,121,36,1
1778519201.1138637,2,262,0,43,121,32,0
1778519201.1174526,1,1308,0,53,121,36,1
1778519201.131615,2,262,0,43,121,32,1
1778519201.1344688,1,1308,0,53,122,36,1
1778519201.1487558,2,262,0,43,121,32,1
1778519201.1527827,1,1308,0,53,122,36,1
1778519201.166757,2,262,0,43,121,32,1
1778519201.169686,1,1308,0,53,121,36,2
1778519201.184172,2,262,0,43,121,32,1
1778519201.187578,1,1308,0,53,122,36,1
1778519201.2016187,2,262,0,43,121,32,1
1778519201.2044861,1,1308,0,53,121,36,1
1778519201.2188673,2,262,0,43,121,32,1
1778519201.2224627,1,1308,0,53,121,36,1
1778519201.2368946,2,262,0,43,121,32,1
1778519201.2398884,1,1308,0,53,121,37,1
1778519201.2537844,2,262,0,43,121,32,1
1778519201.256678,1,1308,0,53,122,36,1
1778519201.271105,2,262,0,43,121,32,0
1778519201.274413,1,1308,0,53,121,36,2
1778519201.2887034,2,262,0,43,121,32,1
1778519201.291699,1,1308,0,53,122,36,1
1778519201.3056357,2,262,0,43,121,32,1
1778519201.3086092,1,1308,0,53,121,36,1
1778519201.3230524,2,262,0,43,121,32,1
1778519201.326282,1,1308,0,53,121,36,1
1778519201.3408074,2,262,0,43,121,32,0
1778519201.3448427,1,1308,0,53,122,36,0
1778519201.3590193,2,262,0,43,121,32,1
1778519201.362175,1,1308,0,53,122,36,2
1778519201.3767266,2,262,0,43,121,32,1
1778519201.3800454,1,1308,0,53,121,36,1
1778519201.3938642,2,262,0,43,121,32,1
1778519201.3966799,1,1308,0,53,121,36,2
1778519201.411111,2,262,0,43,121,32,1
1778519201.4143624,1,1308,0,53,121,36,1
1778519201.4282496,2,262,0,43,121,32,1
1778519201.4310017,1,1308,0,53,121,36,1
1778519201.4455998,2,262,0,43,121,32,0
1778519201.449574,1,1308,0,53,121,36,1
1778519201.463428,2,262,0,43,121,32,1
1778519201.4666421,1,1308,0,53,122,36,1
1778519201.4813187,2,262,0,43,121,32,1
1778519201.4845598,1,1308,0,53,121,36,1
1778519201.4984255,2,262,0,43,121,32,1
1778519201.5014086,1,1308,0,53,121,36,2
1778519201.5160282,2,262,0,43,121,32,1
1778519201.5193932,1,1308,0,53,122,36,1
1778519201.53344,2,262,0,43,121,32,1
1778519201.5362794,1,1308,0,53,122,36,1
1778519201.5509636,2,262,0,43,121,32,1
1778519201.554407,1,1308,0,53,121,36,1
1778519201.5681603,2,262,0,43,121,32,1
1778519201.5717595,1,1308,0,53,121,36,1
1778519201.5860982,2,262,0,43,121,32,1
1778519201.5890563,1,1308,0,53,121,36,2
1778519201.6029916,2,262,0,43,121,32,1
1778519201.605996,1,1308,0,53,122,36,1
1778519201.6203597,2,262,0,43,122,32,1
1778519201.6235483,1,1308,0,53,121,36,1
1778519201.6375268,2,262,0,43,121,32,1
1778519201.6403058,1,1308,0,53,122,36,1
1778519201.6547992,2,262,0,43,121,32,1
1778519201.6581218,1,1308,0,53,122,36,1
1778519201.672037,2,262,0,43,121,32,1
1778519201.6748147,1,1308,0,53,121,36,1
1778519201.689374,2,262,0,43,121,32,1
1778519201.6934388,1,1308,0,53,121,36,1
1778519201.7073913,2,262,0,43,122,32,0
1778519201.7108364,1,1308,0,53,121,36,2
1778519201.725268,2,262,0,43,121,32,1
1778519201.7281928,1,1308,0,53,122,36,1
1778519201.742051,2,262,0,43,122,32,1
1778519201.7447898,1,1308,0,53,121,36,2
1778519201.7591844,2,262,0,43,121,32,1
1778519201.7626238,1,1308,0,53,121,36,1
1778519201.77676,2,262,0,43,121,32,1
1778519201.779719,1,1308,0,53,122,36,1
1778519201.7942142,2,262,0,43,121,32,1
1778519201.797844,1,1308,0,53,121,35,0
1778519201.8120668,2,262,0,43,121,32,1
1778519201.8149056,1,1308,0,53,122,36,1
1778519201.8294148,2,262,0,43,121,32,0
1778519201.8333373,1,1308,0,53,122,36,1
1778519201.847191,2,262,0,43,121,32,1
1778519201.85029,1,1308,0,53,121,36,2
1778519201.8648963,2,262,0,43,121,32,1
1778519201.8681056,1,1308,0,53,121,36,1
1778519201.8820503,2,262,0,43,121,32,1
1778519201.8849025,1,1308,0,53,121,36,2
1778519201.8994625,2,262,0,43,121,32,1
1778519201.9027896,1,1308,0,53,122,36,1
1778519201.9167666,2,262,0,43,121,32,1
1778519201.9194822,1,1308,0,53,121,36,1
1778519201.9337347,2,262,0,43,121,32,1
1778519201.9373512,1,1308,0,53,121,36,1
1778519201.9515176,2,262,0,43,121,32,0
1778519201.9543977,1,1308,0,53,121,36,1
1778519201.9686837,2,262,0,43,121,32,1
1778519201.97264,1,1308,0,53,122,36,1
1778519201.9866104,2,262,0,43,121,32,1
1778519201.9893835,1,1308,0,53,121,36,2
1778519202.0038338,2,262,0,43,121,32,0
1778519202.0071895,1,1308,0,53,122,36,1
1778519202.0211015,2,262,0,43,121,32,1
1778519202.0238783,1,1308,0,53,122,36,2
1778519202.0384028,2,262,0,43,121,32,1
1778519202.0419912,1,1308,0,53,122,36,1
1778519202.0560796,2,262,0,43,121,32,1
1778519202.058987,1,1308,0,53,121,36,1
1778519202.073423,2,262,0,43,122,32,1
1778519202.0766606,1,1308,0,53,121,36,2
1778519202.0907748,2,262,0,43,121,32,1
1778519202.0939312,1,1308,0,53,122,36,1
1778519202.1084962,2,262,0,43,122,32,1
1778519202.1118307,1,1308,0,53,121,36,2
1778519202.125749,2,262,0,43,121,32,1
1778519202.1284974,1,1308,0,53,121,36,2
1778519202.142976,2,262,0,43,121,32,1
1778519202.1462526,1,1308,0,53,121,36,1
1778519202.16066,2,262,0,43,121,32,1
1778519202.1635745,1,1308,0,53,121,36,1
1778519202.1773405,2,262,0,43,121,32,1
1778519202.1800942,1,1308,0,53,121,36,2
1778519202.1945295,2,262,0,43,121,32,1
1778519202.1980784,1,1308,0,53,122,36,2
1778519202.2124054,2,262,0,43,121,32,1
1778519202.215411,1,1308,0,53,121,36,1
1778519202.2298696,2,262,0,43,121,32,1
1778519202.2333739,1,1308,0,53,122,36,1
1778519202.2479312,2,262,0,43,121,32,1
1778519202.250896,1,1308,0,53,121,36,2
1778519202.26471,2,262,0,43,121,32,1
1778519202.2674057,1,1308,0,53,121,36,1
1778519202.2820752,2,262,0,43,121,32,1
1778519202.2861056,1,1308,0,53,122,36,1
1778519202.3000972,2,262,0,43,121,32,1
1778519202.3040967,1,1308,0,53,122,36,1
1778519202.3183799,2,262,0,43,121,32,1
1778519202.3214056,1,1308,0,53,122,36,1
1778519202.3353071,2,262,0,43,121,32,1
1778519202.3384073,1,1308,0,53,122,36,1
1778519202.3528023,2,262,0,43,121,32,1
1778519202.356101,1,1308,0,53,122,36,2
1778519202.370017,2,262,0,43,121,32,1
1778519202.3729293,1,1308,0,53,122,36,2
1778519202.387503,2,262,0,43,121,32,1
1778519202.3907993,1,1308,0,53,121,36,1
1778519202.4047983,2,262,0,43,121,32,1
1778519202.4075465,1,1308,0,53,121,36,1
1778519202.4218562,2,262,0,43,121,32,1
1778519202.4254467,1,1308,0,53,122,36,1
1778519202.4394593,2,262,0,43,121,32,1
1778519202.4423165,1,1308,0,53,121,36,1
1778519202.4565856,2,262,0,43,121,32,1
1778519202.4604712,1,1308,0,53,122,36,1
1778519202.4744914,2,262,0,43,121,32,1
1778519202.4773777,1,1308,0,53,121,36,1
1778519202.4920244,2,262,0,43,121,32,0
1778519202.4953759,1,1308,0,53,121,36,1
1778519202.509338,2,262,0,43,121,32,1
1778519202.5121233,1,1308,0,53,122,36,0
1778519202.5266013,2,262,0,43,121,32,1
1778519202.5301614,1,1308,0,53,121,36,1
1778519202.544389,2,262,0,43,121,32,0
1778519202.5477164,1,1308,0,53,122,36,1
1778519202.5627916,2,262,0,43,121,32,1
1778519202.5667171,1,1308,0,53,121,36,1
1778519202.5813096,2,262,0,43,122,32,0
1778519202.5842614,1,1308,0,53,121,36,1
1778519202.59805,2,262,0,43,121,32,1
1778519202.6010263,1,1308,0,53,122,36,1
1778519202.6156185,2,262,0,43,121,32,1
1778519202.6190355,1,1308,0,53,122,36,2
1778519202.6331744,2,262,0,43,121,32,1
1778519202.6359434,1,1308,0,53,122,36,1
1778519202.650336,2,262,0,43,121,32,2
1778519202.6539047,1,1308,0,53,121,36,1
1778519202.6678424,2,262,0,43,121,32,1
1778519202.6705995,1,1308,0,53,121,36,2
1778519202.6849678,2,262,0,43,121,32,1
1778519202.6888938,1,1308,0,53,121,36,1
1778519202.7028344,2,262,0,43,121,32,1
1778519202.7058086,1,1308,0,53,121,36,1
1778519202.7203035,2,262,0,43,122,32,0
1778519202.7234674,1,1308,0,53,121,36,1
1778519202.7375436,2,262,0,43,121,32,1
1778519202.7405605,1,1308,0,53,122,36,1
1778519202.7548077,2,262,0,43,121,32,1
1778519202.7580764,1,1308,0,53,122,36,1
1778519202.7724857,2,262,0,43,121,31,1
1778519202.7754176,1,1308,0,53,122,36,1
1778519202.7892041,2,262,0,43,121,32,1
1778519202.791978,1,1308,0,53,121,36,1
1778519202.8063111,2,262,0,43,121,32,1
1778519202.8097637,1,1308,0,53,121,36,2
1778519202.823644,2,262,0,43,122,32,1
1778519202.826409,1,1308,0,53,121,36,1
1778519202.8410466,2,262,0,43,121,32,1
1778519202.844904,1,1308,0,53,121,36,1
1778519202.8588054,2,262,0,43,121,32,1
1778519202.8617773,1,1308,0,53,122,36,1
1778519202.8764045,2,262,0,43,121,32,1
1778519202.879789,1,1308,0,53,122,36,1
1778519202.8937378,2,262,0,43,121,32,1
1778519202.8967078,1,1308,0,53,121,36,2
1778519202.9111195,2,262,0,43,121,32,0
1778519202.9143765,1,1308,0,53,122,36,1
1778519202.9282498,2,262,0,43,121,32,1
1778519202.9309986,1,1308,0,53,121,37,2
1778519202.9453347,2,262,0,43,121,32,1
1778519202.9491751,1,1308,0,53,122,36,1
1778519202.963038,2,262,0,43,121,32,1
1778519202.9660697,1,1308,0,53,121,36,1
1778519202.980578,2,262,0,43,121,32,1
1778519202.9838786,1,1308,0,53,121,36,1
1778519202.9978347,2,262,0,43,122,32,0
1778519203.0005376,1,1308,0,53,121,36,1
1778519203.014918,2,262,0,43,121,32,1
1778519203.0184808,1,1308,0,53,122,36,1
1778519203.0327888,2,262,0,43,121,32,1
1778519203.0360281,1,1308,0,53,121,36,1
1778519203.050448,2,262,0,43,121,32,1
1778519203.0538864,1,1308,0,53,122,36,1
1778519203.0676773,2,262,0,43,121,32,1
1778519203.071171,1,1308,0,53,121,36,2
1778519203.0856006,2,262,0,43,121,32,1
1778519203.0887513,1,1308,0,53,122,36,1
1778519203.1027381,2,262,0,43,121,32,0
1778519203.1057992,1,1308,0,53,121,36,1
1778519203.1203105,2,262,0,43,121,32,0
1778519203.1235385,1,1308,0,53,121,36,1
1778519203.137487,2,262,0,43,121,32,1
1778519203.140235,1,1308,0,53,122,36,1
1778519203.1547036,2,262,0,43,121,32,1
1778519203.1581302,1,1308,0,53,122,36,1
1778519203.1728354,2,262,0,43,121,32,1
1778519203.1770053,1,1308,0,53,122,36,1
1778519203.1912146,2,262,0,43,121,32,0
1778519203.194419,1,1308,0,53,122,36,1
1778519203.2088408,2,262,0,43,121,32,1
1778519203.212079,1,1308,0,53,122,36,1
1778519203.2260573,2,262,0,43,121,32,1
1778519203.2289314,1,1308,0,53,122,36,1
1778519203.2434742,2,262,0,43,121,32,1
1778519203.24677,1,1308,0,53,122,36,1
1778519203.2606864,2,262,0,43,121,32,1
1778519203.2634654,1,1308,0,53,121,36,2
1778519203.277757,2,262,0,43,121,32,1
1778519203.281371,1,1308,0,53,122,36,2
1778519203.2954445,2,262,0,43,121,32,1
1778519203.2987173,1,1308,0,53,121,36,2
1778519203.313332,2,262,0,43,121,32,1
1778519203.316609,1,1308,0,53,121,36,1
1778519203.3304875,2,262,0,43,122,32,1
1778519203.3334239,1,1308,0,53,121,36,1
1778519203.3478088,2,262,0,43,121,32,1
1778519203.3510885,1,1308,0,53,121,36,1
1778519203.3651745,2,262,0,43,121,32,1
1778519203.3681397,1,1308,0,53,121,36,1
1778519203.3821588,2,262,0,43,122,32,1
1778519203.385182,1,1308,0,53,121,36,1
1778519203.3997712,2,262,0,43,121,32,1
1778519203.4031472,1,1308,0,53,122,36,1
1778519203.417113,2,262,0,43,121,32,1
1778519203.4199166,1,1308,0,53,121,36,1
1778519203.4341645,2,262,0,43,121,32,1
1778519203.4376872,1,1308,0,53,122,36,1
1778519203.4523323,2,262,0,43,121,32,1
1778519203.4553115,1,1308,0,53,121,36,1
1778519203.4692993,2,262,0,43,121,32,0
1778519203.4721594,1,1308,0,53,121,36,1
1778519203.486856,2,262,0,43,121,32,1
1778519203.4904518,1,1308,0,53,121,36,1
1778519203.5045307,2,262,0,43,121,32,1
1778519203.5073555,1,1308,0,53,122,36,2
1778519203.5216482,2,262,0,43,121,32,1
1778519203.5251794,1,1308,0,53,122,36,1
1778519203.5392904,2,262,0,43,121,32,1
1778519203.5419354,1,1308,0,53,121,36,1
1778519203.5564353,2,262,0,43,121,32,1
1778519203.5597384,1,1308,0,53,122,36,2
1778519203.5738049,2,262,0,43,121,32,1
1778519203.576813,1,1308,0,53,121,36,1
1778519203.591437,2,262,0,43,121,32,1
1778519203.5948994,1,1308,0,53,122,36,1
1778519203.6092484,2,262,0,43,121,32,0
1778519203.6123037,1,1308,0,53,121,36,1
1778519203.626639,2,262,0,43,121,32,1
1778519203.6302023,1,1308,0,53,121,36,1
1778519203.6443796,2,262,0,43,121,32,0
1778519203.6473045,1,1308,0,53,122,36,1
1778519203.6617079,2,262,0,43,121,32,0
1778519203.66563,1,1308,0,53,121,36,1
1778519203.6796396,2,262,0,43,121,32,1
1778519203.6830804,1,1308,0,53,121,36,1
1778519203.6974645,2,262,0,43,122,32,0
1778519203.7004673,1,1308,0,53,121,36,1
1778519203.7143312,2,262,0,43,121,32,1
1778519203.7173831,1,1308,0,53,121,36,1
1778519203.7318826,2,262,0,43,121,32,1
1778519203.73517,1,1308,0,53,122,36,1
1778519203.7494507,2,262,0,43,121,32,1
1778519203.752439,1,1308,0,53,122,36,1
1778519203.7663202,2,262,0,43,121,32,1
1778519203.7694392,1,1308,0,53,121,36,1
1778519203.7836175,2,262,0,43,121,32,0
1778519203.786844,1,1308,0,53,122,36,1
1778519203.8013744,2,262,0,43,122,32,1
1778519203.8050275,1,1308,0,53,121,37,1
1778519203.818885,2,262,0,43,121,32,1
1778519203.8218403,1,1308,0,53,121,36,1
1778519203.836542,2,262,0,43,121,32,1
1778519203.8398936,1,1308,0,53,121,36,1
1778519203.85378,2,262,0,43,121,32,1
1778519203.85661,1,1308,0,53,121,36,1
1778519203.8710415,2,262,0,43,121,32,1
1778519203.8744967,1,1308,0,53,121,36,1
1778519203.8884168,2,262,0,43,121,32,0
1778519203.89132,1,1308,0,53,121,37,0
1778519203.905677,2,262,0,43,121,32,1
1778519203.9092085,1,1308,0,53,121,36,2
1778519203.9230886,2,262,0,43,121,32,1
1778519203.9259248,1,1308,0,53,121,36,1
1778519203.9404569,2,262,0,43,121,32,1
1778519203.9437263,1,1308,0,53,121,36,1
1778519203.9578996,2,262,0,43,121,32,1
1778519203.96088,1,1308,0,53,121,36,1
1778519203.9748003,2,262,0,43,121,32,1
1778519203.9777265,1,1308,0,53,121,36,1
1778519203.9922676,2,262,0,43,121,32,1
1778519203.9956725,1,1308,0,53,121,37,1
1778519204.0096827,2,262,0,43,121,32,0
1778519204.0125766,1,1308,0,53,121,36,2
1778519204.027113,2,262,0,43,121,32,1
1778519204.0304506,1,1308,0,53,121,36,1
1778519204.0443304,2,262,0,43,121,32,1
1778519204.047204,1,1308,0,53,121,37,1
1778519204.0615036,2,262,0,43,121,32,1
1778519204.0650878,1,1308,0,53,122,36,1
1778519204.0790076,2,262,0,43,121,32,1
1778519204.0819857,1,1308,0,53,121,36,1
1778519204.0964894,2,262,0,43,121,32,0
1778519204.099906,1,1308,0,53,121,36,1
1778519204.1137927,2,262,0,43,121,32,0
1778519204.1166828,1,1308,0,53,121,36,1
1778519204.1310527,2,262,0,43,121,32,1
1778519204.1343012,1,1308,0,53,121,36,2
1778519204.1482608,2,262,0,43,121,32,1
1778519204.1511638,1,1308,0,53,121,36,1
1778519204.1657515,2,262,0,43,121,32,1
1778519204.1697204,1,1308,0,53,121,36,2
1778519204.1838787,2,262,0,43,121,32,0
1778519204.1866453,1,1308,0,53,121,36,1
1778519204.2013526,2,262,0,43,121,32,1
1778519204.2051535,1,1308,0,53,121,36,0
1778519204.219126,2,262,0,43,121,32,1
1778519204.2223215,1,1308,0,53,121,36,1
1778519204.2368925,2,262,0,43,121,32,1
1778519204.240021,1,1308,0,53,121,37,1
1778519204.2538702,2,262,0,43,121,32,1
1778519204.256652,1,1308,0,53,121,36,1
1778519204.2711797,2,262,0,43,121,32,1
1778519204.2746701,1,1308,0,53,121,37,1
1778519204.2886636,2,262,0,43,121,32,1
1778519204.2914312,1,1308,0,53,121,36,1
1778519204.3058262,2,262,0,43,121,32,0
1778519204.3095129,1,1308,0,53,121,37,1
1778519204.3234293,2,262,0,43,121,32,1
1778519204.3266163,1,1308,0,53,121,36,1
1778519204.341225,2,262,0,43,121,32,1
1778519204.3444428,1,1308,0,53,121,36,1
1778519204.35842,2,262,0,43,121,32,1
1778519204.3613002,1,1308,0,53,121,36,1
1778519204.376081,2,262,0,43,121,32,2
1778519204.3795533,1,1308,0,53,121,36,1
1778519204.3935928,2,262,0,43,121,32,1
1778519204.3964372,1,1308,0,53,121,37,1
1778519204.411051,2,262,0,43,121,32,1
1778519204.4145007,1,1308,0,53,121,37,2
1778519204.4287834,2,262,0,43,121,32,1
1778519204.4317062,1,1308,0,53,121,36,1
1778519204.4458847,2,262,0,43,121,32,1
1778519204.4488695,1,1308,0,53,121,36,1
1778519204.4633644,2,262,0,43,121,32,0
1778519204.4666355,1,1308,0,53,122,37,2
1778519204.4808862,2,262,0,43,121,32,1
1778519204.4838476,1,1308,0,53,121,36,1
1778519204.4976816,2,262,0,43,121,32,1
1778519204.5004957,1,1308,0,53,121,36,1
1778519204.5150998,2,262,0,43,121,32,0
1778519204.5185082,1,1308,0,53,121,36,1
1778519204.532446,2,262,0,43,121,32,1
1778519204.5352027,1,1308,0,53,121,37,2
1778519204.5497122,2,262,0,43,121,32,1
1778519204.553622,1,1308,0,53,121,36,1
1778519204.5675685,2,262,0,43,121,32,1
1778519204.570944,1,1308,0,53,121,36,1
1778519204.585483,2,262,0,43,121,32,0
1778519204.588467,1,1308,0,53,121,37,1
1778519204.6023614,2,262,0,43,121,32,1
1778519204.6052492,1,1308,0,53,122,37,1
1778519204.6196682,2,262,0,43,121,32,1
1778519204.6230733,1,1308,0,53,121,36,1
1778519204.6369407,2,262,0,43,121,32,1
1778519204.639715,1,1308,0,53,121,37,2
1778519204.65427,2,262,0,43,121,32,1
1778519204.6582108,1,1308,0,53,121,36,1
1778519204.6723402,2,262,0,43,121,32,0
1778519204.6751227,1,1308,0,53,121,36,1
1778519204.6895607,2,262,0,43,121,32,1
1778519204.6935098,1,1308,0,53,121,36,1
1778519204.707402,2,262,0,43,121,32,1
1778519204.7103379,1,1308,0,53,121,37,1
1778519204.724878,2,262,0,43,121,32,1
1778519204.7280674,1,1308,0,53,121,36,1
1778519204.7426908,2,262,0,43,121,32,1
1778519204.7466645,1,1308,0,53,121,36,2
1778519204.7607524,2,262,0,43,121,32,1
1778519204.7636545,1,1308,0,53,121,36,1
1778519204.7780144,2,262,0,43,121,32,0
1778519204.7816663,1,1308,0,53,121,36,1
1778519204.796083,2,262,0,43,121,32,1
1778519204.799304,1,1308,0,53,121,36,1
1778519204.8137057,2,262,0,43,121,32,1
1778519204.8173685,1,1308,0,53,121,36,1
1778519204.8316996,2,262,0,43,121,32,0
1778519204.835355,1,1308,0,53,121,36,1
1778519204.849505,2,262,0,43,121,32,0
1778519204.8522747,1,1308,0,53,121,37,1
1778519204.8664908,2,262,0,43,121,32,1
1778519204.8701088,1,1308,0,53,121,36,1
1778519204.8848,2,262,0,43,121,32,1
1778519204.887736,1,1308,0,53,122,37,1
1778519204.9016566,2,262,0,43,121,32,1
1778519204.90446,1,1308,0,53,121,36,1
1778519204.9188921,2,262,0,43,121,32,1
1778519204.9221377,1,1308,0,53,122,36,1
1778519204.9359932,2,262,0,43,121,32,0
1778519204.9388,1,1308,0,53,122,37,1
1778519204.9534686,2,262,0,43,121,32,1
1778519204.957483,1,1308,0,53,121,37,1
1778519204.9715,2,262,0,43,121,32,1
1778519204.9745,1,1308,0,53,121,36,1
1778519204.9889653,2,262,0,43,121,32,1
1778519204.9921246,1,1308,0,53,121,36,1
1778519205.0061586,2,262,0,43,121,32,1
1778519205.0091374,1,1308,0,53,121,36,1
1778519205.0236018,2,262,0,43,121,32,1
1778519205.0268247,1,1308,0,53,122,37,1
1778519205.040956,2,262,0,43,121,32,1
1778519205.0439603,1,1308,0,53,121,36,1
1778519205.058524,2,262,0,43,121,32,1
1778519205.0621417,1,1308,0,53,121,37,2
1778519205.0763202,2,262,0,43,121,32,1
1778519205.0790732,1,1308,0,53,121,36,1
1778519205.0934744,2,262,0,43,121,32,1
1778519205.0974255,1,1308,0,53,122,36,1
1778519205.111311,2,262,0,43,121,32,1
1778519205.11468,1,1308,0,53,121,37,2
1778519205.1293974,2,262,0,43,121,32,1
1778519205.1326828,1,1308,0,53,121,36,1
1778519205.1466088,2,262,0,43,121,32,0
1778519205.1496072,1,1308,0,53,121,36,1
1778519205.164145,2,262,0,43,121,32,1
1778519205.1674728,1,1308,0,53,121,37,1
1778519205.1813924,2,262,0,43,121,32,1
1778519205.184269,1,1308,0,53,121,37,1
1778519205.1986427,2,262,0,43,121,32,1
1778519205.202239,1,1308,0,53,121,36,2
1778519205.2167823,2,262,0,43,121,32,1
1778519205.219736,1,1308,0,53,121,37,1
1778519205.2335854,2,262,0,43,121,32,1
1778519205.2363994,1,1308,0,53,121,36,1
1778519205.2509227,2,262,0,43,121,32,1
1778519205.254271,1,1308,0,53,122,37,1
1778519205.2681532,2,262,0,43,121,32,1
1778519205.2709901,1,1308,0,53,121,37,1
1778519205.285376,2,262,0,43,121,32,1
1778519205.2893376,1,1308,0,53,121,37,1
1778519205.303295,2,262,0,43,121,32,1
1778519205.3063662,1,1308,0,53,121,37,2
1778519205.3208334,2,262,0,43,121,32,1
1778519205.3240488,1,1308,0,53,122,36,1
1778519205.3380134,2,262,0,43,121,32,1
1778519205.340857,1,1308,0,53,121,37,1
1778519205.3552206,2,262,0,43,121,32,0
1778519205.3585322,1,1308,0,53,121,37,1
1778519205.3724194,2,262,0,43,121,32,1
1778519205.3752823,1,1308,0,53,121,36,1
1778519205.3895,2,262,0,43,121,32,1
1778519205.392995,1,1308,0,53,121,36,1
1778519205.4068797,2,262,0,43,121,32,1
1778519205.4097269,1,1308,0,53,121,37,1
1778519205.424107,2,262,0,43,121,32,0
1778519205.4273925,1,1308,0,53,121,37,1
1778519205.4414968,2,262,0,43,121,32,1
1778519205.444438,1,1308,0,53,121,37,1
1778519205.4583442,2,262,0,43,122,32,1
1778519205.4614172,1,1308,0,53,121,36,1
1778519205.475737,2,262,0,43,121,32,1
1778519205.4789348,1,1308,0,53,121,36,1
1778519205.4928234,2,262,0,43,121,32,0
1778519205.4956121,1,1308,0,53,121,37,2
1778519205.5099573,2,262,0,43,121,32,0
1778519205.5134795,1,1308,0,53,121,36,1
1778519205.528043,2,262,0,43,121,32,1
1778519205.5310342,1,1308,0,53,121,37,2
1778519205.5448217,2,262,0,43,121,32,1
1778519205.5476174,1,1308,0,53,121,37,2
1778519205.5620315,2,262,0,43,121,32,1
1778519205.5655549,1,1308,0,53,121,37,1
1778519205.5795963,2,262,0,43,121,32,0
1778519205.5823524,1,1308,0,53,121,37,1
1778519205.5967007,2,262,0,43,121,32,1
1778519205.600682,1,1308,0,53,121,36,1
1778519205.6145222,2,262,0,43,121,32,1
1778519205.6174147,1,1308,0,53,121,37,1
1778519205.631778,2,262,0,43,121,32,0
1778519205.634965,1,1308,0,53,121,36,1
1778519205.6494467,2,262,0,43,121,32,0
1778519205.6527865,1,1308,0,53,121,36,1
1778519205.6668403,2,262,0,43,121,32,1
1778519205.6699476,1,1308,0,53,121,36,1
1778519205.684423,2,262,0,43,121,32,0
1778519205.6876223,1,1308,0,53,122,37,1
1778519205.7015598,2,262,0,43,121,32,0
1778519205.704341,1,1308,0,53,121,37,1
1778519205.7189913,2,262,0,43,121,32,1
1778519205.7222986,1,1308,0,53,122,37,1
1778519205.736222,2,262,0,43,121,32,1
1778519205.738991,1,1308,0,53,121,37,1
1778519205.7534308,2,262,0,43,121,32,1
1778519205.7574017,1,1308,0,53,121,37,1
1778519205.7713306,2,262,0,43,121,32,1
1778519205.7745178,1,1308,0,53,121,37,1
1778519205.788691,2,262,0,43,121,32,1
1778519205.791594,1,1308,0,53,121,37,1
1778519205.8062272,2,262,0,43,121,32,0
1778519205.80987,1,1308,0,53,121,36,2
1778519205.8238497,2,262,0,43,121,32,1
1778519205.826611,1,1308,0,53,121,37,1
1778519205.8414881,2,262,0,43,121,32,1
1778519205.8454754,1,1308,0,53,121,37,1
1778519205.859634,2,262,0,43,121,32,1
1778519205.8629653,1,1308,0,53,121,37,1
1778519205.877595,2,262,0,43,121,32,1
1778519205.8806703,1,1308,0,53,121,37,2
1778519205.8946142,2,262,0,43,121,32,1
1778519205.8977606,1,1308,0,53,121,37,2
1778519205.9122443,2,262,0,43,121,32,1
1778519205.915529,1,1308,0,53,121,37,2
1778519205.9295862,2,262,0,43,121,32,1
1778519205.9323678,1,1308,0,53,122,36,1
1778519205.9467492,2,262,0,43,121,32,1
1778519205.9503543,1,1308,0,53,121,37,1
1778519205.9645007,2,262,0,43,121,32,0
1778519205.9673727,1,1308,0,53,121,37,1
1778519205.9817572,2,262,0,43,121,32,1
1778519205.9853752,1,1308,0,53,121,37,1
1778519205.9995065,2,262,0,43,121,32,1
1778519206.002863,1,1308,0,53,121,37,2
1778519206.0174618,2,262,0,43,121,32,1
1778519206.0207188,1,1308,0,53,121,37,1
1778519206.0348117,2,262,0,43,121,32,1
1778519206.0378404,1,1308,0,53,121,37,1
1778519206.0526478,2,262,0,43,121,32,1
1778519206.0560482,1,1308,0,53,121,37,1
1778519206.0707636,2,262,0,43,121,32,1
1778519206.0746713,1,1308,0,53,121,37,1
1778519206.08874,2,262,0,43,121,32,1
1778519206.091519,1,1308,0,53,121,36,1
1778519206.105818,2,262,0,43,121,32,0
1778519206.1093643,1,1308,0,53,121,37,1
1778519206.12341,2,262,0,43,121,32,1
1778519206.126138,1,1308,0,53,121,37,1
1778519206.1402836,2,262,0,43,121,32,1
1778519206.1442554,1,1308,0,53,121,37,2
1778519206.1582189,2,262,0,43,121,32,0
1778519206.1609902,1,1308,0,53,121,37,1
1778519206.1753294,2,262,0,43,121,32,0
1778519206.1787453,1,1308,0,53,121,37,1
1778519206.1927245,2,262,0,43,121,32,0
1778519206.1954834,1,1308,0,53,121,37,1
1778519206.2099955,2,262,0,43,121,32,1
1778519206.214098,1,1308,0,53,121,37,1
1778519206.2283213,2,262,0,43,121,32,0
1778519206.2311192,1,1308,0,53,121,37,2
1778519206.246017,2,262,0,43,121,32,0
1778519206.2500887,1,1308,0,53,121,36,1
1778519206.264182,2,262,0,43,121,32,1
1778519206.2675781,1,1308,0,53,121,37,1
1778519206.2819684,2,262,0,43,121,32,1
1778519206.284914,1,1308,0,53,121,37,2
1778519206.2989776,2,262,0,43,121,32,1
1778519206.3020883,1,1308,0,53,121,37,2
1778519206.3168087,2,262,0,43,121,32,1
1778519206.3201334,1,1308,0,53,121,37,1
1778519206.3341258,2,262,0,43,121,32,1
1778519206.3370337,1,1308,0,53,122,37,1
1778519206.3515565,2,262,0,43,121,32,1
1778519206.3547695,1,1308,0,53,121,37,1
1778519206.368916,2,262,0,43,121,32,1
1778519206.371704,1,1308,0,53,121,37,1
1778519206.386102,2,262,0,43,121,32,1
1778519206.3895786,1,1308,0,53,121,37,2
1778519206.4036481,2,262,0,43,121,32,1
1778519206.406461,1,1308,0,53,122,37,1
1778519206.4209774,2,262,0,43,121,32,0
1778519206.42515,1,1308,0,53,122,37,2
1778519206.4392107,2,262,0,43,121,32,1
1778519206.4423332,1,1308,0,53,121,37,1
1778519206.4567623,2,262,0,43,121,32,1
1778519206.4599695,1,1308,0,53,121,37,1
1778519206.4739654,2,262,0,43,121,33,1
1778519206.4767828,1,1308,0,53,122,37,1
1778519206.4912875,2,262,0,43,121,32,1
1778519206.4945152,1,1308,0,53,122,37,1
1778519206.5086358,2,262,0,43,121,32,1
1778519206.5115697,1,1308,0,53,122,37,1
1778519206.5259511,2,262,0,43,121,32,1
1778519206.5294454,1,1308,0,53,122,37,1
1778519206.5434647,2,262,0,43,121,32,1
1778519206.5461836,1,1308,0,53,121,37,1
1778519206.5606434,2,262,0,43,121,32,1
1778519206.5647144,1,1308,0,53,121,37,1
1778519206.578661,2,262,0,43,121,32,1
1778519206.5815978,1,1308,0,53,121,37,1
1778519206.5960577,2,262,0,43,121,32,1
1778519206.5993016,1,1308,0,53,121,37,1
1778519206.613155,2,262,0,43,121,32,1
1778519206.615915,1,1308,0,53,121,37,1
1778519206.630246,2,262,0,43,121,32,2
1778519206.6338162,1,1308,0,53,121,37,1
1778519206.6477818,2,262,0,43,121,32,1
1778519206.650572,1,1308,0,53,121,37,1
1778519206.6649728,2,262,0,43,121,32,1
1778519206.6689403,1,1308,0,53,121,37,1
1778519206.6832044,2,262,0,43,121,32,1
1778519206.686146,1,1308,0,53,121,37,1
1778519206.7004912,2,262,0,43,121,32,1
1778519206.7043633,1,1308,0,53,121,37,1
1778519206.7184606,2,262,0,43,121,32,1
1778519206.72133,1,1308,0,53,121,37,1
1778519206.7358894,2,262,0,43,121,32,1
1778519206.739116,1,1308,0,53,121,37,1
1778519206.7529514,2,262,0,43,121,32,1
1778519206.7557635,1,1308,0,53,121,37,1
1778519206.7700303,2,262,0,43,121,32,1
1778519206.773531,1,1308,0,53,121,37,1
1778519206.787518,2,262,0,43,121,32,1
1778519206.7903473,1,1308,0,53,121,37,1
1778519206.8047678,2,262,0,43,121,32,0
1778519206.8087046,1,1308,0,53,121,37,1
1778519206.8227143,2,262,0,43,121,32,1
1778519206.8256176,1,1308,0,53,121,37,1
1778519206.840152,2,262,0,43,122,32,1
1778519206.8434901,1,1308,0,53,121,37,2
1778519206.857414,2,262,0,43,121,32,1
1778519206.8601975,1,1308,0,53,122,37,1
1778519206.8746712,2,262,0,43,121,32,1
1778519206.8782938,1,1308,0,53,121,37,1
1778519206.8923316,2,262,0,43,121,32,1
1778519206.8951666,1,1308,0,53,121,37,1
1778519206.9095001,2,262,0,43,121,32,1
1778519206.9134436,1,1308,0,53,121,37,2
1778519206.9273353,2,262,0,43,121,32,1
1778519206.9305248,1,1308,0,53,121,37,1
1778519206.9450927,2,262,0,43,121,32,1
1778519206.948262,1,1308,0,53,121,37,2
1778519206.9622352,2,262,0,43,121,32,1
1778519206.965064,1,1308,0,53,121,37,1
1778519206.979473,2,262,0,43,121,32,1
1778519206.9828463,1,1308,0,53,122,37,1
1778519206.9967544,2,262,0,43,121,32,1
1778519206.999504,1,1308,0,53,121,37,1
1778519207.0138855,2,262,0,43,121,32,0
1778519207.0174384,1,1308,0,53,121,37,1
1778519207.031642,2,262,0,43,121,32,1
1778519207.0345323,1,1308,0,53,121,37,1
1778519207.0495946,2,262,0,43,121,32,1
1778519207.0533357,1,1308,0,53,121,37,1
1778519207.0672429,2,262,0,43,121,32,1
1778519207.07057,1,1308,0,53,121,37,1
1778519207.0847795,2,262,0,43,121,32,1
1778519207.0876846,1,1308,0,53,121,37,1
1778519207.1019533,2,262,0,43,121,33,1
1778519207.1055663,1,1308,0,53,121,37,1
1778519207.1199503,2,262,0,43,121,32,1
1778519207.122991,1,1308,0,53,121,37,1
1778519207.1374247,2,262,0,43,121,32,1
1778519207.141403,1,1308,0,53,121,37,1
1778519207.1555712,2,262,0,43,121,32,1
1778519207.1585722,1,1308,0,53,121,37,1
1778519207.1729453,2,262,0,43,121,32,1
1778519207.176134,1,1308,0,53,121,37,1
1778519207.1900454,2,262,0,43,121,32,0
1778519207.193038,1,1308,0,53,121,37,1
1778519207.207406,2,262,0,43,121,32,1
1778519207.2107656,1,1308,0,53,121,37,2
1778519207.2250564,2,262,0,43,121,32,1
1778519207.2282932,1,1308,0,53,121,37,1
1778519207.2422178,2,262,0,43,121,32,1
1778519207.245197,1,1308,0,53,121,37,1
1778519207.2596495,2,262,0,43,121,32,1
1778519207.2628927,1,1308,0,53,121,37,1
1778519207.277244,2,262,0,43,121,32,1
1778519207.2802386,1,1308,0,53,121,37,1
1778519207.2945318,2,262,0,43,121,32,1
1778519207.2981362,1,1308,0,53,121,37,1
1778519207.3122547,2,262,0,43,121,32,0
1778519207.31511,1,1308,0,53,121,37,1
1778519207.3295915,2,262,0,43,121,32,1
1778519207.3336563,1,1308,0,53,122,37,2
1778519207.3475614,2,262,0,43,121,32,1
1778519207.3509176,1,1308,0,53,121,37,1
1778519207.365309,2,262,0,43,121,32,1
1778519207.3682635,1,1308,0,53,121,37,1
1778519207.3820815,2,262,0,43,121,32,1
1778519207.385194,1,1308,0,53,121,37,1
1778519207.3996863,2,262,0,43,122,32,1
1778519207.4029825,1,1308,0,53,121,37,2
1778519207.4170887,2,262,0,43,121,32,1
1778519207.4200146,1,1308,0,53,121,37,1
1778519207.4340837,2,262,0,43,121,32,1
1778519207.4375498,1,1308,0,53,121,37,2
1778519207.4517016,2,262,0,43,121,32,1
1778519207.4545698,1,1308,0,53,121,37,1
1778519207.4689128,2,262,0,43,122,32,0
1778519207.472804,1,1308,0,53,121,37,1
1778519207.4867775,2,262,0,43,121,32,1
1778519207.4895494,1,1308,0,53,121,37,1
1778519207.5040965,2,262,0,43,121,32,0
1778519207.5074131,1,1308,0,53,122,37,1
1778519207.5212767,2,262,0,43,121,32,1
1778519207.5240543,1,1308,0,53,121,37,1
1778519207.5383627,2,262,0,43,121,32,1
1778519207.5419424,1,1308,0,53,122,37,1
1778519207.5558825,2,262,0,43,121,32,1
1778519207.5589273,1,1308,0,53,121,37,1
1778519207.5733914,2,262,0,43,121,32,1
1778519207.5767028,1,1308,0,53,121,37,1
1778519207.5906267,2,262,0,43,121,32,1
1778519207.593522,1,1308,0,53,121,37,1
1778519207.6079392,2,262,0,43,121,32,1
1778519207.6111703,1,1308,0,53,122,37,1
1778519207.625364,2,262,0,43,121,32,1
1778519207.6282785,1,1308,0,53,121,37,1
1778519207.642128,2,262,0,43,121,32,1
1778519207.6452968,1,1308,0,53,121,37,1
1778519207.660061,2,262,0,43,121,32,0
1778519207.6635597,1,1308,0,53,121,37,2
1778519207.6776273,2,262,0,43,121,32,1
1778519207.6804383,1,1308,0,53,121,37,1
1778519207.695144,2,262,0,43,121,32,1
1778519207.6986928,1,1308,0,53,121,37,2
1778519207.7127037,2,262,0,43,121,32,1
1778519207.7155955,1,1308,0,53,121,37,1
1778519207.7300613,2,262,0,43,121,32,1
1778519207.7337558,1,1308,0,53,121,37,1
1778519207.7478995,2,262,0,43,121,32,1
1778519207.750657,1,1308,0,53,121,37,2
1778519207.7651966,2,262,0,43,121,32,0
1778519207.7690225,1,1308,0,53,122,37,1
1778519207.783054,2,262,0,43,121,32,1
1778519207.7862852,1,1308,0,53,121,37,1
1778519207.8008685,2,262,0,43,121,32,1
1778519207.8039644,1,1308,0,53,121,37,1
1778519207.8177495,2,262,0,43,121,32,1
1778519207.820736,1,1308,0,53,121,37,2
1778519207.835209,2,262,0,43,121,32,1
1778519207.8384492,1,1308,0,53,121,37,1
1778519207.8524415,2,262,0,43,121,32,1
1778519207.8554494,1,1308,0,53,121,37,1
1778519207.869779,2,262,0,43,121,32,1
1778519207.8733737,1,1308,0,53,121,37,1
1778519207.887305,2,262,0,43,121,32,1
1778519207.8900774,1,1308,0,53,121,37,1
1778519207.9044158,2,262,0,43,121,32,1
1778519207.9084015,1,1308,0,53,121,37,2
1778519207.922529,2,262,0,43,121,32,1
1778519207.9255328,1,1308,0,53,121,37,1
1778519207.9401567,2,262,0,43,121,32,1
1778519207.9435003,1,1308,0,53,121,37,2
1778519207.9574075,2,262,0,43,121,32,1
1778519207.960104,1,1308,0,53,121,37,1
1778519207.9745524,2,262,0,43,121,32,1
1778519207.9781063,1,1308,0,53,121,37,1
1778519207.992121,2,262,0,43,121,32,1
1778519207.9949017,1,1308,0,53,121,37,2
1778519208.0094013,2,262,0,43,121,32,1
1778519208.013406,1,1308,0,53,121,37,2
1778519208.0273697,2,262,0,43,121,32,1
1778519208.030419,1,1308,0,53,121,37,1
1778519208.0447874,2,262,0,43,122,32,0
1778519208.0479774,1,1308,0,53,121,37,1
1778519208.0621564,2,262,0,43,121,32,1
1778519208.0651379,1,1308,0,53,121,37,1
1778519208.0796206,2,262,0,43,121,32,1
1778519208.083002,1,1308,0,53,121,37,1
1778519208.097204,2,262,0,43,121,32,1
1778519208.1001718,1,1308,0,53,122,37,1
1778519208.1146743,2,262,0,43,121,32,1
1778519208.1183527,1,1308,0,53,122,37,2
1778519208.1324232,2,262,0,43,121,32,0
1778519208.1352909,1,1308,0,53,121,37,1
1778519208.149483,2,262,0,43,121,32,1
1778519208.1533492,1,1308,0,53,121,37,1
1778519208.1672626,2,262,0,43,121,32,0
1778519208.1701312,1,1308,0,53,121,37,2
1778519208.184591,2,262,0,43,121,32,1
1778519208.1878316,1,1308,0,53,121,37,2
1778519208.2018983,2,262,0,43,121,32,1
1778519208.2047284,1,1308,0,53,121,37,1
1778519208.2191782,2,262,0,43,121,32,1
1778519208.222676,1,1308,0,53,121,37,0
1778519208.236712,2,262,0,43,121,32,1
1778519208.2395406,1,1308,0,53,121,37,2
1778519208.2538462,2,262,0,43,121,32,1
1778519208.2574105,1,1308,0,53,122,37,1
1778519208.2714045,2,262,0,43,121,32,1
1778519208.2741737,1,1308,0,53,121,37,2
1778519208.2887533,2,262,0,43,121,32,1
1778519208.2927208,1,1308,0,53,121,37,1
1778519208.3069854,2,262,0,43,121,32,1
1778519208.3103302,1,1308,0,53,121,37,1
1778519208.3248396,2,262,0,43,121,32,1
1778519208.3280036,1,1308,0,53,121,37,1
1778519208.3420167,2,262,0,43,121,32,0
1778519208.3448873,1,1308,0,53,121,37,1
1778519208.3593063,2,262,0,43,121,32,1
1778519208.3625426,1,1308,0,53,121,37,1
1778519208.3765347,2,262,0,43,121,32,1
1778519208.3793511,1,1308,0,53,121,37,1
1778519208.393925,2,262,0,43,121,32,1
1778519208.3978274,1,1308,0,53,121,37,1
1778519208.411734,2,262,0,43,121,32,1
1778519208.4151814,1,1308,0,53,121,37,1
1778519208.4291804,2,262,0,43,121,32,2
1778519208.431955,1,1308,0,53,121,37,1
1778519208.4463964,2,262,0,43,121,32,1
1778519208.4499824,1,1308,0,53,121,37,1
1778519208.4643233,2,262,0,43,121,32,0
1778519208.4673848,1,1308,0,53,122,37,1
1778519208.4816065,2,262,0,43,121,33,1
1778519208.4851303,1,1308,0,53,121,37,2
1778519208.4991179,2,262,0,43,121,32,0
1778519208.5022855,1,1308,0,53,121,37,1
1778519208.5168464,2,262,0,43,121,32,1
1778519208.5200264,1,1308,0,53,121,37,2
1778519208.5339472,2,262,0,43,121,32,1
1778519208.5369015,1,1308,0,53,121,37,2
1778519208.5516202,2,262,0,43,121,32,1
1778519208.55509,1,1308,0,53,122,37,2
1778519208.569843,2,262,0,43,121,32,1
1778519208.574191,1,1308,0,53,122,37,1
1778519208.5884945,2,262,0,43,121,32,1
1778519208.5926197,1,1308,0,53,121,37,2
1778519208.606892,2,262,0,43,121,32,1
1778519208.6098619,1,1308,0,53,121,37,2
1778519208.6243978,2,262,0,43,121,32,1
1778519208.6287673,1,1308,0,53,122,37,1
1778519208.6428592,2,262,0,43,121,32,1
1778519208.6458614,1,1308,0,53,121,37,1
1778519208.6603842,2,262,0,43,121,32,1
1778519208.6635833,1,1308,0,53,121,37,1
1778519208.6775155,2,262,0,43,121,32,1
1778519208.680231,1,1308,0,53,122,37,1
1778519208.6946497,2,262,0,43,121,32,1
1778519208.6982517,1,1308,0,53,121,37,1
1778519208.7128174,2,262,0,43,121,32,2
1778519208.7157815,1,1308,0,53,121,37,1
1778519208.7296498,2,262,0,43,121,32,1
1778519208.7326488,1,1308,0,53,121,37,1
1778519208.7471132,2,262,0,43,121,32,2
1778519208.7503242,1,1308,0,53,122,37,2
1778519208.7643518,2,262,0,43,121,32,1
1778519208.767379,1,1308,0,53,121,37,1
1778519208.7818117,2,262,0,43,121,32,1
1778519208.7857895,1,1308,0,53,122,37,2
1778519208.799874,2,262,0,43,121,32,1
1778519208.80345,1,1308,0,53,121,37,1
1778519208.8177207,2,262,0,43,121,32,1
1778519208.8207092,1,1308,0,53,121,37,1
1778519208.8345063,2,262,0,43,121,32,1
1778519208.8375115,1,1308,0,53,121,37,1
1778519208.852114,2,262,0,43,121,32,1
1778519208.855479,1,1308,0,53,121,37,1
1778519208.8694355,2,262,0,43,121,32,1
1778519208.8722308,1,1308,0,53,121,37,2
1778519208.8866603,2,262,0,43,121,32,1
1778519208.8901677,1,1308,0,53,121,37,1
1778519208.904207,2,262,0,43,121,32,1
1778519208.9070423,1,1308,0,53,121,37,1
1778519208.9214163,2,262,0,43,121,32,0
1778519208.9253845,1,1308,0,53,121,37,1
1778519208.9393866,2,262,0,43,121,32,1
1778519208.9423723,1,1308,0,53,121,37,1
1778519208.9568684,2,262,0,43,121,32,1
1778519208.9600587,1,1308,0,53,121,37,2
1778519208.9740434,2,262,0,43,121,32,0
1778519208.9769545,1,1308,0,53,121,37,1
1778519208.9913716,2,262,0,43,121,32,0
1778519208.9946477,1,1308,0,53,121,37,2
1778519209.008686,2,262,0,43,121,32,1
1778519209.0114343,1,1308,0,53,121,37,1
1778519209.0257084,2,262,0,43,121,32,1
1778519209.0292985,1,1308,0,53,122,37,1
1778519209.0433064,2,262,0,43,121,32,0
1778519209.0467238,1,1308,0,53,122,37,1
1778519209.0613675,2,262,0,43,121,32,1
1778519209.0646412,1,1308,0,53,122,37,2
1778519209.07855,2,262,0,43,121,32,1
1778519209.081592,1,1308,0,53,121,37,1
1778519209.0961485,2,262,0,43,121,32,1
1778519209.0993936,1,1308,0,53,121,37,1
1778519209.1132467,2,262,0,43,121,32,1
1778519209.1160624,1,1308,0,53,121,37,1
1778519209.1303167,2,262,0,43,121,32,1
1778519209.1339586,1,1308,0,53,122,37,1
1778519209.1480606,2,262,0,43,121,32,1
1778519209.150843,1,1308,0,53,121,37,1
1778519209.165268,2,262,0,43,121,32,1
1778519209.1692946,1,1308,0,53,121,37,1
1778519209.1833465,2,262,0,43,121,32,1
1778519209.1864426,1,1308,0,53,121,37,1
1778519209.200877,2,262,0,43,121,32,1
1778519209.2040927,1,1308,0,53,121,37,1
1778519209.2180297,2,262,0,43,121,32,1
1778519209.2208257,1,1308,0,53,121,37,1
1778519209.2353094,2,262,0,43,121,32,1
1778519209.238792,1,1308,0,53,122,37,1
1778519209.252706,2,262,0,43,121,32,0
1778519209.2554996,1,1308,0,53,121,37,1
1778519209.2697139,2,262,0,43,121,32,1
1778519209.2732756,1,1308,0,53,122,37,1
1778519209.2874146,2,262,0,43,121,32,1
1778519209.2903614,1,1308,0,53,122,37,1
1778519209.3050468,2,262,0,43,121,32,0
1778519209.3090026,1,1308,0,53,122,37,1
1778519209.3228793,2,262,0,43,121,32,0
1778519209.3257596,1,1308,0,53,122,37,1
1778519209.340235,2,262,0,43,121,32,1
1778519209.343676,1,1308,0,53,121,37,1
1778519209.3581393,2,262,0,43,121,32,1
1778519209.3613632,1,1308,0,53,121,37,1
1778519209.3757467,2,262,0,43,121,32,1
1778519209.3792105,1,1308,0,53,122,37,1
1778519209.3931692,2,262,0,43,121,32,1
1778519209.3959637,1,1308,0,53,121,37,1
1778519209.4102209,2,262,0,43,121,32,0
1778519209.4138129,1,1308,0,53,122,37,1
1778519209.4278884,2,262,0,43,121,32,1
1778519209.4307284,1,1308,0,53,121,37,1
1778519209.44543,2,262,0,43,121,32,1
1778519209.4493718,1,1308,0,53,122,37,1
1778519209.4632976,2,262,0,43,121,32,1
1778519209.466186,1,1308,0,53,121,37,1
1778519209.4807317,2,262,0,43,121,32,1
1778519209.4841917,1,1308,0,53,122,37,1
1778519209.4982271,2,262,0,43,121,32,0
1778519209.5011272,1,1308,0,53,121,37,1
1778519209.5155623,2,262,0,43,121,32,1
1778519209.5189848,1,1308,0,53,122,37,0
1778519209.5333495,2,262,0,43,121,32,1
1778519209.5364032,1,1308,0,53,122,37,2
1778519209.5506449,2,262,0,43,121,32,0
1778519209.553926,1,1308,0,53,121,37,1
1778519209.5676677,2,262,0,43,121,32,1
1778519209.5708692,1,1308,0,53,121,37,1
1778519209.5854354,2,262,0,43,121,32,1
1778519209.5886805,1,1308,0,53,122,37,1
1778519209.6025608,2,262,0,43,121,32,1
1778519209.6054955,1,1308,0,53,121,37,1
1778519209.620008,2,262,0,43,121,32,1
1778519209.6233299,1,1308,0,53,121,37,1
1778519209.6371741,2,262,0,43,121,32,1
1778519209.6399915,1,1308,0,53,121,37,1
1778519209.6545048,2,262,0,43,121,32,1
1778519209.6577384,1,1308,0,53,121,37,1
1778519209.6720164,2,262,0,43,121,32,1
1778519209.67616,1,1308,0,53,121,37,1
1778519209.690252,2,262,0,43,121,32,0
1778519209.6929288,1,1308,0,53,122,37,1
1778519209.7073267,2,262,0,43,121,32,1
1778519209.7106447,1,1308,0,53,121,37,1
1778519209.7245572,2,262,0,43,121,32,1
1778519209.727343,1,1308,0,53,121,37,1
1778519209.7421184,2,262,0,43,121,32,1
1778519209.7461824,1,1308,0,53,121,37,2
1778519209.760243,2,262,0,43,121,32,1
1778519209.7631016,1,1308,0,53,121,37,1
1778519209.7777336,2,262,0,43,121,32,1
1778519209.7816787,1,1308,0,53,121,37,1
1778519209.7955492,2,262,0,43,121,32,1
1778519209.7988849,1,1308,0,53,121,37,1
1778519209.8133352,2,262,0,43,121,32,0
1778519209.8162596,1,1308,0,53,122,37,2
1778519209.8306165,2,262,0,43,121,32,1
1778519209.8349442,1,1308,0,53,122,37,1
1778519209.849549,2,262,0,43,121,32,1
1778519209.8524723,1,1308,0,53,121,37,1
1778519209.8667815,2,262,0,43,121,32,1
1778519209.8700094,1,1308,0,53,121,37,2
1778519209.8839495,2,262,0,43,121,32,1
1778519209.88671,1,1308,0,53,121,37,1
1778519209.901377,2,262,0,43,121,32,0
1778519209.905348,1,1308,0,53,121,37,1
1778519209.919294,2,262,0,43,121,32,1
1778519209.922489,1,1308,0,53,122,37,1
1778519209.936979,2,262,0,43,121,32,1
1778519209.9401963,1,1308,0,53,121,37,1
1778519209.954145,2,262,0,43,121,32,0
1778519209.9570985,1,1308,0,53,121,37,1
1778519209.9715307,2,262,0,43,121,32,0
1778519209.974931,1,1308,0,53,121,37,1
1778519209.9890804,2,262,0,43,121,32,1
1778519209.991939,1,1308,0,53,121,37,1
1778519210.0060277,2,262,0,43,121,32,1
1778519210.008986,1,1308,0,53,121,37,1
1778519210.0233212,2,262,0,43,121,32,2
1778519210.0266795,1,1308,0,53,122,37,2
1778519210.0406592,2,262,0,43,121,32,1
1778519210.0434768,1,1308,0,53,121,37,1
1778519210.0579593,2,262,0,43,121,32,1
1778519210.0616188,1,1308,0,53,122,37,2
1778519210.0759149,2,262,0,43,121,32,0
1778519210.078978,1,1308,0,53,122,37,1
1778519210.0934117,2,262,0,43,121,32,1
1778519210.0972772,1,1308,0,53,122,37,1
1778519210.1114066,2,262,0,43,121,32,1
1778519210.1147215,1,1308,0,53,122,37,1
1778519210.1293058,2,262,0,43,121,32,1
1778519210.1325388,1,1308,0,53,121,37,1
1778519210.1464717,2,262,0,43,121,32,1
1778519210.1495123,1,1308,0,53,122,37,1
1778519210.1640656,2,262,0,43,122,32,1
1778519210.1673486,1,1308,0,53,121,37,1
1778519210.1813583,2,262,0,43,121,32,1
1778519210.1840444,1,1308,0,53,121,37,1
1778519210.1987247,2,262,0,43,121,32,1
1778519210.2023556,1,1308,0,53,122,37,1
1778519210.2164176,2,262,0,43,121,32,1
1778519210.2192252,1,1308,0,53,121,37,2
1778519210.2334707,2,262,0,43,121,32,1
1778519210.2369735,1,1308,0,53,121,37,1
1778519210.2510445,2,262,0,43,121,32,1
1778519210.2541823,1,1308,0,53,121,37,2
1778519210.2685757,2,262,0,43,121,32,1
1778519210.2717113,1,1308,0,53,121,37,1
1778519210.2856345,2,262,0,43,121,32,0
1778519210.2884214,1,1308,0,53,121,37,1
1778519210.302896,2,262,0,43,121,32,1
1778519210.306304,1,1308,0,53,121,37,1
1778519210.3206956,2,262,0,43,121,32,1
1778519210.3236797,1,1308,0,53,122,37,1
1778519210.3376813,2,262,0,43,121,32,0
1778519210.340466,1,1308,0,53,122,37,2
1778519210.3551612,2,262,0,43,121,32,0
1778519210.3587277,1,1308,0,53,121,37,1
1778519210.3732395,2,262,0,43,121,32,1
1778519210.3762567,1,1308,0,53,121,37,1
1778519210.390236,2,262,0,43,121,32,1
1778519210.3931751,1,1308,0,53,121,37,1
1778519210.4078863,2,262,0,43,121,32,1
1778519210.4113183,1,1308,0,53,121,37,2
1778519210.4254744,2,262,0,43,121,32,1
1778519210.4283526,1,1308,0,53,121,37,1
1778519210.44285,2,262,0,43,121,32,1
1778519210.4461246,1,1308,0,53,121,37,1
1778519210.460803,2,262,0,43,121,32,1
1778519210.4650004,1,1308,0,53,121,37,1
1778519210.4792914,2,262,0,43,121,32,0
1778519210.4824088,1,1308,0,53,121,37,1
1778519210.4972994,2,262,0,45,121,32,1
1778519210.5005863,1,1308,0,53,122,37,1
1778519210.5146053,2,262,0,51,121,32,1
1778519210.517497,1,1308,0,53,121,37,1
1778519210.5320997,2,262,0,66,121,32,2
1778519210.5353265,1,1308,0,53,121,37,2
1778519210.5494466,2,262,0,85,121,32,3
1778519210.5522907,1,1308,0,53,121,37,1
1778519210.5667226,2,261,-50,108,121,32,3
1778519210.570361,1,1308,0,53,121,37,2
1778519210.5849688,2,257,-150,134,121,32,4
1778519210.588099,1,1308,0,53,121,37,1
1778519210.6020591,2,253,-200,159,121,32,5
1778519210.6048636,1,1308,0,53,121,37,1
1778519210.6193945,2,248,-350,185,121,32,6
1778519210.622932,1,1308,0,53,121,37,1
1778519210.6369362,2,240,-350,212,121,32,7
1778519210.6396644,1,1308,0,53,121,37,2
1778519210.653881,2,231,-450,233,121,32,7
1778519210.657387,1,1308,0,53,121,37,1
1778519210.6715596,2,221,-500,262,121,32,8
1778519210.674586,1,1308,0,53,121,37,1
1778519210.689227,2,209,-600,289,121,32,9
1778519210.693233,1,1308,0,53,121,37,1
1778519210.7071133,2,194,-750,316,121,32,9
1778519210.709978,1,1308,0,53,121,37,1
1778519210.7245426,2,179,-900,337,121,32,9
1778519210.7279236,1,1308,0,53,121,37,0
1778519210.7419357,2,161,-900,358,121,32,11
1778519210.7448285,1,1308,0,53,121,37,1
1778519210.7593784,2,144,-1050,375,121,32,11
1778519210.7627091,1,1308,0,53,121,37,1
1778519210.776955,2,124,-1050,385,120,32,11
1778519210.7800758,1,1308,0,53,121,37,1
1778519210.7948034,2,105,-1100,391,121,32,11
1778519210.798564,1,1308,0,53,121,37,1
1778519210.812956,2,82,-1150,390,121,32,8
1778519210.8157692,1,1308,0,53,121,37,1
1778519210.8303382,2,62,-1200,380,121,32,9
1778519210.8339193,1,1308,0,53,121,37,1
1778519210.8485522,2,41,-1150,366,121,32,6
1778519210.8516588,1,1308,0,53,121,37,1
1778519210.8655531,2,21,-1150,345,121,32,6
1778519210.8683486,1,1308,0,53,121,37,1
1778519210.882962,2,4,-1050,324,121,32,6
1778519210.8865364,1,1308,0,53,121,37,1
1778519210.9005947,2,4081,-1050,300,121,32,4
1778519210.9033494,1,1308,0,53,121,37,1
1778519210.917956,2,4065,-1050,271,121,32,4
1778519210.9219499,1,1308,0,53,121,37,1
1778519210.9358845,2,4050,-950,240,121,32,4
1778519210.9392853,1,1308,0,53,121,37,1
1778519210.953744,2,4037,-800,216,121,32,3
1778519210.956773,1,1308,0,53,121,37,1
1778519210.9705515,2,4027,-700,193,121,32,3
1778519210.9735239,1,1308,0,53,121,37,1
1778519210.9878938,2,4020,-550,172,121,32,5
1778519210.9911494,1,1308,0,53,121,37,1
1778519211.0050611,2,4016,-300,159,121,32,7
1778519211.0077794,1,1308,0,53,121,37,2
1778519211.0219457,2,4014,-150,151,121,32,8
1778519211.0255105,1,1308,0,53,121,37,1
1778519211.0396223,2,4014,0,146,121,32,9
1778519211.042634,1,1308,0,53,121,37,1
1778519211.0571568,2,4014,0,146,121,33,9
1778519211.061021,1,1308,0,53,121,37,1
1778519211.0749314,2,4014,0,146,121,32,9
1778519211.077807,1,1308,0,53,121,37,1
1778519211.0924172,2,4014,0,146,121,32,9
1778519211.0957098,1,1308,0,53,121,37,1
1778519211.109594,2,4014,0,146,121,33,9
1778519211.1125765,1,1308,0,53,121,37,1
1778519211.1269786,2,4014,0,146,121,32,8
1778519211.13016,1,1308,0,53,121,37,1
1778519211.144345,2,4014,0,146,121,32,10
1778519211.148149,1,1308,0,53,121,37,2
1778519211.162152,2,4014,0,146,121,32,10
1778519211.1652067,1,1308,0,53,121,37,1
1778519211.1796954,2,4014,0,146,121,32,10
1778519211.1829233,1,1308,0,53,121,37,1
1778519211.1967459,2,4014,0,146,121,32,8
1778519211.199545,1,1308,0,53,121,37,1
1778519211.2138212,2,4014,0,146,121,32,8
1778519211.2174294,1,1308,0,53,121,37,1
1778519211.23165,2,4014,0,146,121,32,9
1778519211.2345521,1,1308,0,53,121,37,1
1778519211.24895,2,4014,0,146,121,32,10
1778519211.2529433,1,1308,0,53,121,37,1
1778519211.2669754,2,4014,0,146,121,32,9
1778519211.2699614,1,1308,0,53,121,37,1
1778519211.2844615,2,4014,0,146,121,32,8
1778519211.287849,1,1308,0,53,121,37,1
1778519211.302021,2,4014,0,146,121,32,11
1778519211.3048422,1,1308,0,53,121,37,1
1778519211.3192308,2,4014,0,146,120,32,9
1778519211.3224623,1,1308,0,53,121,37,1
1778519211.336426,2,4014,0,146,121,32,11
1778519211.3391979,1,1308,0,53,121,37,1
1778519211.353816,2,4014,0,146,121,32,9
1778519211.3574648,1,1308,0,53,121,37,1
1778519211.3713284,2,4014,0,146,121,32,9
1778519211.3745084,1,1308,0,53,121,37,1
1778519211.3892186,2,4014,0,146,121,32,8
1778519211.3924067,1,1308,0,53,121,37,2
1778519211.406388,2,4014,0,146,121,32,8
1778519211.4093204,1,1308,0,53,121,37,1
1778519211.4239786,2,4014,0,146,121,32,8
1778519211.427207,1,1308,0,53,121,37,2
1778519211.4412222,2,4014,0,146,121,32,8
1778519211.444117,1,1308,0,53,121,37,1
1778519211.4586298,2,4014,0,146,121,32,8
1778519211.4621387,1,1308,0,53,121,37,1
1778519211.4761646,2,4014,0,146,121,32,10
1778519211.478998,1,1308,0,53,121,37,1
1778519211.493349,2,4014,0,146,121,32,10
1778519211.4973013,1,1308,0,53,121,37,1
1778519211.5111668,2,4014,0,146,121,32,10
1778519211.513984,1,1308,0,53,121,37,1
1778519211.528462,2,4014,0,146,121,32,9
1778519211.531709,1,1308,0,53,121,37,1
1778519211.5455768,2,4014,0,146,121,32,9
1778519211.5484452,1,1308,0,53,121,37,2
1778519211.5630715,2,4014,0,146,121,32,8
1778519211.5666566,1,1308,0,53,121,37,1
1778519211.580685,2,4014,0,146,121,32,10
1778519211.5835388,1,1308,0,53,121,37,1
1778519211.5979118,2,4014,0,146,121,32,9
1778519211.601404,1,1308,0,53,121,37,2
1778519211.6156182,2,4014,0,146,120,32,8
1778519211.618515,1,1308,0,53,121,37,1
1778519211.6330311,2,4014,0,146,121,33,9
1778519211.6369221,1,1308,0,53,121,37,1
1778519211.6508439,2,4014,0,146,121,32,8
1778519211.6538343,1,1308,0,53,121,37,1
1778519211.6683285,2,4014,0,146,121,33,8
1778519211.6714745,1,1308,0,53,121,37,1
1778519211.6854177,2,4014,0,146,121,32,9
1778519211.6881864,1,1308,0,53,121,37,1
1778519211.7025561,2,4014,0,146,121,32,8
1778519211.706038,1,1308,0,53,121,37,1
1778519211.7200174,2,4014,0,146,121,32,11
1778519211.7228024,1,1308,0,53,121,37,1
1778519211.7373543,2,4014,0,146,121,32,8
1778519211.7413535,1,1308,0,53,121,37,1
1778519211.7552648,2,4014,0,146,121,32,10
1778519211.7585056,1,1308,0,53,121,37,2
1778519211.7730818,2,4014,0,146,121,32,11
1778519211.7762356,1,1308,0,53,121,37,1
