Timestamp,ID,Position,Speed,Load,Voltage,Temperature,Current
1778521692.5548265,1,1602,800,281,121,35,8
1778521692.5681999,1,1614,800,281,121,35,7
1778521692.5821645,1,1626,850,277,121,35,7
1778521692.596259,1,1637,800,277,120,35,9
1778521692.6098433,1,1648,800,277,118,35,11
1778521692.6234941,1,1660,800,277,120,35,42
1778521692.6373143,1,1670,850,274,121,35,34
1778521692.6511602,1,1681,800,273,121,35,10
1778521692.664865,1,1692,800,273,121,35,7
1778521692.6783643,1,1703,750,276,119,35,10
1778521692.691849,1,1714,800,277,119,35,34
1778521692.7053092,1,1725,800,277,120,35,46
1778521692.7187507,1,1736,800,277,121,35,33
1778521692.732298,1,1747,850,275,121,35,7
1778521692.7458742,1,1758,850,272,121,35,7
1778521692.759348,1,1769,800,273,120,35,9
1778521692.7730548,1,1780,800,273,119,35,36
1778521692.7864645,1,1790,800,273,121,35,36
1778521692.8000443,1,1801,750,277,121,35,9
1778521692.813658,1,1811,800,277,121,35,7
1778521692.8270662,1,1822,800,277,121,35,7
1778521692.8409111,1,1834,800,277,118,35,13
1778521692.854927,1,1845,800,277,119,35,10
1778521692.8683567,1,1856,800,277,121,35,36
1778521692.8818605,1,1866,800,277,121,35,35
1778521692.8953028,1,1877,800,277,121,35,10
1778521692.9088128,1,1887,750,279,121,35,7
1778521692.9223337,1,1898,750,281,120,35,9
1778521692.9358058,1,1908,800,281,119,35,11
1778521692.9493,1,1917,650,286,121,35,41
1778521692.9627776,1,1923,650,294,118,35,26
1778521692.9761753,1,1928,500,311,117,35,32
1778521692.9895296,1,1932,250,335,116,35,81
1778521693.003066,1,1935,250,366,118,35,55
1778521693.810231,2,171,-800,299,110,31,7
1778521693.8235826,2,158,-800,299,110,31,6
1778521693.8372793,2,148,-800,299,109,31,7
1778521693.8507497,2,137,-800,299,108,31,7
1778521693.8641653,2,126,-850,296,110,31,6
1778521693.87767,2,115,-750,296,109,31,7
1778521693.8911269,2,105,-750,299,109,31,6
1778521693.9049551,2,94,-800,299,108,31,7
1778521693.9184027,2,83,-800,299,110,31,6
1778521693.9321132,2,71,-800,299,110,31,6
1778521693.9456708,2,60,-850,296,110,31,7
1778521693.9593403,2,49,-800,295,108,31,6
1778521693.972988,2,38,-800,295,108,31,6
1778521693.9864216,2,29,-750,298,110,31,6
1778521693.9998055,2,17,-800,299,110,31,8
1778521694.013318,2,8,-800,299,109,31,6
1778521694.0267003,2,4091,-750,302,109,31,6
1778521694.0402105,2,4082,-850,301,110,31,6
1778521694.0537968,2,4070,-850,298,110,31,7
1778521694.0674596,2,4060,-800,299,110,31,6
1778521694.0813346,2,4049,-800,299,109,31,8
1778521694.095383,2,4038,-800,299,108,31,7
1778521694.1088636,2,4028,-750,302,108,31,9
1778521694.1223013,2,4020,-700,308,109,31,12
1778521694.1357327,2,4014,-700,313,109,31,20
1778521694.9434366,2,4021,400,207,121,31,4
1778521694.9478366,1,1924,-400,152,121,35,0
1778521694.960774,2,4030,350,238,121,31,7
1778521694.9636922,1,1916,-400,178,119,35,23
1778521694.9773436,2,4039,550,260,120,31,8
1778521694.9813673,1,1911,-350,207,121,35,6
1778521694.9946432,2,4051,650,275,119,31,8
1778521694.997783,1,1905,-350,237,120,35,7
1778521695.0113804,2,4063,650,285,120,31,9
1778521695.0147789,1,1895,-350,268,120,35,10
1778521695.0278294,2,4076,700,291,120,31,8
1778521695.0307899,1,1883,-650,277,119,35,10
1778521695.0438578,2,4089,750,294,118,31,8
1778521695.0473008,1,1872,-700,284,120,35,8
1778521695.060943,2,6,850,292,119,31,9
1778521695.0642717,1,1858,-800,286,120,35,32
1778521695.0772007,2,20,800,291,121,31,9
1778521695.079974,1,1847,-700,289,119,35,35
1778521695.0936043,2,32,800,291,120,31,10
1778521695.0976653,1,1834,-700,296,118,35,12
1778521695.1108892,2,45,800,291,119,31,7
1778521695.1139686,1,1821,-800,294,119,35,11
1778521695.127324,2,58,700,299,119,31,8
1778521695.1306243,1,1807,-750,298,120,35,11
1778521695.1439927,2,72,850,295,120,31,9
1778521695.147088,1,1795,-800,298,120,35,37
1778521695.1601546,2,86,800,295,120,31,7
1778521695.1630533,1,1781,-800,298,119,35,40
1778521695.1766384,2,99,850,293,121,31,8
1778521695.1807008,1,1769,-750,299,118,35,12
1778521695.193616,2,115,900,288,118,31,6
1778521695.1963873,1,1755,-750,303,120,35,13
1778521695.2101278,2,127,900,282,119,31,8
1778521695.21387,1,1741,-850,298,119,35,39
1778521695.2271068,2,140,750,287,121,31,8
1778521695.2301023,1,1727,-800,298,118,35,39
1778521695.2431972,2,153,750,290,120,31,7
1778521695.2463627,1,1714,-800,298,118,35,12
1778521695.2598994,2,166,800,291,119,31,9
1778521695.263358,1,1700,-850,296,120,35,9
1778521695.2765555,2,180,800,291,120,31,8
1778521695.279541,1,1687,-800,294,120,35,40
1778521695.2931225,2,193,850,290,121,31,7
1778521695.2971854,1,1674,-800,294,118,35,39
1778521695.3101876,2,208,850,286,120,31,8
1778521695.3131611,1,1660,-800,294,119,35,16
1778521695.3267672,2,221,800,287,119,31,7
1778521695.3304217,1,1647,-800,294,120,35,14
1778521695.3435385,2,233,800,287,121,31,9
1778521695.3465433,1,1633,-800,294,120,35,41
1778521695.3599331,2,245,700,292,120,31,9
1778521695.3643186,1,1620,-800,294,118,35,10
1778521695.3773084,2,260,850,293,118,31,8
1778521695.3799994,1,1606,-800,294,120,35,10
1778521695.3934202,2,273,800,291,119,31,7
1778521695.397109,1,1592,-800,294,121,35,16
1778521695.409978,2,287,800,291,120,31,7
1778521695.4128408,1,1580,-800,294,119,35,40
1778521695.4264293,2,300,850,287,121,31,8
1778521695.4300697,1,1566,-800,294,118,35,11
1778521695.44342,2,315,850,283,119,31,8
1778521695.4466858,1,1552,-800,294,120,35,9
1778521695.4597018,2,328,800,283,118,31,7
1778521695.463074,1,1539,-850,292,121,35,13
1778521695.4766467,2,339,700,287,121,31,7
1778521695.4798577,1,1525,-800,290,118,35,39
1778521695.4930837,2,353,800,291,120,31,7
1778521695.4961176,1,1512,-800,290,118,35,37
1778521695.5092485,2,366,800,291,119,31,8
1778521695.5122452,1,1499,-800,290,119,35,10
1778521695.525715,2,380,800,291,119,31,7
1778521695.529342,1,1485,-800,290,120,35,9
1778521695.542189,2,395,850,287,120,31,9
1778521695.5450506,1,1472,-800,290,121,35,12
1778521695.5586553,2,408,850,284,120,31,8
1778521695.562334,1,1459,-800,290,118,35,38
1778521695.5754423,2,421,800,283,120,31,7
1778521695.5784373,1,1446,-800,290,118,35,11
1778521695.5914738,2,432,800,285,120,31,7
1778521695.5949194,1,1433,-800,290,120,35,8
1778521695.6085553,2,446,700,292,119,31,7
1778521695.611853,1,1418,-800,290,121,35,13
1778521695.625119,2,460,800,291,121,31,9
1778521695.628247,1,1405,-850,287,118,35,38
1778521695.6416214,2,473,800,291,120,31,7
1778521695.6448572,1,1392,-800,286,118,35,23
1778521695.6579192,2,486,800,291,119,31,7
1778521695.660887,1,1379,-800,286,120,35,9
1778521695.6745899,2,500,850,289,119,31,9
1778521695.6782384,1,1365,-800,286,120,35,11
1778521695.6913702,2,514,850,286,120,31,9
1778521695.6943748,1,1352,-800,286,120,35,41
1778521695.7077618,2,525,850,282,120,31,8
1778521695.7110603,1,1339,-800,286,118,35,11
1778521695.7243662,2,537,700,290,119,31,8
1778521695.7276514,1,1325,-750,289,120,35,9
1778521695.7407255,2,551,750,294,119,31,8
1778521695.743726,1,1313,-850,287,121,35,10
1778521695.7575316,2,564,800,295,120,31,8
1778521695.761457,1,1299,-800,286,119,35,36
1778521695.7743852,2,579,800,295,121,32,8
1778521695.7773652,1,1286,-750,287,119,35,36
1778521695.7908835,2,593,800,292,119,31,7
1778521695.7941968,1,1272,-750,291,120,35,8
1778521695.8077257,2,607,900,286,119,31,8
1778521695.81087,1,1258,-850,286,121,35,11
1778521695.824207,2,619,800,287,121,31,8
1778521695.8275363,1,1246,-800,286,119,35,38
1778521695.8413632,2,629,700,293,120,31,13
1778521695.8454337,1,1237,-650,295,117,35,46
1778521695.8583527,2,636,500,312,116,31,24
1778521695.8613973,1,1232,-350,318,114,35,37
1778521695.8749435,2,641,300,339,114,31,42
1778521695.878194,1,1229,-200,353,113,35,97
1778521695.8913236,2,645,250,374,115,31,51
1778521695.8948903,1,1227,-200,394,114,35,64
1778521696.41132,2,658,0,540,106,31,123
1778521696.4157543,1,1215,0,576,104,35,140
1778521696.4307728,2,658,0,540,105,31,128
1778521696.434784,1,1215,0,576,104,35,144
1778521696.448933,2,658,0,540,105,31,119
1778521696.4516735,1,1215,0,576,105,36,146
1778521696.4660764,2,658,0,540,106,31,119
1778521696.4696574,1,1215,0,576,105,36,141
1778521696.4837608,2,658,0,540,106,31,127
1778521696.486676,1,1215,0,576,105,36,146
1778521696.5011337,2,658,0,540,105,31,126
1778521696.5050063,1,1215,0,576,105,35,139
1778521696.5189102,2,658,0,540,105,31,119
1778521696.521806,1,1215,0,576,105,36,144
1778521696.536398,2,658,0,540,105,31,123
1778521696.5398204,1,1215,0,576,105,36,144
1778521696.5540352,2,658,0,540,105,31,124
1778521696.5568862,1,1215,0,576,105,36,146
1778521696.5713491,2,658,0,540,106,31,124
1778521696.5746825,1,1215,0,576,105,36,145
1778521696.5891244,2,658,0,540,106,31,126
1778521696.5921474,1,1215,0,576,104,36,144
1778521696.6059759,2,658,0,540,105,31,125
1778521696.6087825,1,1215,0,576,105,36,140
1778521696.623185,2,658,0,540,105,31,122
1778521696.6265593,1,1215,0,576,106,36,146
1778521696.6407797,2,658,0,540,106,31,124
1778521696.6439877,1,1215,0,576,105,36,147
1778521696.6585,2,658,0,540,106,31,123
1778521696.6621418,1,1215,0,576,104,35,140
1778521696.676799,2,658,0,540,105,31,118
1778521696.6797187,1,1215,0,576,105,36,141
1778521696.6936135,2,658,0,540,105,31,124
1778521696.6963735,1,1215,0,576,105,35,144
1778521696.7107892,2,658,0,540,105,31,122
1778521696.7140603,1,1215,0,576,105,36,144
1778521696.7285912,2,658,0,540,105,31,122
1778521696.7320943,1,1215,0,576,106,36,146
1778521696.746651,2,658,0,540,106,31,124
1778521696.7502565,1,1215,0,576,105,36,141
1778521696.76426,2,658,0,540,106,31,123
1778521696.7672274,1,1215,0,576,104,35,137
1778521696.7819562,2,658,0,540,105,31,117
1778521696.7859304,1,1215,0,576,105,36,140
1778521696.7999523,2,658,0,540,105,31,117
1778521696.8037446,1,1215,0,576,106,36,144
1778521696.8181443,2,658,0,540,106,31,121
1778521696.8211207,1,1215,0,576,105,36,141
1778521696.8349612,2,658,0,540,106,31,121
1778521696.8380768,1,1215,0,576,104,35,144
1778521696.8528214,2,658,0,540,105,31,123
1778521696.8564227,1,1215,0,576,105,36,146
1778521696.8703651,2,658,0,540,105,31,125
1778521696.8732362,1,1215,0,576,106,36,145
1778521696.887671,2,658,0,540,106,31,123
1778521696.89112,1,1215,0,576,105,35,144
1778521696.9050908,2,658,0,540,106,31,120
1778521696.9078429,1,1215,0,576,105,36,137
1778521696.9221427,2,658,0,540,105,31,125
1778521696.9257596,1,1215,0,576,105,35,140
1778521696.9397633,2,658,0,540,105,31,125
1778521696.9425724,1,1215,0,576,105,36,144
1778521696.9573061,2,658,0,540,105,31,123
1778521696.9612896,1,1215,0,576,105,35,141
1778521696.9752371,2,658,0,540,105,31,123
1778521696.9782348,1,1215,0,576,105,36,141
1778521696.992643,2,658,0,540,105,31,121
1778521696.9959073,1,1215,0,576,105,35,142
1778521697.0098822,2,658,0,540,105,31,119
1778521697.0128722,1,1215,0,576,105,36,143
1778521697.0273762,2,658,0,540,105,31,119
1778521697.030747,1,1215,0,576,105,36,146
1778521697.0449247,2,658,0,540,106,31,123
1778521697.0478628,1,1215,0,576,105,36,137
1778521697.0622628,2,658,0,540,106,31,122
1778521697.0658813,1,1215,0,576,105,36,144
1778521697.0800266,2,658,0,540,106,31,118
1778521697.0829833,1,1215,0,576,105,36,144
1778521697.0973008,2,658,0,540,105,31,119
1778521697.1009276,1,1215,0,576,105,36,144
1778521697.1148324,2,658,0,540,105,31,121
1778521697.117714,1,1215,0,576,105,36,144
1778521697.1322465,2,658,0,540,105,31,121
1778521697.1356142,1,1215,0,576,105,36,141
1778521697.1495342,2,658,0,540,106,31,119
1778521697.1522677,1,1215,0,576,105,36,146
1778521697.1667905,2,658,0,540,106,31,117
1778521697.170121,1,1215,0,576,104,36,142
1778521697.184314,2,658,0,540,105,31,122
1778521697.187393,1,1215,0,576,105,36,142
1778521697.2018826,2,658,0,540,105,31,135
1778521697.2050984,1,1215,0,576,106,36,145
1778521697.2190924,2,658,0,540,106,31,121
1778521697.222442,1,1215,0,576,106,36,145
1778521697.2370906,2,658,0,540,106,31,123
1778521697.240325,1,1215,0,576,105,36,139
1778521697.2542894,2,658,0,540,106,31,119
1778521697.2571797,1,1215,0,576,105,36,140
1778521697.2716794,2,658,0,540,105,31,118
1778521697.2750034,1,1215,0,576,105,36,144
1778521697.289233,2,658,0,540,105,31,115
1778521697.2923245,1,1215,0,576,105,36,142
1778521697.3068027,2,658,0,540,105,31,115
1778521697.3102148,1,1215,0,576,106,36,146
1778521697.3246038,2,658,0,540,105,31,119
1778521697.3277504,1,1215,0,576,105,36,139
1778521697.3416626,2,658,0,540,106,31,116
1778521697.344577,1,1215,0,576,105,36,141
1778521697.359012,2,658,0,540,106,31,119
1778521697.3622904,1,1215,0,576,105,36,137
1778521697.376239,2,658,0,540,105,31,118
1778521697.3790371,1,1215,0,576,105,36,148
1778521697.3935788,2,658,0,540,105,31,122
1778521697.3971758,1,1215,0,576,106,36,145
1778521697.41105,2,658,0,540,105,31,116
1778521697.4142976,1,1215,0,576,106,36,137
1778521697.4288836,2,658,0,540,106,31,124
1778521697.4321165,1,1215,0,576,105,36,138
1778521697.446044,2,658,0,540,105,31,123
1778521697.44899,1,1215,0,576,105,36,146
1778521697.463459,2,658,0,540,106,31,117
1778521697.4668043,1,1215,0,576,106,36,139
1778521697.4811392,2,658,0,540,106,31,123
1778521697.484167,1,1215,0,576,105,36,141
1778521697.49806,2,658,0,540,106,31,116
1778521697.5011635,1,1215,0,576,104,36,138
1778521697.5156357,2,658,0,540,105,32,116
1778521697.5188668,1,1215,0,576,105,36,145
1778521697.5329983,2,658,0,540,105,31,122
1778521697.5359764,1,1215,0,576,105,36,139
1778521697.5499725,2,658,0,540,105,31,120
1778521697.5529237,1,1215,0,576,105,36,135
1778521697.567445,2,658,0,540,106,31,116
1778521697.5706809,1,1215,0,576,105,36,137
1778521697.585005,2,658,0,540,105,31,122
1778521697.5881135,1,1215,0,576,105,36,144
1778521697.6025412,2,658,0,540,105,31,114
1778521697.6062117,1,1215,0,576,105,36,144
1778521697.620563,2,658,0,540,105,31,120
1778521697.623531,1,1215,0,576,106,36,139
1778521697.6381059,2,658,0,540,106,31,120
1778521697.6416066,1,1215,0,576,104,36,137
1778521697.6556103,2,658,0,540,105,31,123
1778521697.6584673,1,1215,0,576,105,36,139
1778521697.6729324,2,658,0,540,105,31,118
1778521697.6771379,1,1215,0,576,106,36,142
1778521697.6912084,2,658,0,540,105,31,122
1778521697.6944578,1,1215,0,576,106,36,141
1778521697.709163,2,658,0,540,105,31,131
1778521697.7123992,1,1215,0,576,106,36,142
1778521697.7263296,2,658,0,540,105,31,117
1778521697.7292967,1,1215,0,576,105,36,140
1778521697.7438824,2,658,0,540,105,31,115
1778521697.747231,1,1215,0,576,105,36,136
1778521697.761195,2,658,0,540,105,32,120
1778521697.763976,1,1215,0,576,106,35,135
1778521697.7783124,2,658,0,540,106,31,118
1778521697.782011,1,1215,0,576,106,35,138
1778521697.7961571,2,658,0,540,106,31,122
1778521697.7991288,1,1215,0,576,105,36,142
1778521697.8136973,2,658,0,540,105,31,122
1778521697.8173354,1,1215,0,576,104,36,142
1778521697.83132,2,658,0,540,105,31,121
1778521697.834274,1,1215,0,576,106,36,136
1778521697.8487353,2,658,0,540,106,31,120
1778521697.8519342,1,1215,0,576,105,36,138
1778521697.8658926,2,658,0,540,105,31,116
1778521697.8688745,1,1215,0,576,105,36,146
1778521697.8833532,2,658,0,540,105,31,123
1778521697.8867888,1,1215,0,576,106,36,135
1778521697.9007444,2,658,0,540,106,31,125
1778521697.9036222,1,1215,0,576,106,36,140
1778521697.9180496,2,658,0,540,106,31,123
1778521697.9215758,1,1215,0,576,105,36,141
1778521697.9355886,2,658,0,540,105,31,117
1778521697.9383643,1,1215,0,576,105,36,139
1778521697.9527504,2,658,0,540,105,31,120
1778521697.956726,1,1215,0,576,105,36,136
1778521697.970728,2,658,0,540,105,31,114
1778521697.9735148,1,1215,0,576,106,36,137
1778521697.9879973,2,658,0,540,106,32,122
1778521697.9913151,1,1215,0,576,106,36,139
1778521698.0051916,2,658,0,540,106,31,115
1778521698.008009,1,1215,0,576,105,36,138
1778521698.0225904,2,658,0,540,105,31,119
1778521698.0261574,1,1215,0,576,105,36,138
1778521698.0401566,2,658,0,540,105,31,117
1778521698.0430295,1,1215,0,576,105,36,142
1778521698.057773,2,658,0,540,106,31,115
1778521698.061725,1,1215,0,576,106,36,143
1778521698.0756776,2,658,0,540,106,31,118
1778521698.0788236,1,1215,0,576,105,36,134
1778521698.0934649,2,658,0,540,105,32,115
1778521698.096726,1,1215,0,576,105,36,139
1778521698.1106646,2,658,0,540,105,31,115
1778521698.1135037,1,1215,0,576,105,36,146
1778521698.1280205,2,658,0,540,105,31,117
1778521698.1313193,1,1215,0,576,106,36,138
1778521698.1453655,2,658,0,540,106,31,121
1778521698.1482124,1,1215,0,576,105,36,141
1778521698.1626,2,658,0,540,106,31,115
1778521698.166279,1,1215,0,576,105,36,138
1778521698.1803331,2,658,0,540,105,31,121
1778521698.183084,1,1215,0,576,105,36,138
1778521698.1974416,2,658,0,540,105,31,115
1778521698.2013698,1,1215,0,576,105,36,136
1778521698.2154028,2,658,0,540,105,31,119
1778521698.2186086,1,1215,0,576,106,36,136
1778521698.2332397,2,658,0,540,105,32,115
1778521698.2364812,1,1215,0,576,106,36,150
1778521698.2504568,2,658,0,540,106,32,123
1778521698.2534375,1,1215,0,576,106,36,142
1778521698.26806,2,658,0,540,106,31,122
1778521698.2714102,1,1215,0,576,105,36,133
1778521698.2853622,2,658,0,540,106,31,115
1778521698.2881472,1,1215,0,576,105,36,148
1778521698.3030057,2,658,0,540,105,32,122
1778521698.3065264,1,1215,0,576,105,36,132
1778521698.320644,2,658,0,540,105,31,113
1778521698.323456,1,1215,0,576,105,36,136
1778521698.337849,2,658,0,540,105,32,115
1778521698.3414078,1,1215,0,576,106,36,141
1778521698.3556583,2,658,0,540,106,31,119
1778521698.358659,1,1215,0,576,106,36,141
1778521698.3731232,2,658,0,540,106,32,122
1778521698.3770552,1,1215,0,576,105,36,141
1778521698.39115,2,658,0,540,105,32,117
1778521698.3942988,1,1215,0,576,105,36,136
1778521698.4087846,2,658,0,540,105,32,115
1778521698.412025,1,1215,0,576,105,36,141
1778521698.4260075,2,658,0,540,105,32,114
1778521698.4288719,1,1215,0,576,106,36,142
1778521698.4433055,2,658,0,540,106,31,114
1778521698.4465072,1,1215,0,576,106,36,142
1778521698.4604962,2,658,0,540,106,32,117
1778521698.4632888,1,1215,0,576,105,36,133
1778521698.477968,2,658,0,540,106,32,119
1778521698.4818883,1,1215,0,576,105,36,137
1778521698.4957397,2,658,0,540,105,31,116
1778521698.499186,1,1215,0,576,105,36,133
1778521698.5135527,2,658,0,540,105,31,121
1778521698.5165753,1,1215,0,576,105,36,139
1778521698.530443,2,658,0,540,105,32,119
1778521698.5333958,1,1215,0,576,106,36,140
1778521698.5478916,2,658,0,540,106,32,119
1778521698.5513618,1,1215,0,576,106,36,142
1778521698.5653925,2,658,0,540,106,31,117
1778521698.5681996,1,1215,0,576,105,36,137
1778521698.5826576,2,658,0,540,105,31,120
1778521698.5863385,1,1215,0,576,105,36,140
1778521698.6004102,2,658,0,540,106,32,138
1778521698.6032095,1,1215,0,576,105,36,138
1778521698.617534,2,658,0,540,105,31,117
1778521698.6211443,1,1215,0,576,106,36,141
1778521698.635117,2,658,0,540,106,32,117
1778521698.6382048,1,1215,0,576,106,36,138
1778521698.6526194,2,658,0,540,106,31,113
1778521698.6557977,1,1215,0,576,106,36,148
1778521698.6697044,2,658,0,540,106,32,115
1778521698.6725316,1,1215,0,576,105,36,135
1778521698.6870537,2,658,0,540,105,32,113
1778521698.69066,1,1215,0,576,105,36,140
1778521698.7047355,2,658,0,540,105,32,115
1778521698.7074955,1,1215,0,576,106,36,141
1778521698.7219102,2,658,0,540,106,32,114
1778521698.7254627,1,1215,0,576,106,36,137
1778521698.7400339,2,658,0,540,106,32,121
1778521698.7431548,1,1215,0,576,106,36,140
1778521698.7570763,2,658,0,540,106,32,118
1778521698.7598908,1,1215,0,576,105,36,133
1778521698.7741816,2,658,0,540,106,32,116
1778521698.777736,1,1215,0,576,105,36,135
1778521698.7919586,2,658,0,540,105,32,119
1778521698.7951016,1,1215,0,576,106,36,138
1778521698.8098645,2,658,0,540,105,32,120
1778521698.813525,1,1215,0,576,106,36,133
1778521698.8274622,2,658,0,540,106,32,117
1778521698.8309758,1,1215,0,576,106,36,135
1778521698.8455043,2,658,0,540,106,32,120
1778521698.8484828,1,1215,0,576,105,36,133
1778521698.8624399,2,658,0,540,106,32,134
1778521698.8654046,1,1215,0,576,105,36,138
1778521698.8798656,2,658,0,540,106,32,112
1778521698.883151,1,1215,0,576,105,36,136
1778521698.8970988,2,658,0,540,105,32,119
1778521698.8998995,1,1215,0,576,106,36,134
1778521698.9142015,2,658,0,540,105,32,116
1778521698.9177938,1,1215,0,576,106,36,138
1778521698.932362,2,658,0,540,106,32,122
1778521698.9353921,1,1215,0,576,106,36,138
1778521698.9492524,2,658,0,540,107,32,116
1778521698.9520657,1,1215,0,576,105,36,138
1778521698.966416,2,658,0,540,106,32,121
1778521698.9700155,1,1215,0,576,105,36,139
1778521698.9841676,2,658,0,540,106,32,122
1778521698.9869058,1,1215,0,576,105,36,139
1778521699.0013447,2,658,0,540,105,32,112
1778521699.0053923,1,1215,0,576,106,36,135
1778521699.0194528,2,658,0,540,106,32,134
1778521699.022155,1,1215,0,576,106,36,146
1778521699.0366027,2,658,0,540,106,32,115
1778521699.0407836,1,1215,0,576,105,36,135
1778521699.0550694,2,658,0,540,106,31,113
1778521699.0578895,1,1215,0,576,105,36,138
1778521699.072393,2,658,0,540,106,32,116
1778521699.0756135,1,1215,0,576,105,36,131
1778521699.0895631,2,658,0,540,105,32,113
1778521699.0923946,1,1215,0,576,106,36,135
1778521699.1068704,2,658,0,540,105,32,120
1778521699.1101804,1,1215,0,576,106,36,137
1778521699.1244404,2,658,0,540,106,31,118
1778521699.1275961,1,1215,0,576,106,36,132
1778521699.1419766,2,658,0,540,106,32,114
1778521699.1455417,1,1215,0,576,105,36,139
1778521699.1597865,2,658,0,540,107,32,118
1778521699.1627393,1,1215,0,576,105,36,135
1778521699.17704,2,658,0,540,106,32,117
1778521699.18094,1,1215,0,576,105,36,135
1778521699.1949422,2,658,0,540,105,32,112
1778521699.1978858,1,1215,0,576,105,36,136
1778521699.2123735,2,658,0,540,105,32,114
1778521699.2156157,1,1215,0,576,106,35,131
1778521699.2295847,2,658,0,540,106,31,116
1778521699.2324097,1,1215,0,576,106,36,134
1778521699.2467632,2,658,0,540,107,32,115
1778521699.2504268,1,1215,0,576,105,36,139
1778521699.26439,2,658,0,540,106,32,119
1778521699.2671776,1,1215,0,576,105,36,141
1778521699.2817957,2,658,0,540,106,32,117
1778521699.2856002,1,1215,0,576,105,36,135
1778521699.2994738,2,658,0,540,105,32,113
1778521699.3028197,1,1215,0,576,106,36,135
1778521699.3173928,2,658,0,540,105,32,112
1778521699.3206668,1,1215,0,576,106,36,133
1778521699.3345573,2,658,0,540,106,32,120
1778521699.3374598,1,1215,0,576,105,36,147
1778521699.3519518,2,658,0,540,106,32,116
1778521699.3554683,1,1215,0,576,105,36,139
1778521699.3694546,2,658,0,540,106,32,112
1778521699.3721976,1,1215,0,576,105,36,131
1778521699.3866708,2,658,0,540,105,32,111
1778521699.3902328,1,1215,0,576,106,36,138
1778521699.4047997,2,658,0,540,106,32,119
1778521699.4077818,1,1215,0,576,106,36,137
1778521699.42162,2,658,0,540,106,32,112
1778521699.4245925,1,1215,0,576,105,36,134
1778521699.4390512,2,658,0,540,106,32,110
1778521699.4424455,1,1215,0,576,105,36,132
1778521699.456824,2,658,0,540,106,32,119
1778521699.459881,1,1215,0,576,105,36,132
1778521699.473819,2,658,0,540,105,32,119
1778521699.4766328,1,1215,0,576,106,36,135
1778521699.491014,2,658,0,540,106,32,116
1778521699.494577,1,1215,0,576,106,36,134
1778521699.5086381,2,658,0,540,107,32,110
1778521699.5114617,1,1215,0,576,105,36,137
1778521699.5258121,2,658,0,540,106,32,118
1778521699.529477,1,1215,0,576,105,36,134
1778521699.5435722,2,658,0,540,105,32,113
1778521699.5470514,1,1215,0,576,106,36,139
1778521699.5614283,2,658,0,540,106,32,113
1778521699.5644565,1,1215,0,576,106,36,136
1778521699.5784109,2,658,0,540,106,32,110
1778521699.5814798,1,1215,0,576,106,36,139
1778521699.5959141,2,658,0,540,107,32,118
1778521699.5992982,1,1215,0,576,105,36,137
1778521699.6133707,2,658,0,540,106,32,112
1778521699.6161683,1,1215,0,576,105,36,133
1778521699.630752,2,658,0,540,105,32,118
1778521699.6343884,1,1215,0,576,106,36,133
1778521699.6485598,2,658,0,540,106,32,116
1778521699.6514015,1,1215,0,576,106,36,132
1778521699.6657352,2,658,0,540,107,32,115
1778521699.6697273,1,1215,0,576,105,36,137
1778521699.6838543,2,658,0,540,106,32,110
1778521699.6865916,1,1215,0,576,105,36,133
1778521699.7010653,2,658,0,540,105,32,116
1778521699.7049422,1,1215,0,576,106,36,135
1778521699.718984,2,658,0,540,106,32,121
1778521699.7222388,1,1215,0,576,106,36,138
1778521699.7367678,2,658,0,540,106,32,110
1778521699.739917,1,1215,0,576,105,36,135
1778521699.7539074,2,658,0,540,106,32,116
1778521699.75672,1,1215,0,576,105,36,141
1778521699.7712805,2,658,0,540,105,32,110
1778521699.7748814,1,1215,0,576,106,36,132
1778521699.7887943,2,658,0,540,106,32,119
1778521699.791559,1,1215,0,576,106,36,139
1778521699.805857,2,658,0,540,107,32,117
1778521699.8095813,1,1215,0,576,105,36,134
1778521699.823676,2,658,0,540,106,32,115
1778521699.8265612,1,1215,0,576,106,36,140
1778521699.8412116,2,658,0,540,105,32,118
1778521699.8451753,1,1215,0,576,106,36,133
1778521699.8591607,2,658,0,540,106,32,119
1778521699.8620713,1,1215,0,576,106,36,136
1778521699.876462,2,658,0,540,107,32,118
1778521699.8797002,1,1215,0,576,105,36,135
1778521699.8936477,2,658,0,540,106,32,123
1778521699.8965518,1,1215,0,576,105,36,134
1778521699.9110382,2,658,0,540,106,32,110
1778521699.9142976,1,1215,0,576,106,36,134
1778521699.9286795,2,658,0,540,106,32,121
1778521699.931658,1,1215,0,576,106,36,135
1778521699.9456027,2,658,0,540,107,32,113
1778521699.9483972,1,1215,0,576,106,36,131
1778521699.9628668,2,658,0,540,106,32,115
1778521699.9662805,1,1215,0,576,105,36,131
1778521699.980175,2,658,0,540,106,32,116
1778521699.9830422,1,1215,0,576,105,36,137
1778521699.9974425,2,658,0,540,105,32,119
1778521700.0015144,1,1215,0,576,106,36,134
1778521700.0153956,2,658,0,540,106,32,118
1778521700.0183547,1,1215,0,576,106,36,134
1778521700.0329738,2,658,0,540,106,32,117
1778521700.0362287,1,1215,0,576,105,36,134
1778521700.0504868,2,658,0,540,106,32,111
1778521700.0535,1,1215,0,576,105,36,134
1778521700.0678966,2,658,0,540,106,32,114
1778521700.071292,1,1215,0,576,106,36,136
1778521700.085464,2,658,0,540,106,32,115
1778521700.0886054,1,1215,0,576,106,36,136
1778521700.1024847,2,658,0,540,106,32,112
1778521700.1055658,1,1215,0,576,106,36,141
1778521700.1199775,2,658,0,540,107,32,112
1778521700.1232755,1,1215,0,576,105,36,135
1778521700.1372797,2,658,0,540,106,32,117
1778521700.1402013,1,1215,0,576,105,36,138
1778521700.15458,2,658,0,540,106,32,110
1778521700.1581345,1,1215,0,576,106,36,135
1778521700.1722322,2,658,0,540,105,32,114
1778521700.1750922,1,1215,0,576,106,36,138
1778521700.1892495,2,658,0,540,106,32,111
1778521700.1932998,1,1215,0,576,106,36,138
1778521700.2073092,2,658,0,540,107,32,113
1778521700.2103202,1,1215,0,576,105,36,136
1778521700.2248352,2,658,0,540,106,32,113
1778521700.2280102,1,1215,0,576,105,36,133
1778521700.241929,2,658,0,540,106,32,109
1778521700.2447724,1,1215,0,576,105,36,137
1778521700.2594793,2,658,0,540,106,32,112
1778521700.2629015,1,1215,0,576,106,36,131
1778521700.2769482,2,658,0,540,106,32,113
1778521700.2797234,1,1215,0,576,106,36,131
1778521700.2944078,2,658,0,540,107,32,117
1778521700.297994,1,1215,0,576,106,36,130
1778521700.3120637,2,658,0,540,106,32,118
1778521700.3149014,1,1215,0,576,105,36,131
1778521700.3293822,2,658,0,540,106,32,110
1778521700.3334444,1,1215,0,576,105,36,130
1778521700.3474283,2,658,0,540,105,32,115
1778521700.350764,1,1215,0,576,106,36,133
1778521700.36536,2,658,0,540,106,32,110
1778521700.3685424,1,1215,0,576,106,36,135
1778521700.3825023,2,658,0,540,107,32,113
1778521700.3854656,1,1215,0,576,105,36,129
1778521700.4001079,2,658,0,540,106,32,116
1778521700.4033937,1,1215,0,576,105,36,136
1778521700.417465,2,658,0,540,106,32,114
1778521700.420282,1,1215,0,576,106,36,132
1778521700.4346735,2,658,0,540,105,32,110
1778521700.4383705,1,1215,0,576,106,36,134
1778521700.452534,2,658,0,540,106,32,119
1778521700.4554644,1,1215,0,576,106,36,140
1778521700.469948,2,658,0,540,107,32,115
1778521700.473477,1,1215,0,576,105,36,136
1778521700.4877865,2,658,0,540,106,32,114
1778521700.4910061,1,1215,0,576,106,36,132
1778521700.5054734,2,658,0,540,105,32,109
1778521700.5094125,1,1215,0,576,106,36,131
1778521700.5233538,2,658,0,540,106,32,114
1778521700.5266104,1,1215,0,576,106,36,134
1778521700.541234,2,658,0,540,106,32,119
1778521700.544619,1,1215,0,576,105,36,135
1778521700.5587237,2,658,0,540,106,32,115
1778521700.5617933,1,1215,0,576,105,36,132
1778521700.5763469,2,658,0,540,106,32,110
1778521700.579621,1,1215,0,576,106,36,137
1778521700.59373,2,658,0,540,105,32,110
1778521700.5965788,1,1215,0,576,106,36,133
1778521700.6110508,2,658,0,540,106,32,115
1778521700.6143627,1,1215,0,576,106,36,134
1778521700.628434,2,658,0,540,106,32,109
1778521700.6313913,1,1215,0,576,105,36,131
1778521700.6459827,2,658,0,540,106,32,115
1778521700.649627,1,1215,0,576,105,36,133
1778521700.6637137,2,658,0,540,106,32,118
1778521700.6665025,1,1215,0,576,106,36,133
1778521700.6813934,2,658,0,540,106,32,113
1778521700.6854448,1,1215,0,576,106,36,133
1778521700.6993728,2,658,0,540,106,32,109
1778521700.7021892,1,1215,0,576,106,36,137
1778521700.7168682,2,658,0,540,107,32,118
1778521700.7200358,1,1215,0,576,105,36,136
1778521700.7340345,2,658,0,540,107,32,109
1778521700.736831,1,1215,0,576,105,36,134
1778521700.751442,2,658,0,540,106,32,124
1778521700.754957,1,1215,0,576,106,36,128
1778521700.7688243,2,658,0,540,105,32,118
1778521700.7716367,1,1215,0,576,106,37,133
1778521700.7859986,2,658,0,540,106,32,114
1778521700.7895355,1,1215,0,576,106,36,136
1778521700.8037524,2,658,0,540,107,32,112
1778521700.8068051,1,1215,0,576,105,36,135
1778521700.8213675,2,658,0,540,107,32,110
1778521700.8249452,1,1215,0,576,105,36,132
1778521700.838931,2,658,0,540,106,32,111
1778521700.8419278,1,1215,0,576,105,36,135
1778521700.8564053,2,658,0,540,106,32,114
1778521700.8596523,1,1215,0,576,106,36,132
1778521700.873601,2,658,0,540,106,32,115
1778521700.8765495,1,1215,0,576,106,36,129
1778521700.8909895,2,658,0,540,106,32,117
1778521700.894664,1,1215,0,576,106,36,129
1778521700.9087408,2,658,0,540,107,32,109
1778521700.9116004,1,1215,0,576,105,36,137
1778521700.92602,2,658,0,540,106,32,109
1778521700.929663,1,1215,0,576,106,36,133
1778521700.9437227,2,658,0,540,106,32,114
1778521700.9465473,1,1215,0,576,106,36,134
1778521700.9609523,2,658,0,540,106,32,119
1778521700.9649508,1,1215,0,576,105,36,133
1778521700.9789052,2,658,0,540,106,32,115
1778521700.9817603,1,1215,0,576,106,36,139
1778521700.9961128,2,658,0,540,106,32,120
1778521700.9993932,1,1215,0,576,106,36,133
1778521701.0135777,2,658,0,540,107,32,109
1778521701.0166597,1,1215,0,576,105,36,137
1778521701.0311837,2,658,0,540,106,32,110
1778521701.0344772,1,1215,0,576,105,36,135
1778521701.048759,2,658,0,540,106,32,114
1778521701.0515935,1,1215,0,576,105,36,136
1778521701.065947,2,658,0,540,106,32,116
1778521701.0695913,1,1215,0,576,106,36,132
1778521701.0837784,2,658,0,540,106,32,110
1778521701.0865686,1,1215,0,576,105,36,128
1778521701.101235,2,658,0,540,107,32,113
1778521701.105592,1,1215,0,576,105,36,134
1778521701.119615,2,658,0,540,106,32,113
1778521701.1226735,1,1215,0,576,106,36,128
1778521701.1371577,2,658,0,540,106,32,108
1778521701.140407,1,1215,0,576,106,36,134
1778521701.1543927,2,658,0,540,106,32,116
1778521701.157347,1,1215,0,576,106,36,129
1778521701.1717076,2,658,0,540,107,32,115
1778521701.174894,1,1215,0,576,105,36,134
1778521701.189346,2,658,0,540,106,32,112
1778521701.1934433,1,1215,0,576,105,36,135
1778521701.2076082,2,658,0,540,106,32,112
1778521701.2111275,1,1215,0,576,106,36,139
1778521701.2252262,2,658,0,540,106,32,109
1778521701.2280312,1,1215,0,576,106,36,135
1778521701.2422779,2,658,-50,543,106,32,110
1778521701.2458868,1,1215,0,576,106,36,131
1778521701.2604156,2,658,50,541,107,32,117
1778521701.2634075,1,1215,0,576,106,36,133
1778521701.2773576,2,658,0,540,106,32,117
1778521701.2802298,1,1215,0,576,105,36,136
1778521701.2945774,2,658,0,540,106,32,110
1778521701.298296,1,1215,0,576,106,36,142
1778521701.3124242,2,658,0,540,106,32,111
1778521701.3152523,1,1215,0,576,106,36,139
1778521701.3295848,2,658,0,540,106,32,112
1778521701.3335798,1,1215,0,576,106,36,135
1778521701.3475757,2,658,0,540,107,32,119
1778521701.350792,1,1215,0,576,105,36,133
1778521701.365461,2,658,0,540,106,32,117
1778521701.3687072,1,1215,0,576,106,36,135
1778521701.3826444,2,658,0,540,106,32,116
1778521701.3857164,1,1215,0,576,106,36,136
1778521701.4001749,2,657,0,540,106,32,113
1778521701.4034793,1,1215,0,576,106,36,129
1778521701.4174724,2,658,0,540,106,32,112
1778521701.4202683,1,1215,0,576,105,36,135
1778521701.4351935,2,658,0,540,106,32,109
1778521701.439025,1,1215,0,576,106,36,133
1778521701.453049,2,658,0,540,106,32,113
1778521701.455841,1,1215,0,576,105,36,136
1778521701.4703844,2,658,0,540,105,32,115
1778521701.4739854,1,1215,0,576,106,36,130
1778521701.488226,2,658,0,540,107,32,109
1778521701.491422,1,1215,0,576,106,36,132
1778521701.505874,2,658,0,540,106,32,113
1778521701.5094385,1,1215,0,576,105,36,132
1778521701.5235183,2,658,-50,543,106,32,114
1778521701.5263767,1,1215,0,576,105,36,129
1778521701.5406408,2,658,50,541,105,32,115
1778521701.5446994,1,1215,0,576,106,36,136
1778521701.5589535,2,658,0,540,106,32,114
1778521701.5620112,1,1215,0,576,106,36,136
1778521701.5766091,2,658,0,540,107,32,117
1778521701.5798109,1,1215,0,576,105,36,129
1778521701.5937452,2,658,0,540,106,32,132
1778521701.5967379,1,1215,0,576,105,36,133
1778521701.6112876,2,658,0,540,106,32,115
1778521701.6145086,1,1215,0,576,106,36,137
1778521701.628416,2,658,0,540,106,32,116
1778521701.6312258,1,1215,0,576,106,36,132
1778521701.6455288,2,658,0,540,106,32,117
1778521701.64909,1,1215,0,576,106,36,132
1778521701.663075,2,658,0,540,106,32,115
1778521701.6662128,1,1215,0,576,105,36,126
1778521701.6807766,2,658,0,540,106,32,110
1778521701.6839523,1,1215,0,576,106,36,131
1778521701.697928,2,658,0,540,106,32,109
1778521701.7009492,1,1215,0,576,106,36,144
1778521701.7153497,2,658,0,540,106,32,115
1778521701.718783,1,1215,0,576,106,36,133
1778521701.7327616,2,658,0,540,106,32,115
1778521701.7356398,1,1215,0,576,106,36,128
1778521701.7500877,2,658,0,540,107,32,112
1778521701.753685,1,1215,0,576,105,36,132
1778521701.7677207,2,658,0,540,106,32,113
1778521701.770554,1,1215,0,576,105,36,137
1778521701.7850592,2,658,0,540,106,32,110
1778521701.788953,1,1215,0,576,106,36,129
1778521701.8029084,2,658,0,540,106,32,113
1778521701.8058584,1,1215,0,576,106,36,129
1778521701.8205538,2,658,0,540,106,32,115
1778521701.8237817,1,1215,0,576,106,36,135
1778521701.837788,2,658,0,540,106,32,115
1778521701.8406377,1,1215,0,576,106,36,135
1778521701.8552055,2,658,0,540,106,32,115
1778521701.858559,1,1215,0,576,106,36,130
1778521701.8728974,2,658,0,540,107,32,110
1778521701.8759642,1,1215,0,576,106,36,135
1778521701.8903549,2,658,0,540,106,32,113
1778521701.8939552,1,1215,0,576,105,36,132
1778521701.907931,2,658,0,540,106,32,114
1778521701.910696,1,1215,0,576,105,36,131
1778521701.9252095,2,658,0,540,106,32,112
1778521701.929097,1,1215,0,576,106,36,133
1778521701.9430652,2,658,0,540,107,32,108
1778521701.9460692,1,1215,0,576,105,36,132
1778521701.9605706,2,658,0,540,106,32,108
1778521701.9637449,1,1215,0,576,106,36,134
1778521701.9776766,2,658,0,540,106,32,115
1778521701.980676,1,1215,0,576,106,36,127
1778521701.9951408,2,658,0,540,107,32,110
1778521701.9984343,1,1215,0,576,106,36,133
1778521702.0127647,2,658,0,540,106,32,113
1778521702.015804,1,1215,0,576,105,36,134
1778521702.0296793,2,658,0,540,106,32,115
1778521702.0324633,1,1215,0,576,106,36,126
1778521702.0470011,2,658,0,540,107,32,109
1778521702.0503156,1,1215,0,576,106,36,135
1778521702.0642333,2,658,0,540,106,32,115
1778521702.067027,1,1215,0,576,105,36,129
1778521702.0816448,2,658,0,540,106,32,114
1778521702.085675,1,1215,0,576,106,36,134
1778521702.0998013,2,658,0,540,106,32,110
1778521702.1027129,1,1215,0,576,106,36,138
1778521702.1171148,2,658,0,540,107,32,116
1778521702.1210408,1,1215,0,576,106,36,130
1778521702.1351714,2,658,0,540,107,32,107
1778521702.1380062,1,1215,50,578,105,36,133
1778521702.1524217,2,658,0,540,106,32,112
1778521702.1558206,1,1215,-50,577,106,36,133
1778521702.169899,2,658,0,540,106,32,113
1778521702.1728432,1,1215,0,576,106,36,133
1778521702.1873527,2,658,0,540,106,32,115
1778521702.1909785,1,1215,0,576,106,36,133
1778521702.2052512,2,658,0,540,107,32,108
1778521702.208192,1,1215,0,576,105,36,126
1778521702.2227328,2,658,0,540,106,32,107
1778521702.2263901,1,1215,0,576,106,36,135
1778521702.240747,2,658,0,540,106,32,114
1778521702.2439692,1,1215,0,576,106,36,126
1778521702.258503,2,658,0,540,106,32,113
1778521702.2621357,1,1215,0,576,106,36,130
1778521702.2761729,2,658,0,540,106,32,114
1778521702.2790086,1,1215,0,576,106,36,131
1778521702.2933958,2,658,0,540,106,32,114
1778521702.297542,1,1215,0,576,106,36,128
1778521702.3117406,2,658,0,540,107,31,111
1778521702.3152251,1,1215,0,576,106,36,131
1778521702.3295808,2,658,0,540,107,32,109
1778521702.332687,1,1215,0,576,105,36,131
1778521702.3467379,2,658,0,540,106,32,108
1778521702.3497002,1,1215,0,576,106,36,128
1778521702.3641922,2,658,0,540,106,32,112
1778521702.3676503,1,1215,0,576,106,36,135
1778521702.381617,2,658,0,540,106,32,117
1778521702.3844512,1,1215,0,576,106,36,131
1778521702.3989012,2,658,0,540,107,32,114
1778521702.4025066,1,1215,0,576,105,36,131
1778521702.416577,2,658,0,540,106,32,118
1778521702.4193575,1,1215,0,576,106,36,132
1778521702.4337213,2,658,0,540,106,32,113
1778521702.4376383,1,1215,0,576,106,36,127
1778521702.4516106,2,658,0,540,106,32,109
1778521702.4549468,1,1215,0,576,106,36,130
1778521702.4693244,2,658,0,540,107,32,113
1778521702.472631,1,1215,0,576,106,36,126
1778521702.4865298,2,658,0,540,106,32,114
1778521702.4896498,1,1215,0,576,105,36,131
1778521702.5042,2,658,0,540,106,32,110
1778521702.5076795,1,1215,0,576,106,36,134
1778521702.521682,2,658,0,540,107,32,113
1778521702.5245676,1,1215,0,576,106,36,132
1778521702.5390697,2,658,0,540,106,32,109
1778521702.542375,1,1215,0,576,106,36,128
1778521702.5561907,2,658,0,540,106,32,107
1778521702.5590713,1,1215,0,576,107,36,144
1778521702.5734558,2,658,0,540,107,32,108
1778521702.5766594,1,1215,0,576,106,36,134
1778521702.5906754,2,658,0,540,107,32,114
1778521702.5938096,1,1215,0,576,106,36,131
1778521702.6084254,2,658,0,540,107,32,114
1778521702.6116655,1,1215,0,576,106,36,130
1778521702.6256235,2,658,0,540,106,32,115
1778521702.6284194,1,1215,0,576,106,37,133
1778521702.642982,2,658,0,540,106,32,113
1778521702.6465802,1,1215,0,576,106,36,130
1778521702.6608486,2,658,0,540,107,32,110
1778521702.6638205,1,1215,0,576,106,36,132
1778521702.678106,2,658,0,540,107,32,107
1778521702.6817086,1,1215,0,576,106,36,131
1778521702.6959074,2,658,0,540,106,32,108
1778521702.6989288,1,1215,0,576,106,36,126
1778521702.7135916,2,658,0,540,106,32,107
1778521702.717649,1,1215,0,576,106,36,129
1778521702.731545,2,658,0,540,107,32,113
1778521702.73492,1,1215,0,576,106,36,131
1778521702.749467,2,658,0,540,106,32,114
1778521702.7526674,1,1215,50,578,105,36,131
1778521702.766614,2,658,0,540,106,32,113
1778521702.7695377,1,1215,-50,578,107,36,132
1778521702.7839515,2,658,0,540,107,32,117
1778521702.7874553,1,1215,-50,575,106,36,132
1778521702.8015897,2,658,0,540,106,32,112
1778521702.8044188,1,1215,0,576,105,36,136
1778521702.8189623,2,658,0,540,106,32,109
1778521702.8223991,1,1215,0,576,106,36,131
1778521702.8362713,2,658,0,540,106,32,113
1778521702.8390715,1,1215,0,576,106,36,128
1778521702.8534923,2,658,0,540,107,32,112
1778521702.8575068,1,1215,0,576,106,36,130
1778521702.8714166,2,658,0,540,106,32,110
1778521702.8744397,1,1215,0,576,106,36,130
1778521702.888919,2,658,0,540,106,32,107
1778521702.8922272,1,1215,0,576,106,35,129
1778521702.906296,2,658,0,540,107,32,107
1778521702.9092214,1,1215,0,576,106,36,128
1778521702.9231036,2,658,0,540,107,32,107
1778521702.9264507,1,1215,0,576,105,36,134
1778521702.940923,2,658,0,540,106,32,106
1778521702.94413,1,1215,0,576,106,36,132
1778521702.958018,2,658,0,540,106,32,110
1778521702.9609487,1,1215,0,576,106,36,134
1778521702.975456,2,658,0,540,107,32,116
1778521702.978724,1,1215,0,576,106,36,130
1778521702.992659,2,658,0,540,107,32,110
1778521702.9954119,1,1215,0,576,105,36,134
1778521703.0100079,2,658,0,540,106,32,113
1778521703.013583,1,1215,0,576,106,36,132
1778521703.0276165,2,658,0,540,106,32,114
1778521703.0309606,1,1215,0,576,107,36,135
1778521703.045417,2,658,0,540,107,32,112
1778521703.0515795,1,1215,0,576,106,36,131
1778521703.066188,2,658,0,540,106,32,107
1778521703.0698626,1,1215,0,576,106,36,134
1778521703.0839565,2,658,0,540,106,32,114
1778521703.0868351,1,1215,0,576,106,36,129
1778521703.1012273,2,658,-50,544,106,32,115
1778521703.1052072,1,1215,0,576,106,36,132
1778521703.119268,2,658,50,540,107,32,114
1778521703.1222863,1,1215,0,576,106,36,134
1778521703.1368737,2,658,0,540,107,32,115
1778521703.1401827,1,1215,0,576,105,36,135
1778521703.154321,2,658,0,540,106,32,107
1778521703.1573324,1,1215,0,576,106,36,125
1778521703.1717727,2,658,0,540,107,32,108
1778521703.175093,1,1215,0,576,107,36,131
1778521703.1890757,2,658,0,540,107,32,114
1778521703.1918905,1,1215,0,576,105,36,129
1778521703.2062907,2,658,0,540,106,32,106
1778521703.2100015,1,1215,0,576,106,36,136
1778521703.2244751,2,658,0,540,106,32,110
1778521703.227442,1,1215,0,576,106,36,129
1778521703.241457,2,658,0,540,107,32,115
1778521703.2446356,1,1215,0,576,106,36,131
1778521703.2586448,2,658,0,540,107,32,112
1778521703.2616038,1,1215,0,576,106,36,127
1778521703.2761273,2,658,0,540,106,32,106
1778521703.2794268,1,1215,0,576,106,36,125
1778521703.2933784,2,658,0,540,106,32,106
1778521703.296151,1,1215,0,576,105,36,132
1778521703.3105497,2,658,0,540,106,32,116
1778521703.3142548,1,1215,0,576,106,36,132
1778521703.3284602,2,658,0,540,107,32,112
1778521703.3316717,1,1215,0,576,105,36,130
1778521703.346078,2,658,0,540,106,32,114
1778521703.3497994,1,1215,0,576,106,36,126
1778521703.3638728,2,658,0,540,106,32,107
1778521703.3666945,1,1215,0,576,107,36,127
1778521703.3811882,2,658,0,540,106,32,112
1778521703.3849406,1,1215,0,576,106,36,126
1778521703.398871,2,658,0,540,107,31,107
1778521703.4017704,1,1215,0,576,106,36,130
1778521703.4162326,2,658,0,540,106,32,107
1778521703.4194756,1,1215,0,576,106,36,130
1778521703.4333854,2,658,0,540,106,32,108
1778521703.4361918,1,1215,0,576,106,36,131
1778521703.4505916,2,658,0,540,106,32,114
1778521703.4541714,1,1215,0,576,106,36,131
1778521703.4681845,2,658,0,540,107,32,113
1778521703.471,1,1215,0,576,106,36,132
1778521703.4856565,2,658,0,540,107,32,109
1778521703.489556,1,1215,0,576,105,36,131
1778521703.5034537,2,658,0,540,106,32,113
1778521703.506721,1,1215,0,576,106,36,125
1778521703.5213017,2,658,-50,544,106,32,118
1778521703.5244546,1,1215,0,576,107,36,130
1778521703.5384202,2,658,50,540,106,32,108
1778521703.541389,1,1215,0,576,107,36,126
1778521703.5559986,2,658,0,540,107,32,110
1778521703.5589588,1,1215,0,576,106,36,128
1778521703.5728543,2,658,0,540,106,32,107
1778521703.575691,1,1215,0,576,106,36,126
1778521703.5900657,2,658,-50,542,106,32,115
1778521703.5937572,1,1215,0,576,106,36,130
1778521703.6079724,2,658,50,542,106,32,114
1778521703.611101,1,1215,0,576,106,36,137
1778521703.6258998,2,658,0,540,107,32,113
1778521703.629936,1,1215,0,576,106,36,130
1778521703.6438959,2,658,0,540,107,32,106
1778521703.6474824,1,1215,0,576,106,36,129
1778521703.6622612,2,658,0,540,106,32,104
1778521703.6654558,1,1215,0,576,103,36,150
1778521703.679484,2,658,0,540,106,32,107
1778521703.6823764,1,1215,0,576,107,36,126
1778521703.6969776,2,658,0,540,107,32,106
1778521703.7009587,1,1215,0,576,107,36,132
1778521703.7149193,2,658,0,540,107,32,115
1778521703.7178972,1,1215,0,576,106,36,131
1778521703.7323787,2,658,0,540,106,32,105
1778521703.7356262,1,1215,0,576,106,36,125
1778521703.7494855,2,658,0,540,106,32,110
1778521703.7523324,1,1215,0,576,107,36,126
1778521703.7668126,2,658,0,540,107,32,108
1778521703.7700894,1,1215,50,578,109,36,137
1778521703.7840567,2,658,0,540,107,32,106
1778521703.7868245,1,1215,-50,578,105,36,134
1778521703.8016136,2,658,0,540,106,32,114
1778521703.8055623,1,1215,0,576,106,36,129
1778521703.8197248,2,658,0,540,106,32,106
1778521703.822575,1,1215,0,576,107,36,128
1778521703.8369563,2,658,0,540,107,32,112
1778521703.840943,1,1215,0,576,106,36,124
1778521703.8549604,2,658,0,540,107,32,114
1778521703.8578246,1,1215,0,576,106,36,130
1778521703.8723414,2,658,0,540,106,32,109
1778521703.8756254,1,1215,0,576,105,36,126
1778521703.889594,2,658,0,540,105,32,110
1778521703.8923872,1,1215,0,576,106,37,129
1778521703.9069402,2,658,0,540,106,32,112
1778521703.9106166,1,1215,0,576,106,36,134
1778521703.9250555,2,658,0,540,107,32,114
1778521703.927972,1,1215,0,576,105,36,132
1778521703.9419568,2,658,0,540,106,32,114
1778521703.9449124,1,1215,0,576,106,36,126
1778521703.9593453,2,658,-50,544,106,32,114
1778521703.9627,1,1215,0,576,106,36,126
1778521703.9767725,2,658,50,540,106,32,107
1778521703.979637,1,1215,0,576,107,36,131
1778521703.9942353,2,658,0,540,107,32,112
1778521703.9981735,1,1215,0,576,105,36,131
1778521704.0122068,2,658,0,540,106,32,108
1778521704.0149963,1,1215,0,576,106,36,132
1778521704.0294478,2,658,0,540,107,32,113
1778521704.033312,1,1215,0,576,106,36,131
1778521704.047359,2,658,0,540,106,32,113
1778521704.0505352,1,1215,0,576,106,36,127
1778521704.0651288,2,658,0,540,106,32,108
1778521704.068307,1,1215,0,576,107,36,132
1778521704.0823216,2,658,0,540,107,32,116
1778521704.0853803,1,1215,0,576,106,36,130
1778521704.0998485,2,658,0,540,106,32,114
1778521704.1031349,1,1215,0,576,106,36,145
1778521704.1172237,2,658,0,540,106,32,113
1778521704.1201324,1,1215,0,576,106,37,132
1778521704.1340554,2,658,0,540,107,32,114
1778521704.1371992,1,1215,0,576,106,36,125
1778521704.1516483,2,658,0,540,106,32,107
1778521704.154923,1,1215,0,576,106,36,126
1778521704.1690736,2,658,0,540,106,32,110
1778521704.1721573,1,1215,0,576,107,36,130
1778521704.1864908,2,658,0,540,107,32,112
1778521704.1899734,1,1215,0,576,105,36,130
1778521704.204475,2,658,0,540,106,32,110
1778521704.2074592,1,1215,0,576,106,36,129
1778521704.2214215,2,658,0,540,106,32,112
1778521704.2242372,1,1215,0,576,107,36,131
1778521704.2385535,2,658,0,540,107,32,105
1778521704.2421348,1,1215,0,576,106,36,126
1778521704.256258,2,658,0,540,106,32,110
1778521704.2590714,1,1215,0,576,106,36,129
1778521704.2737088,2,658,0,540,106,32,106
1778521704.2776017,1,1215,0,576,107,36,132
1778521704.2915657,2,658,0,540,107,32,110
1778521704.2949724,1,1215,0,576,106,36,132
1778521704.3094609,2,658,0,540,106,32,109
1778521704.3124936,1,1215,0,576,106,36,132
1778521704.3264303,2,658,0,540,106,32,115
1778521704.3294713,1,1215,0,576,106,36,131
1778521704.3440158,2,658,0,540,107,32,108
1778521704.3474147,1,1215,0,576,106,36,130
1778521704.3613698,2,658,0,540,106,32,105
1778521704.364136,1,1215,0,576,106,36,130
1778521704.3784513,2,658,0,540,106,32,106
1778521704.382028,1,1215,0,576,106,36,126
1778521704.3965533,2,658,0,540,107,32,109
1778521704.3994718,1,1215,0,576,106,36,125
1778521704.4133592,2,658,0,540,107,32,109
1778521704.416162,1,1215,50,580,105,36,128
1778521704.430478,2,658,0,540,106,32,108
1778521704.4340754,1,1215,-50,576,106,37,126
1778521704.4481206,2,658,0,540,106,32,106
1778521704.4509747,1,1215,0,576,106,36,133
1778521704.4653983,2,658,0,540,107,32,106
1778521704.4694378,1,1215,0,576,106,37,131
1778521704.4834898,2,658,0,540,107,32,109
1778521704.4866393,1,1215,0,576,106,36,133
1778521704.5012224,2,658,0,540,106,32,110
1778521704.5044286,1,1215,0,576,106,36,134
1778521704.5184584,2,658,0,540,107,32,112
1778521704.5215375,1,1215,0,576,106,36,128
1778521704.536005,2,658,0,540,106,32,114
1778521704.5394545,1,1215,0,576,106,36,128
1778521704.5535674,2,658,0,540,106,32,114
1778521704.556428,1,1215,0,576,107,36,130
1778521704.5712352,2,658,0,540,107,32,107
1778521704.5749612,1,1215,0,576,106,36,131
1778521704.589076,2,658,0,540,106,32,112
1778521704.591854,1,1215,0,576,106,36,131
1778521704.6062036,2,658,0,540,106,32,105
1778521704.6098137,1,1215,0,576,107,37,130
1778521704.6238828,2,658,0,540,107,32,105
1778521704.626708,1,1215,0,576,106,36,125
1778521704.6411448,2,658,0,540,106,32,109
1778521704.6450143,1,1215,0,576,106,36,129
1778521704.6590314,2,658,0,540,106,32,115
1778521704.6620622,1,1215,0,576,106,36,128
1778521704.6763816,2,658,0,540,106,32,108
1778521704.6795936,1,1215,0,576,105,36,129
1778521704.693552,2,658,0,540,106,32,115
1778521704.6963542,1,1215,0,576,106,36,124
1778521704.7108362,2,658,0,540,107,32,110
1778521704.7142546,1,1215,0,576,106,37,126
1778521704.7281635,2,658,0,540,106,32,105
1778521704.7310083,1,1215,0,576,106,36,129
1778521704.7453706,2,658,0,540,107,32,105
1778521704.7490983,1,1215,50,578,106,36,131
1778521704.7630396,2,658,0,540,107,32,110
1778521704.765823,1,1215,0,580,106,37,132
1778521704.7803192,2,658,0,540,106,32,105
1778521704.783723,1,1215,-50,578,107,37,126
1778521704.7977378,2,658,0,540,107,32,113
1778521704.8006113,1,1215,0,576,106,37,130
1778521704.8152132,2,658,0,540,106,32,112
1778521704.8184185,1,1215,0,576,106,36,129
1778521704.8322983,2,658,0,540,107,32,113
1778521704.8350694,1,1215,0,576,107,37,130
1778521704.8495018,2,658,0,540,106,32,109
1778521704.8534553,1,1215,0,576,106,36,124
1778521704.867427,2,658,0,540,106,32,110
1778521704.870912,1,1215,0,576,107,36,125
1778521704.8852503,2,658,0,540,107,32,107
1778521704.8882043,1,1215,0,576,107,36,131
1778521704.9020846,2,658,-50,541,107,32,110
1778521704.9049206,1,1215,0,576,105,36,126
1778521704.9193888,2,657,-50,542,106,32,113
1778521704.9228399,1,1215,0,576,106,36,128
1778521704.936893,2,658,50,539,106,32,112
1778521704.9397619,1,1215,0,576,106,36,125
1778521704.954063,2,658,0,540,107,32,106
1778521704.9576058,1,1215,0,576,106,36,128
1778521704.9715905,2,658,0,540,106,32,106
1778521704.9743338,1,1215,0,576,106,37,125
1778521704.9888399,2,658,0,540,106,32,112
1778521704.9930472,1,1215,0,576,107,37,130
1778521705.0070925,2,658,0,540,107,32,112
1778521705.0100143,1,1215,0,576,106,37,125
1778521705.0245507,2,658,0,540,106,32,107
1778521705.0279946,1,1215,0,576,106,37,129
1778521705.0419915,2,658,0,540,106,32,109
1778521705.044951,1,1215,0,576,106,37,126
1778521705.059572,2,657,0,540,106,32,108
1778521705.0629904,1,1215,0,576,105,37,128
1778521705.0769718,2,658,0,540,106,32,110
1778521705.0797622,1,1215,0,576,106,37,129
1778521705.0940921,2,658,0,540,106,32,109
1778521705.0976636,1,1215,0,576,106,37,128
1778521705.1120718,2,658,0,540,107,33,105
1778521705.1150706,1,1215,0,576,106,36,131
1778521705.129896,2,658,0,540,106,32,114
1778521705.1337326,1,1215,0,576,106,37,126
1778521705.1476488,2,658,0,540,107,32,110
1778521705.1510098,1,1215,0,576,107,37,123
1778521705.1653047,2,658,0,540,107,32,113
1778521705.1682978,1,1215,0,576,105,37,124
1778521705.1821315,2,658,0,540,106,32,104
1778521705.185164,1,1215,0,576,107,36,129
1778521705.1998198,2,658,0,540,107,32,113
1778521705.203148,1,1215,0,576,106,37,127
1778521705.2171805,2,658,0,540,106,32,115
1778521705.2199717,1,1215,0,576,106,37,128
1778521705.2345903,2,658,0,540,106,32,106
1778521705.2382724,1,1215,0,576,107,37,130
1778521705.252484,2,658,0,540,107,32,108
1778521705.2554972,1,1215,0,576,106,37,128
1778521705.2699404,2,658,0,540,106,32,109
1778521705.2734358,1,1215,0,576,106,36,129
1778521705.287393,2,658,0,540,106,32,112
1778521705.2902293,1,1215,0,576,107,37,129
1778521705.3050928,2,658,0,540,107,32,112
1778521705.3091207,1,1215,0,576,106,37,124
1778521705.3231316,2,658,0,540,106,32,107
1778521705.3261285,1,1215,0,576,106,37,129
1778521705.340591,2,658,0,540,107,32,110
1778521705.3439224,1,1215,0,576,106,36,133
1778521705.357925,2,658,0,540,107,32,106
1778521705.3608534,1,1215,0,576,106,36,124
1778521705.3752706,2,658,0,540,106,32,107
1778521705.378538,1,1215,0,576,106,37,132
1778521705.3924868,2,658,0,540,106,32,107
1778521705.3954003,1,1215,0,576,107,37,130
1778521705.4096162,2,658,0,540,107,32,112
1778521705.4132946,1,1215,0,576,106,37,128
1778521705.4271967,2,658,-50,543,106,32,106
1778521705.430187,1,1215,0,576,106,37,128
1778521705.4447443,2,658,50,541,106,32,113
1778521705.4479988,1,1215,0,576,106,37,130
1778521705.462007,2,658,0,540,107,32,112
1778521705.464893,1,1215,0,576,107,37,124
1778521705.4793665,2,658,0,540,107,32,110
1778521705.482563,1,1215,0,576,106,37,130
1778521705.496803,2,658,0,540,106,32,109
1778521705.4997585,1,1215,0,576,106,37,130
1778521705.5136058,2,658,0,540,106,32,106
1778521705.5163932,1,1215,0,576,107,37,126
1778521705.5309732,2,658,0,540,107,32,106
1778521705.5343404,1,1215,0,576,106,37,128
1778521705.5484195,2,658,0,540,106,32,113
1778521705.5514693,1,1215,0,576,106,37,130
1778521705.565996,2,658,0,540,106,32,109
1778521705.569573,1,1215,0,576,107,37,124
1778521705.584275,2,658,-50,542,107,32,115
1778521705.5873647,1,1215,0,576,107,37,124
1778521705.601291,2,658,50,542,107,32,117
1778521705.6042385,1,1215,0,576,106,37,129
1778521705.6184835,2,658,0,540,106,32,108
1778521705.6219857,1,1215,0,576,106,37,123
1778521705.636048,2,658,0,540,106,32,106
1778521705.6388364,1,1215,0,576,107,37,128
1778521705.6532352,2,658,0,540,107,32,110
1778521705.6571383,1,1215,0,576,106,37,127
1778521705.6710234,2,658,0,540,106,32,107
1778521705.6743999,1,1215,0,576,106,37,131
1778521705.6890523,2,658,0,540,107,32,112
1778521705.692295,1,1215,0,576,107,37,125
1778521705.7062342,2,658,0,540,107,32,108
1778521705.7091172,1,1215,0,576,106,37,130
1778521705.7236187,2,658,0,540,106,32,105
1778521705.7268708,1,1215,0,576,106,37,129
1778521705.7410014,2,658,0,540,106,32,111
1778521705.7437658,1,1215,0,576,106,37,125
1778521705.758113,2,658,0,540,107,32,115
1778521705.761743,1,1215,0,576,106,37,125
1778521705.7757537,2,658,0,540,106,32,106
1778521705.7784956,1,1215,0,576,106,37,130
1778521705.793208,2,658,0,540,106,32,106
1778521705.7971206,1,1215,0,576,107,37,125
1778521705.8112705,2,658,0,540,107,32,106
1778521705.8143797,1,1215,0,576,106,37,127
1778521705.8288133,2,658,0,540,107,32,104
1778521705.832078,1,1215,0,576,106,37,124
1778521705.846013,2,658,0,540,106,32,108
1778521705.8489137,1,1215,0,576,106,37,127
1778521705.8633668,2,658,0,540,107,32,109
1778521705.8668113,1,1215,0,576,106,37,128
1778521705.8810713,2,658,0,540,107,32,104
1778521705.8840318,1,1215,0,576,106,37,128
1778521705.8980086,2,658,0,540,106,32,106
1778521705.9007533,1,1215,0,576,106,37,125
1778521705.9151647,2,658,0,540,106,32,108
1778521705.918507,1,1215,0,576,107,37,125
1778521705.9327338,2,658,0,540,107,32,104
1778521705.9356842,1,1216,50,577,106,37,133
1778521705.9495041,2,658,0,540,106,32,107
1778521705.9522493,1,1215,50,580,106,37,130
1778521705.9667745,2,658,0,540,106,32,107
1778521705.9701295,1,1215,-50,575,107,37,126
1778521705.9842753,2,658,0,540,107,32,105
1778521705.9872708,1,1215,0,576,106,37,128
1778521706.0015714,2,658,0,540,106,32,108
1778521706.005179,1,1215,0,576,106,37,128
1778521706.0194144,2,658,0,540,106,32,129
1778521706.022367,1,1215,0,576,107,37,131
1778521706.0366805,2,658,0,540,107,32,109
1778521706.0406342,1,1215,0,576,106,37,125
1778521706.0546968,2,658,0,540,107,32,108
1778521706.0577395,1,1215,0,576,106,37,129
1778521706.072195,2,658,0,540,106,32,108
1778521706.0755126,1,1215,0,576,106,37,128
1778521706.0895572,2,658,0,540,107,32,115
1778521706.0923722,1,1215,0,576,107,37,128
1778521706.1068885,2,658,0,540,107,32,112
1778521706.1102731,1,1215,0,576,106,37,125
1778521706.1241696,2,658,0,540,107,32,105
1778521706.1269295,1,1215,0,576,106,37,127
1778521706.1412957,2,657,0,540,106,32,104
1778521706.14531,1,1215,0,576,106,37,130
1778521706.159258,2,658,0,540,106,32,113
1778521706.16248,1,1215,0,576,106,37,123
1778521706.177139,2,658,0,540,107,32,109
1778521706.1803293,1,1215,0,576,107,37,122
1778521706.1942635,2,658,0,540,107,32,105
1778521706.197297,1,1215,0,576,106,37,123
1778521706.2117321,2,658,0,540,106,32,114
1778521706.2151997,1,1215,0,576,106,36,129
1778521706.229186,2,658,0,540,106,32,116
1778521706.2319016,1,1215,0,576,107,37,123
1778521706.2463863,2,658,0,540,107,32,109
1778521706.2502992,1,1215,0,576,107,37,128
1778521706.2643774,2,658,0,540,107,32,109
1778521706.2671945,1,1215,0,576,106,37,128
1778521706.2815745,2,658,0,540,106,32,113
1778521706.2855604,1,1215,0,576,106,37,123
1778521706.2994485,2,658,0,540,106,32,110
1778521706.3029687,1,1215,0,576,107,37,124
1778521706.317465,2,658,-50,541,107,32,108
1778521706.3204587,1,1215,0,576,106,37,129
1778521706.3343208,2,658,50,542,107,32,113
1778521706.33722,1,1215,0,576,107,37,128
1778521706.3517115,2,658,50,539,107,32,107
1778521706.3550384,1,1215,0,576,106,37,125
1778521706.3689573,2,658,0,540,106,32,110
1778521706.3718143,1,1215,0,576,106,37,124
1778521706.3860507,2,658,-50,543,106,32,110
1778521706.3895757,1,1215,0,576,107,37,127
1778521706.4035966,2,658,50,540,107,32,107
1778521706.4064991,1,1215,0,576,107,37,127
1778521706.4213157,2,658,0,540,107,32,112
1778521706.4255264,1,1215,0,576,106,37,130
1778521706.4394848,2,658,0,540,106,32,110
1778521706.4427497,1,1215,0,576,106,37,122
1778521706.457419,2,658,-50,541,106,32,109
1778521706.4607038,1,1215,0,576,107,37,144
1778521706.4747872,2,658,50,542,107,32,105
1778521706.4778585,1,1215,0,576,107,37,127
1778521706.4922109,2,658,50,539,107,32,107
1778521706.4954753,1,1215,0,576,106,37,128
1778521706.5094783,2,658,0,540,107,32,108
1778521706.5122256,1,1215,0,576,106,37,122
1778521706.5265148,2,658,0,540,106,32,110
1778521706.5300386,1,1215,0,576,106,37,128
1778521706.5440967,2,658,0,540,106,32,106
1778521706.5469608,1,1215,0,576,107,36,131
1778521706.5615902,2,658,0,540,107,32,110
1778521706.56555,1,1215,50,579,106,37,130
1778521706.5794928,2,658,0,540,107,32,106
1778521706.5829186,1,1215,-50,576,106,37,124
1778521706.5974076,2,658,0,540,106,32,104
1778521706.6006613,1,1215,0,576,106,37,129
1778521706.6145554,2,658,0,540,106,32,106
1778521706.6176145,1,1215,0,576,107,37,128
1778521706.6322157,2,658,0,540,107,32,113
1778521706.6354196,1,1215,0,576,107,37,123
1778521706.6493802,2,658,0,540,107,32,107
1778521706.6521728,1,1215,0,576,106,37,124
1778521706.666491,2,658,0,540,106,32,112
1778521706.6700315,1,1215,0,576,106,37,122
1778521706.6841066,2,658,0,540,106,32,112
1778521706.6868515,1,1215,0,576,106,36,122
1778521706.70149,2,658,0,540,106,32,113
1778521706.7055788,1,1215,0,576,107,37,131
1778521706.7194624,2,658,0,540,107,32,104
1778521706.7228603,1,1215,0,576,106,37,130
1778521706.7372773,2,658,0,540,107,32,110
1778521706.7402356,1,1215,0,576,106,37,122
1778521706.7540414,2,658,0,540,106,32,106
1778521706.756885,1,1216,0,576,106,37,122
1778521706.771318,2,658,0,540,106,32,107
1778521706.7747486,1,1215,0,576,107,37,123
1778521706.7886775,2,658,-50,544,107,32,107
1778521706.7914774,1,1215,0,576,106,37,128
1778521706.8060353,2,657,50,540,107,32,110
1778521706.8100421,1,1216,0,576,106,37,128
1778521706.823975,2,657,0,540,106,32,110
1778521706.8279154,1,1215,0,576,106,37,124
1778521706.842351,2,658,0,540,106,32,112
1778521706.8453143,1,1215,0,576,107,37,127
1778521706.8592675,2,657,0,540,107,32,104
1778521706.8626137,1,1215,50,579,106,37,125
1778521706.8772814,2,658,0,540,106,32,107
1778521706.8804452,1,1215,-50,577,106,37,126
1778521706.8944023,2,657,-50,541,106,32,104
1778521706.8974926,1,1215,0,576,106,37,129
1778521706.9121006,2,658,-50,542,107,32,106
1778521706.915481,1,1215,0,576,107,37,128
1778521706.9294963,2,658,50,539,107,32,109
1778521706.9322772,1,1215,0,576,106,37,122
1778521706.946865,2,658,0,540,106,32,112
1778521706.9505131,1,1215,0,576,106,37,122
1778521706.9645884,2,658,0,540,106,32,107
1778521706.9674413,1,1215,0,576,107,37,128
1778521706.9816842,2,658,0,540,106,32,105
1778521706.985309,1,1215,0,576,107,37,124
1778521706.9992013,2,658,0,540,107,32,104
1778521707.0024173,1,1215,0,576,107,37,122
1778521707.0170162,2,658,0,540,107,32,107
1778521707.020222,1,1215,0,576,106,37,122
1778521707.0341651,2,658,0,540,106,32,113
1778521707.0370798,1,1215,0,576,106,37,128
1778521707.0515876,2,658,0,541,106,32,112
1778521707.0549524,1,1215,0,576,107,37,127
1778521707.069009,2,658,-50,544,107,32,113
1778521707.0729785,1,1215,0,576,106,37,129
1778521707.0872223,2,658,50,539,106,32,104
1778521707.090183,1,1215,0,576,106,37,125
1778521707.1048665,2,658,0,540,106,32,106
1778521707.1090639,1,1215,0,576,106,36,130
1778521707.1231987,2,658,-50,543,106,32,107
1778521707.1264307,1,1215,0,576,107,37,127
1778521707.1410222,2,657,50,541,107,32,110
1778521707.1442153,1,1215,0,576,106,37,124
1778521707.1581988,2,658,0,540,106,32,103
1778521707.1611652,1,1215,0,576,106,37,125
1778521707.1757002,2,658,0,540,106,32,105
1778521707.1790094,1,1215,0,576,107,37,126
1778521707.1933038,2,658,0,540,107,32,110
1778521707.1964135,1,1216,0,576,106,37,126
1778521707.2108831,2,658,0,540,106,32,106
1778521707.2142413,1,1215,0,576,106,37,130
1778521707.2284584,2,658,0,540,106,32,108
1778521707.2315505,1,1215,0,576,107,37,130
1778521707.2459302,2,657,0,540,107,32,110
1778521707.249641,1,1215,0,576,107,37,124
1778521707.263711,2,657,0,540,107,32,103
1778521707.2666104,1,1215,0,576,106,37,124
1778521707.28109,2,658,0,540,106,32,107
1778521707.2849822,1,1215,0,576,107,37,126
1778521707.2990355,2,658,0,540,107,32,112
1778521707.3021348,1,1216,0,576,106,37,122
1778521707.3167276,2,658,0,540,106,32,106
1778521707.3199832,1,1215,0,576,106,37,140
1778521707.3339534,2,658,0,540,106,32,105
1778521707.3368313,1,1215,0,576,106,37,122
1778521707.351317,2,658,0,540,107,32,103
1778521707.3547363,1,1215,0,576,107,37,130
1778521707.3688538,2,658,0,540,107,32,105
1778521707.371933,1,1215,0,576,106,37,130
1778521707.3863685,2,658,0,540,106,32,105
1778521707.39003,1,1215,0,576,106,37,122
1778521707.4043884,2,658,0,540,106,32,105
1778521707.4075074,1,1215,0,576,106,37,124
1778521707.4217892,2,658,0,540,106,32,103
1778521707.4253519,1,1215,0,576,107,37,123
1778521707.4399257,2,658,0,540,107,32,109
1778521707.4429178,1,1215,0,576,106,37,123
1778521707.456735,2,657,0,540,106,32,117
1778521707.4595702,1,1215,0,576,106,37,128
1778521707.473891,2,658,0,540,107,32,108
1778521707.4774618,1,1215,0,576,107,37,131
1778521707.491483,2,658,0,540,107,32,106
1778521707.4942575,1,1215,0,576,106,37,122
1778521707.508883,2,657,0,540,107,32,107
1778521707.513023,1,1215,0,576,106,37,125
1778521707.5270894,2,658,0,540,106,32,106
1778521707.5301409,1,1215,0,576,106,37,127
1778521707.5446641,2,658,0,540,106,32,110
1778521707.5479329,1,1215,0,576,107,37,134
1778521707.5619872,2,658,-50,543,107,32,112
1778521707.564905,1,1215,0,576,106,37,126
1778521707.5794408,2,658,0,544,106,32,106
1778521707.5828454,1,1215,0,576,106,37,129
1778521707.5969908,2,658,50,541,106,32,104
1778521707.5998986,1,1215,0,576,107,37,124
1778521707.6137238,2,658,0,540,107,32,103
1778521707.61657,1,1215,50,579,106,37,128
1778521707.631055,2,658,0,540,107,32,108
1778521707.6344008,1,1215,-50,577,106,37,123
1778521707.6483722,2,658,0,540,106,32,104
1778521707.6511893,1,1215,0,576,107,37,126
1778521707.6656063,2,658,0,540,107,32,107
1778521707.6695092,1,1216,50,577,107,37,127
1778521707.6834552,2,658,0,540,107,32,105
1778521707.6867898,1,1215,50,581,106,37,129
1778521707.701372,2,658,0,540,106,32,108
1778521707.7045908,1,1215,0,580,106,37,129
1778521707.7185383,2,658,0,540,107,32,108
1778521707.7216253,1,1215,-50,576,107,37,122
1778521707.7361357,2,658,0,540,107,32,110
1778521707.7393744,1,1215,0,576,106,37,128
1778521707.7532935,2,658,0,540,106,32,106
1778521707.756088,1,1215,50,579,106,37,129
1778521707.7703006,2,658,0,540,107,32,123
1778521707.7738545,1,1215,0,580,107,37,124
1778521707.7884266,2,658,0,540,107,32,107
1778521707.7914283,1,1215,-50,578,106,37,125
1778521707.8053398,2,658,0,540,106,32,105
1778521707.808328,1,1215,0,576,107,37,131
1778521707.8227024,2,658,0,540,107,32,106
1778521707.8258903,1,1215,0,576,106,37,125
1778521707.8401966,2,658,-50,543,106,32,105
1778521707.844368,1,1215,0,576,106,37,128
1778521707.8584976,2,658,50,540,107,32,108
1778521707.861442,1,1215,0,576,107,37,124
1778521707.8759196,2,658,0,540,108,32,104
1778521707.8792522,1,1216,0,576,106,37,124
1778521707.893291,2,658,-50,542,106,32,105
1778521707.896097,1,1215,0,576,107,37,129
1778521707.9104366,2,657,50,542,107,32,112
1778521707.9140186,1,1215,0,576,106,37,125
1778521707.9286206,2,658,50,540,107,32,115
1778521707.9315326,1,1215,0,576,106,37,126
1778521707.9457338,2,658,0,540,106,32,109
1778521707.9487097,1,1215,0,576,107,37,123
1778521707.9631624,2,658,0,540,107,32,111
1778521707.9664395,1,1215,0,576,106,37,126
1778521707.9807024,2,658,0,540,106,32,106
1778521707.9836636,1,1215,0,576,106,37,126
1778521707.9975212,2,658,-50,543,106,32,109
1778521708.0002956,1,1215,50,580,106,37,125
1778521708.014824,2,658,50,541,107,32,107
1778521708.018426,1,1215,-50,576,106,37,126
1778521708.032555,2,658,0,540,106,32,109
1778521708.0353887,1,1215,50,579,107,37,131
1778521708.0496163,2,658,0,540,107,32,107
1778521708.0529172,1,1215,-50,577,107,37,131
1778521708.066844,2,658,0,540,108,32,106
1778521708.069901,1,1215,0,576,106,37,130
1778521708.0846653,2,657,0,540,106,32,105
1778521708.0878456,1,1216,0,576,107,37,129
1778521708.101821,2,658,0,540,107,32,103
1778521708.104834,1,1215,0,576,107,37,124
1778521708.1193182,2,658,0,540,106,32,107
1778521708.1226852,1,1216,0,576,106,37,124
1778521708.1369355,2,658,0,540,106,32,109
1778521708.1399,1,1216,0,576,107,37,123
1778521708.1542213,2,658,0,540,107,32,104
1778521708.1578555,1,1215,0,576,107,37,124
1778521708.1718311,2,657,0,540,106,32,106
1778521708.1745923,1,1215,0,576,106,37,124
1778521708.1894403,2,658,0,540,106,32,109
1778521708.193542,1,1215,0,576,107,37,123
1778521708.207476,2,658,-50,541,107,32,115
1778521708.210882,1,1215,0,576,107,37,130
1778521708.2253976,2,658,-50,544,106,32,106
1778521708.2283614,1,1215,0,576,106,37,121
1778521708.2422352,2,658,50,539,106,32,105
1778521708.2451425,1,1215,0,576,107,37,123
1778521708.259686,2,658,0,540,107,32,106
1778521708.2629433,1,1215,0,576,107,37,122
1778521708.2768466,2,658,0,540,107,32,123
1778521708.279555,1,1215,0,576,106,37,125
1778521708.2938712,2,658,0,540,106,32,110
1778521708.2974982,1,1215,0,576,107,37,129
1778521708.3121,2,658,0,540,107,32,109
1778521708.3150306,1,1215,0,576,106,37,122
1778521708.329096,2,658,0,540,106,32,105
1778521708.332032,1,1215,0,576,106,37,126
1778521708.3465188,2,658,0,540,107,32,107
1778521708.3500757,1,1215,0,576,107,37,126
1778521708.3641438,2,658,0,540,107,32,105
1778521708.3670008,1,1215,0,576,106,37,128
1778521708.381491,2,658,0,540,106,32,104
1778521708.3855515,1,1215,0,576,107,37,126
1778521708.3995671,2,657,0,540,107,32,104
1778521708.4029033,1,1215,0,576,106,37,125
1778521708.417297,2,657,0,540,106,32,110
1778521708.4202793,1,1215,0,576,106,37,123
1778521708.4342778,2,658,0,540,107,32,105
1778521708.437222,1,1215,0,576,107,37,125
1778521708.4511006,2,658,0,540,106,32,109
1778521708.4541743,1,1215,0,576,107,37,125
1778521708.4687252,2,658,0,540,107,33,108
1778521708.4718983,1,1215,0,576,106,37,124
1778521708.485884,2,658,0,540,106,32,108
1778521708.4888396,1,1215,0,576,107,37,121
1778521708.5034964,2,658,0,540,107,32,110
1778521708.506832,1,1216,50,577,106,37,123
1778521708.5208151,2,658,0,540,106,32,108
1778521708.5236585,1,1215,50,578,106,37,130
1778521708.5380337,2,658,-50,543,107,32,106
1778521708.541564,1,1215,-50,575,107,37,123
1778521708.5556207,2,658,50,541,106,32,106
1778521708.5584345,1,1216,0,576,106,37,122
1778521708.5728233,2,658,0,540,106,32,104
1778521708.5762327,1,1215,0,576,106,37,123
1778521708.590229,2,658,0,540,107,32,110
1778521708.593107,1,1215,0,576,107,37,128
1778521708.607557,2,658,0,540,108,32,105
1778521708.6108499,1,1215,0,576,106,37,125
1778521708.6251197,2,658,0,540,106,32,103
1778521708.6282024,1,1215,0,576,106,37,137
1778521708.642569,2,658,0,540,107,32,103
1778521708.6461408,1,1215,0,576,106,37,125
1778521708.6602955,2,658,0,540,106,32,103
1778521708.6631105,1,1215,0,576,106,37,124
1778521708.6776693,2,658,0,540,106,32,110
1778521708.6815841,1,1215,0,576,107,37,123
1778521708.6954176,2,658,0,540,107,32,103
1778521708.6987615,1,1215,0,576,106,37,129
1778521708.7133286,2,658,-50,542,106,32,105
1778521708.7164884,1,1215,0,576,106,37,128
1778521708.7304513,2,658,50,541,107,32,106
1778521708.7335014,1,1215,0,576,107,37,128
1778521708.748086,2,658,0,540,106,32,107
1778521708.7514994,1,1215,0,576,106,37,130
1778521708.7655087,2,658,0,540,106,32,106
1778521708.768286,1,1216,0,576,107,37,129
1778521708.7828636,2,658,0,540,107,33,110
1778521708.7865217,1,1215,0,576,106,37,125
1778521708.8008442,2,658,0,540,106,32,102
1778521708.803886,1,1215,0,576,106,37,125
1778521708.8183944,2,658,0,540,107,33,105
1778521708.822,1,1216,0,576,107,37,125
1778521708.836082,2,658,0,540,106,32,108
1778521708.8389196,1,1215,0,576,106,37,126
1778521708.8534272,2,658,0,540,106,33,106
1778521708.8575025,1,1215,0,576,107,37,124
1778521708.871452,2,658,0,540,107,33,110
1778521708.8742423,1,1215,0,576,106,37,139
1778521708.8888483,2,658,-50,541,106,32,105
1778521708.8922794,1,1215,0,576,106,37,124
1778521708.9064415,2,657,0,544,107,33,109
1778521708.9094064,1,1215,0,576,106,37,130
1778521708.9240453,2,658,0,544,106,32,105
1778521708.927445,1,1215,0,576,106,37,127
1778521708.941311,2,658,50,539,106,32,102
1778521708.94406,1,1215,0,576,107,37,125
1778521708.958378,2,657,-50,543,107,32,107
1778521708.9619496,1,1215,0,576,106,37,128
1778521708.9759223,2,658,0,544,106,33,106
1778521708.9786756,1,1215,0,576,106,37,128
1778521708.9933379,2,658,50,541,107,32,110
1778521708.9972541,1,1215,0,576,107,37,123
1778521709.0111287,2,658,-50,542,106,32,110
1778521709.0141776,1,1215,0,576,106,37,126
1778521709.028573,2,658,50,542,106,32,104
1778521709.0317357,1,1215,0,576,107,37,124
1778521709.0458844,2,658,0,540,108,32,108
1778521709.0497198,1,1215,0,576,106,37,127
1778521709.0642648,2,658,0,540,106,32,105
1778521709.067577,1,1215,0,576,107,37,129
1778521709.0817056,2,657,0,540,107,32,103
1778521709.0845437,1,1215,0,576,106,37,121
1778521709.099034,2,658,0,540,107,32,104
1778521709.1025753,1,1215,0,576,106,37,122
1778521709.1169279,2,658,0,540,106,32,106
1778521709.1199284,1,1215,0,576,107,37,127
1778521709.1339324,2,658,0,540,107,32,112
1778521709.1369584,1,1215,0,576,106,37,126
1778521709.1519163,2,658,0,540,106,33,102
1778521709.155312,1,1216,0,576,107,37,126
1778521709.1692798,2,658,0,540,107,33,103
1778521709.1720834,1,1215,0,576,106,37,121
1778521709.186419,2,658,0,540,106,32,107
1778521709.1899729,1,1215,0,576,106,37,127
1778521709.2042723,2,658,0,540,107,32,107
1778521709.2073023,1,1215,0,576,107,37,126
1778521709.2216887,2,657,0,540,107,32,108
1778521709.2254107,1,1215,0,576,106,37,129
1778521709.2393222,2,657,0,540,106,33,105
1778521709.2423391,1,1215,0,576,107,37,125
1778521709.2568605,2,658,0,540,107,32,112
1778521709.2602088,1,1215,0,576,106,37,126
1778521709.2742453,2,658,0,540,106,32,107
1778521709.2771297,1,1215,0,576,106,37,125
1778521709.2915971,2,658,0,540,107,33,107
1778521709.2948747,1,1215,50,580,107,37,139
1778521709.308773,2,657,0,540,107,33,107
1778521709.3118799,1,1215,-50,576,106,37,125
1778521709.3263407,2,658,0,540,106,33,105
1778521709.3295748,1,1215,0,576,107,37,121
1778521709.3439891,2,658,0,540,107,33,107
1778521709.3482375,1,1215,0,576,106,37,122
1778521709.3623855,2,658,0,540,106,32,107
1778521709.3654041,1,1215,0,576,106,37,124
1778521709.3798985,2,658,0,540,107,32,109
1778521709.3833306,1,1215,50,577,107,37,128
1778521709.3972063,2,658,-50,544,106,33,109
1778521709.399961,1,1215,50,578,105,37,124
1778521709.414267,2,657,50,540,106,33,104
1778521709.4178553,1,1215,-50,575,106,37,121
1778521709.4319282,2,657,0,540,107,32,107
1778521709.434742,1,1215,0,576,107,37,122
1778521709.44939,2,658,0,540,107,32,105
1778521709.4533045,1,1215,0,576,106,37,123
1778521709.4672997,2,658,0,540,106,32,106
1778521709.4705086,1,1215,0,576,107,37,129
1778521709.4851878,2,658,0,540,107,33,114
1778521709.4883633,1,1215,0,576,106,37,130
1778521709.502391,2,657,0,540,106,33,103
1778521709.5053847,1,1215,0,576,107,37,125
1778521709.5198445,2,658,0,540,107,33,109
1778521709.523123,1,1215,0,576,107,37,124
1778521709.5370808,2,657,0,540,107,33,113
1778521709.5399468,1,1215,0,576,106,37,123
1778521709.554423,2,658,0,540,106,33,108
1778521709.5578673,1,1215,0,576,106,37,121
1778521709.5720172,2,658,0,540,107,33,107
1778521709.5750973,1,1215,0,576,107,37,123
1778521709.5895793,2,658,0,540,107,33,103
1778521709.5934985,1,1215,0,576,106,37,120
1778521709.6076052,2,658,0,540,106,33,104
1778521709.6111054,1,1216,50,579,106,37,125
1778521709.6254559,2,658,0,540,107,33,108
1778521709.6284435,1,1215,-50,577,107,37,127
1778521709.6422756,2,657,0,541,106,33,109
1778521709.6452134,1,1215,0,576,106,37,125
1778521709.6596928,2,658,-50,544,107,33,113
1778521709.6630247,1,1215,0,576,107,37,124
1778521709.6772454,2,657,50,539,107,33,102
1778521709.680226,1,1215,0,576,106,37,128
1778521709.6945662,2,658,0,540,106,33,109
1778521709.6981199,1,1215,0,576,106,37,124
1778521709.712174,2,658,-50,543,107,33,106
1778521709.7149396,1,1215,0,576,107,37,127
1778521709.7296228,2,658,50,541,106,33,105
1778521709.7338407,1,1215,0,576,106,37,125
1778521709.7479315,2,658,0,540,106,33,107
1778521709.7512474,1,1215,0,576,107,37,126
1778521709.7656238,2,657,0,540,107,33,118
1778521709.7686226,1,1215,0,576,106,37,131
1778521709.782483,2,658,0,540,106,33,104
1778521709.7854738,1,1215,0,576,106,37,125
1778521709.7999225,2,658,0,540,106,33,105
1778521709.8034155,1,1215,0,576,107,37,125
1778521709.8175893,2,658,0,540,107,33,108
1778521709.82045,1,1215,0,576,107,37,128
1778521709.8350978,2,658,-50,543,106,33,109
1778521709.8386905,1,1215,0,576,106,37,125
1778521709.8526952,2,658,50,540,106,32,102
1778521709.8555691,1,1215,0,576,107,37,126
1778521709.870123,2,658,0,540,107,33,105
1778521709.8737533,1,1216,0,576,107,37,125
1778521709.8883579,2,658,0,540,106,33,103
1778521709.8916466,1,1215,0,576,106,37,120
1778521709.9055865,2,658,0,540,106,33,104
1778521709.908385,1,1215,0,576,107,36,125
1778521709.9227293,2,658,0,540,107,33,106
1778521709.9263647,1,1215,0,576,107,37,122
1778521709.9404676,2,657,0,540,106,33,113
1778521709.9433212,1,1215,0,576,106,37,128
1778521709.9578133,2,657,0,540,107,33,106
1778521709.9617932,1,1216,0,576,106,37,126
1778521709.9757862,2,658,0,540,107,33,108
1778521709.979228,1,1215,0,576,107,37,128
1778521709.9936392,2,658,0,540,108,33,103
1778521709.9966598,1,1215,0,576,106,37,122
1778521710.0105884,2,657,-50,543,106,33,110
1778521710.013455,1,1215,0,576,106,37,122
1778521710.0279763,2,658,50,541,106,33,109
1778521710.031398,1,1215,0,576,107,37,127
1778521710.0454993,2,658,0,540,107,33,108
1778521710.0483541,1,1215,0,576,106,37,127
1778521710.0628617,2,658,0,540,106,33,104
1778521710.066244,1,1216,0,576,106,37,128
1778521710.0803015,2,658,0,540,106,33,109
1778521710.0831313,1,1215,0,576,107,37,129
1778521710.09762,2,658,0,540,108,33,108
1778521710.1014087,1,1215,0,576,106,37,121
1778521710.1153197,2,657,0,540,106,32,102
1778521710.1186192,1,1215,0,576,106,37,126
1778521710.1334019,2,657,0,540,107,32,104
1778521710.1367214,1,1215,0,576,107,37,128
1778521710.1504676,2,658,0,540,107,33,105
1778521710.153342,1,1215,0,576,106,38,128
1778521710.1679616,2,658,0,540,106,33,104
1778521710.171225,1,1215,0,576,107,37,126
1778521710.1850934,2,658,0,540,107,33,105
1778521710.1878915,1,1216,50,579,106,37,122
1778521710.2023184,2,658,0,540,107,33,104
1778521710.2059686,1,1215,-50,577,106,37,126
1778521710.2203789,2,658,0,540,106,33,106
1778521710.2236822,1,1215,0,576,107,37,123
1778521710.2385385,2,658,0,540,107,33,106
1778521710.241971,1,1215,0,576,106,37,123
1778521710.2559142,2,657,0,540,106,33,102
1778521710.2587352,1,1215,0,576,106,37,128
1778521710.2735538,2,658,-50,543,107,33,109
1778521710.2775407,1,1215,0,576,107,37,127
1778521710.291494,2,658,50,540,107,33,102
1778521710.2946742,1,1216,0,576,106,37,120
1778521710.3094492,2,658,0,540,106,33,107
1778521710.3127403,1,1216,0,576,107,37,125
1778521710.326663,2,657,-50,542,107,33,111
1778521710.3297405,1,1215,0,576,106,37,122
1778521710.3442347,2,658,0,544,106,33,104
1778521710.3474464,1,1215,0,576,106,37,121
1778521710.3615181,2,658,50,542,107,33,105
1778521710.3643007,1,1216,0,576,106,37,121
1778521710.3787823,2,658,50,539,106,33,103
1778521710.3823955,1,1216,0,576,106,37,126
1778521710.3964763,2,658,0,540,106,33,105
1778521710.3995023,1,1215,50,578,107,37,126
1778521710.414025,2,658,0,540,107,33,104
1778521710.417626,1,1215,-50,578,106,37,123
1778521710.432218,2,657,0,540,106,33,113
1778521710.4351106,1,1215,-50,576,107,37,140
1778521710.4488888,2,658,0,540,107,33,108
1778521710.45169,1,1215,0,576,107,37,127
1778521710.4660232,2,658,0,540,107,33,102
1778521710.4696548,1,1215,0,576,106,37,126
1778521710.4843466,2,658,0,540,106,33,108
1778521710.487328,1,1216,0,576,107,37,120
1778521710.5011547,2,658,0,540,107,33,108
1778521710.503919,1,1215,0,576,106,37,125
1778521710.5183206,2,658,0,540,106,33,105
1778521710.5220494,1,1215,0,576,106,37,120
1778521710.536057,2,658,0,540,108,33,102
1778521710.538962,1,1215,0,576,107,37,130
1778521710.5534043,2,658,0,540,106,33,106
1778521710.5573516,1,1215,0,576,106,37,126
1778521710.571302,2,658,0,540,106,33,102
1778521710.5742514,1,1215,0,576,107,37,125
1778521710.588782,2,658,0,540,107,33,107
1778521710.591953,1,1215,0,576,106,37,121
1778521710.605974,2,657,0,540,107,33,101
1778521710.6088138,1,1215,0,576,106,37,126
1778521710.623235,2,658,0,540,107,33,101
1778521710.6265507,1,1215,0,576,107,37,121
1778521710.6405356,2,658,0,540,107,33,105
1778521710.643431,1,1215,0,576,106,37,124
1778521710.6580508,2,657,0,540,106,33,107
1778521710.6615942,1,1215,0,576,107,37,128
1778521710.675463,2,658,0,540,107,33,106
1778521710.6789007,1,1215,0,576,107,37,128
1778521710.6933343,2,658,0,540,106,33,109
1778521710.6962383,1,1215,0,576,106,37,126
1778521710.710105,2,658,0,540,106,32,102
1778521710.7129943,1,1216,0,576,107,37,129
1778521710.7275949,2,658,0,540,107,33,110
1778521710.7308607,1,1215,0,576,107,37,123
1778521710.7451096,2,658,-50,542,106,33,103
1778521710.748001,1,1215,0,576,106,37,126
1778521710.7619154,2,658,50,542,107,33,103
1778521710.764832,1,1215,0,576,107,37,126
1778521710.7792974,2,658,0,540,107,33,102
1778521710.782567,1,1215,0,576,106,37,129
1778521710.796843,2,658,0,540,106,33,106
1778521710.7998316,1,1215,0,576,106,37,123
1778521710.8144996,2,658,0,540,106,33,103
1778521710.8180535,1,1215,0,576,107,37,126
1778521710.8324769,2,658,0,540,108,33,101
1778521710.8354578,1,1215,50,577,106,37,119
1778521710.8494031,2,658,-50,543,106,33,103
1778521710.8522284,1,1215,50,581,107,37,120
1778521710.8666081,2,658,50,541,107,33,107
1778521710.87018,1,1215,-50,575,107,37,127
1778521710.8841887,2,658,0,540,107,33,107
1778521710.8869793,1,1215,0,576,106,37,125
1778521710.9012752,2,658,0,540,106,33,104
1778521710.9049077,1,1216,0,576,106,37,125
1778521710.9191046,2,658,0,540,107,33,106
1778521710.9220884,1,1216,0,576,107,37,126
1778521710.9367177,2,658,0,540,107,33,105
1778521710.940658,1,1215,50,578,106,37,121
1778521710.9545097,2,658,0,540,107,33,103
1778521710.9574914,1,1216,-50,578,106,37,129
1778521710.9718697,2,658,0,540,106,33,105
1778521710.9751713,1,1215,0,576,107,37,119
1778521710.9891753,2,658,0,540,107,33,112
1778521710.9920056,1,1215,0,576,107,37,130
1778521711.006463,2,657,0,540,106,33,110
1778521711.0099936,1,1215,0,576,106,37,121
1778521711.0239613,2,657,-50,542,106,33,105
1778521711.0267608,1,1215,0,576,107,37,122
1778521711.0414667,2,657,50,542,107,33,105
1778521711.0454144,1,1215,0,576,107,37,125
1778521711.0595448,2,657,-50,541,108,33,107
1778521711.0629225,1,1215,0,576,106,37,124
1778521711.0773542,2,658,50,542,106,33,106
1778521711.080317,1,1215,0,576,107,37,126
1778521711.0942678,2,658,50,539,107,33,106
1778521711.0973,1,1215,50,578,107,37,126
1778521711.1121874,2,658,-50,544,107,33,105
1778521711.1155658,1,1216,0,580,106,37,131
1778521711.1296737,2,658,50,538,106,33,101
1778521711.1323438,1,1215,-50,578,106,37,130
1778521711.1471279,2,658,0,532,106,33,103
1778521711.1507404,1,1215,-50,575,107,37,128
1778521711.165569,2,657,0,517,108,33,97
1778521711.1688232,1,1215,0,576,107,37,128
1778521711.1836438,2,658,0,495,108,33,90
1778521711.1869657,1,1215,0,576,107,37,130
1778521711.2009811,2,658,0,469,108,33,74
1778521711.2037897,1,1215,50,579,108,37,123
1778521711.2181294,2,658,0,438,108,33,67
1778521711.221774,1,1215,-50,577,109,37,121
1778521711.2357972,2,658,0,399,110,33,55
1778521711.2385857,1,1215,0,576,109,37,127
1778521711.252988,2,658,0,355,110,33,44
1778521711.2569857,1,1216,0,576,109,37,132
1778521711.2710035,2,658,0,300,112,33,33
1778521711.2741098,1,1215,0,576,111,37,130
1778521711.288712,2,657,0,244,112,33,19
1778521711.2918823,1,1215,0,576,112,37,135
1778521711.3060122,2,657,-50,183,112,33,12
1778521711.3090796,1,1216,0,576,112,37,134
1778521711.3233728,2,656,0,116,112,33,6
1778521711.3265688,1,1215,0,576,112,37,125
1778521711.3409996,2,654,-100,46,114,33,1
1778521711.3450212,1,1215,50,579,113,37,136
1778521711.359022,2,649,-250,61,113,33,0
1778521711.3621292,1,1215,-50,576,113,37,135
1778521711.376667,2,642,-450,121,113,33,0
1778521711.379876,1,1213,-50,573,109,37,219
1778521711.393887,2,631,-450,175,116,33,0
1778521711.3967285,1,1208,-200,562,115,38,106
1778521711.4112146,2,619,-600,213,113,33,0
1778521711.4144332,1,1198,-550,536,116,37,75
1778521711.428738,2,605,-700,249,116,33,0
1778521711.4318469,1,1185,-700,492,117,37,62
1778521711.4465618,2,589,-850,269,116,33,0
1778521711.4502072,1,1171,-700,442,118,37,46
1778521711.464483,2,569,-1050,273,116,33,0
1778521711.4673913,1,1157,-800,382,119,37,31
1778521711.4816036,2,552,-1000,268,118,33,0
1778521711.4852588,1,1145,-750,332,120,37,20
1778521711.4992158,2,534,-950,261,120,33,0
1778521711.502448,1,1133,-750,281,118,37,37
1778521711.517105,2,522,-800,253,121,33,2
1778521711.5203524,1,1121,-650,233,121,38,9
1778521711.5343132,2,509,-800,247,121,33,2
1778521711.5373447,1,1112,-550,191,119,37,28
1778521711.5518355,2,496,-750,238,120,33,4
1778521711.5551975,1,1104,-500,156,120,37,5
1778521711.5698202,2,484,-750,221,121,33,3
1778521711.5741181,1,1097,-400,121,121,37,3
1778521711.5881493,2,472,-650,204,121,33,3
1778521711.5915449,1,1092,-250,97,121,37,8
1778521711.6057763,2,462,-600,186,121,33,3
1778521711.6087816,1,1089,-250,80,121,37,2
1778521711.6225562,2,452,-550,165,121,33,2
1778521711.6255696,1,1087,-200,67,122,37,1
1778521711.640158,2,444,-500,139,121,33,2
1778521711.6434126,1,1086,-50,64,121,37,2
1778521711.6573324,2,438,-400,114,121,33,2
1778521711.660221,1,1086,-50,60,121,37,1
1778521711.6747391,2,433,-400,87,121,33,1
1778521711.6783454,1,1086,0,60,122,37,2
1778521711.6927454,2,429,-250,71,121,33,1
1778521711.6956167,1,1085,-50,57,122,37,2
1778521711.7094574,2,427,-200,58,121,33,1
1778521711.7122424,1,1086,0,56,122,37,2
1778521711.7268503,2,426,-100,52,121,33,1
1778521711.7304993,1,1085,0,56,122,37,2
1778521711.744575,2,426,-50,48,122,33,1
1778521711.747341,1,1085,0,56,121,37,2
1778521711.761715,2,426,0,47,121,33,1
1778521711.7653463,1,1085,0,56,122,37,1
1778521711.77926,2,426,0,47,121,33,1
1778521711.7822356,1,1085,0,56,122,37,1
1778521711.7967856,2,426,0,47,121,33,1
1778521711.7999578,1,1085,0,56,122,37,2
1778521711.8140993,2,426,0,47,121,33,1
1778521711.816974,1,1085,0,56,121,37,1
1778521711.8314931,2,426,0,47,121,33,1
1778521711.8348455,1,1085,0,56,121,38,2
1778521711.849017,2,426,0,47,121,33,1
1778521711.8520262,1,1085,0,56,121,37,2
1778521711.8667006,2,426,0,47,121,33,0
1778521711.8703082,1,1085,0,56,121,37,2
1778521711.8843443,2,426,0,47,121,33,1
1778521711.8870995,1,1085,0,56,122,37,1
1778521711.9019175,2,426,0,47,121,33,1
1778521711.9059284,1,1085,0,56,122,37,2
1778521711.9198165,2,426,0,47,121,33,1
1778521711.9232655,1,1085,0,56,121,37,1
1778521711.9381642,2,426,0,47,121,33,1
1778521711.941396,1,1085,0,56,122,37,2
1778521711.9557629,2,426,0,47,121,33,1
1778521711.958924,1,1085,0,56,122,37,2
1778521711.9730368,2,426,0,47,122,33,1
1778521711.9760227,1,1085,0,56,121,37,2
1778521711.990013,2,426,0,47,121,33,1
1778521711.9929655,1,1085,0,56,121,37,1
1778521712.0075178,2,426,0,47,121,33,1
1778521712.0110085,1,1085,0,56,122,37,2
1778521712.025264,2,426,0,47,121,33,1
1778521712.0281847,1,1085,0,56,122,38,2
1778521712.0420315,2,426,0,47,121,33,1
1778521712.0448272,1,1085,0,56,121,37,2
1778521712.0594046,2,426,0,47,121,33,0
1778521712.0628757,1,1085,0,56,121,37,1
1778521712.0768776,2,426,0,47,121,33,1
1778521712.0796306,1,1085,0,56,121,37,2
1778521712.0940454,2,426,0,47,121,33,1
1778521712.0976515,1,1085,0,56,122,37,1
1778521712.1117465,2,426,0,47,121,33,1
1778521712.1146133,1,1085,0,56,122,37,2
1778521712.1290267,2,426,0,47,122,33,1
1778521712.132994,1,1085,0,56,121,37,2
1778521712.1471252,2,426,0,47,121,33,1
1778521712.1502259,1,1085,0,56,121,37,2
1778521712.1650074,2,426,0,47,121,33,1
1778521712.1681702,1,1085,0,56,122,37,2
1778521712.182337,2,426,0,47,121,33,0
1778521712.1853423,1,1085,0,56,122,37,1
1778521712.2000594,2,426,0,47,121,33,1
1778521712.2037244,1,1085,0,56,121,37,1
1778521712.2178397,2,426,0,47,121,33,1
1778521712.2207434,1,1085,0,56,121,37,2
1778521712.2354748,2,426,0,47,121,33,1
1778521712.2390811,1,1085,0,56,122,37,2
1778521712.2531402,2,426,0,47,121,33,1
1778521712.2558682,1,1085,0,56,121,37,2
1778521712.2701495,2,426,0,47,121,33,1
1778521712.2738326,1,1085,0,56,121,37,2
1778521712.2879608,2,426,0,47,121,33,1
1778521712.2907922,1,1085,0,56,122,37,0
1778521712.3051171,2,426,0,47,122,33,1
1778521712.3091109,1,1085,0,56,122,37,1
1778521712.3231118,2,426,0,47,122,33,1
1778521712.3260643,1,1085,0,56,122,37,1
1778521712.340738,2,426,0,47,122,33,1
1778521712.344027,1,1085,0,56,122,37,2
1778521712.3579712,2,426,0,47,121,33,1
1778521712.3608205,1,1085,0,56,122,37,1
1778521712.3753617,2,426,0,47,121,33,1
1778521712.3788302,1,1085,0,56,122,37,2
1778521712.3930001,2,426,0,47,121,33,0
1778521712.3959281,1,1085,0,56,122,37,2
1778521712.410753,2,426,0,47,122,33,1
1778521712.4144702,1,1085,0,56,122,37,2
1778521712.4287097,2,426,0,47,121,33,1
1778521712.4314928,1,1085,0,56,121,37,2
1778521712.4461732,2,426,0,47,122,33,0
1778521712.4498227,1,1085,0,56,122,37,1
1778521712.4639282,2,426,0,47,122,33,1
1778521712.4666631,1,1085,0,56,122,37,2
1778521712.4813895,2,426,-50,44,122,33,1
1778521712.4853783,1,1085,0,56,122,37,1
1778521712.499394,2,426,50,45,121,33,1
1778521712.5023086,1,1085,0,56,122,37,2
1778521712.516797,2,426,0,47,121,33,1
1778521712.5200036,1,1085,0,56,122,37,2
1778521712.5339422,2,426,0,47,121,33,1
1778521712.536875,1,1085,0,56,122,37,2
1778521712.5514772,2,426,0,47,122,33,1
1778521712.5548303,1,1085,-50,53,122,37,1
1778521712.5689073,2,426,0,47,122,33,0
1778521712.5727944,1,1085,50,54,122,37,1
1778521712.5870817,2,426,0,47,122,33,1
1778521712.590085,1,1085,-50,54,122,37,1
1778521712.604416,2,426,0,47,122,33,1
1778521712.6083884,1,1085,50,53,122,37,1
1778521712.6223454,2,426,0,47,121,33,1
1778521712.625302,1,1085,50,57,122,37,2
1778521712.6397622,2,426,0,47,122,33,0
1778521712.6431198,1,1084,0,56,122,37,2
1778521712.6574264,2,426,0,47,122,33,1
1778521712.66038,1,1085,0,56,121,37,2
1778521712.6742766,2,426,0,47,122,33,1
1778521712.6774068,1,1085,-50,52,122,37,2
1778521712.6918488,2,426,0,47,122,33,1
1778521712.6951704,1,1085,0,52,122,37,1
1778521712.7095952,2,426,0,47,122,33,1
1778521712.7126114,1,1085,0,52,121,37,1
1778521712.726735,2,426,0,45,122,33,1
1778521712.7297254,1,1084,50,52,121,37,1
1778521712.7444775,2,426,0,39,122,33,0
1778521712.7477698,1,1084,-50,43,122,37,1
1778521712.7617888,2,426,0,24,122,33,0
1778521712.7646198,1,1084,-50,27,122,37,0
1778521712.779098,2,426,0,26,122,33,1
1778521712.7824123,1,1084,0,25,122,37,1
1778521712.7971165,2,426,0,53,122,33,1
1778521712.8003476,1,1085,50,49,122,37,1
1778521712.8144422,2,426,0,83,121,33,3
1778521712.8173888,1,1086,0,82,121,38,1
1778521712.8318899,2,427,50,122,121,33,3
1778521712.8353064,1,1088,100,116,121,37,3
1778521712.8495767,2,430,50,164,120,33,5
1778521712.8525743,1,1088,50,157,120,37,5
1778521712.8664062,2,435,200,197,120,33,6
1778521712.8694766,1,1092,100,200,121,37,7
1778521712.8838375,2,443,300,230,121,33,7
1778521712.8871343,1,1099,400,242,120,37,35
1778521712.9013278,2,452,500,259,119,33,9
1778521712.9044611,1,1108,400,275,120,37,10
1778521712.9186895,2,463,600,287,118,33,10
1778521712.9223604,1,1120,550,305,120,37,16
1778521712.9367588,2,476,700,316,120,33,11
1778521712.9397922,1,1133,650,335,117,37,49
1778521712.954539,2,491,750,347,118,33,12
1778521712.958151,1,1149,800,362,120,37,48
1778521712.9724884,2,508,950,368,117,33,13
1778521712.9754572,1,1167,950,375,120,37,17
1778521712.990253,2,524,950,376,117,33,10
1778521712.9942183,1,1186,1000,378,120,37,55
1778521713.0080414,2,542,950,376,119,33,10
1778521713.0114188,1,1205,1100,370,119,37,49
1778521713.0257113,2,561,950,370,120,33,9
1778521713.028726,1,1224,1050,354,117,37,16
1778521713.042511,2,579,1050,351,121,33,7
1778521713.049091,1,1241,1050,336,118,37,40
1778521713.063649,2,601,1100,317,119,33,6
1778521713.0668192,1,1263,1000,305,121,37,6
1778521713.0813947,2,617,1000,287,121,33,5
1778521713.0854676,1,1279,900,277,120,37,5
1778521713.0994911,2,631,800,263,121,33,5
1778521713.1029906,1,1294,900,247,121,37,7
1778521713.117578,2,644,800,234,121,33,4
1778521713.120836,1,1308,850,216,120,37,23
1778521713.1347191,2,657,700,205,121,33,4
1778521713.1377704,1,1318,700,190,121,37,4
1778521713.1522698,2,666,600,176,120,33,3
1778521713.1557047,1,1328,600,163,121,37,3
1778521713.1696498,2,675,450,148,121,33,3
1778521713.1723337,1,1336,550,134,122,42,2
1778521713.186909,2,682,450,121,122,33,2
1778521713.190131,1,1343,400,106,122,37,2
1778521713.2041154,2,687,400,92,121,33,1
1778521713.2069306,1,1347,300,82,122,37,1
1778521713.2215474,2,690,250,77,122,33,2
1778521713.225516,1,1351,200,64,122,37,1
1778521713.239476,2,692,150,64,121,45,2
1778521713.2427127,1,1352,200,50,121,37,3
1778521713.2573924,2,693,100,56,121,33,1
1778521713.2605896,1,1354,50,49,122,37,2
1778521713.2747428,2,694,50,52,122,33,1
1778521713.2776053,1,1354,50,46,121,37,3
1778521713.292225,2,694,0,48,122,33,0
1778521713.2956886,1,1354,50,42,122,37,2
1778521713.309945,2,694,0,40,121,33,1
1778521713.3129375,1,1354,0,42,121,37,3
1778521713.3277388,2,694,0,28,122,33,0
1778521713.3311708,1,1354,0,42,122,37,2
1778521713.3458548,2,694,0,26,122,33,0
1778521713.34912,1,1354,0,42,122,37,2
1778521713.3633876,2,693,0,52,121,33,0
1778521713.3666434,1,1354,0,42,122,37,2
1778521713.380589,2,692,-50,82,121,33,2
1778521713.3834202,1,1354,0,42,121,37,3
1778521713.3977578,2,691,-100,112,121,33,3
1778521713.4014192,1,1354,0,42,122,37,3
1778521713.415341,2,688,-100,151,121,33,4
1778521713.418563,1,1354,0,42,121,37,2
1778521713.4331505,2,683,-250,188,121,33,6
1778521713.436353,1,1354,0,42,121,37,2
1778521713.4503632,2,676,-400,224,121,33,7
1778521713.4534223,1,1354,0,42,121,37,2
1778521713.467893,2,667,-400,258,121,33,10
1778521713.4711764,1,1354,0,42,121,37,2
1778521713.485159,2,655,-500,291,121,33,9
1778521713.488075,1,1354,0,42,121,37,2
1778521713.5024536,2,642,-700,315,121,33,12
1778521713.5059845,1,1354,0,42,121,37,2
1778521713.5200863,2,626,-850,338,121,33,11
1778521713.522884,1,1354,0,42,121,37,2
1778521713.5372665,2,611,-850,361,121,33,12
1778521713.5412724,1,1354,0,42,121,37,2
1778521713.5557182,2,592,-950,381,121,33,12
1778521713.559009,1,1353,0,42,121,37,2
1778521713.5738847,2,572,-1050,391,121,33,12
1778521713.5771718,1,1354,0,42,121,37,2
1778521713.5913272,2,552,-1200,386,121,33,10
1778521713.5944777,1,1354,0,42,121,37,3
1778521713.6091702,2,531,-1150,370,121,33,8
1778521713.6123757,1,1354,0,42,121,37,2
1778521713.6263213,2,511,-1150,351,121,33,6
1778521713.6290877,1,1354,0,42,121,37,3
1778521713.6436486,2,494,-1100,330,121,33,5
1778521713.6472125,1,1354,0,42,121,37,3
1778521713.6611586,2,474,-1100,302,121,33,4
1778521713.663896,1,1354,0,42,121,37,2
1778521713.6783383,2,459,-1000,275,121,33,3
1778521713.681991,1,1354,0,42,121,37,2
1778521713.6961217,2,443,-900,246,121,33,4
1778521713.699014,1,1354,0,42,121,37,3
1778521713.713333,2,431,-800,219,121,33,2
1778521713.7171562,1,1354,0,42,122,37,2
1778521713.7312446,2,418,-650,191,121,33,3
1778521713.73432,1,1354,0,42,121,37,3
1778521713.748791,2,409,-550,167,122,33,3
1778521713.7519429,1,1354,0,42,121,37,2
1778521713.765809,2,401,-550,141,121,33,1
1778521713.7687027,1,1354,0,42,122,37,2
1778521713.783245,2,394,-450,116,122,33,1
1778521713.786496,1,1354,0,42,122,37,2
1778521713.8009217,2,389,-400,90,121,33,0
1778521713.8039653,1,1354,0,42,122,37,3
1778521713.818361,2,385,-250,71,122,33,1
1778521713.8220544,1,1354,0,42,122,37,2
1778521713.836113,2,382,-200,56,122,33,0
1778521713.8389747,1,1354,0,42,121,37,2
1778521713.8534844,2,381,-100,48,122,33,1
1778521713.857342,1,1354,0,42,122,37,2
1778521713.8712304,2,381,0,44,121,33,1
1778521713.8744948,1,1354,0,42,121,37,2
1778521713.8890624,2,381,0,44,121,33,1
1778521713.8922212,1,1354,0,42,122,37,2
1778521713.9064445,2,381,0,44,121,33,1
1778521713.9094434,1,1354,0,42,122,37,3
1778521713.9242516,2,381,0,46,121,33,1
1778521713.9276454,1,1354,0,42,122,37,3
1778521713.941811,2,381,0,54,121,33,2
1778521713.944645,1,1354,0,42,121,37,2
1778521713.9595842,2,381,0,67,121,32,2
1778521713.9632702,1,1354,0,42,122,37,2
1778521713.9775658,2,381,0,89,121,33,3
1778521713.9803555,1,1354,0,42,122,37,3
1778521713.9944594,2,380,-50,112,121,33,3
1778521713.9980435,1,1354,0,42,121,37,3
1778521714.0121992,2,376,-150,137,121,33,5
1778521714.0150628,1,1354,0,42,121,37,3
1778521714.0296528,2,372,-200,162,121,33,5
1778521714.0336196,1,1354,0,42,121,37,2
1778521714.047563,2,366,-350,190,121,33,6
1778521714.0509603,1,1354,0,42,121,37,3
1778521714.0652971,2,357,-350,217,121,33,7
1778521714.0681808,1,1354,0,42,121,37,2
1778521714.082163,2,348,-500,236,121,33,7
1778521714.085234,1,1354,0,42,121,37,2
1778521714.0998106,2,338,-550,259,121,33,8
1778521714.103152,1,1354,0,42,121,37,2
1778521714.117581,2,325,-600,288,121,33,10
1778521714.1205788,1,1354,0,42,121,37,3
1778521714.1346726,2,312,-750,311,121,33,8
1778521714.1377234,1,1354,0,42,121,37,2
1778521714.1523063,2,297,-850,325,121,33,8
1778521714.155675,1,1354,0,42,121,37,2
1778521714.169652,2,280,-900,327,121,33,7
1778521714.1724322,1,1354,0,42,121,37,2
1778521714.1869152,2,263,-1000,320,121,33,6
1778521714.1905308,1,1354,0,42,121,37,2
1778521714.2044942,2,246,-1000,302,121,33,6
1778521714.2073867,1,1354,0,42,121,37,2
1778521714.2219846,2,230,-950,283,121,33,6
1778521714.2256172,1,1354,0,42,121,37,3
1778521714.2395694,2,215,-900,259,121,33,4
1778521714.2428365,1,1354,0,42,122,37,2
1778521714.2574904,2,201,-800,236,122,33,3
1778521714.2607987,1,1354,0,42,121,37,2
1778521714.274732,2,189,-750,212,121,33,3
1778521714.2778063,1,1354,0,42,122,37,3
1778521714.292333,2,178,-700,183,121,33,3
1778521714.2958162,1,1354,0,42,122,37,2
1778521714.3099334,2,168,-550,154,121,33,1
1778521714.31276,1,1354,0,42,121,37,2
1778521714.3273127,2,160,-500,127,121,33,2
1778521714.3308067,1,1354,0,42,122,37,2
1778521714.3448508,2,154,-500,97,121,33,1
1778521714.3477087,1,1354,0,42,121,37,2
1778521714.3624163,2,149,-350,73,122,33,1
1778521714.366078,1,1354,0,42,122,37,2
1778521714.3801014,2,147,-200,61,122,33,1
1778521714.3829348,1,1354,0,42,122,37,2
1778521714.3976924,2,145,-150,51,122,33,2
1778521714.4016492,1,1354,0,42,122,37,2
1778521714.415836,2,145,-50,46,121,33,1
1778521714.419173,1,1354,0,42,121,37,2
1778521714.4340067,2,145,0,44,122,33,1
1778521714.4373126,1,1353,0,42,122,37,3
1778521714.4514499,2,145,0,36,121,33,0
1778521714.454585,1,1354,0,42,122,37,3
1778521714.4693084,2,145,0,23,121,33,0
1778521714.472499,1,1354,0,42,122,37,3
1778521714.4864433,2,145,0,29,122,33,0
1778521714.4894583,1,1354,0,42,122,37,2
1778521714.5040464,2,146,0,55,121,33,1
1778521714.50756,1,1354,0,42,122,37,2
1778521714.5216029,2,146,50,83,121,33,1
1778521714.5242543,1,1354,0,42,121,37,2
1778521714.5386665,2,147,50,116,121,33,3
1778521714.5423458,1,1354,0,42,122,37,2
1778521714.5564861,2,150,50,159,121,33,5
1778521714.559714,1,1354,0,42,121,37,3
1778521714.574181,2,155,200,196,121,33,7
1778521714.5773625,1,1354,0,42,121,37,2
1778521714.591335,2,164,400,229,121,33,8
1778521714.5945828,1,1354,0,42,121,37,2
1778521714.6090894,2,173,550,258,121,33,8
1778521714.612294,1,1354,0,42,121,37,2
1778521714.6262527,2,184,650,285,121,33,10
1778521714.6292133,1,1354,0,42,121,37,3
1778521714.6435819,2,196,650,314,121,33,13
1778521714.646864,1,1354,0,42,121,37,3
1778521714.6611285,2,212,700,346,121,33,14
1778521714.664128,1,1354,0,42,121,37,2
1778521714.677934,2,227,850,368,120,33,13
1778521714.6808248,1,1354,0,42,121,37,2
1778521714.6954722,2,242,900,389,120,33,14
1778521714.6988938,1,1354,0,42,121,37,2
1778521714.7131472,2,262,1000,404,121,33,16
1778521714.715938,1,1354,0,42,121,37,2
1778521714.7307403,2,282,1150,406,121,34,12
1778521714.7344065,1,1354,0,42,121,37,2
1778521714.7486227,2,305,1200,397,121,33,9
1778521714.7514002,1,1354,0,42,121,37,2
1778521714.7660546,2,325,1200,380,121,33,9
1778521714.7700963,1,1354,0,42,121,37,2
1778521714.7840514,2,345,1050,359,121,33,7
1778521714.78738,1,1354,0,42,121,37,3
1778521714.8018093,2,364,1050,340,121,33,7
1778521714.8048635,1,1354,0,42,121,37,3
1778521714.8189542,2,382,1100,313,121,33,6
1778521714.8220627,1,1354,0,42,121,37,3
1778521714.836427,2,399,1050,280,121,33,5
1778521714.839834,1,1354,-50,44,121,37,3
1778521714.853733,2,415,900,253,121,33,4
1778521714.8565586,1,1354,50,45,121,37,2
1778521714.8709555,2,426,800,227,121,33,3
1778521714.874406,1,1354,50,41,121,37,3
1778521714.8883355,2,436,600,204,121,33,4
1778521714.8911521,1,1354,0,42,121,37,2
1778521714.9057612,2,446,600,180,121,33,3
1778521714.9097161,1,1354,0,42,122,37,2
1778521714.9236426,2,456,500,150,121,32,1
1778521714.9271677,1,1354,0,42,121,37,3
1778521714.9415555,2,462,500,121,121,33,2
1778521714.944558,1,1354,0,42,121,37,2
1778521714.9583921,2,468,350,98,121,32,2
1778521714.9614167,1,1354,0,42,121,37,3
1778521714.9759388,2,472,300,78,121,33,1
1778521714.9792893,1,1354,0,42,121,37,2
1778521714.9931958,2,474,200,64,121,33,1
1778521714.9959958,1,1354,0,42,121,37,2
1778521715.0103552,2,475,100,56,121,33,2
1778521715.0139425,1,1354,0,42,122,37,2
1778521715.0288932,2,476,50,51,121,33,1
1778521715.0319967,1,1354,0,42,121,37,3
1778521715.0472438,2,476,0,47,121,33,1
1778521715.050253,1,1354,0,42,122,37,2
1778521715.0652494,2,476,0,39,122,33,0
1778521715.0687659,1,1354,0,42,122,37,2
1778521715.0828788,2,476,0,26,121,33,0
1778521715.085964,1,1354,0,42,122,37,3
1778521715.1006851,2,476,0,27,121,33,0
1778521715.104034,1,1354,0,42,122,37,2
1778521715.1180425,2,476,0,54,121,33,1
1778521715.1209192,1,1354,0,42,121,37,2
1778521715.135427,2,474,-50,82,121,33,1
1778521715.1388073,1,1354,0,42,122,37,2
1778521715.1529615,2,473,-50,118,121,32,3
1778521715.1560493,1,1354,0,42,121,37,3
1778521715.1705198,2,470,-100,156,121,33,4
1778521715.1740756,1,1354,0,42,121,37,2
1778521715.1882365,2,465,-300,192,121,33,6
1778521715.191364,1,1354,0,42,121,37,3
1778521715.2058825,2,457,-400,224,121,33,6
1778521715.2095475,1,1354,0,42,121,37,2
1778521715.2235303,2,446,-550,257,121,33,9
1778521715.2269235,1,1354,0,42,121,37,3
1778521715.2415144,2,435,-550,287,121,33,10
1778521715.244656,1,1354,0,42,121,37,2
1778521715.2585752,2,422,-650,317,121,33,11
1778521715.2615216,1,1354,0,42,121,37,2
1778521715.2762084,2,408,-750,345,121,33,11
1778521715.279562,1,1354,0,42,121,37,2
1778521715.2935967,2,390,-900,361,120,33,11
1778521715.296347,1,1354,0,42,121,37,2
1778521715.3108943,2,372,-1000,366,121,33,8
1778521715.3145561,1,1354,0,42,121,37,2
1778521715.3290484,2,352,-1100,358,121,33,6
1778521715.3321493,1,1354,0,42,121,37,2
1778521715.3465433,2,333,-1100,341,121,33,7
1778521715.3502283,1,1354,0,42,121,37,2
1778521715.3643377,2,313,-1050,320,121,33,6
1778521715.3671641,1,1354,0,42,121,37,2
1778521715.3818204,2,297,-1050,297,121,33,4
1778521715.3857915,1,1354,0,42,121,37,3
1778521715.3996925,2,279,-1000,267,121,33,4
1778521715.403052,1,1354,0,42,121,37,2
1778521715.417641,2,265,-950,238,121,33,2
1778521715.420785,1,1354,0,42,121,37,2
1778521715.434899,2,251,-800,213,121,33,2
1778521715.4382029,1,1354,0,42,121,37,3
1778521715.4530528,2,241,-700,187,121,33,2
1778521715.4567666,1,1354,0,42,121,37,2
1778521715.4708686,2,230,-600,160,121,33,3
1778521715.4738321,1,1354,0,42,121,37,2
1778521715.4885583,2,223,-500,135,121,33,2
1778521715.491924,1,1354,0,42,121,37,3
1778521715.5059986,2,216,-350,110,121,33,3
1778521715.5087595,1,1354,0,42,121,37,2
1778521715.5235412,2,212,-300,88,121,33,1
1778521715.5267801,1,1354,0,42,121,37,2
1778521715.5409324,2,208,-200,64,121,33,1
1778521715.5437796,1,1354,0,42,121,37,2
1778521715.5586128,2,207,-200,41,121,33,0
1778521715.562559,1,1354,0,42,122,37,2
1778521715.577169,2,206,-100,17,121,33,0
1778521715.5801716,1,1354,0,42,122,37,2
1778521715.5941992,2,206,0,38,121,33,0
1778521715.5972767,1,1354,0,42,121,37,2
1778521715.611707,2,206,0,66,121,43,1
1778521715.6150167,1,1354,0,42,122,37,2
1778521715.6288974,2,207,50,97,121,33,3
1778521715.6317527,1,1354,0,42,121,37,3
1778521715.646201,2,208,0,136,121,33,4
1778521715.649857,1,1354,0,42,121,37,3
1778521715.6638541,2,213,250,178,121,33,6
1778521715.6666074,1,1354,0,42,121,37,2
1778521715.68122,2,219,350,209,121,33,6
1778521715.6852612,1,1354,0,42,121,37,2
1778521715.6992385,2,228,350,246,120,33,9
1778521715.7025516,1,1354,0,42,121,37,2
1778521715.7172356,2,237,500,275,121,33,9
1778521715.7204702,1,1354,0,42,121,37,2
1778521715.7346537,2,249,550,308,120,33,11
1778521715.7377813,1,1354,0,42,121,37,2
1778521715.7522812,2,264,700,338,120,33,12
1778521715.7557273,1,1354,0,42,121,37,2
1778521715.7696579,2,280,850,364,121,33,13
1778521715.7725387,1,1354,0,42,121,37,3
1778521715.7871053,2,297,1000,380,121,33,13
1778521715.7907596,1,1354,0,42,121,37,2
1778521715.8049138,2,317,1100,390,120,32,13
1778521715.807813,1,1354,0,42,121,37,2
1778521715.8223326,2,335,1050,399,121,33,12
1778521715.8257422,1,1354,0,42,121,37,3
1778521715.840104,2,355,1100,408,121,33,13
1778521715.8440955,1,1354,0,42,121,37,2
1778521715.8581538,2,378,1100,416,121,33,3
1778521715.8609316,1,1354,0,42,121,37,3
1778521715.8753605,2,398,1200,414,121,33,13
1778521715.878641,1,1354,0,42,121,37,2
1778521715.8927011,2,421,1300,406,121,33,11
1778521715.8955011,1,1354,0,42,121,37,2
1778521715.9099846,2,439,1200,406,121,33,10
1778521715.9135218,1,1354,0,42,121,37,2
1778521715.92754,2,461,1150,409,121,33,10
1778521715.930409,1,1354,0,42,121,37,2
1778521715.9448082,2,481,1200,410,121,33,12
1778521715.9487567,1,1354,0,42,121,37,2
1778521715.9629653,2,506,1250,408,121,33,11
1778521715.966091,1,1354,0,42,121,37,2
1778521715.9806306,2,526,1200,406,120,33,12
1778521715.9838367,1,1354,0,42,121,37,2
1778521715.997882,2,546,1200,406,121,33,10
1778521716.000777,1,1354,0,42,121,37,2
1778521716.01531,2,566,1100,415,121,33,11
1778521716.0185857,1,1354,0,42,121,37,3
1778521716.0332522,2,589,1200,414,121,33,12
1778521716.0364988,1,1354,0,42,121,37,3
1778521716.0506957,2,611,1300,407,121,33,10
1778521716.0538056,1,1354,0,42,121,37,2
1778521716.068302,2,630,1200,406,121,33,11
1778521716.0716867,1,1354,0,42,121,37,3
1778521716.085715,2,652,1150,408,121,33,11
1778521716.088549,1,1354,0,42,121,37,2
1778521716.1030705,2,673,1250,403,121,33,10
1778521716.1063693,1,1354,0,42,121,37,2
1778521716.1204863,2,696,1250,389,121,33,10
1778521716.1235015,1,1354,0,42,121,37,2
1778521716.1382625,2,716,1250,369,121,33,7
1778521716.141917,1,1354,0,42,121,37,2
1778521716.155973,2,736,1150,350,121,33,7
1778521716.1589248,1,1354,0,42,121,37,3
1778521716.1734214,2,751,1050,333,120,33,10
1778521716.177182,1,1363,300,26,121,37,0
1778521716.191349,2,765,900,317,120,33,14
1778521716.1942794,1,1367,300,25,121,37,0
1778521716.2088428,2,774,650,314,120,33,23
1778521716.2121258,1,1369,150,42,120,37,1
1778521716.2260993,2,781,400,318,119,33,31
1778521716.2289972,1,1371,150,52,120,37,3
1778521716.2434485,2,785,300,324,119,33,34
1778521716.2468233,1,1373,100,58,119,37,4
1778521716.2609265,2,789,250,328,118,33,37
1778521716.2637186,1,1375,100,65,119,37,5
1778521716.2780967,2,791,250,333,118,33,39
1778521716.281607,1,1375,100,72,119,38,6
1778521716.2957175,2,793,100,337,118,33,42
1778521716.2985308,1,1375,0,73,118,37,6
1778521716.313047,2,794,150,331,118,33,48
1778521716.31693,1,1376,50,76,119,37,5
1778521716.330922,2,794,0,332,118,33,58
1778521716.3338823,1,1376,0,77,118,37,8
1778521716.3483107,2,794,0,332,118,33,50
1778521716.3515568,1,1376,0,77,119,37,7
1778521716.365495,2,794,0,332,118,33,53
1778521716.3682997,1,1376,0,77,118,37,6
1778521716.3827047,2,794,0,332,117,33,42
1778521716.3859394,1,1376,0,77,118,37,8
1778521716.40006,2,794,0,332,118,33,47
1778521716.4030712,1,1376,0,77,119,37,7
1778521716.4174187,2,794,0,332,118,33,44
1778521716.4209654,1,1376,0,77,119,38,6
1778521716.4349597,2,794,0,332,118,33,51
1778521716.437857,1,1376,0,77,118,37,7
1778521716.4522645,2,794,0,332,118,33,42
1778521716.4553792,1,1376,0,77,119,37,8
1778521716.4697998,2,794,50,329,118,33,45
1778521716.4728885,1,1376,0,77,118,37,6
1778521716.4867864,2,794,-50,331,118,33,44
1778521716.4898274,1,1376,0,77,118,37,6
1778521716.504367,2,794,0,332,118,33,45
1778521716.5078766,1,1376,0,77,118,38,6
1778521716.5218966,2,795,50,330,118,33,48
1778521716.5248644,1,1376,0,77,119,37,6
1778521716.5393775,2,794,0,328,118,33,48
1778521716.5428553,1,1376,0,77,119,37,7
1778521716.5571754,2,795,0,328,118,33,48
1778521716.5602038,1,1376,0,77,118,37,7
1778521716.575109,2,795,0,328,118,33,46
1778521716.5787253,1,1376,0,77,119,37,8
1778521716.5930188,2,795,0,328,118,33,44
1778521716.5959394,1,1376,0,77,119,38,6
1778521716.6107848,2,794,0,328,118,33,42
1778521716.6144006,1,1376,0,77,118,37,8
1778521716.62868,2,794,0,328,118,33,42
1778521716.6315134,1,1376,0,77,119,37,7
1778521716.6457276,2,795,0,328,118,33,42
1778521716.6494458,1,1376,0,77,118,37,8
1778521716.6635334,2,794,-50,331,118,33,49
1778521716.6663294,1,1376,0,77,118,37,6
1778521716.6809914,2,794,0,332,118,33,42
1778521716.6848686,1,1376,0,77,119,37,6
1778521716.6987765,2,794,50,331,118,33,53
1778521716.7016351,1,1376,0,77,118,36,6
1778521716.7161565,2,794,50,327,118,33,49
1778521716.719496,1,1376,0,77,119,37,6
1778521716.7335453,2,794,0,328,118,33,46
1778521716.7364037,1,1376,0,77,118,37,8
1778521716.7508953,2,794,0,328,117,33,44
1778521716.7542975,1,1376,0,77,118,37,7
1778521716.7686255,2,794,-50,332,118,33,48
1778521716.7716286,1,1376,0,77,119,37,7
1778521716.7854862,2,794,0,332,118,33,48
1778521716.7882326,1,1376,0,77,118,37,7
1778521716.8027086,2,794,0,332,117,33,43
1778521716.806306,1,1376,0,77,118,37,7
1778521716.8208466,2,795,0,332,118,33,45
1778521716.8237908,1,1376,0,77,119,37,8
1778521716.8376663,2,795,0,332,118,33,44
1778521716.8406694,1,1376,0,77,118,37,7
1778521716.8551753,2,794,0,332,118,33,42
1778521716.8585367,1,1376,0,77,118,37,6
1778521716.8724484,2,794,50,328,118,33,45
1778521716.8752275,1,1376,0,77,119,37,7
1778521716.8895473,2,795,-50,332,118,33,48
1778521716.893472,1,1376,0,77,119,37,6
1778521716.9073582,2,794,50,329,118,33,43
1778521716.9105616,1,1376,0,77,118,37,7
1778521716.9251957,2,794,-50,331,118,33,42
1778521716.9283676,1,1376,0,77,118,37,8
1778521716.9423304,2,794,0,332,118,33,49
1778521716.9451814,1,1376,0,77,118,37,6
1778521716.9594843,2,794,0,332,118,33,50
1778521716.962871,1,1376,0,77,119,37,7
1778521716.9768412,2,794,0,332,118,33,44
1778521716.9796422,1,1376,0,77,118,37,7
1778521716.9944153,2,794,0,332,118,33,43
1778521716.9980137,1,1376,0,77,118,37,8
1778521717.0122592,2,795,0,332,118,33,43
1778521717.0150604,1,1376,0,77,119,37,6
1778521717.029867,2,794,0,332,117,33,49
1778521717.033766,1,1376,0,77,118,38,7
1778521717.0480778,2,794,0,332,118,33,51
1778521717.051061,1,1376,0,77,119,37,8
1778521717.0657852,2,794,0,332,118,33,45
1778521717.0694556,1,1376,0,77,119,37,6
1778521717.0835047,2,794,0,332,118,33,49
1778521717.086757,1,1376,0,77,118,38,6
1778521717.1013796,2,794,0,332,118,33,48
1778521717.1046855,1,1376,0,77,119,37,8
1778521717.1186564,2,794,0,332,118,33,41
1778521717.12171,1,1376,0,77,119,37,6
1778521717.1361833,2,794,0,332,118,33,46
1778521717.1393871,1,1376,0,77,118,37,7
1778521717.153607,2,794,0,332,118,33,42
1778521717.1564348,1,1376,0,77,119,37,8
1778521717.1710274,2,795,50,326,118,33,44
1778521717.1742759,1,1376,0,77,118,37,8
1778521717.1888914,2,794,-50,323,118,33,40
1778521717.1919887,1,1376,0,77,118,37,6
1778521717.205855,2,795,0,310,118,33,39
1778521717.208946,1,1376,0,77,119,38,7
1778521717.2235181,2,794,0,290,118,33,32
1778521717.2268534,1,1376,0,77,119,37,6
1778521717.241135,2,794,0,263,119,33,26
1778521717.2441864,1,1376,0,77,119,37,7
1778521717.2581322,2,795,0,230,119,33,22
1778521717.261139,1,1376,0,77,120,37,6
1778521717.2755144,2,794,0,194,120,33,13
1778521717.2789462,1,1376,0,77,121,37,8
1778521717.2932255,2,794,0,148,121,33,8
1778521717.2961526,1,1376,0,77,121,37,6
1778521717.3102293,2,794,50,94,121,33,4
1778521717.3133762,1,1376,0,77,121,39,6
1778521717.3278697,2,794,-50,44,121,33,0
1778521717.331416,1,1376,0,77,121,37,8
1778521717.3453152,2,792,-50,48,121,33,0
1778521717.3480647,1,1376,0,77,121,38,8
1778521717.3625684,2,789,-100,109,121,33,0
1778521717.3661685,1,1376,0,77,121,37,8
1778521717.380578,2,782,-300,170,121,33,2
1778521717.3835697,1,1375,0,77,121,37,7
1778521717.3980815,2,773,-500,224,121,33,4
1778521717.4017856,1,1373,-100,68,121,37,5
1778521717.4158974,2,765,-500,274,121,33,7
1778521717.418662,1,1371,-100,61,121,37,4
1778521717.4330657,2,755,-500,322,120,33,11
1778521717.4369812,1,1369,-50,58,121,37,4
1778521717.4509163,2,740,-600,363,120,33,13
1778521717.453758,1,1369,-100,51,121,37,3
1778521717.4682627,2,723,-850,384,120,33,14
1778521717.471493,1,1369,0,49,121,37,3
1778521717.4854028,2,704,-1000,398,121,33,12
1778521717.4882605,1,1369,0,49,121,37,3
1778521717.5025682,2,685,-1100,406,121,33,12
1778521717.5061543,1,1369,0,49,121,37,3
1778521717.5201573,2,663,-1150,410,121,33,12
1778521717.5231128,1,1369,0,49,121,37,3
1778521717.5377192,2,641,-1250,410,120,33,10
1778521717.541561,1,1369,0,49,121,38,3
1778521717.5555277,2,619,-1300,405,121,33,11
1778521717.559012,1,1369,0,49,121,37,3
1778521717.5738206,2,597,-1300,400,121,33,10
1778521717.5768957,1,1369,-50,45,121,37,2
1778521717.5907888,2,575,-1200,400,121,33,10
1778521717.5938103,1,1369,50,48,121,38,3
1778521717.6082747,2,554,-1250,396,121,33,8
1778521717.6115386,1,1369,0,49,121,37,3
1778521717.6255653,2,532,-1200,396,121,33,10
1778521717.628355,1,1369,0,49,121,37,3
1778521717.6430454,2,513,-1200,396,121,33,10
1778521717.6463678,1,1368,-50,47,121,37,2
1778521717.6605616,2,491,-1200,396,121,33,9
1778521717.6635773,1,1369,50,46,121,38,3
1778521717.6779103,2,469,-1200,396,121,33,10
1778521717.6815836,1,1368,50,50,121,37,3
1778521717.6956825,2,447,-1250,394,121,33,9
1778521717.6984906,1,1368,-50,45,121,38,3
1778521717.7129443,2,427,-1250,392,121,33,9
1778521717.716943,1,1368,0,45,121,37,3
1778521717.7309616,2,405,-1200,392,121,33,9
1778521717.7340107,1,1369,50,49,121,37,3
1778521717.7484555,2,385,-1200,392,121,33,9
1778521717.7517493,1,1368,-50,46,121,37,2
1778521717.7655818,2,362,-1250,388,121,33,8
1778521717.7683396,1,1368,0,45,121,37,3
1778521717.782787,2,341,-1200,388,121,33,10
1778521717.7860389,1,1368,0,45,121,37,2
1778521717.8003848,2,320,-1200,388,121,33,9
1778521717.80352,1,1368,0,45,121,37,3
1778521717.8182905,2,300,-1200,388,121,33,9
1778521717.8222907,1,1368,0,45,121,38,3
1778521717.8364544,2,277,-1200,388,121,33,8
1778521717.8393292,1,1368,0,45,121,38,3
1778521717.8536963,2,257,-1200,388,121,33,9
1778521717.857272,1,1368,0,45,121,38,2
1778521717.8712068,2,236,-1200,388,121,33,9
1778521717.874255,1,1368,0,45,121,38,3
1778521717.8891063,2,216,-1150,392,121,33,9
1778521717.8926601,1,1368,0,45,121,37,3
1778521717.9069698,2,193,-1200,387,121,33,9
1778521717.9100192,1,1368,0,45,121,38,3
1778521717.9246926,2,173,-1200,377,121,33,8
1778521717.9280386,1,1368,0,45,121,38,3
1778521717.9419336,2,151,-1200,360,121,33,7
1778521717.9448364,1,1368,0,45,121,37,3
1778521717.9593756,2,132,-1150,340,121,33,6
1778521717.9626122,1,1368,0,45,121,37,3
1778521717.9767637,2,113,-1050,318,121,33,5
1778521717.979754,1,1368,0,45,121,38,3
1778521717.994132,2,97,-1000,296,121,33,5
1778521717.9978561,1,1368,0,45,121,38,3
1778521718.0119617,2,80,-950,269,121,33,5
1778521718.0147479,1,1368,0,45,121,37,3
1778521718.0294542,2,66,-950,240,121,33,3
1778521718.0334973,1,1368,0,45,121,37,2
1778521718.0474524,2,52,-850,209,121,33,3
1778521718.050868,1,1368,0,45,122,37,3
1778521718.0652459,2,40,-700,184,121,33,2
1778521718.0681803,1,1368,0,45,121,38,3
1778521718.082177,2,32,-600,161,121,33,2
1778521718.0851307,1,1368,0,45,121,37,2
1778521718.099591,2,24,-450,140,121,33,2
1778521718.1027923,1,1368,0,45,121,38,3
1778521718.1167443,2,18,-400,117,121,33,1
1778521718.1195738,1,1368,0,45,122,38,3
1778521718.1341028,2,13,-300,93,121,33,1
1778521718.137748,1,1368,0,45,121,37,2
1778521718.1517816,2,9,-200,74,121,34,1
1778521718.1545994,1,1368,0,45,121,37,3
1778521718.1694474,2,7,-200,61,121,33,1
1778521718.173715,1,1368,0,45,122,37,2
1778521718.1879425,2,5,-150,49,122,33,1
1778521718.1914165,1,1368,0,45,121,37,3
1778521718.206232,2,4,-50,47,121,33,1
1778521718.2094805,1,1368,0,45,122,37,3
1778521718.2235534,2,4,-50,43,121,33,1
1778521718.2265546,1,1368,0,45,122,37,2
1778521718.240919,2,4,0,43,121,33,1
1778521718.2448335,1,1368,0,45,121,37,3
1778521718.258754,2,4,0,43,121,33,0
1778521718.2617693,1,1368,0,45,121,37,3
1778521718.2763147,2,4,0,43,121,33,1
1778521718.279525,1,1368,0,45,121,37,3
1778521718.2935038,2,4,0,43,121,33,1
1778521718.2962773,1,1368,0,45,121,38,2
1778521718.3122125,2,4,0,43,121,33,1
1778521718.3158796,1,1368,0,45,122,38,3
1778521718.3299844,2,4,0,43,121,33,1
1778521718.332879,1,1368,0,45,122,38,3
1778521718.3473651,2,4,0,43,121,33,1
1778521718.3505912,1,1368,0,45,122,37,3
1778521718.365036,2,4,0,43,121,33,1
1778521718.3681636,1,1368,0,45,121,37,3
1778521718.3829296,2,4,0,41,121,33,1
1778521718.3865309,1,1368,0,45,122,38,3
1778521718.4012823,2,4,0,33,121,33,0
1778521718.4044507,1,1368,0,45,121,38,2
1778521718.4186568,2,4,0,20,121,33,1
1778521718.4216177,1,1368,0,45,121,37,2
1778521718.4363291,2,4,0,33,122,33,1
1778521718.439713,1,1368,0,45,122,38,3
1778521718.4538882,2,5,0,60,121,33,1
1778521718.4568148,1,1368,0,45,121,38,3
1778521718.4716866,2,5,50,91,121,33,2
1778521718.4749773,1,1368,0,45,122,38,2
1778521718.4889991,2,6,50,126,121,33,4
1778521718.4918525,1,1368,0,45,121,37,2
1778521718.5062094,2,9,50,167,121,33,5
1778521718.5099244,1,1368,0,45,121,38,2
1778521718.5239098,2,16,250,200,121,33,7
1778521718.526669,1,1368,0,45,121,38,2
1778521718.5412986,2,23,350,232,121,33,9
1778521718.54536,1,1368,0,45,121,37,3
1778521718.559504,2,32,500,265,121,33,10
1778521718.5627458,1,1368,0,45,121,37,3
1778521718.5775833,2,42,550,296,121,33,12
1778521718.5808756,1,1368,0,45,121,38,3
1778521718.5947824,2,55,650,330,121,33,11
1778521718.5976684,1,1368,0,45,121,38,3
1778521718.6121576,2,71,900,358,121,33,14
1778521718.6153767,1,1368,0,45,120,37,3
1778521718.62944,2,88,900,378,120,33,13
1778521718.6322076,1,1368,0,45,121,37,3
1778521718.6465118,2,106,950,395,121,33,14
1778521718.6500282,1,1368,0,45,121,38,3
1778521718.6645977,2,127,1100,401,121,33,13
1778521718.6678417,1,1368,0,45,121,37,3
1778521718.681941,2,146,1100,407,120,33,11
1778521718.684845,1,1368,0,45,121,38,2
1778521718.698951,2,166,1100,415,121,33,17
1778521718.7021463,1,1368,0,45,121,38,3
1778521718.7166908,2,187,1250,414,121,33,12
1778521718.7198482,1,1368,0,45,121,37,3
1778521718.7338078,2,209,1200,412,120,33,12
1778521718.7366405,1,1368,0,45,121,38,3
1778521718.7511563,2,229,1200,412,121,33,12
1778521718.7544012,1,1368,0,45,121,37,3
1778521718.7686555,2,249,1200,412,121,33,12
1778521718.7716374,1,1368,0,45,121,38,3
1778521718.7855382,2,271,1150,417,121,33,13
1778521718.7883096,1,1368,0,45,121,38,3
1778521718.8028266,2,292,1250,412,121,33,11
1778521718.8064485,1,1368,0,45,121,38,3
1778521718.8205004,2,315,1250,409,121,33,11
1778521718.8233485,1,1368,0,45,121,37,3
1778521718.8377645,2,334,1250,405,121,33,10
1778521718.8413725,1,1368,0,45,121,38,2
1778521718.8552773,2,356,1100,409,121,33,11
1778521718.8585656,1,1368,0,45,121,38,3
1778521718.8731592,2,377,1250,410,121,33,10
1778521718.8763468,1,1368,0,45,121,38,3
1778521718.8905423,2,399,1250,407,121,33,11
1778521718.8936284,1,1368,0,45,121,38,3
1778521718.9081895,2,420,1250,403,121,33,11
1778521718.9114666,1,1368,0,45,121,38,2
1778521718.9253685,2,440,1250,400,121,33,10
1778521718.9282403,1,1368,0,45,121,38,3
1778521718.9425414,2,460,1100,408,121,33,11
1778521718.9461,1,1368,0,45,121,38,3
1778521718.9605844,2,482,1200,408,121,33,11
1778521718.9635637,1,1368,0,45,121,38,3
1778521718.9773579,2,503,1200,408,121,33,11
1778521718.980188,1,1368,0,45,121,38,3
1778521718.99487,2,524,1200,408,121,33,11
1778521718.998484,1,1368,0,45,121,38,3
1778521719.0128653,2,544,1100,408,121,33,12
1778521719.0157022,1,1368,0,45,120,38,3
1778521719.0303817,2,564,1200,402,121,33,10
1778521719.0343034,1,1368,0,45,121,38,3
1778521719.0483959,2,586,1200,384,121,33,9
1778521719.0511646,1,1368,0,45,121,38,2
1778521719.0658987,2,606,1200,362,121,33,7
1778521719.0698917,1,1368,0,45,121,38,3
1778521719.0838404,2,625,1150,334,121,32,6
1778521719.0873663,1,1368,0,45,121,38,2
1778521719.1018083,2,643,1000,313,121,33,6
1778521719.1049502,1,1368,0,45,121,37,3
1778521719.1188645,2,659,1000,287,121,33,5
1778521719.121964,1,1368,0,45,121,38,3
1778521719.136553,2,674,900,259,121,33,5
1778521719.139861,1,1368,0,45,121,38,3
1778521719.1540463,2,689,800,230,121,33,4
1778521719.1569352,1,1368,0,45,121,38,3
1778521719.1717215,2,700,700,201,121,33,4
1778521719.174966,1,1368,0,45,121,38,3
1778521719.1891084,2,710,550,175,121,33,4
1778521719.1919177,1,1368,0,45,121,38,3
1778521719.2063003,2,717,550,149,121,33,3
1778521719.2098866,1,1368,0,45,121,37,2
1778521719.2239316,2,723,400,126,121,33,3
1778521719.2267413,1,1368,0,45,121,38,3
1778521719.2414224,2,727,350,105,121,33,2
1778521719.2456083,1,1368,0,45,121,38,3
1778521719.2597103,2,732,250,80,121,33,1
1778521719.2632418,1,1368,0,45,121,38,3
1778521719.2772825,2,734,200,57,121,33,1
1778521719.2800062,1,1368,0,45,121,38,3
1778521719.2946634,2,735,100,32,121,33,0
1778521719.3011086,1,1368,0,45,121,38,2
1778521719.315781,2,735,0,29,121,33,0
1778521719.3198352,1,1368,0,45,122,38,2
1778521719.3340108,2,734,-50,59,122,33,1
1778521719.3367991,1,1368,0,45,121,38,2
1778521719.3512917,2,733,-50,91,121,33,2
1778521719.3547585,1,1368,0,45,121,38,2
1778521719.3687441,2,731,-100,129,121,33,3
1778521719.3715572,1,1368,0,45,121,38,3
1778521719.385879,2,728,-100,169,121,33,5
1778521719.3894553,1,1368,0,45,121,38,2
1778521719.4034278,2,722,-200,209,121,33,7
1778521719.4062412,1,1368,0,45,121,38,2
1778521719.4206603,2,715,-300,245,121,33,9
1778521719.424925,1,1368,0,45,121,38,2
1778521719.438977,2,703,-500,279,120,33,9
1778521719.4418504,1,1368,0,45,121,38,2
1778521719.4564564,2,693,-650,309,121,33,11
1778521719.4598048,1,1368,0,45,121,38,3
1778521719.4737945,2,678,-800,334,121,33,11
1778521719.4765732,1,1368,0,45,121,38,3
1778521719.491312,2,662,-850,359,121,33,12
1778521719.4947593,1,1368,0,45,121,38,3
1778521719.5091882,2,642,-1000,381,120,33,13
1778521719.5122075,1,1368,0,45,121,37,3
1778521719.5261505,2,624,-1000,392,121,33,12
1778521719.529045,1,1368,0,45,121,38,3
1778521719.5435221,2,604,-1100,399,121,33,11
1778521719.5469093,1,1368,0,45,121,38,3
1778521719.561194,2,583,-1150,402,121,33,12
1778521719.5642686,1,1368,0,45,121,38,2
1778521719.5784209,2,562,-1200,401,121,33,9
1778521719.581627,1,1368,0,45,121,38,2
1778521719.5962133,2,540,-1200,401,121,32,9
1778521719.6004286,1,1368,0,45,121,38,3
1778521719.6147392,2,518,-1250,398,121,33,9
1778521719.617527,1,1368,0,45,121,38,3
1778521719.6320522,2,498,-1150,400,121,33,9
1778521719.6353967,1,1368,0,45,121,37,3
1778521719.649391,2,476,-1250,399,121,33,10
1778521719.652231,1,1368,0,45,121,38,3
1778521719.6667528,2,455,-1200,397,121,33,9
1778521719.6703548,1,1368,0,45,121,38,3
1778521719.684861,2,432,-1200,397,121,33,8
1778521719.6877553,1,1368,0,45,121,38,1
1778521719.7015812,2,412,-1250,393,121,33,8
1778521719.7043638,1,1368,0,45,121,38,3
1778521719.7188454,2,391,-1200,393,121,33,8
1778521719.722627,1,1368,0,45,121,38,2
1778521719.73667,2,368,-1250,390,121,33,7
1778521719.7394593,1,1368,0,45,121,38,3
1778521719.753893,2,347,-1250,387,121,33,8
1778521719.7574332,1,1368,0,45,121,38,3
1778521719.7716093,2,326,-1200,385,121,33,10
1778521719.7749827,1,1368,0,45,121,38,2
1778521719.7895825,2,305,-1200,385,121,33,9
1778521719.79273,1,1368,0,45,121,38,3
1778521719.8067522,2,284,-1150,387,121,33,9
1778521719.810091,1,1368,0,45,121,38,3
1778521719.82445,2,263,-1150,390,120,33,9
1778521719.8275545,1,1368,0,45,121,38,3
1778521719.8421712,2,241,-1200,389,121,33,8
1778521719.8458638,1,1368,0,45,121,38,3
1778521719.8601115,2,220,-1200,389,121,33,10
1778521719.8628685,1,1368,0,45,121,38,2
1778521719.8776257,2,200,-1200,385,121,33,8
1778521719.88147,1,1368,0,45,121,38,2
1778521719.89602,2,177,-1200,375,121,33,6
1778521719.899577,1,1368,0,45,121,38,2
1778521719.9141839,2,156,-1150,363,121,33,8
1778521719.9172385,1,1368,0,45,121,38,2
1778521719.9311075,2,137,-1200,344,121,33,6
1778521719.9343243,1,1368,0,45,121,38,3
1778521719.9488642,2,118,-1050,321,121,33,5
1778521719.9521315,1,1368,0,45,121,38,2
1778521719.9662206,2,100,-1000,300,121,33,4
1778521719.9690623,1,1368,0,45,121,38,3
1778521719.9836094,2,84,-1000,274,121,33,4
1778521719.9870186,1,1368,0,45,121,38,2
1778521720.0010629,2,68,-950,248,121,33,4
1778521720.0039682,1,1368,0,45,121,38,3
1778521720.0186005,2,56,-850,222,121,33,4
1778521720.0222294,1,1368,0,45,121,38,3
1778521720.036293,2,43,-700,197,121,33,3
1778521720.0391138,1,1368,0,45,121,38,2
1778521720.0537462,2,34,-650,171,121,33,3
1778521720.0576324,1,1368,0,45,121,38,2
1778521720.071488,2,25,-500,147,121,33,3
1778521720.0746105,1,1368,0,45,121,38,3
1778521720.0890825,2,18,-450,120,122,33,1
1778521720.0924156,1,1368,0,45,121,38,3
1778521720.1064773,2,13,-300,95,121,33,1
1778521720.1094449,1,1368,0,45,121,38,3
1778521720.1239965,2,9,-300,76,121,33,1
1778521720.1273336,1,1368,0,45,122,38,3
1778521720.1417058,2,7,-200,63,121,33,1
1778521720.1447241,1,1368,0,45,121,38,2
1778521720.1585634,2,5,-150,52,121,33,1
1778521720.1616333,1,1368,0,45,121,37,3
1778521720.1761904,2,4,-100,46,121,33,1
1778521720.1795912,1,1368,0,45,121,38,2
1778521720.1934867,2,4,0,45,121,33,1
1778521720.1962416,1,1368,0,45,122,38,3
1778521720.210966,2,4,0,45,121,33,1
1778521720.2145777,1,1368,0,45,121,38,2
1778521720.2287958,2,4,0,43,122,33,1
1778521720.231659,1,1368,0,45,122,38,2
1778521720.2464244,2,4,0,37,122,33,1
1778521720.250025,1,1368,0,45,122,38,3
1778521720.2642608,2,4,0,22,122,33,0
1778521720.2670758,1,1368,0,45,122,38,2
1778521720.2815259,2,4,0,28,121,33,1
1778521720.2855666,1,1368,0,45,122,38,3
1778521720.2997394,2,5,0,57,121,33,1
1778521720.302571,1,1368,0,45,121,38,3
1778521720.316978,2,5,50,84,121,33,2
1778521720.3209445,1,1368,0,45,122,38,2
1778521720.3349047,2,6,50,122,121,33,3
1778521720.337903,1,1368,0,45,121,38,3
1778521720.3523808,2,9,50,162,121,33,5
1778521720.355691,1,1368,0,45,121,38,3
1778521720.3697906,2,15,300,199,121,33,6
1778521720.3726015,1,1368,0,45,121,38,3
1778521720.38699,2,22,400,228,121,33,9
1778521720.390544,1,1368,0,45,121,38,2
1778521720.404552,2,31,500,261,121,33,10
1778521720.4073987,1,1368,0,45,121,38,2
1778521720.4218004,2,41,500,294,121,33,10
1778521720.425412,1,1368,0,45,121,38,2
1778521720.4393144,2,54,600,327,121,33,12
1778521720.442383,1,1368,0,45,121,38,2
1778521720.4568794,2,69,750,356,120,33,12
1778521720.4601047,1,1368,0,45,121,38,2
1778521720.4740705,2,86,900,376,121,33,13
1778521720.47704,1,1368,0,45,121,38,3
1778521720.4914896,2,104,1000,391,121,33,13
1778521720.494877,1,1368,0,45,121,38,3
1778521720.509206,2,124,1150,398,121,33,12
1778521720.5122192,1,1368,0,45,121,38,3
1778521720.5261397,2,143,1050,405,121,33,11
1778521720.5292156,1,1368,0,45,121,38,3
1778521720.543699,2,163,1150,413,121,33,11
1778521720.5490925,1,1368,0,45,121,38,3
1778521720.5631905,2,188,1250,414,121,33,12
1778521720.5662446,1,1368,0,45,121,38,2
1778521720.5808048,2,209,1250,411,121,33,11
1778521720.5839996,1,1368,0,45,121,38,3
1778521720.59808,2,230,1250,407,121,33,11
1778521720.60093,1,1368,0,45,121,38,3
1778521720.6154673,2,250,1150,412,121,33,10
1778521720.6188917,1,1368,0,45,121,38,3
1778521720.633276,2,272,1200,412,121,33,12
1778521720.636357,1,1368,0,45,121,38,3
1778521720.6507053,2,293,1200,412,121,33,11
1778521720.6543226,1,1368,0,45,121,38,3
1778521720.66834,2,316,1300,407,121,33,12
1778521720.6712341,1,1368,0,45,121,38,3
1778521720.685767,2,335,1150,406,120,33,9
1778521720.6897354,1,1368,0,45,121,38,3
1778521720.703559,2,358,1150,409,121,33,11
1778521720.7070749,1,1368,0,45,121,38,3
1778521720.7214792,2,379,1150,413,121,33,10
1778521720.7244358,1,1368,0,45,121,38,3
1778521720.738319,2,402,1250,407,121,33,12
1778521720.7414155,1,1368,0,45,121,38,3
1778521720.7555783,2,423,1300,400,121,33,11
1778521720.758565,1,1368,0,45,121,37,2
1778521720.7729309,2,440,1150,403,121,33,10
1778521720.7769392,1,1368,0,45,121,38,3
1778521720.79091,2,463,1150,407,121,33,11
1778521720.7938333,1,1368,0,45,121,37,3
1778521720.8083384,2,482,1200,408,121,33,11
1778521720.8117309,1,1368,0,45,121,38,3
1778521720.8259401,2,507,1250,406,121,33,13
1778521720.828643,1,1368,0,45,121,38,3
1778521720.843284,2,525,1150,405,121,33,12
1778521720.8465157,1,1368,0,45,121,38,2
1778521720.8604336,2,545,1150,409,121,33,12
1778521720.8631785,1,1368,0,45,121,38,3
1778521720.8779283,2,565,1100,417,121,33,11
1778521720.8819652,1,1368,0,45,121,38,3
1778521720.8958795,2,589,1200,416,121,33,12
1778521720.8993492,1,1368,0,45,121,38,4
1778521720.9141054,2,610,1300,408,121,33,10
1778521720.917412,1,1368,0,45,121,38,3
1778521720.9316719,2,630,1200,408,121,33,11
1778521720.9346886,1,1368,0,45,121,38,3
1778521720.9486287,2,652,1150,411,121,33,11
1778521720.951536,1,1368,0,45,121,38,3
1778521720.9658453,2,673,1200,407,121,33,11
1778521720.9693954,1,1368,0,45,121,38,3
1778521720.9839835,2,695,1250,395,121,33,11
1778521720.9869442,1,1368,0,45,121,38,3
1778521721.0008254,2,715,1250,377,121,33,8
1778521721.0036724,1,1368,0,45,121,38,3
1778521721.0179336,2,733,1150,358,121,33,7
1778521721.0215547,1,1368,0,45,121,38,3
1778521721.0355968,2,752,1100,336,121,33,6
1778521721.0383723,1,1368,0,45,121,38,3
1778521721.0547342,2,766,1000,315,121,33,12
1778521721.0588267,1,1370,50,48,121,38,3
1778521721.073758,2,778,700,306,120,33,21
1778521721.077753,1,1372,100,55,120,38,4
1778521721.0917356,2,785,500,305,119,33,35
1778521721.095097,1,1373,100,62,120,38,4
1778521721.1094286,2,789,250,314,118,33,45
1778521721.1124318,1,1374,50,67,119,38,5
1778521721.126387,2,791,150,323,118,33,41
1778521721.1294756,1,1375,50,71,118,38,6
1778521721.1439996,2,792,100,332,118,33,44
1778521721.1472633,1,1375,50,74,119,38,7
1778521721.1611776,2,794,100,336,118,33,44
1778521721.1639717,1,1375,0,73,119,38,7
1778521721.178317,2,794,100,333,118,33,51
1778521721.1819196,1,1375,0,73,119,37,6
1778521721.196067,2,794,0,335,118,33,44
1778521721.1988783,1,1375,0,73,119,38,6
1778521721.213386,2,794,0,335,118,33,45
1778521721.2172809,1,1375,0,73,119,38,6
1778521721.231232,2,794,0,335,117,33,53
1778521721.2345243,1,1375,0,73,119,38,6
1778521721.2493277,2,794,0,335,118,33,48
1778521721.2525017,1,1375,0,73,118,38,6
1778521721.2663915,2,794,0,335,118,33,44
1778521721.2694194,1,1375,50,75,119,38,7
1778521721.2837842,2,794,0,335,118,33,45
1778521721.2870011,1,1375,50,76,119,38,7
1778521721.3010445,2,794,0,335,118,33,49
1778521721.303823,1,1376,-50,73,118,38,7
1778521721.3181214,2,794,0,335,118,33,44
1778521721.3216538,1,1376,50,77,118,38,6
1778521721.3357058,2,794,0,335,118,33,51
1778521721.3385115,1,1376,-50,74,118,38,7
1778521721.3531148,2,794,0,335,118,33,48
1778521721.356999,1,1376,50,76,119,38,6
1778521721.3712468,2,794,0,335,118,33,44
1778521721.3743188,1,1376,0,77,118,38,8
1778521721.3892906,2,794,0,335,118,33,48
1778521721.3925748,1,1376,-50,75,119,38,6
1778521721.4066072,2,794,50,332,118,33,44
1778521721.4096375,1,1375,50,75,118,38,6
1778521721.4241774,2,794,-50,333,118,33,46
1778521721.427554,1,1376,0,77,119,38,6
1778521721.4416397,2,794,0,335,118,33,44
1778521721.4444718,1,1376,0,77,118,38,8
1778521721.4589229,2,794,0,335,118,33,57
1778521721.4623082,1,1376,0,77,119,38,6
1778521721.476252,2,794,0,335,118,33,44
1778521721.4790897,1,1376,-50,73,118,38,7
1778521721.493737,2,794,0,335,118,33,46
1778521721.4978242,1,1376,50,77,119,38,6
1778521721.511873,2,794,0,335,118,33,60
1778521721.5154245,1,1376,0,77,118,38,7
1778521721.5300405,2,794,0,333,118,33,48
1778521721.5331426,1,1376,0,77,119,38,8
1778521721.5472536,2,794,0,327,118,33,41
1778521721.5503683,1,1376,0,77,118,38,7
1778521721.564818,2,794,0,313,118,33,40
1778521721.5679731,1,1376,0,77,119,38,6
1778521721.5819268,2,794,0,293,119,33,40
1778521721.5848505,1,1376,0,77,119,38,6
1778521721.5993574,2,794,0,268,119,33,28
1778521721.6028428,1,1376,0,77,120,38,8
1778521721.6172726,2,794,0,236,119,33,28
1778521721.6202943,1,1376,0,77,120,38,8
1778521721.634596,2,794,0,196,120,33,14
1778521721.6381874,1,1376,0,77,121,38,8
1778521721.652219,2,794,0,150,121,33,9
1778521721.6549904,1,1376,0,77,121,38,6
1778521721.6696804,2,794,0,101,121,33,4
1778521721.673712,1,1376,0,77,121,38,7
1778521721.687801,2,794,0,39,121,33,1
1778521721.6911762,1,1375,0,77,121,38,7
1778521721.7057676,2,792,-50,50,121,33,0
1778521721.7087579,1,1376,0,77,121,38,9
1778521721.72265,2,788,-200,111,121,33,0
1778521721.7256696,1,1375,-50,76,121,38,6
1778521721.740097,2,782,-350,167,121,33,2
1778521721.7433898,1,1374,-50,72,121,38,7
1778521721.7573698,2,772,-350,222,121,33,3
1778521721.76024,1,1372,-50,69,121,38,7
1778521721.7746358,2,765,-500,267,121,33,6
1778521721.7781374,1,1371,-100,62,121,38,3
1778521721.7927506,2,754,-450,324,121,33,12
1778521721.7957072,1,1369,-100,54,121,38,4
1778521721.812597,2,739,-650,365,120,33,16
1778521721.8168736,1,1369,-50,50,121,38,3
1778521721.831058,2,719,-950,384,120,33,14
1778521721.8341444,1,1369,0,49,121,38,3
1778521721.8486528,2,701,-950,402,120,33,14
1778521721.85182,1,1369,0,49,121,38,3
1778521721.865723,2,681,-1100,411,121,33,13
1778521721.8685415,1,1369,0,49,121,38,3
1778521721.8831077,2,660,-1200,413,121,33,12
1778521721.8864136,1,1369,0,49,121,38,3
1778521721.9005442,2,637,-1300,409,121,33,11
1778521721.9034772,1,1369,0,49,121,38,3
1778521721.9180498,2,617,-1200,405,121,33,11
1778521721.9216204,1,1369,0,49,121,38,3
1778521721.9361796,2,594,-1200,405,121,33,11
1778521721.9391856,1,1369,0,49,121,38,3
1778521721.9529877,2,573,-1250,401,121,33,10
1778521721.955768,1,1369,0,49,121,38,3
1778521721.9700813,2,552,-1250,397,121,33,10
1778521721.9737232,1,1368,0,49,121,38,3
1778521721.9883626,2,529,-1250,394,121,33,9
1778521721.991338,1,1369,-50,47,121,38,3
1778521722.0051782,2,509,-1150,396,121,33,10
1778521722.0079324,1,1369,50,47,121,38,3
1778521722.0221977,2,488,-1200,397,121,33,11
1778521722.0257845,1,1369,0,49,121,38,3
1778521722.0397801,2,467,-1250,395,121,33,8
1778521722.0425918,1,1369,0,49,121,38,3
1778521722.0570664,2,446,-1250,393,121,33,8
1778521722.0609033,1,1368,0,49,121,38,3
1778521722.0749218,2,425,-1200,393,121,33,9
1778521722.0779998,1,1368,-50,45,121,38,3
1778521722.0924525,2,404,-1200,393,121,33,9
1778521722.095698,1,1368,50,49,121,38,3
1778521722.1097376,2,382,-1200,393,121,33,10
1778521722.1126819,1,1368,-50,46,121,38,3
1778521722.1271834,2,361,-1250,390,121,33,7
1778521722.1304429,1,1368,0,45,121,38,3
1778521722.14492,2,339,-1250,386,121,33,9
1778521722.1479194,1,1368,0,45,121,38,2
1778521722.1617923,2,317,-1200,385,121,33,9
1778521722.164613,1,1368,0,45,121,38,3
1778521722.179124,2,298,-1200,385,121,33,8
1778521722.1827257,1,1369,0,45,121,38,3
1778521722.1972158,2,275,-1200,385,121,33,8
1778521722.2001746,1,1368,0,45,121,38,3
1778521722.2140265,2,255,-1200,385,121,33,10
1778521722.2169785,1,1368,0,45,121,38,3
1778521722.2315772,2,235,-1200,385,121,33,9
1778521722.23492,1,1368,0,45,121,38,2
1778521722.2488568,2,214,-1150,389,121,33,9
1778521722.2516484,1,1368,0,45,121,38,3
1778521722.2660918,2,194,-1200,389,121,33,9
1778521722.2696724,1,1368,0,45,121,38,3
1778521722.2844198,2,172,-1200,389,121,33,9
1778521722.2876143,1,1368,0,45,121,38,3
1778521722.301608,2,150,-1200,389,121,33,7
1778521722.3044546,1,1368,0,45,121,38,3
1778521722.3190827,2,129,-1200,389,121,33,8
1778521722.3224492,1,1368,0,45,121,38,2
1778521722.336771,2,108,-1200,389,121,33,9
1778521722.339684,1,1368,0,45,121,38,2
1778521722.3535976,2,88,-1200,389,121,33,8
1778521722.356556,1,1368,0,45,121,38,3
1778521722.3713818,2,68,-1200,389,121,33,8
1778521722.3749886,1,1368,0,45,121,38,3
1778521722.3894742,2,45,-1200,384,121,33,9
1778521722.3926167,1,1368,0,45,121,38,3
1778521722.406865,2,25,-1200,375,121,33,8
1778521722.4102066,1,1368,0,45,121,38,3
1778521722.4249554,2,5,-1150,360,121,33,7
1778521722.428134,1,1368,0,45,121,38,3
1778521722.4421735,2,4080,-1100,342,121,33,5
1778521722.4450808,1,1368,0,45,121,38,2
1778521722.4599836,2,4062,-1100,320,121,33,5
1778521722.463452,1,1368,0,45,121,38,3
1778521722.477389,2,4044,-950,297,121,33,5
1778521722.4801285,1,1368,0,45,121,38,3
1778521722.4945292,2,4030,-950,273,121,33,5
1778521722.4980686,1,1368,0,45,121,38,2
1778521722.5120518,2,4019,-900,247,121,33,8
1778521722.5149417,1,1368,0,45,121,38,3
1778521722.5295901,2,4012,-550,243,120,33,14
1778521722.5335593,1,1368,0,45,120,38,3
1778521722.5474458,2,4008,-350,242,120,33,19
1778521722.550775,1,1368,0,45,121,38,3
1778521722.5653481,2,4007,-150,249,121,33,23
1778521722.5686824,1,1368,0,45,120,38,3
1778521722.582601,2,4006,0,258,119,33,27
1778521722.5855858,1,1368,0,45,120,38,2
1778521722.5999682,2,4006,-50,261,120,33,27
1778521722.6031919,1,1368,0,45,120,38,3
1778521722.6174135,2,4006,0,259,120,33,33
1778521722.6205363,1,1368,0,45,120,38,2
1778521722.6346307,2,4006,0,259,119,33,30
1778521722.6377783,1,1368,0,45,120,38,1
1778521722.652364,2,4006,0,259,119,33,33
1778521722.6557455,1,1368,0,45,120,38,3
1778521722.6697948,2,4006,0,259,119,33,27
1778521722.6726544,1,1368,0,45,120,38,3
1778521722.687106,2,4006,0,259,120,33,34
1778521722.6905062,1,1368,0,45,120,38,3
1778521722.7044888,2,4006,0,259,120,33,26
1778521722.7072656,1,1368,0,45,120,38,3
1778521722.7222154,2,4006,0,259,119,33,37
1778521722.726218,1,1368,0,45,120,38,2
1778521722.7402496,2,4006,0,259,119,33,32
1778521722.7441857,1,1368,0,45,120,38,3
1778521722.7585156,2,4006,0,259,119,33,34
1778521722.7614217,1,1368,0,45,120,38,3
1778521722.7755587,2,4006,0,259,119,33,29
1778521722.7787395,1,1368,0,45,120,38,2
1778521722.7933707,2,4006,0,259,119,33,33
1778521722.7995014,1,1368,0,45,120,38,3
1778521722.8140676,2,4006,0,259,119,33,29
1778521722.8177485,1,1368,0,45,120,38,3
1778521722.8318088,2,4006,0,259,120,33,32
1778521722.8346422,1,1368,0,45,120,38,3
1778521722.8493721,2,4006,0,259,119,33,32
1778521722.8534696,1,1368,0,45,120,38,3
1778521722.8676507,2,4006,0,259,120,33,28
1778521722.8712869,1,1368,0,45,120,38,3
1778521722.886502,2,4006,0,259,119,33,35
1778521722.8897107,1,1368,0,45,120,38,3
1778521722.9042065,2,4006,0,259,119,33,27
1778521722.9073155,1,1368,0,45,120,38,2
1778521722.9216259,2,4006,0,259,120,33,29
1778521722.9246726,1,1368,0,45,120,38,2
1778521722.9390483,2,4006,0,259,119,33,32
1778521722.9423754,1,1368,0,45,120,38,3
1778521722.9564445,2,4006,0,259,119,33,33
1778521722.959446,1,1368,0,45,120,38,2
1778521722.9739914,2,4006,0,259,119,33,26
1778521722.9775608,1,1368,0,45,120,38,3
1778521722.9919195,2,4006,0,259,119,33,30
1778521722.9949195,1,1368,0,45,120,37,3
1778521723.009614,2,4006,0,259,119,33,35
1778521723.0136285,1,1368,0,45,120,38,3
1778521723.0276237,2,4006,0,259,119,33,28
1778521723.0310676,1,1368,0,45,120,38,3
1778521723.0454974,2,4006,0,259,119,33,33
1778521723.048676,1,1368,0,45,120,38,3
1778521723.0630164,2,4006,0,259,120,33,30
1778521723.0662384,1,1368,0,45,120,38,2
1778521723.0808718,2,4006,0,259,119,33,26
1778521723.08433,1,1368,0,45,120,38,3
1778521723.0982876,2,4006,0,259,119,33,34
1778521723.1011238,1,1368,0,45,120,38,3
1778521723.1157565,2,4006,0,259,119,33,27
1778521723.1190736,1,1368,0,45,120,38,2
1778521723.1329613,2,4006,0,259,119,33,27
1778521723.135781,1,1368,0,45,120,38,3
1778521723.1499913,2,4006,0,259,119,33,26
1778521723.1535869,1,1368,0,45,120,38,3
1778521723.1683583,2,4006,0,259,119,33,28
1778521723.171372,1,1368,0,45,119,38,2
1778521723.1853623,2,4006,0,259,119,33,36
1778521723.1881585,1,1368,0,45,120,38,3
1778521723.20284,2,4006,0,259,119,33,33
1778521723.20643,1,1368,0,45,120,38,2
1778521723.2209053,2,4006,0,259,119,33,29
1778521723.223787,1,1368,0,45,120,38,3
1778521723.2376685,2,4006,0,259,119,33,32
1778521723.2406254,1,1368,0,45,120,38,3
1778521723.2549965,2,4006,0,259,120,33,35
1778521723.2582128,1,1368,0,45,120,38,2
1778521723.2726183,2,4006,0,259,119,33,31
1778521723.2766423,1,1368,0,45,120,38,3
1778521723.2908375,2,4006,0,259,120,33,30
1778521723.2935672,1,1368,0,45,120,38,3
1778521723.3083766,2,4006,0,258,119,33,29
1778521723.311808,1,1368,0,45,120,38,2
1778521723.325959,2,4006,0,250,120,33,34
1778521723.3287275,1,1368,0,45,120,38,3
1778521723.3434584,2,4006,0,237,120,33,27
1778521723.3467607,1,1368,0,45,121,38,3
1778521723.3607416,2,4006,0,216,120,33,19
1778521723.3636715,1,1368,0,45,121,38,2
1778521723.3782804,2,4006,0,191,121,33,19
1778521723.3819528,1,1368,0,45,121,38,3
1778521723.396033,2,4006,0,157,121,33,9
1778521723.3988967,1,1368,0,45,121,38,3
1778521723.4133122,2,4006,0,121,121,33,6
1778521723.4172523,1,1368,0,45,121,38,3
1778521723.4311473,2,4006,0,72,121,33,2
1778521723.434361,1,1368,0,45,122,38,2
1778521723.4489553,2,4006,0,22,122,33,0
1778521723.4522357,1,1368,0,45,122,38,3
1778521723.4663134,2,4007,50,63,121,33,0
1778521723.469532,1,1368,0,45,122,38,3
1778521723.4842346,2,4010,50,124,122,33,1
1778521723.4876127,1,1368,0,45,122,38,3
1778521723.5016072,2,4016,200,174,122,33,2
1778521723.5043876,1,1368,0,45,121,38,3
1778521723.5190492,2,4021,350,209,121,33,5
1778521723.522634,1,1368,0,45,121,38,3
1778521723.5367508,2,4029,350,238,121,33,5
1778521723.539526,1,1368,0,45,121,38,2
1778521723.55396,2,4039,550,252,121,33,6
1778521723.5575,1,1368,0,45,121,38,3
1778521723.5717156,2,4050,650,250,121,33,6
1778521723.5745344,1,1368,0,45,121,38,3
1778521723.5890565,2,4062,650,237,121,33,5
1778521723.5929353,1,1368,0,45,121,38,3
1778521723.6068976,2,4073,700,214,121,33,4
1778521723.6097178,1,1368,0,45,121,38,2
1778521723.624183,2,4083,600,195,122,33,4
1778521723.627576,1,1368,0,45,122,38,3
1778521723.641515,2,4093,600,166,121,33,3
1778521723.6443355,1,1368,0,45,121,38,3
1778521723.6588163,2,4,450,142,121,33,2
1778521723.6621306,1,1368,0,45,122,38,3
1778521723.6759872,2,10,400,116,121,33,2
1778521723.6787858,1,1368,0,45,121,38,2
1778521723.6935492,2,14,250,94,122,33,2
1778521723.6974452,1,1368,0,45,121,38,3
1778521723.7113454,2,17,150,77,122,33,2
1778521723.7145238,1,1368,0,45,121,38,3
1778521723.7291136,2,18,150,67,121,33,2
1778521723.732301,1,1368,0,45,122,38,2
1778521723.7464232,2,19,50,65,121,33,2
1778521723.7494068,1,1368,0,45,121,38,3
1778521723.7640479,2,19,50,62,121,33,1
1778521723.767309,1,1368,0,45,122,38,3
1778521723.7815387,2,19,0,63,121,33,2
1778521723.7843971,1,1368,0,45,121,38,3
1778521723.7993786,2,19,0,70,122,33,2
1778521723.8030834,1,1368,0,45,122,38,3
1778521723.8173544,2,19,0,84,122,33,3
1778521723.8203468,1,1368,0,45,122,38,3
1778521723.834916,2,19,0,105,121,33,5
1778521723.8383996,1,1368,0,45,121,38,3
1778521723.852405,2,20,50,129,121,33,5
1778521723.8552868,1,1368,0,45,121,38,3
1778521723.8697064,2,23,50,156,121,33,8
1778521723.873278,1,1368,0,45,121,38,3
1778521723.8872163,2,27,150,184,121,33,8
1778521723.8905802,1,1368,0,45,121,38,3
1778521723.9053462,2,33,250,209,121,33,9
1778521723.9086401,1,1368,0,45,121,38,3
1778521723.922675,2,41,400,232,121,33,9
1778521723.9256544,1,1368,0,45,121,38,3
1778521723.940154,2,49,450,257,121,33,9
1778521723.9435403,1,1368,0,45,121,37,3
1778521723.957577,2,61,550,283,121,33,9
1778521723.960373,1,1368,0,45,121,38,3
1778521723.975168,2,74,750,305,121,33,10
1778521723.9787672,1,1368,0,45,121,38,3
1778521723.9929829,2,89,800,326,121,33,11
1778521723.9958017,1,1368,0,45,121,38,3
1778521724.0103576,2,104,850,337,121,33,11
1778521724.0140386,1,1368,0,45,121,38,3
1778521724.028061,2,122,850,341,121,33,10
1778521724.0308661,1,1368,0,45,121,38,2
1778521724.0451949,2,137,1000,325,121,33,7
1778521724.0522747,1,1368,0,45,121,38,3
1778521724.0672693,2,157,850,315,121,33,8
1778521724.072085,1,1368,0,45,121,38,3
1778521724.0862603,2,175,950,287,121,33,5
1778521724.0892596,1,1368,0,45,121,38,3
1778521724.1038008,2,190,900,260,121,33,4
1778521724.1071575,1,1368,0,45,121,38,2
1778521724.1213245,2,203,850,232,121,33,5
1778521724.1242738,1,1368,0,45,121,38,3
1778521724.138615,2,215,750,204,121,33,4
1778521724.1422455,1,1368,0,45,121,38,3
1778521724.1562645,2,225,550,178,121,33,4
1778521724.1590679,1,1368,0,45,121,38,3
1778521724.1736734,2,232,500,155,122,33,3
1778521724.1775293,1,1368,0,45,122,38,2
1778521724.1915534,2,239,350,129,121,33,2
1778521724.1949484,1,1368,0,45,122,38,2
1778521724.209862,2,244,300,105,121,33,2
1778521724.2128325,1,1368,0,45,122,38,2
1778521724.2268956,2,249,300,85,121,33,2
1778521724.2299857,1,1368,0,45,121,38,2
1778521724.2447157,2,251,250,68,122,33,2
1778521724.2478843,1,1368,0,45,122,38,3
1778521724.2618144,2,253,100,62,122,33,2
1778521724.2647953,1,1368,0,45,122,38,3
1778521724.27925,2,253,100,55,121,33,2
1778521724.2825825,1,1368,0,45,122,38,3
1778521724.2972436,2,254,0,54,122,33,0
1778521724.3001828,1,1368,0,45,122,38,3
1778521724.3140259,2,254,50,51,121,33,1
1778521724.3169358,1,1368,0,45,122,38,3
1778521724.331419,2,254,0,50,121,33,1
1778521724.3347013,1,1368,0,45,122,38,3
1778521724.3486125,2,254,0,50,121,33,1
1778521724.351441,1,1368,0,45,122,38,2
1778521724.3657362,2,254,0,50,121,33,1
1778521724.3693821,1,1368,0,45,122,38,2
1778521724.3832154,2,255,0,50,122,33,1
1778521724.3864884,1,1368,0,45,122,38,2
1778521724.4010525,2,254,50,46,122,33,1
1778521724.404213,1,1368,0,45,122,38,2
1778521724.4181035,2,255,0,46,121,33,1
1778521724.420955,1,1368,0,45,121,38,3
1778521724.4354389,2,254,0,46,122,33,1
1778521724.4386847,1,1368,0,45,121,38,3
1778521724.453033,2,255,-50,48,122,33,1
1778521724.4561079,1,1368,0,45,122,38,3
1778521724.4701467,2,255,0,50,122,33,1
1778521724.4732032,1,1368,0,45,121,38,2
1778521724.488009,2,255,50,49,122,33,1
1778521724.4913359,1,1368,0,45,122,38,2
1778521724.505436,2,255,50,45,122,33,1
1778521724.5082135,1,1368,0,45,121,38,2
1778521724.5227735,2,255,-50,50,122,33,0
1778521724.5263994,1,1368,0,45,122,38,3
1778521724.5405447,2,255,50,46,121,33,0
1778521724.5432878,1,1368,0,45,122,38,3
1778521724.558057,2,254,0,46,122,33,1
1778521724.5617967,1,1368,0,45,122,38,3
1778521724.575875,2,254,0,46,121,33,1
1778521724.5793135,1,1368,0,45,122,38,3
1778521724.59457,2,255,-50,48,122,33,1
1778521724.597804,1,1368,0,45,122,38,3
1778521724.6118705,2,255,0,50,121,33,1
1778521724.6147213,1,1368,0,45,121,38,2
1778521724.6295328,2,254,50,48,122,33,1
1778521724.6335146,1,1368,0,45,122,38,2
1778521724.6476169,2,254,-50,47,121,33,0
1778521724.6511075,1,1368,0,45,122,38,3
1778521724.6658127,2,254,-50,51,121,33,1
1778521724.6688244,1,1368,0,45,122,38,2
1778521724.6827018,2,255,50,45,121,33,1
1778521724.6858077,1,1368,0,45,122,38,3
1778521724.7002842,2,255,0,46,121,33,1
1778521724.703641,1,1368,0,45,122,38,2
1778521724.717738,2,255,-50,49,122,33,1
1778521724.7205796,1,1368,0,45,121,38,3
1778521724.7351997,2,255,0,50,121,33,1
1778521724.7385297,1,1368,0,45,122,38,3
1778521724.7525349,2,254,0,50,122,33,1
1778521724.7553682,1,1368,0,45,122,38,2
1778521724.7698693,2,254,50,48,122,33,1
1778521724.7738209,1,1368,0,45,122,38,3
1778521724.78762,2,255,0,46,121,33,1
1778521724.791018,1,1368,0,45,122,38,3
1778521724.805418,2,255,0,46,122,33,1
1778521724.8084838,1,1368,0,45,122,38,3
1778521724.8223844,2,255,0,46,121,33,1
1778521724.8253381,1,1368,0,45,121,38,2
1778521724.8400307,2,255,0,46,122,33,1
1778521724.8434145,1,1368,0,45,122,38,2
1778521724.857345,2,255,0,46,121,33,1
1778521724.860134,1,1368,0,45,122,38,2
1778521724.8746843,2,255,-50,49,122,33,1
1778521724.8782544,1,1368,0,45,122,38,2
1778521724.8923113,2,255,50,47,122,33,1
1778521724.8951008,1,1368,0,45,122,38,2
1778521724.9096773,2,255,-50,48,122,33,1
1778521724.9136145,1,1368,0,45,122,38,2
1778521724.927465,2,254,50,48,122,33,2
1778521724.9308958,1,1368,0,45,122,38,2
1778521724.945435,2,255,50,46,122,33,1
1778521724.9484293,1,1368,0,45,122,38,3
1778521724.9628499,2,255,0,46,122,33,1
1778521724.9658904,1,1368,0,45,122,38,3
1778521724.9806113,2,255,-50,50,121,33,1
1778521724.9838097,1,1368,0,45,122,38,3
1778521724.9977515,2,255,0,50,121,33,1
1778521725.000586,1,1368,0,45,122,38,2
1778521725.015052,2,255,50,47,122,33,1
1778521725.0184004,1,1368,0,45,122,38,2
1778521725.0323977,2,255,0,46,122,33,1
1778521725.0352128,1,1368,0,45,121,38,2
1778521725.0496132,2,255,0,46,121,33,1
1778521725.0532167,1,1368,0,45,122,38,3
1778521725.0670886,2,255,0,46,121,33,1
1778521725.0700576,1,1368,0,45,122,38,3
1778521725.0846207,2,255,0,46,121,33,1
1778521725.0880466,1,1368,0,45,121,38,3
1778521725.1020029,2,255,0,46,121,33,0
1778521725.1048698,1,1368,0,45,122,38,3
1778521725.1196818,2,255,0,46,122,33,1
1778521725.1230526,1,1368,0,45,122,38,3
1778521725.1372223,2,255,0,46,122,33,1
1778521725.14011,1,1368,0,45,121,38,3
1778521725.154772,2,255,-50,49,122,33,2
1778521725.1583834,1,1368,0,45,122,38,3
1778521725.1724563,2,254,50,47,122,33,1
1778521725.1753082,1,1368,0,45,121,38,3
1778521725.189631,2,255,-50,48,122,33,1
1778521725.1932714,1,1368,0,45,122,38,3
1778521725.207273,2,255,50,48,121,33,1
1778521725.2103593,1,1368,0,45,122,38,3
1778521725.2248814,2,255,50,46,121,33,1
1778521725.2280357,1,1368,0,45,121,38,3
1778521725.2420611,2,255,0,46,121,33,0
1778521725.244943,1,1368,0,45,121,38,2
1778521725.2593424,2,255,-50,50,122,33,1
1778521725.2625337,1,1368,0,45,122,38,3
1778521725.276389,2,255,50,46,122,33,1
1778521725.279199,1,1368,0,45,122,38,1
1778521725.2939105,2,255,0,46,121,33,1
1778521725.301092,1,1368,0,45,122,38,2
1778521725.3157613,2,255,0,46,121,33,1
1778521725.3194404,1,1368,0,45,122,38,2
1778521725.33359,2,255,-50,49,121,33,1
1778521725.3364115,1,1368,0,45,122,38,2
1778521725.3512893,2,255,50,47,122,33,1
1778521725.3549533,1,1368,0,45,122,38,3
1778521725.3690789,2,255,0,46,121,33,1
1778521725.3717954,1,1368,0,45,122,38,3
1778521725.3865743,2,254,0,46,122,33,1
1778521725.3901691,1,1368,0,45,122,38,2
1778521725.4044337,2,255,0,46,121,33,1
1778521725.4072778,1,1368,0,45,121,38,3
1778521725.4218943,2,255,0,46,121,33,0
1778521725.425865,1,1368,0,45,122,38,3
1778521725.4397519,2,255,0,46,122,33,2
1778521725.442729,1,1368,0,45,121,38,3
1778521725.457296,2,255,-50,50,122,33,1
1778521725.4605339,1,1368,0,45,122,38,3
1778521725.4744003,2,254,50,46,122,33,0
1778521725.477403,1,1368,0,45,122,38,3
1778521725.4918792,2,254,-50,49,122,33,1
1778521725.495112,1,1368,0,45,121,38,3
1778521725.508999,2,255,50,47,122,33,1
1778521725.511745,1,1368,0,45,122,38,3
1778521725.5260105,2,255,0,46,122,33,0
1778521725.529543,1,1368,0,45,122,38,3
1778521725.5443132,2,254,0,46,122,33,1
1778521725.5475886,1,1368,0,45,122,38,3
1778521725.561557,2,255,0,46,121,33,1
1778521725.5643435,1,1368,0,45,121,38,3
1778521725.5791829,2,255,0,46,122,33,1
1778521725.5824842,1,1368,0,45,122,38,2
1778521725.5968041,2,254,0,46,122,33,0
1778521725.599652,1,1368,0,45,122,38,3
1778521725.6142838,2,255,0,46,121,33,1
1778521725.6179655,1,1368,0,45,122,38,3
1778521725.6325624,2,254,0,46,122,33,1
1778521725.6354692,1,1368,0,45,122,38,3
1778521725.6493716,2,255,0,46,121,33,0
1778521725.652252,1,1368,0,45,122,38,3
1778521725.6667507,2,255,0,46,121,33,1
1778521725.6703157,1,1368,0,45,122,38,3
1778521725.6842701,2,254,0,46,121,33,2
1778521725.6870873,1,1368,0,45,122,38,3
1778521725.7016387,2,255,0,46,122,33,1
1778521725.7055678,1,1368,0,45,122,38,3
1778521725.7193856,2,255,0,46,122,33,0
1778521725.7227464,1,1368,0,45,122,38,3
1778521725.7373645,2,255,0,46,121,33,0
1778521725.7405992,1,1368,0,45,121,38,3
1778521725.7546816,2,255,0,46,122,33,1
1778521725.7576683,1,1368,0,45,121,38,3
1778521725.772414,2,254,0,46,121,33,1
1778521725.7757816,1,1368,0,45,122,38,2
1778521725.7898352,2,255,-50,48,121,33,1
1778521725.792555,1,1368,0,45,122,38,3
1778521725.8072162,2,255,0,50,122,33,1
1778521725.8104424,1,1368,0,45,122,38,3
1778521725.8243163,2,254,50,48,122,33,1
1778521725.8271255,1,1368,0,45,122,38,3
1778521725.8415399,2,255,50,45,122,33,1
1778521725.8455372,1,1368,0,45,122,38,3
1778521725.8596725,2,255,0,46,122,33,1
1778521725.8629048,1,1368,0,45,122,38,3
1778521725.8772764,2,254,-50,50,121,33,1
1778521725.8804278,1,1368,0,45,122,38,3
1778521725.8945127,2,255,50,46,122,33,1
1778521725.8973832,1,1368,0,45,121,38,3
1778521725.9121974,2,255,0,46,121,33,1
1778521725.9155278,1,1368,0,45,122,38,2
1778521725.9295435,2,255,0,46,121,33,1
1778521725.9323013,1,1368,0,45,122,38,3
1778521725.9468424,2,255,0,46,122,33,0
1778521725.9502945,1,1368,0,45,122,38,2
1778521725.9643128,2,255,-50,48,122,33,1
1778521725.9671278,1,1368,0,45,122,38,3
1778521725.9814916,2,255,-50,51,122,33,1
1778521725.985438,1,1368,0,45,122,38,3
1778521725.9994404,2,255,50,45,121,33,1
1778521726.0027916,1,1368,0,45,122,38,3
1778521726.0172467,2,255,0,46,121,33,0
1778521726.0203536,1,1368,0,45,122,38,3
1778521726.034361,2,255,0,46,122,33,1
1778521726.037338,1,1368,0,45,122,38,3
1778521726.0519936,2,254,0,46,121,33,1
1778521726.0552368,1,1368,0,45,122,38,3
1778521726.0703523,2,255,0,46,122,33,1
1778521726.0747032,1,1368,0,45,122,38,3
1778521726.0890863,2,255,-50,49,121,33,1
1778521726.0930638,1,1368,0,45,122,38,3
1778521726.1074576,2,255,50,47,122,33,1
1778521726.1104412,1,1368,0,45,122,38,3
1778521726.125002,2,255,0,46,122,33,1
1778521726.1289604,1,1368,0,45,122,38,2
1778521726.1430037,2,255,0,46,122,33,1
1778521726.1460128,1,1368,0,45,121,38,3
1778521726.1606607,2,254,0,46,122,33,1
1778521726.163929,1,1368,0,45,122,38,3
1778521726.1780918,2,255,0,46,122,33,1
1778521726.1811116,1,1368,0,45,122,38,3
1778521726.1960185,2,255,0,46,122,33,1
1778521726.199492,1,1368,0,45,122,38,2
1778521726.2136855,2,255,0,46,122,33,1
1778521726.2166877,1,1368,0,45,122,38,3
1778521726.2313983,2,255,0,46,122,33,1
1778521726.2348812,1,1368,0,45,122,38,3
1778521726.2490563,2,255,0,46,122,33,1
1778521726.2518444,1,1368,0,45,122,38,3
1778521726.2662506,2,255,0,46,122,33,0
1778521726.2694407,1,1368,0,45,122,38,2
1778521726.2834163,2,255,0,46,122,33,1
1778521726.2865705,1,1368,0,45,122,38,3
1778521726.3013518,2,255,0,46,122,33,1
1778521726.304748,1,1368,0,45,122,38,2
1778521726.3188074,2,255,0,46,122,33,1
1778521726.321749,1,1368,0,45,121,38,2
1778521726.3362448,2,255,0,46,122,33,1
1778521726.3394787,1,1368,0,45,122,38,3
1778521726.3536186,2,254,0,46,121,33,0
1778521726.356432,1,1368,0,45,122,38,3
1778521726.3711035,2,255,0,46,122,33,1
1778521726.374776,1,1368,0,45,122,38,3
1778521726.3891215,2,255,-50,49,122,33,1
1778521726.3919826,1,1368,0,45,122,38,3
1778521726.4064229,2,255,50,47,122,33,1
1778521726.41001,1,1368,0,45,122,38,3
1778521726.4247696,2,255,0,46,121,33,0
1778521726.4279644,1,1368,0,45,121,38,3
1778521726.441947,2,255,-50,47,121,33,1
1778521726.4448032,1,1368,0,45,122,38,3
1778521726.4593573,2,254,-50,51,122,33,1
1778521726.462744,1,1368,0,45,122,38,3
1778521726.47681,2,255,50,45,121,33,1
1778521726.4795659,1,1368,0,45,122,38,3
1778521726.4942946,2,255,0,46,122,33,1
1778521726.4980266,1,1368,0,45,122,38,2
1778521726.512339,2,255,0,46,122,33,1
1778521726.5151541,1,1368,0,45,122,38,3
1778521726.529695,2,255,0,46,122,33,1
1778521726.5333683,1,1368,0,45,122,38,3
1778521726.5487478,2,255,0,46,122,33,1
1778521726.5522695,1,1368,0,45,122,38,2
1778521726.567178,2,255,0,46,122,33,0
1778521726.570474,1,1368,0,45,122,38,3
1778521726.5843894,2,255,0,46,121,33,1
1778521726.587236,1,1368,0,45,122,38,3
1778521726.601922,2,254,-50,47,122,33,1
1778521726.6056514,1,1368,0,45,122,38,2
1778521726.6195676,2,255,50,48,121,33,1
1778521726.6225696,1,1368,0,45,121,38,3
1778521726.6370964,2,255,50,45,122,33,1
1778521726.6402924,1,1368,0,45,121,38,3
1778521726.6543477,2,255,0,46,122,33,1
1778521726.6574135,1,1368,0,45,122,38,3
1778521726.6716585,2,255,0,46,122,33,1
1778521726.674646,1,1368,0,45,122,38,2
1778521726.689163,2,255,0,46,122,33,1
1778521726.6931038,1,1368,0,45,122,38,3
1778521726.706998,2,255,0,46,121,33,0
1778521726.710022,1,1368,0,45,122,38,3
1778521726.7245321,2,255,0,46,122,33,1
1778521726.7278025,1,1368,0,45,122,38,3
1778521726.741805,2,255,0,46,121,33,1
1778521726.7447286,1,1368,0,45,122,38,3
1778521726.7592912,2,255,0,46,122,33,1
1778521726.7625816,1,1368,0,45,122,38,3
1778521726.7769077,2,255,0,46,122,33,1
1778521726.779993,1,1368,0,45,122,38,3
1778521726.794382,2,255,0,46,122,33,1
1778521726.79811,1,1368,0,45,122,38,3
1778521726.8126621,2,255,0,46,122,33,1
1778521726.8156157,1,1368,0,45,122,38,3
1778521726.8294568,2,255,0,46,122,33,1
1778521726.8321958,1,1368,0,45,122,38,3
1778521726.846668,2,255,0,46,122,33,1
1778521726.850203,1,1368,0,45,122,38,2
1778521726.864183,2,255,0,46,121,33,1
1778521726.8670053,1,1368,0,45,122,38,3
1778521726.8815804,2,255,0,46,122,33,1
1778521726.8854914,1,1368,0,45,122,38,2
1778521726.8993566,2,255,0,46,122,33,1
1778521726.9026294,1,1368,0,45,122,38,2
1778521726.9172633,2,254,0,46,122,33,1
1778521726.9204998,1,1368,0,45,122,38,3
1778521726.934458,2,255,0,46,122,33,1
1778521726.937445,1,1368,0,45,122,38,2
1778521726.9517899,2,255,0,46,121,33,1
1778521726.9550664,1,1368,0,45,122,38,3
1778521726.9690444,2,255,0,46,122,33,1
1778521726.9718628,1,1368,0,45,121,38,3
1778521726.9861178,2,255,-50,49,121,33,1
1778521726.9897454,1,1368,0,45,122,38,2
1778521727.003728,2,255,0,50,122,33,2
1778521727.0064662,1,1368,0,45,121,38,2
1778521727.020683,2,255,50,48,122,33,1
1778521727.0245569,1,1368,0,45,122,38,3
1778521727.0385716,2,255,0,46,121,33,1
1778521727.0414667,1,1368,0,45,121,38,2
1778521727.0559235,2,254,0,46,122,33,0
1778521727.0590534,1,1368,0,45,122,38,3
1778521727.0734785,2,255,0,46,122,33,1
1778521727.0775044,1,1368,0,45,122,38,3
1778521727.0914142,2,255,-50,50,122,33,2
1778521727.0946379,1,1368,0,45,122,38,3
1778521727.1093197,2,255,50,46,122,33,1
1778521727.1125782,1,1368,0,45,122,38,2
1778521727.126479,2,254,0,46,121,33,1
1778521727.1293032,1,1368,0,45,122,38,3
1778521727.1438777,2,255,-50,48,122,33,1
1778521727.1473882,1,1368,0,45,122,38,3
1778521727.161426,2,255,50,48,121,33,1
1778521727.1641634,1,1368,0,45,121,38,3
1778521727.1784616,2,255,0,46,122,33,1
1778521727.1824157,1,1368,0,45,121,38,3
1778521727.196556,2,255,0,47,122,33,1
1778521727.1994672,1,1368,0,45,122,38,3
1778521727.213887,2,255,-50,50,122,33,2
1778521727.2175796,1,1368,0,45,122,38,3
1778521727.231661,2,255,50,46,122,33,1
1778521727.2351623,1,1368,0,45,122,38,3
1778521727.249558,2,255,0,46,122,33,1
1778521727.2527962,1,1368,0,45,121,38,3
1778521727.2666764,2,255,0,46,122,33,0
1778521727.2698526,1,1368,0,45,121,38,3
1778521727.2843642,2,254,0,46,122,33,1
1778521727.2875938,1,1368,0,45,122,38,3
1778521727.3015978,2,255,-50,48,122,33,1
1778521727.3044102,1,1368,0,45,122,38,3
1778521727.3189828,2,255,50,48,122,33,1
1778521727.3225756,1,1368,0,45,122,38,3
1778521727.336679,2,255,0,46,122,33,0
1778521727.3394947,1,1368,0,45,122,38,3
1778521727.3539765,2,255,0,46,122,33,1
1778521727.3574817,1,1368,0,45,122,38,2
1778521727.3721967,2,254,0,46,122,33,1
1778521727.375307,1,1368,0,45,122,38,2
1778521727.3892925,2,255,0,46,121,33,1
1778521727.3920693,1,1368,0,45,122,38,3
1778521727.4065564,2,254,-50,49,122,33,1
1778521727.4101696,1,1368,0,45,122,38,3
1778521727.4243357,2,255,50,47,122,33,2
1778521727.4272935,1,1368,0,45,122,38,3
1778521727.4415467,2,255,0,46,121,33,1
1778521727.4453192,1,1368,0,45,122,38,3
1778521727.4592345,2,255,0,46,122,33,1
1778521727.462471,1,1368,0,45,122,38,3
1778521727.477136,2,255,0,46,122,33,1
1778521727.4803638,1,1368,0,45,122,38,3
1778521727.4942696,2,255,0,46,122,33,1
1778521727.4971752,1,1368,0,45,122,38,2
1778521727.5116777,2,254,0,46,122,33,1
1778521727.5151742,1,1368,0,45,122,38,3
1778521727.529176,2,255,0,46,122,33,1
1778521727.5319088,1,1368,0,45,121,38,2
1778521727.5467114,2,255,0,46,122,33,1
1778521727.5505688,1,1368,0,45,122,39,2
1778521727.5647845,2,255,0,46,121,33,0
1778521727.5675604,1,1368,0,45,122,38,2
1778521727.5819807,2,255,0,46,122,33,1
1778521727.5856926,1,1368,0,45,122,38,2
1778521727.6003256,2,255,0,46,122,33,0
1778521727.6032095,1,1368,0,45,122,38,3
1778521727.6171925,2,255,0,46,121,33,1
1778521727.620062,1,1368,0,45,122,38,3
1778521727.6346226,2,255,0,46,121,33,0
1778521727.6382234,1,1368,0,45,122,38,2
1778521727.6523175,2,255,0,46,122,33,1
1778521727.6552222,1,1368,0,45,122,38,3
1778521727.6696684,2,255,-50,50,121,33,1
1778521727.6736996,1,1368,0,45,121,38,3
1778521727.6877143,2,255,50,46,122,33,1
1778521727.6912525,1,1368,0,45,122,38,2
1778521727.7056224,2,255,0,46,122,33,1
1778521727.7088287,1,1368,0,45,122,38,3
1778521727.722864,2,255,0,46,121,33,1
1778521727.7259521,1,1368,0,45,121,38,3
1778521727.7404127,2,255,0,46,121,33,2
1778521727.7436304,1,1368,0,45,122,38,3
