Timestamp,ID,Position,Speed,Load,Voltage,Temperature,Current
1778520182.7473218,1,1216,200,55,114,66,0
1778520182.7614257,1,1221,200,91,115,66,0
1778520182.7749374,1,1227,300,118,114,86,3
1778520182.7883394,1,1233,500,136,115,67,0
1778520182.801815,1,1242,500,153,116,67,0
1778520182.815299,1,1251,600,163,117,67,0
1778520182.828809,1,1260,650,171,117,66,4
1778520182.842247,1,1270,650,179,118,67,0
1778520182.8557758,1,1279,750,180,118,67,0
1778520182.8691437,1,1290,700,185,119,67,0
1778520182.88255,1,1299,700,190,119,67,6
1778520182.8958714,1,1309,700,196,120,67,6
1778520182.9092872,1,1318,750,199,120,66,0
1778520182.922738,1,1328,750,204,120,66,3
1778520182.9361176,1,1336,650,212,120,66,9
1778520182.9495451,1,1345,700,217,120,66,3
1778520182.96294,1,1353,600,225,120,67,11
1778520182.9766185,1,1359,600,236,120,67,4
1778520182.9900181,1,1366,450,256,119,67,5
1778520183.0034006,1,1374,550,271,120,67,20
1778520183.0168307,1,1383,550,284,120,66,11
1778520183.0302649,1,1393,700,290,119,67,11
1778520183.0438588,1,1403,700,295,120,66,9
1778520183.057346,1,1413,700,301,120,67,9
1778520183.0708973,1,1423,750,303,119,67,9
1778520183.0846162,1,1434,800,304,119,67,26
1778520183.0983942,1,1445,800,304,120,67,23
1778520183.1118553,1,1456,800,304,120,66,21
1778520183.1253445,1,1467,800,304,120,66,7
1778520183.1387799,1,1478,800,304,120,67,8
1778520183.152166,1,1490,800,304,119,67,10
1778520183.1655977,1,1500,850,302,119,67,23
1778520183.1789887,1,1511,850,299,120,67,24
1778520183.1927857,1,1522,800,300,120,67,21
1778520183.2068212,1,1534,800,300,120,67,9
1778520183.220158,1,1545,800,300,120,67,8
1778520183.2335618,1,1556,850,296,120,66,7
1778520183.246939,1,1567,800,296,119,67,9
1778520183.2603388,1,1578,800,296,120,67,23
1778520183.2738287,1,1588,800,296,120,67,20
1778520183.2872922,1,1599,750,299,120,67,7
1778520183.300961,1,1609,800,300,120,67,7
1778520183.3145902,1,1620,800,300,120,67,8
1778520183.3281994,1,1632,800,300,119,67,9
1778520183.3419776,1,1644,850,299,120,67,22
1778520183.3557436,1,1654,850,296,120,67,24
1778520183.369226,1,1665,800,296,120,67,8
1778520183.3827767,1,1677,800,296,120,67,7
1778520183.396157,1,1687,800,296,120,67,7
1778520183.409591,1,1698,800,296,120,67,8
1778520183.4229033,1,1708,800,296,120,67,22
1778520183.4364247,1,1720,800,296,120,67,21
1778520183.4502387,1,1732,800,296,121,67,9
1778520183.4637673,1,1742,850,294,120,67,8
1778520183.4771662,1,1754,850,291,120,67,6
1778520183.4907656,1,1766,800,292,120,67,8
1778520183.5041647,1,1775,850,290,119,67,9
1778520183.517806,1,1787,850,287,120,67,21
1778520183.531385,1,1797,750,292,120,67,20
1778520183.5452404,1,1808,800,292,120,67,8
1778520183.5592637,1,1819,800,292,121,67,7
1778520183.5728047,1,1830,800,292,120,67,8
1778520183.5864122,1,1842,800,292,119,67,10
1778520183.599878,1,1852,800,292,119,67,9
1778520183.6133487,1,1863,800,292,119,67,23
1778520183.6268117,1,1874,800,292,120,67,21
1778520183.640324,1,1884,750,294,120,67,9
1778520183.6539457,1,1895,750,297,121,67,9
1778520183.6673775,1,1906,800,296,120,66,7
1778520183.6808472,1,1913,650,302,119,67,30
1778520183.6943765,1,1919,650,310,119,67,17
1778520183.7080915,1,1923,450,331,118,67,44
1778520183.72195,1,1926,200,360,118,67,37
1778520183.7357268,1,1927,200,394,116,67,81
1778520183.7491488,1,1928,150,431,115,67,77
1778520184.5563595,2,684,-800,335,113,55,9
1778520184.570539,2,672,-850,331,114,55,8
1778520184.5848334,2,659,-800,331,113,55,8
1778520184.598264,2,647,-900,328,114,55,8
1778520184.6117356,2,634,-900,322,113,55,8
1778520184.625134,2,624,-900,317,114,55,10
1778520184.638504,2,613,-800,315,113,55,7
1778520184.6520243,2,602,-800,315,113,55,8
1778520184.665522,2,591,-750,318,113,55,8
1778520184.6789312,2,580,-850,317,113,55,8
1778520184.6927693,2,569,-850,314,113,55,7
1778520184.707196,2,558,-800,315,113,55,7
1778520184.7207518,2,546,-800,315,114,55,7
1778520184.7343729,2,535,-800,315,113,55,8
1778520184.7479093,2,524,-850,311,114,55,8
1778520184.761334,2,514,-750,313,113,55,6
1778520184.774826,2,503,-750,316,114,55,8
1778520184.78832,2,491,-800,315,113,55,7
1778520184.8017921,2,481,-800,315,114,55,8
1778520184.8153648,2,469,-800,315,113,55,7
1778520184.8288217,2,459,-800,315,114,55,6
1778520184.8422956,2,447,-850,312,113,55,6
1778520184.855753,2,436,-850,310,114,55,7
1778520184.8693013,2,425,-850,307,113,55,7
1778520184.8827474,2,415,-800,307,114,55,7
1778520184.8961737,2,403,-800,307,113,55,6
1778520184.909509,2,393,-800,307,114,55,7
1778520184.922795,2,382,-800,307,113,55,7
1778520184.9361827,2,371,-800,307,113,55,7
1778520184.949696,2,360,-800,307,114,55,6
1778520184.963673,2,349,-850,304,113,55,7
1778520184.9773378,2,337,-800,303,113,54,6
1778520184.9909642,2,326,-800,303,113,55,7
1778520185.0046568,2,315,-800,303,113,55,7
1778520185.0181003,2,304,-750,305,114,55,7
1778520185.0317278,2,295,-750,307,113,55,7
1778520185.045517,2,283,-800,307,114,55,7
1778520185.0591216,2,272,-800,307,113,55,7
1778520185.0727234,2,261,-800,307,114,55,7
1778520185.0862012,2,250,-800,307,113,55,7
1778520185.0996215,2,240,-800,307,114,55,7
1778520185.113345,2,228,-800,307,114,55,7
1778520185.1274824,2,218,-800,307,113,55,6
1778520185.1410384,2,207,-750,309,114,55,7
1778520185.1545372,2,196,-800,311,113,55,7
1778520185.168006,2,185,-800,311,114,55,8
1778520185.1815863,2,174,-850,308,113,55,6
1778520185.195039,2,163,-800,307,114,55,7
1778520185.208595,2,152,-800,307,113,55,7
1778520185.2220912,2,140,-800,307,113,55,7
1778520185.2355719,2,130,-800,307,114,55,7
1778520185.249083,2,119,-800,307,113,55,8
1778520185.262445,2,109,-800,307,114,55,7
1778520185.2758582,2,99,-750,309,113,55,7
1778520185.2893493,2,88,-750,311,113,55,7
1778520185.3028188,2,77,-800,311,114,55,7
1778520185.316626,2,65,-850,309,113,55,7
1778520185.3304844,2,54,-850,306,114,55,7
1778520185.3441439,2,44,-750,310,113,55,7
1778520185.3575785,2,33,-800,311,113,55,7
1778520185.371059,2,23,-800,311,113,55,7
1778520185.3848956,2,12,-800,311,113,55,8
1778520185.3986933,2,1,-750,313,114,55,7
1778520185.4123883,2,4085,-750,314,113,55,7
1778520185.425807,2,4074,-850,311,114,55,7
1778520185.4393623,2,4064,-800,311,113,55,8
1778520185.4529808,2,4053,-750,312,113,55,7
1778520185.4667647,2,4042,-750,315,114,55,8
1778520185.480145,2,4033,-800,315,113,55,9
1778520185.4936104,2,4023,-650,320,114,55,10
1778520185.507051,2,4017,-650,327,113,55,15
1778520185.5204582,2,4012,-450,348,113,55,23
1778520185.533972,2,4010,-250,372,112,55,36
1778520185.5475917,2,4009,-250,403,110,55,55
1778520185.5611694,2,4008,-100,444,111,55,57
1778520186.3682013,2,4005,250,101,121,55,0
1778520186.3722198,1,1926,-200,109,121,67,5
1778520186.385041,2,4011,250,138,121,55,1
1778520186.3878245,1,1921,-300,142,121,67,8
1778520186.4014983,2,4016,300,169,120,55,2
1778520186.4053884,1,1915,-350,173,121,67,3
1778520186.4185162,2,4022,400,198,120,55,3
1778520186.4217045,1,1911,-300,206,120,67,23
1778520186.4353805,2,4027,300,231,119,55,5
1778520186.4387367,1,1906,-300,240,120,67,8
1778520186.451759,2,4035,400,259,119,55,7
1778520186.4546857,1,1897,-300,272,118,68,9
1778520186.4677393,2,4044,550,280,120,55,8
1778520186.4711604,1,1887,-550,287,118,68,33
1778520186.4847136,2,4055,550,297,120,55,9
1778520186.4879396,1,1875,-650,297,118,67,38
1778520186.5011172,2,4067,650,306,120,55,10
1778520186.504096,1,1864,-700,305,118,67,12
1778520186.5179396,2,4078,700,312,120,55,8
1778520186.5219343,1,1851,-700,311,119,67,9
1778520186.5347698,2,4092,750,316,118,55,8
1778520186.537743,1,1839,-750,317,119,67,9
1778520186.551304,2,9,750,319,119,55,9
1778520186.5548093,1,1826,-750,320,120,68,37
1778520186.567605,2,23,850,320,119,55,9
1778520186.5709383,1,1814,-750,324,119,67,42
1778520186.5844738,2,34,850,316,120,55,9
1778520186.5876853,1,1800,-800,324,117,67,38
1778520186.600717,2,47,750,321,119,55,10
1778520186.603645,1,1787,-750,326,117,67,13
1778520186.6170542,2,59,750,325,118,55,9
1778520186.6209667,1,1775,-750,330,120,68,12
1778520186.6338665,2,75,800,325,119,55,10
1778520186.636781,1,1761,-750,331,119,68,13
1778520186.65035,2,88,850,323,120,55,9
1778520186.6539493,1,1747,-850,327,117,68,37
1778520186.667096,2,103,850,320,120,55,10
1778520186.6700919,1,1733,-800,328,119,67,10
1778520186.683091,2,117,850,316,118,55,8
1778520186.6862302,1,1720,-850,325,120,67,11
1778520186.6997635,2,130,850,313,119,55,8
1778520186.7029798,1,1706,-800,324,119,68,42
1778520186.715964,2,142,800,313,120,55,10
1778520186.7189903,1,1693,-800,324,117,67,36
1778520186.732743,2,155,750,316,120,55,8
1778520186.736947,1,1679,-800,323,119,67,10
1778520186.7498791,2,170,850,315,119,55,9
1778520186.752638,1,1665,-850,319,120,67,11
1778520186.7660687,2,183,800,313,120,55,8
1778520186.769622,1,1653,-800,320,118,67,37
1778520186.7826703,2,197,800,313,120,55,10
1778520186.7856598,1,1640,-750,323,117,67,38
1778520186.7988226,2,210,800,313,119,55,9
1778520186.8020446,1,1626,-800,324,117,67,12
1778520186.8155367,2,224,850,310,118,55,8
1778520186.8189359,1,1613,-850,322,120,67,11
1778520186.8322036,2,236,750,312,119,55,8
1778520186.8352218,1,1599,-850,320,120,68,37
1778520186.84824,2,249,750,315,120,55,11
1778520186.8511276,1,1587,-800,320,118,67,41
1778520186.8648694,2,262,850,316,120,55,8
1778520186.8689036,1,1573,-750,324,119,67,11
1778520186.88183,2,276,850,312,118,55,10
1778520186.8845613,1,1560,-800,324,120,68,11
1778520186.8979669,2,290,800,313,118,55,8
1778520186.9014518,1,1546,-800,324,119,67,36
1778520186.9144974,2,304,800,313,120,55,8
1778520186.9174507,1,1534,-850,322,119,67,40
1778520186.9305012,2,317,850,311,120,55,10
1778520186.9336538,1,1520,-850,319,117,68,37
1778520186.947069,2,330,800,309,119,55,8
1778520186.9503026,1,1507,-800,320,119,68,10
1778520186.9633346,2,342,800,310,118,55,8
1778520186.9661841,1,1494,-800,320,119,67,14
1778520186.9792807,2,355,750,314,118,55,8
1778520186.982535,1,1481,-750,323,120,67,12
1778520186.99591,2,368,800,313,120,55,9
1778520186.9992764,1,1467,-800,324,119,68,40
1778520187.0123262,2,382,850,310,120,55,7
1778520187.015269,1,1454,-850,322,118,68,36
1778520187.0287282,2,396,800,309,118,55,8
1778520187.0327194,1,1441,-850,319,119,67,10
1778520187.04567,2,411,850,307,118,55,9
1778520187.048582,1,1427,-800,320,120,67,12
1778520187.06215,2,423,850,304,119,55,8
1778520187.065811,1,1414,-800,320,118,68,36
1778520187.0789227,2,435,800,305,120,55,7
1778520187.0818224,1,1400,-850,317,118,68,36
1778520187.0948842,2,447,700,312,119,55,8
1778520187.0980432,1,1387,-750,318,119,68,9
1778520187.1113985,2,461,750,316,118,55,8
1778520187.1147935,1,1374,-800,320,120,67,10
1778520187.1281843,2,474,850,315,120,55,10
1778520187.1311371,1,1360,-800,320,119,68,36
1778520187.1441662,2,488,800,313,120,55,9
1778520187.146989,1,1347,-800,320,118,67,40
1778520187.1604035,2,502,800,313,120,55,9
1778520187.1644435,1,1334,-850,316,119,67,10
1778520187.1774828,2,515,850,309,118,55,10
1778520187.1802335,1,1320,-800,316,120,67,10
1778520187.1937099,2,526,800,309,119,55,9
1778520187.1976824,1,1307,-800,316,119,67,38
1778520187.2105646,2,539,650,318,120,55,9
1778520187.213488,1,1293,-800,316,117,67,36
1778520187.2269351,2,552,800,321,120,55,8
1778520187.2301931,1,1280,-800,316,119,68,9
1778520187.2432933,2,565,800,321,118,55,8
1778520187.246191,1,1267,-800,316,120,68,10
1778520187.259175,2,580,800,321,118,55,9
1778520187.262369,1,1254,-800,316,120,68,11
1778520187.2758896,2,594,850,317,119,55,9
1778520187.279335,1,1242,-750,318,118,68,38
1778520187.2923577,2,608,900,310,120,55,8
1778520187.2951987,1,1228,-850,318,118,68,38
1778520187.3088875,2,616,650,317,119,55,13
1778520187.3128455,1,1221,-850,324,117,68,44
1778520187.3257096,2,623,450,335,117,55,27
1778520187.3285887,1,1216,-450,347,114,68,61
1778520187.3421082,2,625,200,364,113,55,34
1778520187.3456094,1,1215,-200,389,115,68,43
1778520187.3585947,2,626,200,404,114,55,45
1778520187.3615496,1,1215,-50,440,114,68,57
1778520187.3746316,2,626,0,458,112,55,63
1778520187.3783104,1,1215,0,490,112,68,70
1778520187.8933368,2,634,0,660,105,55,118
1778520187.8966997,1,1207,0,692,105,68,137
1778520187.9105828,2,634,0,660,105,55,121
1778520187.9135413,1,1207,0,692,104,68,136
1778520187.928172,2,634,0,660,105,55,122
1778520187.9315653,1,1207,0,692,105,68,136
1778520187.945575,2,634,0,660,105,55,123
1778520187.9484434,1,1207,0,692,104,68,136
1778520187.962938,2,634,0,660,105,55,120
1778520187.966352,1,1207,0,692,105,68,137
1778520187.980459,2,634,0,660,105,55,121
1778520187.9833753,1,1207,0,692,104,68,135
1778520187.9978173,2,634,0,660,105,55,118
1778520188.0017571,1,1207,0,692,105,68,138
1778520188.0156176,2,634,0,660,105,55,122
1778520188.018998,1,1206,-50,688,104,68,136
1778520188.0336523,2,634,0,660,105,55,121
1778520188.0368845,1,1207,50,691,105,68,137
1778520188.0508878,2,634,0,660,105,55,121
1778520188.0539644,1,1207,0,692,104,68,137
1778520188.0686257,2,634,0,660,105,55,122
1778520188.0718722,1,1207,-50,690,105,68,134
1778520188.0860214,2,634,0,660,106,55,118
1778520188.0888999,1,1206,50,689,104,68,134
1778520188.1034331,2,634,0,660,105,55,122
1778520188.106709,1,1207,50,692,105,68,135
1778520188.1212053,2,634,0,660,105,55,117
1778520188.1243122,1,1207,0,692,104,68,136
1778520188.1383388,2,634,0,660,105,55,117
1778520188.1413972,1,1207,0,692,105,68,136
1778520188.1555092,2,634,0,660,105,55,117
1778520188.158514,1,1207,0,692,104,68,133
1778520188.1729577,2,634,0,660,104,55,121
1778520188.1768456,1,1207,0,692,105,68,136
1778520188.1908998,2,634,0,660,105,55,120
1778520188.1939316,1,1207,0,692,104,68,137
1778520188.2083805,2,634,0,660,104,55,117
1778520188.2116752,1,1206,0,692,104,68,135
1778520188.2256067,2,634,0,660,105,56,119
1778520188.2284918,1,1207,0,692,104,68,143
1778520188.243037,2,634,0,660,105,55,117
1778520188.2464638,1,1206,-50,691,104,68,134
1778520188.260536,2,634,0,660,105,55,120
1778520188.263513,1,1207,-50,687,105,68,134
1778520188.2779765,2,634,0,660,105,55,119
1778520188.281545,1,1207,50,692,104,68,135
1778520188.2961624,2,634,0,660,105,55,120
1778520188.2993531,1,1207,0,692,105,68,137
1778520188.3133013,2,634,0,660,105,55,118
1778520188.3161068,1,1207,-50,688,104,68,135
1778520188.330533,2,634,0,660,105,55,117
1778520188.3340957,1,1207,50,691,104,68,136
1778520188.348689,2,634,0,660,105,55,119
1778520188.3517706,1,1207,0,692,104,68,136
1778520188.3657274,2,634,0,660,105,55,117
1778520188.3687074,1,1207,0,692,105,68,138
1778520188.3832064,2,634,0,660,105,55,117
1778520188.3864226,1,1207,0,692,104,68,134
1778520188.4006896,2,634,0,660,105,55,118
1778520188.4037457,1,1207,0,692,105,68,134
1778520188.4176981,2,634,0,660,105,55,120
1778520188.4206557,1,1207,-50,687,104,68,137
1778520188.4350002,2,634,0,660,105,55,121
1778520188.4385748,1,1207,0,688,105,68,134
1778520188.4529843,2,634,0,660,105,55,118
1778520188.4558804,1,1206,50,691,104,68,135
1778520188.4698603,2,634,0,660,105,55,117
1778520188.4727223,1,1207,0,692,104,68,136
1778520188.4873178,2,634,0,660,105,55,118
1778520188.4907722,1,1207,0,692,104,68,135
1778520188.504871,2,634,0,660,105,55,117
1778520188.5076776,1,1207,-50,690,104,68,138
1778520188.5220344,2,634,0,660,105,55,117
1778520188.5255396,1,1207,50,689,104,68,135
1778520188.5399308,2,634,0,660,105,55,118
1778520188.5429747,1,1206,50,693,105,68,136
1778520188.5576136,2,634,0,660,105,55,121
1778520188.56153,1,1207,0,692,104,68,134
1778520188.5754154,2,634,0,660,105,55,119
1778520188.57866,1,1207,0,692,105,68,137
1778520188.593301,2,634,0,660,106,55,128
1778520188.5964348,1,1206,0,692,104,68,134
1778520188.6103578,2,634,0,660,105,55,117
1778520188.6134295,1,1207,-50,689,105,68,135
1778520188.6278033,2,634,0,660,105,55,119
1778520188.6310472,1,1207,0,688,104,68,132
1778520188.6450944,2,634,0,660,105,55,119
1778520188.6478662,1,1207,0,688,105,68,132
1778520188.6621296,2,634,0,660,105,55,121
1778520188.6656995,1,1207,50,689,104,70,134
1778520188.6803493,2,634,0,660,105,55,121
1778520188.6833217,1,1207,0,692,105,68,147
1778520188.6971645,2,634,0,660,105,55,118
1778520188.6998928,1,1206,0,692,104,68,136
1778520188.7143588,2,634,0,660,105,55,117
1778520188.717921,1,1206,0,692,105,68,135
1778520188.7324073,2,634,0,660,106,55,118
1778520188.7353368,1,1207,-50,688,105,68,132
1778520188.749206,2,634,0,660,105,55,129
1778520188.7520788,1,1207,50,691,105,68,137
1778520188.7664921,2,634,0,660,105,55,121
1778520188.7700973,1,1207,0,692,104,68,134
1778520188.7844028,2,634,0,660,105,55,121
1778520188.7873914,1,1207,-50,690,105,68,136
1778520188.8021564,2,634,0,660,106,55,117
1778520188.8061085,1,1206,50,690,104,68,135
1778520188.8201766,2,634,0,660,105,55,117
1778520188.8229985,1,1207,0,692,105,68,137
1778520188.8369634,2,634,0,660,105,55,117
1778520188.840997,1,1207,0,692,104,68,135
1778520188.855373,2,634,0,660,105,55,117
1778520188.8583574,1,1206,-50,687,105,68,134
1778520188.8727121,2,634,0,660,105,55,120
1778520188.8766112,1,1207,50,692,105,68,135
1778520188.8905642,2,634,0,660,105,55,121
1778520188.893328,1,1207,-50,688,105,68,133
1778520188.90806,2,634,0,660,105,55,116
1778520188.9115033,1,1206,50,691,105,68,133
1778520188.9256098,2,634,0,660,105,55,121
1778520188.9283748,1,1207,0,690,105,68,134
1778520188.943265,2,634,0,660,105,55,119
1778520188.9469287,1,1207,0,681,105,68,132
1778520188.9611287,2,634,0,660,105,55,116
1778520188.9639606,1,1207,0,668,105,68,127
1778520188.9784284,2,634,0,660,106,55,118
1778520188.9820554,1,1207,0,646,106,68,119
1778520188.9962997,2,634,0,660,107,55,119
1778520188.999282,1,1206,0,618,106,68,107
1778520189.0139573,2,634,0,660,107,55,118
1778520189.0179586,1,1207,-50,579,107,68,93
1778520189.031912,2,634,0,660,108,55,123
1778520189.0352304,1,1207,50,543,107,68,80
1778520189.051465,2,634,0,660,108,55,121
1778520189.0546749,1,1207,0,493,109,68,69
1778520189.0691838,2,634,0,660,110,55,123
1778520189.0730312,1,1207,0,440,109,68,54
1778520189.0869412,2,634,0,660,110,55,122
1778520189.08988,1,1207,0,379,111,68,38
1778520189.1043448,2,634,0,660,112,55,123
1778520189.1077948,1,1207,0,312,111,68,30
1778520189.1217859,2,634,0,660,112,55,128
1778520189.1246352,1,1207,0,242,112,68,18
1778520189.1390934,2,634,0,660,113,55,125
1778520189.1423533,1,1207,0,164,113,68,8
1778520189.156216,2,634,0,660,113,55,129
1778520189.15896,1,1208,0,83,113,68,2
1778520189.1737404,2,634,0,660,113,55,139
1778520189.177705,1,1209,50,31,113,68,0
1778520189.191766,2,635,50,658,113,55,129
1778520189.1951025,1,1214,100,101,113,68,0
1778520189.209834,2,637,50,655,113,55,115
1778520189.2130375,1,1221,250,163,114,68,11
1778520189.227317,2,644,100,646,115,55,110
1778520189.2302945,1,1231,500,195,115,68,7
1778520189.2449675,2,655,500,608,116,55,71
1778520189.248956,1,1245,650,216,116,68,0
1778520189.2631283,2,668,600,562,117,55,58
1778520189.2661564,1,1259,800,219,117,68,0
1778520189.2808197,2,682,800,508,118,55,44
1778520189.2840176,1,1275,900,208,117,68,13
1778520189.2981026,2,695,750,454,118,55,42
1778520189.3010614,1,1291,850,190,119,68,0
1778520189.3155782,2,707,700,405,119,55,26
1778520189.318835,1,1304,800,170,119,68,0
1778520189.3328037,2,717,600,358,119,55,22
1778520189.3356242,1,1317,800,147,120,68,0
1778520189.3498235,2,727,600,317,120,55,16
1778520189.3534706,1,1328,700,123,120,68,0
1778520189.3674912,2,737,600,274,120,55,11
1778520189.370223,1,1337,600,102,120,68,5
1778520189.384901,2,745,500,242,120,55,9
1778520189.3891287,1,1346,550,75,120,68,0
1778520189.4031117,2,751,450,208,120,55,8
1778520189.4059472,1,1352,400,52,121,68,0
1778520189.4206128,2,756,300,187,121,55,9
1778520189.4239156,1,1357,250,31,121,68,1
1778520189.4378839,2,758,200,172,120,55,7
1778520189.4408474,1,1359,200,0,121,68,0
1778520189.4553878,2,760,100,163,121,55,9
1778520189.458777,1,1361,100,27,121,68,0
1778520189.4729452,2,760,50,158,121,55,6
1778520189.4760437,1,1361,100,34,121,68,1
1778520189.4904332,2,760,0,156,121,55,7
1778520189.4940042,1,1361,0,32,121,68,0
1778520189.5085566,2,760,0,156,121,55,7
1778520189.5115788,1,1361,0,32,121,68,0
1778520189.526327,2,760,0,154,121,55,6
1778520189.5299022,1,1361,0,32,121,68,0
1778520189.5442593,2,760,0,145,121,56,6
1778520189.5471432,1,1361,0,32,121,68,0
1778520189.5618436,2,760,0,132,121,55,5
1778520189.5656707,1,1361,0,32,121,68,0
1778520189.579605,2,760,0,111,121,55,3
1778520189.5829875,1,1361,0,32,121,68,0
1778520189.5975685,2,760,0,84,121,55,3
1778520189.6008255,1,1361,0,32,121,68,0
1778520189.6146674,2,760,0,52,121,55,1
1778520189.617677,1,1361,0,32,121,68,0
1778520189.6323035,2,760,0,19,121,55,0
1778520189.6356711,1,1361,0,32,121,68,0
1778520189.6496909,2,759,-50,64,121,55,0
1778520189.6524954,1,1361,0,32,121,68,1
1778520189.6672108,2,757,-50,111,121,55,2
1778520189.6705618,1,1361,0,32,121,68,0
1778520189.68455,2,753,-150,157,121,55,3
1778520189.687372,1,1360,0,32,121,68,0
1778520189.7016888,2,751,-150,208,121,55,5
1778520189.7052927,1,1360,-50,29,121,68,0
1778520189.7192047,2,745,-200,265,120,55,10
1778520189.7222495,1,1360,0,28,120,68,0
1778520189.7367568,2,736,-400,314,120,55,12
1778520189.739888,1,1360,0,28,120,68,0
1778520189.753829,2,724,-650,354,120,55,13
1778520189.756704,1,1360,0,28,120,68,0
1778520189.771053,2,710,-800,386,120,55,16
1778520189.7746732,1,1360,0,28,120,68,0
1778520189.7887135,2,693,-900,412,120,55,16
1778520189.7914608,1,1359,0,28,120,68,0
1778520189.8058696,2,675,-900,432,120,55,16
1778520189.8098168,1,1359,-50,24,120,68,0
1778520189.8240457,2,653,-1100,437,120,55,14
1778520189.8275378,1,1359,0,24,120,68,0
1778520189.841982,2,629,-1200,431,120,55,12
1778520189.8449569,1,1359,0,24,120,68,0
1778520189.8590884,2,609,-1250,418,120,55,11
1778520189.862208,1,1359,0,24,120,68,0
1778520189.8767834,2,587,-1250,396,121,55,7
1778520189.8800921,1,1359,0,24,121,69,0
1778520189.9111927,2,565,-1200,345,121,55,6
1778520189.9141283,1,1359,0,24,121,68,0
1778520189.9281175,2,528,-1100,314,121,55,5
1778520189.9312084,1,1359,0,24,121,68,0
1778520189.9456253,2,511,-1100,279,121,55,4
1778520189.9496517,1,1359,0,24,121,68,0
1778520189.9635813,2,494,-950,251,121,55,2
1778520189.967022,1,1359,0,24,121,68,0
1778520189.9814212,2,481,-850,223,121,55,3
1778520189.984387,1,1359,0,24,121,68,0
1778520189.9984343,2,469,-750,196,121,55,3
1778520190.0014634,1,1359,0,24,121,68,0
1778520190.016014,2,459,-650,167,121,55,1
1778520190.0192838,1,1359,0,24,121,68,0
1778520190.0332344,2,451,-500,142,121,55,2
1778520190.0360508,1,1359,0,24,121,68,0
1778520190.0507147,2,444,-400,118,121,55,1
1778520190.054355,1,1359,0,24,121,68,0
1778520190.0684812,2,439,-350,90,121,55,1
1778520190.072691,1,1359,0,24,121,68,0
1778520190.0870035,2,436,-150,71,121,55,1
1778520190.0899758,1,1359,0,24,121,68,0
1778520190.1046445,2,434,-150,60,121,55,1
1778520190.1088548,1,1359,0,24,121,68,0
1778520190.1230352,2,434,-100,53,121,55,1
1778520190.1260014,1,1359,0,24,121,68,0
1778520190.1403725,2,434,0,55,121,55,1
1778520190.1436017,1,1359,0,24,121,68,0
1778520190.1575544,2,433,-50,51,121,55,1
1778520190.1602805,1,1359,0,24,121,68,0
1778520190.1746135,2,434,0,51,121,55,1
1778520190.1781964,1,1359,0,24,121,68,0
1778520190.1922178,2,433,0,51,121,55,1
1778520190.194995,1,1359,0,24,121,68,0
1778520190.2099202,2,433,0,51,121,55,1
1778520190.2139041,1,1359,0,24,121,68,0
1778520190.2279708,2,433,0,51,121,55,1
1778520190.2314267,1,1359,0,24,121,68,0
1778520190.2466502,2,433,0,51,121,55,1
1778520190.249919,1,1359,0,24,121,68,0
1778520190.2639,2,433,0,51,121,55,0
1778520190.266666,1,1359,0,24,121,68,0
1778520190.2810333,2,433,0,51,121,56,0
1778520190.2849846,1,1359,0,24,121,68,0
1778520190.3000908,2,434,0,51,121,55,1
1778520190.3036282,1,1359,0,24,121,68,0
1778520190.3184383,2,433,0,51,121,55,1
1778520190.3216627,1,1359,0,24,121,68,0
1778520190.335573,2,433,0,51,121,55,1
1778520190.338373,1,1359,0,24,121,68,0
1778520190.3529348,2,433,0,51,121,55,1
1778520190.3567822,1,1359,0,24,121,68,0
1778520190.3706937,2,433,0,51,121,55,1
1778520190.3735406,1,1359,0,24,121,68,0
1778520190.3880327,2,433,0,51,121,55,1
1778520190.3913696,1,1359,0,24,121,68,0
1778520190.4053273,2,433,0,51,121,55,0
1778520190.4081235,1,1359,0,24,121,68,0
1778520190.4226048,2,433,0,51,121,55,1
1778520190.4262507,1,1359,0,24,121,68,0
1778520190.4408665,2,433,0,51,121,55,1
1778520190.4445932,1,1359,0,24,121,68,0
1778520190.459535,2,433,0,51,121,55,1
1778520190.4627833,1,1359,0,24,121,68,0
1778520190.4769688,2,433,0,51,121,55,1
1778520190.479776,1,1359,0,24,121,68,0
1778520190.494065,2,433,0,51,121,55,1
1778520190.497548,1,1359,0,24,121,68,0
1778520190.5115407,2,433,0,51,121,55,0
1778520190.5143344,1,1359,0,24,121,68,0
1778520190.5286334,2,433,0,51,121,55,1
1778520190.5325506,1,1359,0,24,121,68,0
1778520190.5465422,2,433,0,51,121,55,1
1778520190.549518,1,1359,0,24,121,68,0
1778520190.5640752,2,433,0,51,121,55,0
1778520190.5674744,1,1359,0,24,121,68,0
1778520190.5814502,2,433,0,51,121,55,1
1778520190.5843,1,1359,0,24,121,68,0
1778520190.598918,2,433,0,51,121,55,1
1778520190.6024992,1,1359,0,24,121,68,0
1778520190.6170585,2,433,0,51,121,55,0
1778520190.620204,1,1359,0,24,121,68,0
1778520190.635064,2,433,0,51,121,55,1
1778520190.6386797,1,1359,0,24,121,68,0
1778520190.6529822,2,433,0,51,121,55,1
1778520190.6558938,1,1359,0,24,121,68,0
1778520190.6704543,2,433,0,51,121,55,1
1778520190.6740491,1,1359,0,24,121,68,0
1778520190.6881428,2,433,0,51,121,55,0
1778520190.6909292,1,1359,0,24,121,68,0
1778520190.705518,2,433,0,51,121,55,1
1778520190.7093992,1,1359,0,24,121,68,0
1778520190.723297,2,433,0,51,121,55,1
1778520190.726636,1,1359,0,24,121,68,0
1778520190.7412913,2,433,0,51,121,55,2
1778520190.7444632,1,1359,0,24,121,68,0
1778520190.7584121,2,433,0,51,121,55,1
1778520190.7615101,1,1359,0,24,121,68,0
1778520190.776077,2,433,0,51,121,55,1
1778520190.7794363,1,1359,0,24,121,68,0
1778520190.7933228,2,433,0,51,121,55,1
1778520190.7960184,1,1359,0,24,121,68,0
1778520190.810466,2,433,0,51,121,55,1
1778520190.8139653,1,1359,0,24,121,68,0
1778520190.8280642,2,433,0,51,121,55,1
1778520190.8308096,1,1359,0,24,121,68,0
1778520190.8452632,2,433,0,51,121,55,0
1778520190.849114,1,1359,0,24,121,68,0
1778520190.8630521,2,433,0,51,121,55,0
1778520190.8664536,1,1359,0,24,121,68,0
1778520190.8806438,2,433,0,51,121,55,1
1778520190.8835797,1,1359,0,24,121,68,0
1778520190.8979292,2,433,0,51,121,55,0
1778520190.9014723,1,1359,0,24,121,68,0
1778520190.9158616,2,433,0,51,121,55,1
1778520190.918845,1,1359,0,24,121,68,0
1778520190.9333277,2,433,0,51,121,55,1
1778520190.9371886,1,1359,0,24,121,68,0
1778520190.9516006,2,434,0,51,121,55,0
1778520190.9549193,1,1359,0,24,121,68,1
1778520190.9694197,2,433,0,51,121,55,1
1778520190.9727488,1,1359,0,24,121,68,0
1778520190.986766,2,433,0,51,121,55,1
1778520190.989751,1,1359,0,24,121,68,0
1778520191.0041742,2,433,0,51,121,55,1
1778520191.0074224,1,1359,0,24,121,68,0
1778520191.0214124,2,433,0,51,121,55,1
1778520191.0242343,1,1359,0,24,121,68,0
1778520191.0386894,2,433,0,51,121,55,1
1778520191.0423055,1,1359,0,24,121,68,0
1778520191.0563874,2,433,0,51,121,55,0
1778520191.0594163,1,1359,0,24,121,68,0
1778520191.073815,2,433,0,51,121,55,1
1778520191.077051,1,1359,0,24,121,68,0
1778520191.0910199,2,433,0,51,121,55,1
1778520191.0941257,1,1359,0,24,121,68,0
1778520191.1086316,2,433,0,51,121,55,1
1778520191.111923,1,1359,0,24,121,68,0
1778520191.1259692,2,433,0,51,121,55,0
1778520191.128936,1,1359,0,24,121,68,0
1778520191.1434026,2,433,0,51,121,55,1
1778520191.1468098,1,1359,0,24,121,68,0
1778520191.1611578,2,433,0,51,121,55,1
1778520191.164108,1,1359,0,24,121,68,0
1778520191.177981,2,433,0,51,121,55,0
1778520191.1808252,1,1359,0,24,121,68,0
1778520191.1953518,2,433,0,51,121,55,1
1778520191.1985695,1,1359,0,24,121,68,0
1778520191.2124355,2,433,50,55,121,55,0
1778520191.2152143,1,1359,0,24,121,68,0
1778520191.2297106,2,433,-50,52,121,55,0
1778520191.2333336,1,1359,0,24,121,68,0
1778520191.2472205,2,433,0,51,121,55,1
1778520191.2501261,1,1359,0,24,121,68,0
1778520191.2646933,2,433,0,51,121,55,1
1778520191.2680645,1,1359,0,24,121,68,0
1778520191.2819781,2,433,0,51,121,55,1
1778520191.2847626,1,1359,0,24,121,68,0
1778520191.2993913,2,433,0,51,121,55,0
1778520191.3027735,1,1359,0,24,121,68,0
1778520191.3169148,2,433,0,51,121,55,1
1778520191.319801,1,1359,0,24,121,68,0
1778520191.3341308,2,433,0,51,121,55,1
1778520191.3377979,1,1359,0,24,121,68,0
1778520191.35187,2,433,0,51,121,55,1
1778520191.3546386,1,1359,0,24,121,68,0
1778520191.369047,2,433,0,51,121,55,1
1778520191.3730142,1,1359,0,24,121,68,0
1778520191.3869865,2,433,0,51,121,55,1
1778520191.390112,1,1359,0,24,121,68,0
1778520191.4046745,2,433,0,51,121,55,1
1778520191.407805,1,1359,0,24,121,68,0
1778520191.4216635,2,433,0,51,121,55,0
1778520191.424497,1,1359,0,24,121,68,0
1778520191.4389093,2,433,0,51,121,55,1
1778520191.4425225,1,1359,0,24,121,68,0
1778520191.4565523,2,433,0,51,121,55,0
1778520191.4593606,1,1359,0,24,121,68,0
1778520191.4740846,2,434,0,51,121,55,1
1778520191.477769,1,1359,0,24,121,68,0
1778520191.4917758,2,433,0,51,121,55,1
1778520191.4947472,1,1359,0,24,121,68,0
1778520191.5094457,2,433,0,51,121,55,1
1778520191.5126424,1,1359,0,24,121,68,0
1778520191.5267596,2,433,0,51,121,55,1
1778520191.5297852,1,1359,0,24,121,68,0
1778520191.5443652,2,433,0,51,121,55,0
1778520191.5479405,1,1359,0,24,121,68,0
1778520191.5619273,2,433,0,51,121,55,0
1778520191.5647829,1,1359,0,24,121,68,0
1778520191.579179,2,433,0,51,121,55,0
1778520191.5824919,1,1359,0,24,121,68,0
1778520191.5964415,2,433,0,51,121,55,1
1778520191.5993032,1,1359,0,24,121,68,0
1778520191.613501,2,433,0,51,121,55,1
1778520191.6170385,1,1359,0,24,121,68,0
1778520191.630868,2,433,0,51,121,55,1
1778520191.6337543,1,1359,0,24,121,68,0
1778520191.6483917,2,433,0,51,121,55,1
1778520191.6516798,1,1359,0,24,121,68,0
1778520191.6656938,2,433,0,51,121,55,1
1778520191.6685436,1,1359,0,24,121,68,0
1778520191.6829245,2,434,0,51,121,55,1
1778520191.6863692,1,1359,0,24,121,68,0
1778520191.701006,2,433,0,51,121,55,1
1778520191.7050128,1,1359,0,24,121,68,0
1778520191.718931,2,433,0,51,121,55,1
1778520191.7218902,1,1359,0,24,121,68,0
1778520191.7364254,2,433,0,51,121,55,1
1778520191.7397714,1,1359,0,24,121,68,0
1778520191.7537515,2,433,0,51,121,55,1
1778520191.7566235,1,1359,0,24,121,68,0
1778520191.771216,2,433,0,51,121,55,0
1778520191.7745342,1,1359,0,24,121,68,0
1778520191.788873,2,433,0,51,121,55,1
1778520191.7921126,1,1359,0,24,121,68,0
1778520191.8064733,2,433,0,51,121,55,1
1778520191.8100467,1,1359,0,24,121,68,0
1778520191.8241336,2,433,0,51,121,55,0
1778520191.8270495,1,1359,0,24,121,68,0
1778520191.8416903,2,433,0,51,121,55,0
1778520191.845667,1,1359,0,24,121,68,0
1778520191.8596506,2,433,0,51,121,55,1
1778520191.8629813,1,1359,0,24,121,68,0
1778520191.8773508,2,433,0,51,121,55,0
1778520191.88066,1,1359,0,24,121,68,0
1778520191.8945723,2,433,0,51,121,55,1
1778520191.8976023,1,1359,0,24,121,68,0
1778520191.9121943,2,433,0,51,121,55,1
1778520191.9155009,1,1359,0,24,121,68,0
1778520191.929542,2,433,0,51,121,55,1
1778520191.932277,1,1359,0,24,121,68,0
1778520191.9471216,2,433,0,51,121,55,1
1778520191.950722,1,1359,0,24,121,68,0
1778520191.9650984,2,433,0,51,121,55,1
1778520191.9679546,1,1359,0,24,121,68,0
1778520191.9825945,2,433,0,51,121,55,0
1778520191.9862528,1,1359,0,24,121,68,0
1778520192.0006487,2,433,0,51,121,55,1
1778520192.0036278,1,1359,0,24,121,68,0
1778520192.017985,2,433,0,51,121,55,1
1778520192.0215158,1,1359,0,24,121,68,0
1778520192.0361753,2,433,0,51,121,55,1
1778520192.0392277,1,1359,0,24,121,68,0
1778520192.0531745,2,433,0,51,121,55,1
1778520192.0559695,1,1359,0,24,121,68,0
1778520192.0704625,2,433,0,51,121,55,1
1778520192.0740829,1,1359,0,24,121,68,0
1778520192.0881245,2,433,50,55,121,55,1
1778520192.0909727,1,1359,0,24,121,68,0
1778520192.1055784,2,433,-50,51,121,55,1
1778520192.1095421,1,1359,0,24,121,68,0
1778520192.1234503,2,433,0,51,121,55,1
1778520192.1269574,1,1359,0,24,121,68,0
1778520192.1413445,2,433,0,51,121,55,0
1778520192.1444213,1,1359,0,24,121,68,0
1778520192.1583061,2,433,0,51,121,55,1
1778520192.1613183,1,1359,0,24,121,68,0
1778520192.176025,2,433,0,51,121,55,0
1778520192.1794326,1,1359,0,24,121,68,0
1778520192.193609,2,433,0,51,121,55,0
1778520192.196365,1,1359,0,24,121,68,0
1778520192.211105,2,433,0,51,121,55,1
1778520192.214666,1,1359,0,24,121,68,0
1778520192.2288668,2,433,0,51,121,55,1
1778520192.2315884,1,1359,0,24,121,68,1
1778520192.2463582,2,433,0,51,121,55,1
1778520192.249982,1,1359,0,24,121,68,0
1778520192.264626,2,433,0,51,121,55,1
1778520192.2685733,1,1359,0,24,121,68,0
1778520192.2826374,2,433,0,51,121,55,1
1778520192.2856133,1,1359,0,24,121,68,0
1778520192.3001375,2,433,0,51,121,55,1
1778520192.303486,1,1359,0,24,121,68,0
1778520192.317539,2,433,0,51,121,55,1
1778520192.3203754,1,1359,0,24,121,68,0
1778520192.3347096,2,433,0,51,121,55,1
1778520192.3382895,1,1359,0,24,121,68,1
1778520192.352404,2,433,0,51,121,55,1
1778520192.3552294,1,1359,0,24,121,68,0
1778520192.3699381,2,433,0,51,121,55,1
1778520192.3739297,1,1359,0,24,121,68,0
1778520192.3878706,2,434,0,51,121,55,1
1778520192.391164,1,1359,0,24,121,68,0
1778520192.4056075,2,433,0,51,121,55,1
1778520192.4086695,1,1359,0,24,121,68,1
1778520192.4225981,2,433,0,51,121,55,1
1778520192.4256074,1,1359,0,24,121,68,0
1778520192.4402847,2,433,0,51,121,55,1
1778520192.4436204,1,1359,0,24,121,68,0
1778520192.45754,2,433,0,51,121,55,1
1778520192.460355,1,1359,0,24,121,68,1
1778520192.475046,2,433,0,51,121,55,1
1778520192.478469,1,1359,0,24,121,68,0
1778520192.4927037,2,433,0,51,121,55,1
1778520192.4954393,1,1359,0,24,121,68,0
1778520192.5101044,2,433,0,51,121,55,1
1778520192.513693,1,1359,0,24,121,68,0
1778520192.528063,2,433,0,51,121,55,1
1778520192.5315425,1,1359,0,24,121,68,0
1778520192.5463672,2,433,0,51,121,55,1
1778520192.5514646,1,1359,0,24,121,68,0
1778520192.5656376,2,433,0,51,121,55,1
1778520192.568668,1,1359,0,24,121,68,0
1778520192.5833805,2,433,0,51,121,55,0
1778520192.58672,1,1359,0,24,121,68,0
1778520192.6008754,2,433,0,51,121,55,1
1778520192.6038089,1,1359,0,24,121,68,0
1778520192.6176133,2,433,0,51,121,55,0
1778520192.6203802,1,1359,0,24,121,68,0
1778520192.6349008,2,433,0,51,121,55,1
1778520192.638249,1,1359,0,24,121,68,0
1778520192.6521873,2,433,0,51,121,55,1
1778520192.6549766,1,1359,0,24,121,68,0
1778520192.6693454,2,433,0,51,121,55,1
1778520192.6733472,1,1359,0,24,121,68,0
1778520192.6872451,2,433,50,55,121,55,1
1778520192.690507,1,1359,0,24,121,68,0
1778520192.7050664,2,433,-50,51,121,55,1
1778520192.7082083,1,1359,0,24,121,68,0
1778520192.72206,2,433,0,51,121,55,1
1778520192.72492,1,1359,0,24,121,68,0
1778520192.739591,2,434,0,51,121,55,1
1778520192.7428634,1,1359,0,24,121,68,0
1778520192.7570474,2,433,0,51,121,55,1
1778520192.7598114,1,1359,0,24,121,68,0
1778520192.774586,2,433,0,51,121,55,1
1778520192.7782094,1,1359,0,24,121,68,0
1778520192.7929194,2,433,0,51,121,55,1
1778520192.7958703,1,1359,0,24,121,68,0
1778520192.8100734,2,433,0,51,121,55,1
1778520192.812963,1,1359,0,24,121,68,0
1778520192.8278234,2,433,0,51,121,55,1
1778520192.831145,1,1359,0,24,121,68,0
1778520192.8453045,2,433,0,51,121,55,1
1778520192.8480234,1,1359,0,24,121,68,0
1778520192.862709,2,433,0,51,121,55,1
1778520192.8663652,1,1359,0,24,121,68,0
1778520192.8805273,2,433,0,51,121,55,1
1778520192.8834202,1,1359,0,24,121,68,0
1778520192.897568,2,433,0,51,121,55,1
1778520192.901122,1,1359,0,24,121,68,0
1778520192.915045,2,433,0,51,121,55,0
1778520192.918046,1,1359,0,24,121,68,0
1778520192.93255,2,433,0,51,121,55,1
1778520192.9357262,1,1359,0,24,121,70,0
1778520192.9496093,2,433,0,51,121,55,1
1778520192.9523942,1,1359,0,24,121,68,0
1778520192.966887,2,433,0,51,121,55,1
1778520192.9705398,1,1359,0,24,121,68,0
1778520192.984479,2,433,0,51,121,55,0
1778520192.9873962,1,1359,0,24,121,68,0
1778520193.0015898,2,433,0,51,121,55,1
1778520193.005142,1,1359,0,24,121,68,0
1778520193.019007,2,433,0,51,121,55,0
1778520193.022236,1,1359,0,24,121,68,0
1778520193.036841,2,433,0,51,121,55,1
1778520193.0399547,1,1359,0,24,121,68,0
1778520193.0540001,2,433,0,51,121,55,1
1778520193.057021,1,1359,0,24,121,68,0
1778520193.0715706,2,433,0,51,121,55,1
1778520193.0748763,1,1359,0,24,121,68,0
1778520193.0890841,2,433,0,51,121,55,1
1778520193.0920033,1,1359,0,24,121,68,0
1778520193.106122,2,433,0,51,121,55,0
1778520193.1092327,1,1359,0,24,121,68,0
1778520193.123079,2,433,0,51,121,55,1
1778520193.125973,1,1359,0,24,121,68,0
1778520193.1406171,2,433,0,51,121,55,1
1778520193.144015,1,1359,0,24,121,68,0
1778520193.158013,2,433,0,51,122,55,1
1778520193.1609185,1,1359,0,24,121,68,0
1778520193.1756375,2,433,0,51,121,55,0
1778520193.1788692,1,1359,0,24,121,68,0
1778520193.1929555,2,433,0,51,121,55,1
1778520193.1957488,1,1359,0,24,121,68,0
1778520193.2101297,2,433,0,51,121,55,1
1778520193.2137225,1,1359,0,24,121,68,0
1778520193.227864,2,433,0,51,121,55,1
1778520193.2306743,1,1359,0,24,121,68,0
1778520193.2455304,2,433,0,51,121,55,1
1778520193.249458,1,1359,0,24,121,68,0
1778520193.2634366,2,433,0,52,121,55,1
1778520193.266694,1,1359,0,24,121,68,0
1778520193.281549,2,433,0,60,121,55,1
1778520193.2848103,1,1359,0,24,121,68,0
1778520193.2989266,2,433,0,73,121,55,1
1778520193.3019426,1,1359,0,24,121,68,0
1778520193.316647,2,433,0,94,121,55,4
1778520193.3199182,1,1359,0,24,121,68,0
1778520193.3339403,2,433,0,121,121,55,4
1778520193.3369424,1,1359,0,24,121,68,0
1778520193.351423,2,431,-50,151,121,56,5
1778520193.3548717,1,1359,0,24,121,68,0
1778520193.3688934,2,428,-200,181,121,55,7
1778520193.371773,1,1359,0,24,121,68,0
1778520193.386192,2,424,-200,211,121,55,7
1778520193.3897762,1,1359,0,24,121,68,0
1778520193.404075,2,417,-250,245,121,55,9
1778520193.4070761,1,1359,0,24,121,68,0
1778520193.421629,2,408,-400,271,121,55,9
1778520193.4252274,1,1359,0,24,121,68,0
1778520193.4391458,2,397,-550,297,121,55,10
1778520193.4423406,1,1359,0,24,121,68,0
1778520193.4567277,2,384,-650,321,121,55,10
1778520193.460004,1,1359,0,24,120,68,0
1778520193.473963,2,369,-800,344,120,55,11
1778520193.4768004,1,1359,0,24,120,68,0
1778520193.491374,2,353,-900,365,120,55,12
1778520193.4946115,1,1359,0,24,120,68,0
1778520193.5084803,2,336,-1000,382,120,55,12
1778520193.5113454,1,1359,0,24,121,68,0
1778520193.5256827,2,318,-1000,396,121,55,11
1778520193.5292296,1,1359,0,24,121,68,0
1778520193.5430868,2,298,-1050,405,121,55,10
1778520193.5462625,1,1359,0,24,121,68,0
1778520193.5630834,2,274,-1100,413,120,55,10
1778520193.5663457,1,1359,0,24,121,68,0
1778520193.581014,2,252,-1200,412,121,55,10
1778520193.5850112,1,1359,0,24,121,68,0
1778520193.5992699,2,229,-1250,408,121,55,11
1778520193.602232,1,1359,0,24,121,68,0
1778520193.6171849,2,209,-1200,403,121,55,8
1778520193.620687,1,1359,0,24,121,68,0
1778520193.634551,2,187,-1200,393,121,55,8
1778520193.6374998,1,1359,0,24,121,68,0
1778520193.6520314,2,166,-1250,373,121,55,7
1778520193.655342,1,1359,0,24,121,68,0
1778520193.6695292,2,145,-1150,350,121,55,8
1778520193.6724296,1,1359,0,24,121,68,0
1778520193.686313,2,126,-1150,324,121,55,5
1778520193.6891656,1,1359,0,24,121,68,0
1778520193.703593,2,109,-1150,294,121,55,4
1778520193.7068217,1,1359,0,24,121,68,0
1778520193.7209837,2,92,-950,273,121,55,4
1778520193.723861,1,1359,0,24,121,68,0
1778520193.7379665,2,78,-950,243,121,55,4
1778520193.7414606,1,1359,0,24,121,68,0
1778520193.756147,2,64,-800,216,121,55,3
1778520193.7596366,1,1359,0,24,121,68,0
1778520193.7740443,2,53,-700,191,121,55,2
1778520193.777549,1,1359,0,24,121,68,0
1778520193.7915537,2,43,-600,163,121,55,2
1778520193.7943156,1,1359,0,24,121,68,0
1778520193.8091378,2,36,-450,140,121,54,2
1778520193.8130796,1,1359,0,24,121,68,0
1778520193.8274238,2,30,-300,117,121,55,2
1778520193.8307798,1,1359,0,24,121,68,0
1778520193.8453565,2,25,-300,95,121,55,1
1778520193.8484552,1,1359,0,24,121,68,0
1778520193.8627608,2,23,-300,72,121,55,1
1778520193.86572,1,1359,0,24,121,68,0
1778520193.8807092,2,21,-100,57,121,55,1
1778520193.8839948,1,1359,0,24,121,68,0
1778520193.8981004,2,21,-100,33,121,55,1
1778520193.9007804,1,1359,0,24,121,68,0
1778520193.9153378,2,21,0,22,121,55,0
1778520193.9188857,1,1359,0,24,121,68,0
1778520193.9328551,2,21,0,50,121,55,1
1778520193.9356108,1,1359,0,24,121,68,0
1778520193.950014,2,22,0,84,121,55,1
1778520193.9536636,1,1359,0,24,121,68,0
1778520193.9677513,2,23,50,124,121,55,3
1778520193.970539,1,1359,0,24,121,68,0
1778520193.9853039,2,24,100,165,121,55,5
1778520193.989426,1,1359,0,24,121,68,1
1778520194.0035546,2,29,250,212,121,55,7
1778520194.0068634,1,1359,0,24,121,68,0
1778520194.0215187,2,36,250,255,121,55,10
1778520194.024812,1,1359,0,24,121,68,0
1778520194.0388315,2,44,400,290,120,55,12
1778520194.042035,1,1359,0,24,121,68,0
1778520194.0563014,2,54,450,331,120,55,12
1778520194.0594883,1,1359,0,24,120,68,0
1778520194.0741322,2,67,650,364,120,55,14
1778520194.0781612,1,1359,0,24,120,68,0
1778520194.092369,2,84,850,393,120,55,16
1778520194.0951474,1,1359,0,24,120,68,1
1778520194.1099262,2,101,1000,410,120,55,16
1778520194.1140263,1,1359,0,24,120,68,0
1778520194.1279144,2,122,1100,421,120,55,16
1778520194.1314962,1,1359,0,24,120,68,0
1778520194.145694,2,141,1050,430,120,55,14
1778520194.1487315,1,1359,0,24,120,68,0
1778520194.1625757,2,161,1050,436,120,55,13
1778520194.1654928,1,1359,0,24,120,68,0
1778520194.1800094,2,182,1200,436,120,55,12
1778520194.1834269,1,1359,0,24,120,68,0
1778520194.1974678,2,205,1200,436,120,55,13
1778520194.2002301,1,1359,0,24,120,68,0
1778520194.2150054,2,226,1300,429,121,55,11
1778520194.2187047,1,1359,0,24,121,68,0
1778520194.2328913,2,249,1200,424,121,55,10
1778520194.2357466,1,1359,0,24,120,68,0
1778520194.2501435,2,270,1250,411,121,55,9
1778520194.2537863,1,1359,0,24,121,68,0
1778520194.2678912,2,292,1200,392,121,55,8
1778520194.2707806,1,1359,0,24,121,68,0
1778520194.285418,2,313,1250,368,121,55,8
1778520194.2896044,1,1359,0,24,121,68,0
1778520194.303578,2,333,1050,339,121,55,7
1778520194.307032,1,1359,0,24,121,68,0
1778520194.321553,2,350,1050,314,121,55,6
1778520194.324669,1,1359,0,24,121,68,0
1778520194.3386087,2,367,1000,288,121,55,4
1778520194.3416476,1,1359,0,24,121,68,0
1778520194.3561778,2,382,900,262,121,55,4
1778520194.3596022,1,1359,0,24,121,68,1
1778520194.3736126,2,396,850,232,121,55,4
1778520194.3763971,1,1359,0,24,121,68,0
1778520194.3908494,2,408,800,201,121,55,3
1778520194.3945038,1,1359,0,24,121,68,0
1778520194.4086714,2,418,600,172,121,55,3
1778520194.411491,1,1359,0,24,121,68,0
1778520194.4258611,2,425,400,150,121,55,2
1778520194.4294949,1,1359,0,24,121,68,0
1778520194.4434893,2,430,350,129,121,55,2
1778520194.4463627,1,1359,0,24,121,68,0
1778520194.4607074,2,434,350,105,121,55,2
1778520194.4647388,1,1359,0,24,121,68,1
1778520194.478663,2,438,200,93,121,55,2
1778520194.4815276,1,1359,0,24,121,68,0
1778520194.496223,2,440,200,80,121,55,2
1778520194.4995074,1,1359,0,24,121,68,0
1778520194.5137057,2,441,150,69,121,55,2
1778520194.5166848,1,1359,0,24,121,68,0
1778520194.5313044,2,441,0,68,121,55,1
1778520194.5347247,1,1359,0,24,121,68,0
1778520194.5489242,2,441,0,68,121,55,2
1778520194.5517333,1,1359,0,24,121,68,0
1778520194.566621,2,442,0,68,121,55,2
1778520194.5706193,1,1359,0,24,121,68,0
1778520194.5847216,2,442,0,68,121,56,2
1778520194.5875106,1,1359,0,24,121,68,0
1778520194.6018286,2,441,0,68,121,55,1
1778520194.60553,1,1359,0,24,121,68,0
1778520194.6196096,2,441,0,68,121,55,1
1778520194.6223714,1,1359,0,24,121,68,0
1778520194.636702,2,441,50,64,121,55,1
1778520194.6406262,1,1359,0,24,121,68,1
1778520194.6546166,2,441,-50,69,121,55,2
1778520194.6575274,1,1359,0,24,121,68,0
1778520194.6719844,2,441,0,68,121,55,1
1778520194.6752856,1,1359,0,24,121,68,0
1778520194.689274,2,442,0,68,121,55,1
1778520194.6921084,1,1359,0,24,121,70,0
1778520194.7066877,2,442,50,66,121,55,2
1778520194.7102726,1,1359,0,24,121,68,0
1778520194.7242692,2,442,-50,67,121,55,1
1778520194.7270548,1,1359,0,24,121,68,1
1778520194.7414398,2,441,0,68,121,55,2
1778520194.7455032,1,1359,0,24,121,68,0
1778520194.7594132,2,441,0,68,121,55,2
1778520194.7626228,1,1359,0,24,121,68,0
1778520194.7772422,2,441,0,68,121,55,2
1778520194.7804737,1,1359,0,24,121,68,0
1778520194.794454,2,441,50,64,121,55,1
1778520194.8000498,1,1359,0,24,121,68,0
1778520194.8145592,2,442,-50,69,121,56,1
1778520194.8179095,1,1359,0,24,121,68,1
1778520194.8327427,2,441,0,68,121,55,1
1778520194.8369868,1,1359,0,24,121,68,0
1778520194.8511508,2,441,0,68,121,55,1
1778520194.8541222,1,1359,0,24,121,68,0
1778520194.8688037,2,441,0,68,121,55,2
1778520194.8720393,1,1359,0,24,121,68,0
1778520194.8859506,2,441,50,66,121,55,1
1778520194.889033,1,1359,0,24,121,68,0
1778520194.9035203,2,442,-50,67,121,55,2
1778520194.90676,1,1359,0,24,121,68,0
1778520194.9206865,2,442,50,67,121,55,1
1778520194.9234512,1,1359,0,24,121,68,0
1778520194.9376872,2,441,50,63,121,55,1
1778520194.9412336,1,1359,0,24,121,68,0
1778520194.9550714,2,441,0,64,121,55,1
1778520194.9579022,1,1359,0,24,121,68,0
1778520194.9723086,2,441,0,64,121,55,1
1778520194.975534,1,1359,0,24,121,68,0
1778520194.9895077,2,441,-50,68,121,55,2
1778520194.992303,1,1359,0,24,121,68,0
1778520195.0068934,2,442,0,68,121,55,2
1778520195.0102162,1,1359,0,24,121,68,0
1778520195.0241332,2,441,0,68,121,55,2
1778520195.0268962,1,1359,0,24,121,68,1
1778520195.0415466,2,442,50,67,121,55,1
1778520195.0454314,1,1359,0,24,121,68,0
1778520195.0594876,2,442,0,64,121,55,1
1778520195.062893,1,1359,0,24,121,68,0
1778520195.0778475,2,442,0,66,121,55,1
1778520195.081036,1,1359,0,24,121,68,0
1778520195.0950546,2,441,-50,69,121,55,1
1778520195.097996,1,1359,0,24,121,68,0
1778520195.1124713,2,441,0,68,121,54,1
1778520195.1167748,1,1359,0,24,121,68,0
1778520195.130835,2,441,50,64,121,55,1
1778520195.133707,1,1359,0,24,121,68,0
1778520195.1483464,2,442,-50,68,121,55,1
1778520195.1517968,1,1359,0,24,121,68,0
1778520195.16568,2,441,0,68,121,55,2
1778520195.1685865,1,1359,0,24,121,68,0
1778520195.183055,2,442,50,66,121,55,1
1778520195.1864474,1,1359,0,24,121,68,0
1778520195.2004993,2,442,-50,66,121,55,1
1778520195.2034788,1,1359,0,24,121,68,0
1778520195.217961,2,441,0,68,121,55,1
1778520195.2215855,1,1359,0,24,121,68,0
1778520195.2357972,2,442,0,68,121,55,2
1778520195.238578,1,1359,0,24,121,68,0
1778520195.2534435,2,441,0,68,121,55,1
1778520195.2577498,1,1359,0,24,121,68,0
1778520195.2721446,2,442,50,64,121,55,1
1778520195.27569,1,1359,0,24,121,68,0
1778520195.2907882,2,442,-50,68,121,55,1
1778520195.2940269,1,1359,0,24,121,68,0
1778520195.308219,2,441,50,65,121,55,2
1778520195.3112679,1,1359,0,24,121,69,0
1778520195.3255303,2,442,-50,67,121,56,1
1778520195.3286767,1,1359,0,24,121,68,1
1778520195.3427072,2,441,50,66,121,55,1
1778520195.3458276,1,1359,0,24,121,68,1
1778520195.3604562,2,441,0,64,121,55,1
1778520195.363792,1,1359,0,24,121,68,0
1778520195.377735,2,441,-50,66,121,56,1
1778520195.3806324,1,1359,0,24,121,69,0
1778520195.3950553,2,442,-50,69,121,55,2
1778520195.3982553,1,1359,0,24,121,68,0
1778520195.4128828,2,441,0,68,121,55,1
1778520195.4168613,1,1359,0,24,121,68,0
1778520195.4308805,2,442,50,64,121,55,1
1778520195.433912,1,1359,0,24,121,68,0
1778520195.4487164,2,442,0,64,121,56,1
1778520195.4526117,1,1359,0,24,121,68,0
1778520195.4665833,2,442,0,64,121,56,1
1778520195.4696155,1,1359,0,24,121,68,0
1778520195.4843361,2,442,-50,67,121,55,2
1778520195.4879737,1,1359,0,24,121,68,0
1778520195.5019653,2,441,50,66,121,55,2
1778520195.504836,1,1359,0,24,121,68,0
1778520195.5193691,2,441,-50,66,121,59,1
1778520195.522889,1,1359,0,24,121,69,0
1778520195.537273,2,441,0,68,121,55,1
1778520195.5401719,1,1359,0,24,121,68,0
1778520195.5550132,2,442,0,67,121,55,1
1778520195.558669,1,1359,0,24,121,69,0
1778520195.5729935,2,441,50,64,121,55,1
1778520195.5757813,1,1359,0,24,121,68,0
1778520195.590451,2,442,-50,69,121,56,1
1778520195.5940323,1,1359,0,24,121,68,0
1778520195.6083958,2,441,50,64,121,55,2
1778520195.6111715,1,1359,0,24,121,68,0
1778520195.6259894,2,442,0,64,121,55,2
1778520195.6299627,1,1359,0,24,121,68,0
1778520195.6441042,2,442,-50,68,121,55,2
1778520195.6477394,1,1359,0,24,121,68,0
1778520195.662884,2,441,0,68,121,55,2
1778520195.6661055,1,1359,0,24,121,68,0
1778520195.6806087,2,441,50,66,121,56,1
1778520195.683566,1,1359,0,24,121,68,0
1778520195.6977596,2,442,-50,66,121,56,1
1778520195.7005792,1,1359,0,24,121,68,0
1778520195.715214,2,441,0,68,121,55,2
1778520195.7184362,1,1359,0,24,121,68,0
1778520195.7323987,2,442,0,68,121,55,2
1778520195.735156,1,1359,0,24,121,68,0
1778520195.7500062,2,442,50,64,121,55,2
1778520195.7539966,1,1359,0,24,121,68,0
1778520195.7680006,2,441,0,64,121,55,1
1778520195.7714965,1,1359,0,24,121,68,0
1778520195.7866864,2,442,-50,68,121,56,2
1778520195.7898421,1,1359,0,24,121,69,0
1778520195.8042643,2,442,50,65,121,55,1
1778520195.807226,1,1359,0,24,121,68,0
1778520195.8223343,2,441,0,64,121,56,1
1778520195.8259451,1,1359,0,24,121,68,0
1778520195.8409398,2,442,-50,67,121,64,1
1778520195.845058,1,1359,0,24,121,69,0
1778520195.8594427,2,442,0,68,121,56,1
1778520195.862672,1,1359,0,24,121,68,0
1778520195.8773382,2,442,0,68,121,56,1
1778520195.8806512,1,1359,0,24,121,68,0
1778520195.8947947,2,442,50,67,121,55,1
1778520195.8978515,1,1359,0,24,121,68,0
1778520195.9127867,2,441,50,63,121,64,1
1778520195.9162023,1,1359,0,24,121,68,0
1778520195.9303598,2,442,0,64,121,55,1
1778520195.9332826,1,1359,0,24,121,68,0
1778520195.94793,2,442,-50,69,121,56,2
1778520195.9512682,1,1359,0,24,121,68,0
1778520195.9652386,2,442,0,68,121,55,1
1778520195.967981,1,1359,0,24,121,68,0
1778520195.9821022,2,442,50,65,121,55,2
1778520195.9858332,1,1359,0,24,121,69,0
1778520196.0004618,2,441,0,64,121,55,1
1778520196.0034857,1,1359,0,24,121,68,0
1778520196.017473,2,442,0,64,121,55,2
1778520196.0202315,1,1359,0,24,121,68,0
1778520196.0349438,2,441,0,64,121,55,1
1778520196.038546,1,1359,0,24,121,68,0
1778520196.052872,2,441,-50,66,121,56,1
1778520196.0558174,1,1359,0,24,121,69,0
1778520196.070629,2,442,-50,69,121,55,1
1778520196.0741878,1,1359,0,24,121,68,0
1778520196.088548,2,442,50,64,121,56,1
1778520196.0913,1,1359,0,24,121,68,0
1778520196.106052,2,442,0,64,121,56,1
1778520196.1100097,1,1359,0,24,121,68,0
1778520196.124163,2,441,0,64,121,56,1
1778520196.127813,1,1359,0,24,121,68,0
1778520196.1423826,2,441,-50,68,121,55,1
1778520196.1456187,1,1359,0,24,121,68,0
1778520196.160103,2,442,50,66,121,55,1
1778520196.164298,1,1359,0,24,121,68,0
1778520196.1786416,2,442,-50,67,121,56,2
1778520196.1815152,1,1359,0,24,121,68,1
1778520196.1962936,2,442,50,66,121,55,1
1778520196.1997435,1,1359,0,24,121,68,0
1778520196.2140229,2,442,0,64,121,64,1
1778520196.2168515,1,1359,0,24,121,69,0
1778520196.2316294,2,441,0,66,121,56,1
1778520196.2351947,1,1359,0,24,121,68,0
1778520196.249393,2,442,-50,69,121,55,1
1778520196.2521808,1,1359,0,24,121,68,0
1778520196.2669775,2,441,50,64,121,56,1
1778520196.2705793,1,1359,0,24,121,68,1
1778520196.284759,2,442,0,64,121,56,2
1778520196.2875059,1,1359,0,24,121,68,0
1778520196.302166,2,442,0,64,121,55,1
1778520196.3057468,1,1359,0,24,121,68,0
1778520196.3200376,2,442,0,64,121,55,2
1778520196.3228407,1,1359,0,24,121,69,0
1778520196.3375444,2,442,0,64,121,56,1
1778520196.3414876,1,1359,0,24,121,68,0
1778520196.3556013,2,442,0,64,121,55,1
1778520196.3590717,1,1359,0,24,121,68,0
1778520196.3739114,2,442,-50,66,121,56,1
1778520196.3770092,1,1359,0,24,121,68,0
1778520196.3913183,2,442,50,67,121,56,2
1778520196.3942938,1,1359,0,24,121,68,1
1778520196.4091399,2,441,50,64,121,56,1
1778520196.4131033,1,1359,0,24,121,68,0
1778520196.4272094,2,442,0,64,121,55,2
1778520196.430154,1,1359,0,24,121,68,0
1778520196.4447658,2,442,0,64,121,55,1
1778520196.4480016,1,1359,0,24,121,68,1
1778520196.4621863,2,442,0,64,121,67,1
1778520196.4651845,1,1359,0,24,121,68,0
1778520196.4800646,2,441,-50,68,121,56,1
1778520196.4834723,1,1359,0,24,121,69,0
1778520196.497777,2,442,0,68,121,56,1
1778520196.5008218,1,1359,0,24,121,68,0
1778520196.515476,2,442,0,68,121,56,1
1778520196.5188482,1,1359,0,24,121,68,0
1778520196.5327618,2,442,50,67,121,55,1
1778520196.5356421,1,1359,0,24,121,68,0
1778520196.5500634,2,442,0,64,121,55,1
1778520196.5536005,1,1359,0,24,121,68,0
1778520196.5674353,2,442,0,64,121,55,1
1778520196.5706363,1,1359,0,24,121,68,1
1778520196.5852869,2,442,0,64,121,55,1
1778520196.5884085,1,1359,0,24,121,68,0
1778520196.6023684,2,442,0,64,121,55,1
1778520196.6052902,1,1359,0,24,121,68,0
1778520196.6197212,2,441,0,64,121,55,1
1778520196.622969,1,1359,0,24,121,68,0
1778520196.6368654,2,442,0,64,121,56,1
1778520196.6396568,1,1359,0,24,121,68,0
1778520196.6541054,2,442,0,64,122,56,1
1778520196.6580834,1,1359,0,24,121,68,0
1778520196.67227,2,441,-50,66,121,56,1
1778520196.6751204,1,1359,0,24,121,68,0
1778520196.6896083,2,441,0,68,121,56,1
1778520196.6934896,1,1359,0,24,121,68,0
1778520196.7073545,2,442,0,68,121,55,2
1778520196.7105486,1,1359,0,24,121,68,0
1778520196.7251406,2,442,50,64,121,56,1
1778520196.7284257,1,1359,0,24,121,69,0
1778520196.742316,2,441,-50,68,121,55,2
1778520196.7452304,1,1359,0,24,121,69,0
1778520196.7598407,2,442,0,68,121,56,1
1778520196.7631571,1,1359,0,24,121,68,0
1778520196.7771251,2,441,50,65,121,56,1
1778520196.7799695,1,1359,0,24,121,68,0
1778520196.794369,2,441,0,64,121,56,2
1778520196.798117,1,1359,0,24,121,69,0
1778520196.8121426,2,441,-50,66,121,56,2
1778520196.8149116,1,1359,0,24,121,68,0
1778520196.829283,2,441,0,68,121,55,1
1778520196.833245,1,1359,0,24,121,69,0
1778520196.847265,2,442,0,67,121,55,2
1778520196.8505518,1,1359,0,24,121,68,0
1778520196.8652563,2,441,50,64,121,56,2
1778520196.8684316,1,1359,0,24,121,69,0
1778520196.8825555,2,441,-50,69,121,56,1
1778520196.8855665,1,1359,0,24,121,68,0
1778520196.9000902,2,441,50,65,121,56,1
1778520196.9034219,1,1359,0,24,121,69,0
1778520196.9173815,2,441,-50,68,121,55,2
1778520196.9201584,1,1359,0,24,121,68,0
1778520196.9345665,2,442,50,66,121,55,1
1778520196.9381278,1,1359,0,24,121,68,0
1778520196.9526653,2,442,0,64,121,56,1
1778520196.9557226,1,1359,0,24,121,69,0
1778520196.9701264,2,442,0,64,121,56,1
1778520196.9738004,1,1359,0,24,121,68,0
1778520196.987802,2,441,-50,66,121,55,1
1778520196.9905803,1,1359,0,24,121,69,0
1778520197.0045,2,441,-50,69,121,56,1
1778520197.0085719,1,1359,0,24,121,69,0
1778520197.0224915,2,441,0,68,121,56,1
1778520197.025396,1,1359,0,24,121,69,0
1778520197.0398462,2,442,50,65,121,55,1
1778520197.0430768,1,1359,0,24,121,68,0
1778520197.0573475,2,442,0,64,121,56,1
1778520197.060173,1,1359,0,24,121,69,0
1778520197.0746005,2,441,0,64,121,56,2
1778520197.0781488,1,1359,0,24,121,68,0
1778520197.092176,2,442,0,64,121,56,1
1778520197.0949576,1,1359,0,24,121,69,0
1778520197.109428,2,441,0,64,121,56,1
1778520197.1134436,1,1359,0,24,121,69,0
1778520197.127578,2,442,0,64,121,56,2
1778520197.131061,1,1359,0,24,121,68,0
1778520197.145469,2,441,0,64,121,54,1
1778520197.1484156,1,1359,0,24,121,69,0
1778520197.1624284,2,442,-50,69,121,56,1
1778520197.1653678,1,1359,0,24,121,69,0
1778520197.1798136,2,441,50,64,121,55,2
1778520197.1830313,1,1359,0,24,121,69,0
1778520197.1972725,2,442,-50,68,121,56,2
1778520197.2002327,1,1359,0,24,121,68,0
1778520197.2142265,2,441,50,66,121,55,1
1778520197.217174,1,1359,0,24,121,68,0
1778520197.2319698,2,442,-50,67,121,56,2
1778520197.2353632,1,1359,0,24,121,69,0
1778520197.2492409,2,442,50,66,121,56,2
1778520197.2519958,1,1359,0,24,121,69,0
1778520197.2663977,2,442,0,64,121,56,1
1778520197.2699502,1,1359,0,24,121,69,0
1778520197.2840126,2,441,0,64,121,56,1
1778520197.2868476,1,1359,0,24,121,69,0
1778520197.3016398,2,442,0,64,121,56,1
1778520197.3056056,1,1359,0,24,121,69,0
1778520197.319562,2,442,0,64,121,56,2
1778520197.322985,1,1359,0,24,121,69,0
1778520197.337323,2,442,0,64,121,56,1
1778520197.3403425,1,1359,0,24,121,68,0
1778520197.3542385,2,442,-50,67,121,56,1
1778520197.357255,1,1359,0,24,121,69,0
1778520197.3717055,2,441,50,66,121,56,1
1778520197.3750887,1,1359,0,24,121,69,0
1778520197.3890831,2,442,0,64,121,56,1
1778520197.3918436,1,1359,0,24,121,69,0
1778520197.4061291,2,442,0,64,121,56,1
1778520197.4097598,1,1359,0,24,121,68,0
1778520197.423776,2,442,0,64,121,56,1
1778520197.4265935,1,1359,0,24,121,69,0
1778520197.4412103,2,442,-50,69,121,56,2
1778520197.4450579,1,1359,0,24,121,69,0
1778520197.4590557,2,441,50,64,121,75,1
1778520197.462084,1,1359,0,24,121,68,0
1778520197.476656,2,442,0,64,121,56,1
1778520197.4801087,1,1359,0,24,121,69,0
1778520197.4940393,2,442,0,64,121,56,1
1778520197.4970767,1,1359,0,24,121,69,0
1778520197.5113487,2,442,-50,67,121,55,1
1778520197.5145047,1,1359,0,24,121,69,0
1778520197.5288682,2,442,50,66,121,56,1
1778520197.5328965,1,1359,0,24,121,69,0
1778520197.5469646,2,442,-50,66,121,56,1
1778520197.549865,1,1359,0,24,121,69,0
1778520197.5645707,2,441,50,67,121,56,2
1778520197.5678391,1,1359,0,24,121,70,0
1778520197.5818305,2,442,50,64,121,54,1
1778520197.5848165,1,1359,0,24,121,69,1
1778520197.5992265,2,442,0,64,121,56,2
1778520197.6026173,1,1359,0,24,121,68,0
1778520197.6166148,2,441,-50,68,121,56,2
1778520197.619405,1,1359,0,24,121,69,0
1778520197.6340244,2,441,0,68,121,56,2
1778520197.63765,1,1359,0,24,121,68,0
1778520197.6523387,2,442,50,66,121,56,1
1778520197.6564627,1,1359,0,24,121,69,0
1778520197.67063,2,442,0,64,121,56,1
1778520197.6734262,1,1359,0,24,121,70,0
1778520197.6878655,2,442,0,64,121,66,2
1778520197.6914113,1,1359,0,24,121,69,0
1778520197.7053163,2,442,0,64,121,56,2
1778520197.7080617,1,1359,0,24,121,69,0
1778520197.7224534,2,441,0,64,121,56,2
1778520197.726,1,1359,0,24,121,69,1
1778520197.7400167,2,442,0,64,121,55,2
1778520197.7427874,1,1359,0,24,121,69,0
1778520197.7573974,2,441,0,64,121,56,1
1778520197.7613668,1,1359,0,24,121,69,0
1778520197.775372,2,441,0,64,121,56,2
1778520197.7785282,1,1359,0,24,121,69,0
1778520197.7933278,2,442,0,64,121,56,2
1778520197.796847,1,1359,0,24,121,69,0
1778520197.810635,2,441,0,64,121,56,1
1778520197.8135662,1,1359,0,24,121,69,0
1778520197.8279,2,441,-50,67,121,56,2
1778520197.8311155,1,1359,0,24,121,68,0
1778520197.8452253,2,441,50,67,121,55,2
1778520197.8481584,1,1359,0,24,121,69,0
1778520197.8620179,2,442,50,64,122,56,2
1778520197.8648996,1,1359,0,24,121,69,0
1778520197.8794441,2,442,0,64,121,56,2
1778520197.8829083,1,1359,0,24,121,69,0
1778520197.8970873,2,441,0,64,121,56,1
1778520197.900191,1,1359,0,24,121,69,0
1778520197.9148295,2,442,0,64,121,56,1
1778520197.9183857,1,1359,0,24,121,69,1
1778520197.932456,2,442,0,64,121,57,2
1778520197.93526,1,1359,0,24,121,69,0
1778520197.9496408,2,442,-50,67,121,56,2
1778520197.9535856,1,1359,0,24,121,69,0
1778520197.9674895,2,442,50,66,121,56,2
1778520197.9707794,1,1359,0,24,121,69,0
1778520197.9855418,2,442,0,64,121,56,1
1778520197.9887397,1,1359,0,24,121,69,0
1778520198.002439,2,442,0,64,121,56,1
1778520198.0052845,1,1359,0,24,121,69,0
1778520198.0197918,2,442,0,64,121,56,2
1778520198.023135,1,1359,0,24,121,69,0
1778520198.0373166,2,442,0,64,121,65,2
1778520198.0403202,1,1359,0,24,121,69,0
1778520198.0543115,2,442,0,64,121,56,1
1778520198.05736,1,1359,0,24,121,69,0
1778520198.071824,2,441,0,64,121,55,1
1778520198.075223,1,1359,0,24,121,69,0
1778520198.0893824,2,442,-50,67,121,56,2
1778520198.092367,1,1359,0,24,121,69,0
1778520198.1064231,2,442,50,66,121,56,2
1778520198.1095557,1,1359,0,24,121,69,0
1778520198.1241019,2,442,0,64,121,56,1
1778520198.127489,1,1359,0,24,121,69,0
1778520198.1416585,2,442,0,64,121,56,1
1778520198.1446419,1,1359,0,24,121,69,0
1778520198.1589386,2,442,0,64,121,56,1
1778520198.162195,1,1359,0,24,121,69,0
1778520198.1765792,2,442,0,64,121,56,2
1778520198.179543,1,1359,0,24,121,69,0
1778520198.1934752,2,442,-50,68,121,56,1
1778520198.1963108,1,1359,0,24,121,69,0
1778520198.2107038,2,441,50,65,121,56,2
1778520198.2142377,1,1359,0,24,121,69,0
1778520198.2282708,2,442,0,64,121,56,1
1778520198.2310905,1,1359,0,24,121,69,0
1778520198.2459836,2,441,0,64,121,56,2
1778520198.2499666,1,1359,0,24,121,69,0
1778520198.2640555,2,442,0,64,121,56,2
1778520198.2673569,1,1359,0,24,121,69,0
1778520198.2820432,2,442,0,63,121,56,1
1778520198.284988,1,1359,0,24,121,69,0
1778520198.3007662,2,442,0,54,121,56,1
1778520198.3041828,1,1359,0,24,121,69,0
1778520198.3184028,2,441,0,40,122,56,0
1778520198.3214016,1,1359,0,24,121,69,0
1778520198.335324,2,442,0,20,121,55,0
1778520198.338606,1,1359,0,24,121,69,0
1778520198.3531795,2,441,0,39,121,56,0
1778520198.3563848,1,1359,0,24,121,70,0
1778520198.370355,2,440,-50,67,121,56,1
1778520198.3732884,1,1359,0,24,121,69,0
1778520198.3878436,2,439,-50,101,121,56,2
1778520198.3911822,1,1359,0,24,121,69,0
1778520198.405074,2,438,-50,144,121,56,3
1778520198.407892,1,1359,0,24,121,69,0
1778520198.4223647,2,435,-150,186,121,56,6
1778520198.4260056,1,1359,0,24,121,69,0
1778520198.4401531,2,429,-350,229,121,56,7
1778520198.443082,1,1359,0,24,121,68,0
1778520198.4574292,2,422,-350,266,121,56,10
1778520198.4610183,1,1359,0,24,121,69,0
1778520198.4751325,2,411,-450,303,120,56,11
1778520198.4782321,1,1359,0,24,120,69,0
1778520198.493111,2,399,-550,336,120,56,13
1778520198.4964082,1,1359,0,24,120,69,0
1778520198.510358,2,384,-800,345,121,56,10
1778520198.5132759,1,1359,0,24,121,69,1
1778520198.5277061,2,368,-900,343,121,56,9
1778520198.5309677,1,1359,0,24,121,69,1
1778520198.54498,2,350,-950,330,121,56,7
1778520198.5478826,1,1359,0,24,121,69,0
1778520198.5622494,2,334,-1000,309,121,56,6
1778520198.5658312,1,1359,0,24,121,69,0
1778520198.5797908,2,317,-900,282,121,56,4
1778520198.582528,1,1359,0,24,121,69,0
1778520198.5969973,2,303,-900,257,121,56,4
1778520198.6009164,1,1359,0,24,121,69,0
1778520198.6147625,2,288,-900,220,121,56,3
1778520198.6175544,1,1359,0,24,121,69,0
1778520198.6319835,2,275,-800,189,121,56,2
1778520198.6353436,1,1359,0,24,121,69,0
1778520198.6492941,2,265,-650,159,121,56,2
1778520198.6520994,1,1359,0,24,121,69,0
1778520198.6665766,2,257,-550,133,121,56,2
1778520198.6701505,1,1359,0,24,121,69,0
1778520198.684129,2,250,-400,103,121,56,1
1778520198.6869204,1,1359,0,24,121,69,0
1778520198.7015753,2,246,-300,81,121,56,1
1778520198.7055864,1,1359,0,24,121,69,1
1778520198.719461,2,243,-150,63,121,56,1
1778520198.7224534,1,1359,0,24,121,69,0
1778520198.7368627,2,241,-150,53,121,56,1
1778520198.7402287,1,1359,0,24,121,69,0
1778520198.7543094,2,241,-100,47,121,56,1
1778520198.7572923,1,1359,0,24,121,69,0
1778520198.7714064,2,241,0,48,121,56,1
1778520198.7745113,1,1359,0,24,121,69,0
1778520198.789264,2,241,0,46,121,56,0
1778520198.7924423,1,1359,0,24,121,69,0
1778520198.8065724,2,241,0,38,121,56,0
1778520198.8099058,1,1359,0,24,121,69,1
1778520198.8247468,2,241,0,25,121,56,0
1778520198.827972,1,1359,0,24,121,69,0
1778520198.8419797,2,241,0,27,121,56,0
1778520198.844758,1,1359,0,24,121,69,0
1778520198.859336,2,242,50,51,121,56,0
1778520198.8627222,1,1359,0,24,121,69,0
1778520198.8768954,2,243,50,80,121,56,1
1778520198.8799405,1,1359,0,24,121,69,0
1778520198.8944097,2,243,50,115,121,56,3
1778520198.8977294,1,1359,0,24,121,69,0
1778520198.9115803,2,244,0,160,121,56,4
1778520198.9148686,1,1359,0,24,121,69,0
1778520198.9294674,2,249,100,205,121,56,6
1778520198.932722,1,1359,0,24,121,69,0
1778520198.946613,2,256,350,239,121,56,8
1778520198.9495986,1,1359,0,24,121,69,0
1778520198.9640353,2,265,500,268,121,56,8
1778520198.9672277,1,1359,0,24,121,69,0
1778520198.981144,2,276,550,299,121,56,9
1778520198.983916,1,1359,0,24,121,69,0
1778520198.998314,2,287,700,330,121,56,12
1778520199.001911,1,1359,0,24,121,69,0
1778520199.0159824,2,303,850,360,120,56,13
1778520199.0188375,1,1359,0,24,121,69,0
1778520199.033543,2,318,850,384,120,56,14
1778520199.0375288,1,1359,0,24,120,69,1
1778520199.0517793,2,336,900,401,120,56,14
1778520199.05519,1,1359,0,24,120,69,0
1778520199.0697458,2,355,950,409,120,56,14
1778520199.07289,1,1359,0,24,121,69,0
1778520199.086686,2,376,1100,399,121,56,10
1778520199.0896785,1,1359,0,24,121,69,0
1778520199.104093,2,396,1150,380,121,56,9
1778520199.1074328,1,1359,0,24,121,69,0
1778520199.1214392,2,415,1200,353,121,56,8
1778520199.1242619,1,1359,0,24,121,69,0
1778520199.1386185,2,432,1000,327,121,56,6
1778520199.1423023,1,1359,0,24,121,69,0
1778520199.156807,2,450,950,299,121,56,5
1778520199.1598976,1,1359,0,24,121,69,0
1778520199.1736677,2,465,950,269,121,56,4
1778520199.1764393,1,1359,0,24,121,69,0
1778520199.1909726,2,479,900,239,121,56,4
1778520199.1944978,1,1359,0,24,121,69,0
1778520199.2084794,2,491,750,212,121,56,5
1778520199.2114167,1,1359,0,24,121,69,0
1778520199.2261927,2,502,700,182,121,56,4
1778520199.2301538,1,1359,0,24,121,69,0
1778520199.2441645,2,510,550,151,121,56,3
1778520199.2480376,1,1359,0,24,121,68,0
1778520199.2622592,2,516,350,128,121,62,2
1778520199.2652357,1,1359,0,24,121,69,0
1778520199.2791145,2,520,250,109,121,56,2
1778520199.282118,1,1359,0,24,121,69,0
1778520199.299098,2,523,150,95,121,150,1
1778520199.3025968,1,1359,0,24,121,69,1
1778520199.3172035,2,524,100,85,121,56,2
1778520199.3211794,1,1359,0,24,121,69,0
1778520199.335054,2,526,100,77,121,56,1
1778520199.338311,1,1359,0,24,121,69,0
1778520199.3527849,2,526,100,70,121,56,1
1778520199.3560376,1,1359,0,24,121,69,0
1778520199.3698928,2,527,50,68,121,56,1
1778520199.3726802,1,1359,0,24,121,69,0
1778520199.3871143,2,527,0,68,121,56,1
1778520199.3906183,1,1359,0,24,121,69,0
1778520199.4046795,2,527,0,68,121,56,2
1778520199.407445,1,1359,0,24,121,69,0
1778520199.4217343,2,527,0,68,121,56,2
1778520199.4255545,1,1359,0,24,121,69,0
1778520199.4395535,2,527,0,68,121,56,1
1778520199.442916,1,1359,0,24,121,70,0
1778520199.4575434,2,527,0,68,121,56,1
1778520199.4607882,1,1359,0,24,121,69,0
1778520199.4746826,2,527,0,68,121,56,1
1778520199.4776545,1,1359,0,24,121,69,0
1778520199.4920852,2,527,0,68,121,56,1
1778520199.4953566,1,1359,0,24,121,69,0
1778520199.50926,2,527,0,68,121,56,1
1778520199.5120275,1,1359,0,24,121,69,0
1778520199.5263689,2,527,0,68,121,56,1
1778520199.529995,1,1359,0,24,121,69,0
1778520199.5439029,2,527,0,68,121,56,1
1778520199.5466857,1,1359,0,24,121,69,0
1778520199.560754,2,527,0,68,121,56,2
1778520199.564912,1,1359,0,24,121,69,1
1778520199.5787928,2,527,0,68,121,56,2
1778520199.5816262,1,1359,0,24,121,69,0
1778520199.596114,2,527,0,68,121,56,2
1778520199.5993717,1,1359,0,24,121,69,0
1778520199.613265,2,527,0,68,121,56,1
1778520199.6160345,1,1359,0,24,121,69,0
1778520199.6302943,2,527,0,68,121,56,1
1778520199.6339426,1,1359,0,24,121,69,0
1778520199.648007,2,527,0,68,121,56,2
1778520199.6507692,1,1359,0,24,121,69,0
1778520199.6650665,2,527,0,68,121,56,1
1778520199.6689305,1,1359,0,24,121,69,0
1778520199.6830466,2,527,0,68,121,56,1
1778520199.6861408,1,1359,0,24,121,69,0
1778520199.7003956,2,527,0,68,121,56,1
1778520199.7035992,1,1359,0,24,121,69,0
1778520199.7174354,2,527,0,68,121,56,1
1778520199.7202291,1,1359,0,24,121,69,0
1778520199.7346826,2,527,0,68,121,56,2
1778520199.738276,1,1359,0,24,121,69,0
1778520199.7522857,2,527,0,68,121,56,1
1778520199.7550519,1,1359,0,24,121,69,0
1778520199.769476,2,527,0,68,121,56,2
1778520199.7733438,1,1359,0,24,121,69,0
1778520199.787244,2,527,0,68,121,56,1
1778520199.7905047,1,1359,0,24,121,69,0
1778520199.8054085,2,527,0,68,121,56,1
1778520199.808627,1,1359,0,24,121,69,0
1778520199.8226664,2,527,0,67,121,56,1
1778520199.8255336,1,1359,0,24,121,69,0
1778520199.840145,2,527,0,60,121,56,1
1778520199.8434222,1,1359,0,24,121,69,0
1778520199.8574874,2,527,0,47,121,56,0
1778520199.8602705,1,1359,0,24,121,69,0
1778520199.8750966,2,527,0,26,121,56,0
1778520199.8787286,1,1359,0,24,121,69,0
1778520199.8930683,2,527,0,32,121,57,0
1778520199.8958914,1,1359,0,24,121,69,0
1778520199.910277,2,527,0,62,121,56,0
1778520199.9139354,1,1359,0,24,121,69,0
1778520199.928309,2,526,0,102,121,56,3
1778520199.9313467,1,1359,0,24,121,69,0
1778520199.9459956,2,525,-50,143,121,56,3
1778520199.9495027,1,1359,0,24,121,69,0
1778520199.9634795,2,521,-100,184,121,56,6
1778520199.966763,1,1359,0,24,121,69,0
1778520199.9813507,2,516,-250,206,121,56,7
1778520199.9846106,1,1359,0,24,121,69,0
1778520199.9985328,2,509,-350,216,121,56,6
1778520200.001524,1,1359,0,24,121,69,0
1778520200.015877,2,502,-450,214,121,56,5
1778520200.019179,1,1359,0,24,121,69,0
1778520200.0330715,2,492,-500,202,121,56,5
1778520200.0358675,1,1359,0,24,121,70,0
1778520200.050351,2,484,-500,182,121,56,3
1778520200.0545762,1,1359,0,24,121,69,0
1778520200.068493,2,475,-500,153,121,56,3
1778520200.072673,1,1359,0,24,121,69,0
1778520200.0869975,2,467,-450,124,121,56,2
1778520200.0899515,1,1359,0,24,121,69,0
1778520200.1046822,2,462,-400,97,121,56,1
1778520200.1088333,1,1359,0,24,121,69,0
1778520200.1229467,2,458,-250,78,121,56,1
1778520200.1258328,1,1359,0,24,121,69,0
1778520200.1402137,2,456,-150,67,121,56,1
1778520200.1435564,1,1359,0,24,121,69,0
1778520200.1575089,2,455,-100,59,121,56,1
1778520200.160279,1,1359,0,24,121,69,1
1778520200.1746447,2,455,-50,55,121,56,1
1778520200.1784437,1,1359,0,24,121,69,0
1778520200.192541,2,455,0,53,121,56,1
1778520200.1953573,1,1359,0,24,121,69,0
1778520200.2096062,2,455,0,53,121,56,1
1778520200.2131054,1,1359,0,24,121,69,0
1778520200.2269201,2,455,0,53,121,56,1
1778520200.2298539,1,1359,0,24,121,69,0
1778520200.244446,2,455,0,53,121,56,1
1778520200.247951,1,1359,0,24,121,69,0
1778520200.261748,2,455,0,53,121,56,1
1778520200.2644749,1,1359,0,24,121,69,0
1778520200.2789335,2,455,0,53,121,56,1
1778520200.2822163,1,1359,0,24,121,69,0
1778520200.2967997,2,455,0,53,121,56,1
1778520200.2998624,1,1359,0,24,121,69,0
1778520200.3138487,2,455,0,53,121,56,1
1778520200.3167765,1,1359,0,24,121,69,0
1778520200.3313034,2,455,0,53,121,56,1
1778520200.3348548,1,1359,0,24,121,69,0
1778520200.348959,2,455,0,53,121,56,1
1778520200.3517833,1,1359,0,24,121,69,0
1778520200.366014,2,455,0,53,121,56,1
1778520200.369531,1,1359,0,24,121,69,0
1778520200.383592,2,455,0,53,121,56,1
1778520200.3863854,1,1359,0,24,121,69,0
1778520200.4008148,2,455,0,53,121,56,1
1778520200.4048014,1,1359,0,24,121,69,0
1778520200.4186866,2,455,0,53,121,56,1
1778520200.4215906,1,1359,0,24,121,69,0
1778520200.4360824,2,455,0,53,121,56,1
1778520200.4394405,1,1359,0,24,121,69,0
1778520200.4533415,2,455,0,53,121,56,1
1778520200.4563742,1,1359,0,24,121,69,0
1778520200.4710567,2,455,0,53,121,56,1
1778520200.47457,1,1359,0,24,121,69,0
1778520200.4888878,2,455,0,53,121,56,1
1778520200.4918647,1,1359,0,24,121,69,0
1778520200.506349,2,455,0,53,121,56,1
1778520200.509993,1,1359,0,24,121,69,0
1778520200.5239828,2,455,0,53,121,56,1
1778520200.526784,1,1359,0,24,121,69,0
1778520200.5411675,2,455,0,53,121,56,1
1778520200.5450947,1,1359,0,24,121,69,0
1778520200.5632133,2,455,0,53,121,56,1
1778520200.5674894,1,1359,0,24,121,69,0
1778520200.5817451,2,455,0,53,121,56,1
1778520200.5846446,1,1359,0,24,121,70,0
1778520200.599048,2,455,0,53,121,56,0
1778520200.6023636,1,1359,0,24,121,69,1
1778520200.6163852,2,455,0,53,121,56,1
1778520200.6192355,1,1359,0,24,121,69,0
1778520200.6339805,2,455,0,53,121,56,0
1778520200.6380374,1,1359,0,24,121,69,0
1778520200.6519134,2,455,0,53,121,56,1
1778520200.6556907,1,1359,0,24,121,69,0
1778520200.6697657,2,455,0,53,121,56,1
1778520200.6725864,1,1359,0,24,121,69,0
1778520200.6871061,2,455,0,53,121,56,1
1778520200.690477,1,1359,0,24,121,69,0
1778520200.7047968,2,455,0,53,121,56,1
1778520200.7078836,1,1359,0,24,121,69,0
1778520200.7217774,2,455,0,53,121,56,1
1778520200.724626,1,1359,0,24,121,69,0
1778520200.7391038,2,455,0,53,121,56,1
1778520200.7424412,1,1359,0,24,121,69,0
1778520200.7562747,2,455,0,53,121,56,1
1778520200.7590237,1,1359,0,24,121,70,0
1778520200.7733681,2,455,0,53,121,56,1
1778520200.7773705,1,1359,0,24,121,70,0
1778520200.7912707,2,455,0,53,121,56,1
1778520200.7942605,1,1359,0,24,121,69,0
1778520200.8087497,2,455,0,53,121,56,1
1778520200.8119252,1,1359,0,24,121,69,0
1778520200.8258178,2,455,0,53,121,56,1
1778520200.8286188,1,1359,0,24,121,69,0
1778520200.843169,2,455,0,53,121,56,1
1778520200.8465195,1,1359,0,24,121,70,0
1778520200.8606358,2,455,0,53,121,56,0
1778520200.8635352,1,1359,0,24,121,69,1
1778520200.8779385,2,455,0,53,121,56,1
1778520200.8815234,1,1359,0,24,121,69,0
1778520200.8955789,2,455,0,53,121,56,1
1778520200.8983667,1,1359,0,24,121,69,1
1778520200.9128,2,455,0,53,121,56,1
1778520200.916687,1,1359,0,24,121,69,0
1778520200.930684,2,455,0,53,121,56,1
1778520200.9337375,1,1359,0,24,121,70,0
1778520200.9481866,2,455,0,53,121,56,0
1778520200.9515476,1,1359,0,24,121,70,0
1778520200.965474,2,455,0,53,121,56,1
1778520200.9681914,1,1359,0,24,121,69,0
1778520200.9826672,2,455,0,53,121,56,1
1778520200.9860535,1,1359,0,24,121,69,0
1778520201.001011,2,455,0,53,121,56,0
1778520201.0053298,1,1359,0,24,121,70,1
1778520201.0193813,2,455,0,53,121,56,1
1778520201.0226583,1,1359,0,24,121,69,0
1778520201.037258,2,455,0,53,121,56,1
1778520201.0405333,1,1359,0,24,121,69,0
1778520201.0545328,2,455,0,53,121,56,1
1778520201.0575593,1,1359,0,24,121,69,0
1778520201.0720336,2,455,0,53,121,56,1
1778520201.0753334,1,1359,0,24,121,70,0
1778520201.0892477,2,455,0,53,121,56,0
1778520201.0921934,1,1359,0,24,121,70,0
1778520201.1064403,2,455,0,53,121,56,1
1778520201.1099474,1,1359,0,24,121,69,0
1778520201.1238632,2,455,0,53,121,56,1
1778520201.1266825,1,1359,0,24,121,69,0
1778520201.1414368,2,455,0,53,121,56,1
1778520201.1454577,1,1359,0,24,121,69,0
1778520201.1594346,2,455,0,53,121,56,0
1778520201.1626887,1,1359,0,24,121,70,0
1778520201.1773174,2,455,0,53,121,56,1
1778520201.180492,1,1359,0,24,121,69,0
1778520201.1944928,2,455,0,53,121,56,0
1778520201.1975608,1,1359,0,24,121,70,0
1778520201.212048,2,455,0,53,121,56,0
1778520201.2153184,1,1359,0,24,121,69,0
1778520201.229257,2,455,0,53,121,56,1
1778520201.2320786,1,1359,0,24,121,70,0
1778520201.2464175,2,455,0,53,121,56,1
1778520201.2499597,1,1359,0,24,121,69,0
1778520201.2638943,2,455,0,53,121,56,0
1778520201.2666996,1,1359,0,24,121,69,0
1778520201.2815225,2,455,0,53,121,56,0
1778520201.2857323,1,1359,0,24,121,70,0
1778520201.2998457,2,455,0,53,121,56,1
1778520201.3032625,1,1359,0,24,121,70,0
1778520201.3175685,2,455,0,53,121,56,1
1778520201.3206527,1,1359,0,24,121,69,0
1778520201.3345234,2,455,0,53,121,56,1
1778520201.337562,1,1359,0,24,121,69,1
1778520201.3520775,2,455,0,53,121,56,1
1778520201.3553703,1,1359,0,24,121,69,0
1778520201.3692174,2,455,0,53,121,56,0
1778520201.3719401,1,1359,0,24,121,69,0
1778520201.3861258,2,455,0,53,121,56,0
1778520201.389742,1,1359,0,24,121,69,0
1778520201.40433,2,455,0,53,121,56,1
1778520201.4074433,1,1359,0,24,121,70,0
1778520201.421476,2,455,0,53,121,56,1
1778520201.424269,1,1359,0,24,121,69,0
1778520201.4387157,2,455,0,53,121,56,1
1778520201.442087,1,1359,0,24,121,69,0
1778520201.4559882,2,455,0,53,121,56,1
1778520201.4587433,1,1359,0,24,121,70,0
1778520201.4730132,2,455,0,53,121,56,1
1778520201.4769013,1,1359,0,24,121,69,0
1778520201.4908242,2,455,0,53,121,56,1
1778520201.4938424,1,1359,0,24,121,69,0
1778520201.5083487,2,455,0,53,121,56,1
1778520201.5116262,1,1359,0,24,121,69,0
1778520201.5255659,2,455,0,53,121,56,1
1778520201.5283403,1,1359,0,24,121,69,0
1778520201.542683,2,455,0,53,121,56,1
1778520201.5462754,1,1359,0,24,121,70,0
1778520201.5604866,2,455,0,53,121,56,1
1778520201.5632937,1,1359,0,24,121,70,0
1778520201.5778768,2,455,0,53,121,56,1
1778520201.5818617,1,1359,0,24,121,69,0
1778520201.5958195,2,455,0,53,121,56,1
1778520201.5992649,1,1359,0,24,121,69,0
1778520201.6137307,2,455,0,53,121,56,1
1778520201.6166687,1,1359,0,24,121,69,0
1778520201.6305091,2,455,0,53,121,56,1
1778520201.6335056,1,1359,0,24,121,69,0
1778520201.6480465,2,455,0,53,121,56,1
1778520201.6513479,1,1359,0,24,121,70,0
1778520201.66527,2,455,0,53,121,56,1
1778520201.6681175,1,1359,0,24,121,69,0
1778520201.6825314,2,455,0,53,121,56,0
1778520201.6859903,1,1359,0,24,121,70,0
1778520201.7003942,2,455,0,53,121,56,1
1778520201.7033968,1,1359,0,24,121,69,0
1778520201.71726,2,455,0,53,121,56,1
1778520201.7199726,1,1359,0,24,121,69,0
1778520201.7346456,2,455,0,53,121,56,1
1778520201.7382445,1,1359,0,24,121,70,0
1778520201.7523053,2,455,0,53,121,56,1
1778520201.7550793,1,1359,0,24,121,69,0
1778520201.7695262,2,455,0,53,121,56,1
1778520201.7735143,1,1359,0,24,121,70,0
1778520201.7875648,2,455,0,53,121,56,1
1778520201.7906594,1,1359,0,24,121,69,0
1778520201.805193,2,455,0,53,121,56,1
1778520201.8087158,1,1359,0,24,121,70,0
1778520201.8234763,2,455,0,53,121,56,1
1778520201.82762,1,1359,0,24,121,70,0
1778520201.841917,2,455,0,53,121,56,0
1778520201.8447442,1,1359,0,24,121,69,0
1778520201.8592327,2,455,0,53,121,56,1
1778520201.8626597,1,1359,0,24,121,70,0
1778520201.8765664,2,455,0,53,121,56,1
1778520201.87938,1,1359,0,24,121,70,0
1778520201.8937817,2,455,0,53,121,56,1
1778520201.8974142,1,1359,0,24,121,69,0
1778520201.911362,2,455,0,53,121,56,1
1778520201.9146988,1,1359,0,24,121,70,1
1778520201.9292102,2,455,0,53,121,56,1
1778520201.9323437,1,1359,0,24,121,69,0
1778520201.9463131,2,455,0,53,121,56,1
1778520201.949254,1,1359,0,24,121,70,0
1778520201.9636533,2,455,0,53,121,56,0
1778520201.9670007,1,1359,0,24,121,70,0
1778520201.9809954,2,455,0,53,121,56,1
1778520201.983775,1,1359,0,24,121,70,0
1778520201.9984062,2,455,0,53,121,56,1
1778520202.0022376,1,1359,0,24,121,69,0
1778520202.0162039,2,455,0,53,121,56,1
1778520202.0189545,1,1359,0,24,121,69,0
1778520202.033389,2,455,0,53,121,56,1
1778520202.0371666,1,1359,0,24,121,70,0
1778520202.0513697,2,455,0,53,121,56,0
1778520202.0544837,1,1359,0,24,121,69,0
1778520202.0689113,2,455,0,53,121,56,1
1778520202.0720773,1,1359,0,24,121,69,0
1778520202.0860167,2,455,0,53,121,56,1
1778520202.0888264,1,1359,0,24,121,70,0
1778520202.1033058,2,455,0,53,121,56,1
1778520202.1066809,1,1359,0,24,121,70,0
1778520202.121065,2,455,0,53,121,56,1
1778520202.124064,1,1359,0,24,121,69,0
1778520202.13786,2,455,0,53,121,56,1
1778520202.1409068,1,1359,0,24,121,70,0
1778520202.1554744,2,455,0,53,121,56,1
1778520202.1587868,1,1359,0,24,121,70,0
1778520202.1727712,2,455,0,53,121,56,1
1778520202.1755486,1,1359,0,24,121,69,0
1778520202.1900954,2,455,0,53,121,56,1
1778520202.1936762,1,1359,0,24,121,70,0
1778520202.207629,2,455,0,53,121,56,0
1778520202.210448,1,1359,0,24,121,70,0
1778520202.2246838,2,455,0,53,121,56,1
1778520202.2286966,1,1359,0,24,121,69,0
1778520202.2425923,2,455,0,53,121,56,0
1778520202.2454727,1,1359,0,24,121,69,0
1778520202.2599492,2,455,0,53,121,56,1
1778520202.2632122,1,1359,0,24,121,69,0
1778520202.2770586,2,455,0,53,121,56,1
1778520202.2798402,1,1359,0,24,121,70,1
1778520202.2943835,2,455,0,53,121,56,1
1778520202.2983482,1,1359,0,24,121,70,0
1778520202.3126845,2,455,0,53,121,56,1
1778520202.315603,1,1359,0,24,121,70,0
1778520202.329996,2,455,0,53,121,56,0
1778520202.3335164,1,1359,0,24,121,70,0
1778520202.3477666,2,455,0,53,121,56,1
1778520202.3508785,1,1359,0,24,121,70,0
1778520202.365445,2,455,0,53,121,56,1
1778520202.3694398,1,1359,0,24,121,70,0
1778520202.3833866,2,455,0,53,121,56,0
1778520202.3865664,1,1359,0,24,121,69,0
1778520202.4011796,2,455,0,53,121,56,1
1778520202.4044075,1,1359,0,24,121,70,0
1778520202.4185936,2,455,0,53,121,56,1
1778520202.4217155,1,1359,0,24,121,70,0
1778520202.436455,2,455,0,53,121,56,1
1778520202.4397097,1,1359,0,24,121,70,0
1778520202.4540591,2,455,0,52,121,56,1
1778520202.4569218,1,1359,0,24,121,70,0
1778520202.4709177,2,455,0,45,121,56,1
1778520202.4739766,1,1359,0,24,121,69,0
1778520202.488849,2,455,0,31,121,56,0
1778520202.492341,1,1359,0,24,122,70,0
1778520202.506414,2,455,0,21,121,56,0
1778520202.5094497,1,1359,0,24,121,69,0
1778520202.524193,2,456,0,45,121,56,1
1778520202.5275226,1,1359,0,24,121,70,0
1778520202.5417037,2,457,50,78,121,56,1
1778520202.5444143,1,1359,0,24,121,69,0
1778520202.5592105,2,457,50,111,121,56,2
1778520202.562857,1,1359,0,24,121,70,0
1778520202.5770538,2,458,50,153,121,56,3
1778520202.5798082,1,1359,0,24,121,70,0
1778520202.5940838,2,462,50,199,121,56,7
1778520202.597618,1,1359,0,24,121,69,0
1778520202.6116328,2,469,300,232,121,56,8
1778520202.6144047,1,1359,0,24,121,69,0
1778520202.6290085,2,477,400,265,121,56,9
1778520202.6329741,1,1359,0,24,121,69,0
1778520202.6469936,2,488,450,304,120,56,12
1778520202.6499698,1,1359,0,24,121,70,0
1778520202.6644504,2,501,700,334,120,56,13
1778520202.6676657,1,1359,0,24,120,69,0
1778520202.6816025,2,514,750,357,120,56,14
1778520202.684384,1,1359,0,24,120,69,0
1778520202.6989944,2,528,800,373,120,56,12
1778520202.7023323,1,1359,0,24,120,70,0
1778520202.7164211,2,544,900,378,121,56,11
1778520202.7194448,1,1359,0,24,120,70,0
1778520202.7342126,2,561,900,372,120,56,9
1778520202.738158,1,1359,0,24,121,70,0
1778520202.7522695,2,581,1000,350,121,56,8
1778520202.7550275,1,1359,0,24,121,69,0
1778520202.7694938,2,599,1100,319,121,56,6
1778520202.7734592,1,1359,0,24,121,70,0
1778520202.787626,2,617,1000,285,121,56,4
1778520202.790983,1,1359,0,24,121,70,0
1778520202.8053608,2,629,850,257,121,56,5
1778520202.808448,1,1359,0,24,121,70,0
1778520202.8225615,2,643,750,228,121,56,3
1778520202.825596,1,1359,0,24,121,70,0
1778520202.840025,2,654,700,199,121,56,2
1778520202.8435266,1,1359,0,24,121,70,0
1778520202.857565,2,665,600,167,121,56,2
1778520202.8604212,1,1359,0,24,121,70,0
1778520202.874851,2,672,400,139,121,56,1
1778520202.8784711,1,1359,0,24,121,70,0
1778520202.8925014,2,678,400,111,121,56,2
1778520202.8952885,1,1359,0,24,121,70,0
1778520202.9096525,2,682,350,88,121,56,1
1778520202.9135427,1,1359,0,24,121,70,0
1778520202.9274123,2,685,200,75,121,56,1
1778520202.9306335,1,1359,0,24,121,70,0
1778520202.945374,2,686,150,64,121,56,1
1778520202.9485552,1,1359,0,24,121,69,0
1778520202.9624357,2,686,0,62,121,56,2
1778520202.9654229,1,1359,0,24,121,70,0
1778520202.9797852,2,686,0,62,121,56,1
1778520202.983125,1,1359,0,24,121,69,0
1778520202.9970944,2,686,0,62,121,56,1
1778520202.999878,1,1359,0,24,121,70,0
1778520203.0142117,2,686,0,62,121,56,1
1778520203.0178015,1,1359,0,24,121,70,0
1778520203.0322607,2,686,0,62,121,56,1
1778520203.0353534,1,1359,0,24,121,70,0
1778520203.049521,2,686,0,62,121,56,1
1778520203.0523162,1,1359,0,24,121,70,1
1778520203.0666513,2,686,0,62,121,56,1
1778520203.070323,1,1359,0,24,121,69,0
1778520203.0844593,2,686,0,62,121,56,1
1778520203.087344,1,1359,0,24,121,69,0
1778520203.1017911,2,686,0,62,121,56,1
1778520203.105656,1,1359,0,24,121,70,0
1778520203.119467,2,686,0,62,121,56,1
1778520203.1226587,1,1359,0,24,121,70,0
1778520203.1374598,2,686,0,62,121,56,1
1778520203.1409929,1,1359,0,24,121,70,0
1778520203.1549838,2,686,0,62,121,56,1
1778520203.1580882,1,1359,0,24,121,70,0
1778520203.1725335,2,686,0,62,121,56,1
1778520203.1757357,1,1359,0,24,121,70,1
1778520203.1898224,2,686,0,62,121,79,1
1778520203.192694,1,1359,0,24,121,70,1
1778520203.207488,2,686,0,62,121,56,1
1778520203.2111032,1,1359,0,24,121,70,0
1778520203.2253706,2,686,0,62,121,56,1
1778520203.2280982,1,1359,0,24,121,69,0
1778520203.2427223,2,686,0,62,121,56,1
1778520203.2463348,1,1359,0,24,121,70,0
1778520203.260346,2,686,0,62,121,56,2
1778520203.2631402,1,1359,0,24,121,70,0
1778520203.2776666,2,686,0,62,121,56,1
1778520203.28169,1,1359,0,24,121,70,0
1778520203.295489,2,686,0,62,121,56,1
1778520203.2988498,1,1359,0,24,121,70,0
1778520203.3135614,2,686,0,62,121,56,1
1778520203.316777,1,1359,0,24,121,70,0
1778520203.3306842,2,686,0,62,121,56,0
1778520203.3337889,1,1359,0,24,121,70,0
1778520203.3483434,2,686,0,62,121,56,1
1778520203.35161,1,1359,0,24,121,70,1
1778520203.3655224,2,686,0,62,121,56,0
1778520203.368291,1,1359,0,24,121,70,0
1778520203.3827512,2,686,0,62,121,64,1
1778520203.3863416,1,1359,0,24,121,70,0
1778520203.400344,2,686,0,62,121,56,1
1778520203.4032009,1,1359,0,24,121,70,0
1778520203.417803,2,686,0,62,121,56,1
1778520203.4216037,1,1359,0,24,121,70,0
1778520203.435697,2,686,0,62,121,56,1
1778520203.4391532,1,1359,0,24,121,70,0
1778520203.4540539,2,686,0,62,121,56,1
1778520203.4571478,1,1359,0,24,121,70,0
1778520203.4712296,2,686,0,62,121,56,1
1778520203.474376,1,1359,0,24,121,70,0
1778520203.4891703,2,686,0,62,121,56,1
1778520203.4924965,1,1359,0,24,121,70,0
1778520203.5063884,2,686,0,62,121,56,1
1778520203.5093198,1,1359,0,24,121,70,0
1778520203.5238347,2,686,0,62,121,56,1
1778520203.527194,1,1359,0,24,121,69,0
1778520203.5411656,2,686,0,62,121,56,1
1778520203.5439978,1,1359,0,24,121,70,0
1778520203.5585349,2,686,0,62,121,56,1
1778520203.562044,1,1359,0,24,121,70,0
1778520203.5760229,2,686,0,62,121,56,1
1778520203.5789406,1,1359,0,24,121,70,0
1778520203.5933309,2,686,0,62,121,56,1
1778520203.5973613,1,1359,0,24,121,70,0
1778520203.611293,2,686,0,62,121,56,1
1778520203.614479,1,1359,0,24,121,70,0
1778520203.6290762,2,686,0,62,121,57,1
1778520203.632258,1,1359,0,24,121,70,0
1778520203.646198,2,686,0,62,121,56,1
1778520203.6491666,1,1359,0,24,121,70,0
1778520203.6636076,2,686,0,62,121,56,1
1778520203.666888,1,1359,0,24,121,70,0
1778520203.680768,2,686,0,62,121,56,1
1778520203.6835613,1,1359,0,24,121,70,0
1778520203.6979845,2,686,0,62,121,56,1
1778520203.7019463,1,1359,0,24,121,69,0
1778520203.7160108,2,686,0,62,121,56,1
1778520203.7187989,1,1359,0,24,121,70,0
1778520203.7335417,2,686,0,62,121,56,1
1778520203.7376091,1,1359,0,24,121,70,0
1778520203.7514925,2,686,0,62,121,56,1
1778520203.7548778,1,1359,0,24,121,70,0
1778520203.769456,2,686,0,62,121,77,1
1778520203.7726295,1,1359,0,24,121,70,0
1778520203.7865286,2,686,0,62,121,58,1
1778520203.7895207,1,1359,0,24,121,70,0
1778520203.8040335,2,686,0,62,121,56,0
1778520203.807364,1,1359,0,24,121,70,1
1778520203.8212073,2,686,0,62,121,56,1
1778520203.8240428,1,1359,0,24,121,70,0
1778520203.838445,2,686,0,62,121,56,1
1778520203.8417392,1,1359,0,24,121,70,1
1778520203.856226,2,687,0,62,121,56,1
1778520203.8603985,1,1359,0,24,121,70,0
1778520203.8745131,2,686,0,62,121,55,1
1778520203.8773353,1,1359,0,24,121,70,0
1778520203.8919234,2,686,0,62,121,56,1
1778520203.8954065,1,1359,0,24,121,70,0
1778520203.9093866,2,686,0,62,121,56,1
1778520203.9121525,1,1359,0,24,121,70,0
1778520203.9265306,2,686,0,62,121,56,1
1778520203.930016,1,1359,0,24,121,70,0
1778520203.9440312,2,686,0,62,121,56,1
1778520203.9467778,1,1359,0,24,121,70,0
1778520203.9614177,2,686,0,62,121,67,1
1778520203.9654107,1,1359,0,24,121,70,1
1778520203.9798195,2,686,0,60,121,56,1
1778520203.9831674,1,1359,0,24,121,70,1
1778520203.997637,2,686,0,54,121,56,1
1778520204.0008647,1,1359,0,24,121,70,0
1778520204.0148532,2,686,0,39,121,56,0
1778520204.0181813,1,1359,0,24,121,70,0
1778520204.032692,2,686,0,20,121,56,0
1778520204.0358322,1,1359,0,24,121,69,0
1778520204.0507033,2,686,0,40,121,56,1
1778520204.0538106,1,1359,0,24,121,70,0
1778520204.068238,2,686,0,71,121,56,1
1778520204.0715256,1,1359,0,24,121,70,0
1778520204.0855637,2,684,0,110,121,56,2
1778520204.0883036,1,1359,-50,20,121,70,0
1778520204.1028013,2,683,-100,146,121,56,3
1778520204.1061776,1,1359,50,24,121,70,0
1778520204.1202576,2,680,-100,191,121,56,5
1778520204.1233459,1,1359,0,24,121,70,0
1778520204.1376317,2,674,-200,233,121,56,8
1778520204.141188,1,1359,0,24,121,70,0
1778520204.1551743,2,665,-450,269,121,56,10
1778520204.1582105,1,1359,0,24,121,70,0
1778520204.1726987,2,655,-600,299,121,56,10
1778520204.1758513,1,1359,0,24,120,70,0
1778520204.1898196,2,642,-700,330,120,56,12
1778520204.1926692,1,1359,0,24,120,70,0
1778520204.2071776,2,628,-700,359,120,56,13
1778520204.210444,1,1359,0,24,120,70,0
1778520204.224759,2,611,-800,388,120,56,14
1778520204.227699,1,1359,0,24,120,70,0
1778520204.2415845,2,594,-950,402,120,56,13
1778520204.2443607,1,1359,0,24,120,70,0
1778520204.2588112,2,575,-1050,412,120,56,12
1778520204.2625113,1,1359,0,24,120,70,0
1778520204.276661,2,554,-1100,420,120,56,12
1778520204.2795932,1,1359,0,24,121,70,0
1778520204.294041,2,533,-1250,419,121,56,11
1778520204.2980685,1,1359,0,24,120,70,0
1778520204.3122277,2,510,-1200,417,121,56,11
1778520204.3150477,1,1359,0,24,121,70,0
1778520204.3294206,2,489,-1250,411,121,56,9
1778520204.3333158,1,1359,0,24,121,70,0
1778520204.347224,2,466,-1250,397,121,55,8
1778520204.35018,1,1359,0,24,121,70,0
1778520204.3647013,2,445,-1250,377,121,56,6
1778520204.367911,1,1359,0,24,121,70,0
1778520204.3818946,2,424,-1250,349,121,56,6
1778520204.3848038,1,1359,0,24,121,70,0
1778520204.3993495,2,405,-1150,325,121,56,5
1778520204.4027896,1,1359,0,24,121,70,0
1778520204.4167633,2,387,-1100,296,121,56,4
1778520204.4194686,1,1359,0,24,121,70,0
1778520204.4338005,2,370,-1000,268,121,56,3
1778520204.437331,1,1359,0,24,121,70,0
1778520204.4512486,2,354,-900,238,121,56,2
1778520204.4544961,1,1359,0,24,121,69,0
1778520204.4690156,2,341,-750,211,121,56,3
1778520204.4721422,1,1359,0,24,121,70,0
1778520204.486009,2,330,-650,187,121,56,3
1778520204.488894,1,1359,0,24,121,70,0
1778520204.5033476,2,321,-650,159,121,56,2
1778520204.5067165,1,1359,0,24,121,70,0
1778520204.5207949,2,313,-550,134,121,56,1
1778520204.5237546,1,1359,0,24,121,70,0
1778520204.5380318,2,307,-400,113,121,56,1
1778520204.5415573,1,1359,0,24,121,70,0
1778520204.5555346,2,302,-350,87,121,56,0
1778520204.5583613,1,1359,0,24,121,70,0
1778520204.5727289,2,299,-200,73,121,56,1
1778520204.5759478,1,1359,0,24,121,70,0
1778520204.589911,2,297,-100,63,121,56,2
1778520204.5927565,1,1359,0,24,121,70,0
1778520204.6072876,2,296,-100,56,121,56,1
1778520204.610785,1,1359,0,24,121,70,1
1778520204.6248827,2,296,0,51,121,56,1
1778520204.6277041,1,1359,0,24,121,70,0
1778520204.6420188,2,296,0,51,121,56,1
1778520204.6455483,1,1359,0,24,121,71,0
1778520204.6595297,2,296,0,51,121,56,1
1778520204.6623073,1,1359,-50,21,121,70,0
1778520204.676726,2,296,0,51,121,56,1
1778520204.6807683,1,1359,50,24,121,70,0
1778520204.6947,2,296,0,51,121,56,1
1778520204.697578,1,1359,0,24,121,70,0
1778520204.711972,2,296,0,51,121,56,0
1778520204.7155056,1,1359,0,24,121,70,0
1778520204.7293901,2,296,0,51,121,56,1
1778520204.7322474,1,1359,0,24,121,70,1
1778520204.7466052,2,296,0,51,121,56,1
1778520204.7501144,1,1359,0,24,121,70,0
1778520204.764148,2,296,0,51,121,56,0
1778520204.767047,1,1359,0,24,121,70,0
1778520204.7813673,2,296,0,51,121,56,1
1778520204.7853572,1,1359,0,24,121,70,0
1778520204.79933,2,296,0,51,121,56,1
1778520204.8023858,1,1359,0,24,121,70,0
1778520204.8167622,2,296,0,51,121,56,1
1778520204.8199308,1,1359,0,24,121,70,0
1778520204.83378,2,296,0,51,121,56,0
1778520204.8367584,1,1359,0,24,121,70,0
1778520204.8512135,2,296,0,51,121,56,1
1778520204.8545241,1,1359,0,24,121,70,0
1778520204.8684676,2,296,0,51,121,56,1
1778520204.8712118,1,1359,0,24,121,70,0
1778520204.88577,2,296,0,51,121,56,1
1778520204.8897386,1,1359,0,24,121,70,0
1778520204.9040966,2,296,0,51,121,56,1
1778520204.9076378,1,1359,0,24,121,70,0
1778520204.9219406,2,296,0,51,121,56,0
1778520204.924932,1,1359,0,24,121,70,0
1778520204.9388797,2,296,0,51,121,56,0
1778520204.9418728,1,1359,0,24,121,70,0
1778520204.9563959,2,296,-50,47,121,56,1
1778520204.9597638,1,1359,0,24,121,70,0
1778520204.973681,2,296,50,50,121,56,1
1778520204.9764028,1,1359,0,24,121,70,0
1778520204.9908235,2,296,-50,48,121,56,1
1778520204.9942293,1,1359,0,24,121,70,0
1778520205.008076,2,296,0,47,121,56,1
1778520205.010785,1,1359,0,24,121,70,0
1778520205.025172,2,296,50,49,121,56,1
1778520205.0289643,1,1359,0,24,121,70,0
1778520205.0430405,2,296,0,51,121,56,1
1778520205.0463424,1,1359,0,24,121,70,0
1778520205.0629184,2,296,0,51,121,56,0
1778520205.0664053,1,1359,0,24,121,70,0
1778520205.080599,2,296,0,51,121,56,1
1778520205.0834146,1,1359,0,24,121,70,0
1778520205.0981338,2,296,0,51,121,56,0
1778520205.101717,1,1359,0,24,121,70,0
1778520205.1156743,2,296,0,53,121,56,1
1778520205.1190474,1,1359,0,24,121,70,0
1778520205.1333215,2,296,0,54,121,56,1
1778520205.1363206,1,1359,0,24,121,70,0
1778520205.1501405,2,295,0,54,121,56,1
1778520205.1530108,1,1359,0,24,121,70,1
1778520205.1675062,2,296,0,54,121,56,0
1778520205.170929,1,1359,0,24,121,70,0
1778520205.1851277,2,296,0,54,121,56,1
1778520205.1882126,1,1359,0,24,121,70,0
1778520205.2026105,2,296,0,54,121,56,1
1778520205.206177,1,1359,0,24,121,70,0
1778520205.2201622,2,296,0,54,121,56,1
1778520205.2229643,1,1359,0,24,121,70,0
1778520205.2374275,2,296,0,54,121,56,1
1778520205.241342,1,1359,0,24,121,70,0
1778520205.255304,2,295,0,54,121,56,1
1778520205.2583835,1,1359,0,24,121,70,0
1778520205.2728283,2,296,0,54,121,56,1
1778520205.2759879,1,1359,0,24,121,70,0
1778520205.2901282,2,296,0,54,121,56,1
1778520205.293104,1,1359,0,24,121,70,0
1778520205.3069499,2,295,0,54,121,56,1
1778520205.3103747,1,1359,0,24,121,70,0
1778520205.3244963,2,296,-50,52,121,56,1
1778520205.327398,1,1359,0,24,121,70,0
1778520205.3417566,2,296,50,52,121,56,1
1778520205.345691,1,1359,0,24,121,70,0
1778520205.3599806,2,295,50,55,121,56,1
1778520205.3634045,1,1359,0,24,121,70,0
1778520205.3777843,2,296,0,54,121,56,1
1778520205.3808794,1,1359,0,24,121,70,0
1778520205.3949943,2,296,0,54,121,56,1
1778520205.3980074,1,1359,0,24,121,70,0
1778520205.4124691,2,295,0,54,121,56,1
1778520205.4167206,1,1359,0,24,121,70,0
1778520205.4307792,2,296,0,54,121,56,1
1778520205.4336505,1,1359,0,24,121,70,0
1778520205.4481032,2,295,0,54,122,56,1
1778520205.451543,1,1359,0,24,121,70,0
1778520205.4654992,2,296,0,54,121,56,1
1778520205.4684446,1,1359,0,24,121,70,0
1778520205.4831493,2,296,0,54,121,56,1
1778520205.486604,1,1359,0,24,121,70,0
1778520205.5005753,2,296,0,54,121,56,1
1778520205.5033758,1,1359,0,24,121,70,0
1778520205.5177608,2,296,0,54,121,56,1
1778520205.5217514,1,1359,0,24,121,70,0
1778520205.5358648,2,296,0,54,121,56,1
1778520205.5386353,1,1359,0,24,121,70,0
1778520205.5532618,2,296,-50,51,121,56,1
1778520205.5571687,1,1359,0,24,121,70,0
1778520205.5712805,2,296,50,54,121,56,1
1778520205.5740476,1,1359,0,24,121,70,1
1778520205.5884812,2,296,0,54,121,56,1
1778520205.5926628,1,1359,0,24,121,70,0
1778520205.606721,2,296,0,54,121,56,1
1778520205.609626,1,1359,0,24,121,70,0
1778520205.6241186,2,295,-50,52,121,56,1
1778520205.6274884,1,1359,0,24,121,70,0
1778520205.6414928,2,295,0,50,121,56,1
1778520205.644214,1,1359,0,24,121,70,1
1778520205.6586509,2,296,0,50,121,56,1
1778520205.662222,1,1359,0,24,121,70,0
1778520205.6766882,2,296,50,55,121,56,0
1778520205.6795535,1,1359,0,24,121,70,0
1778520205.693415,2,296,0,54,121,56,1
1778520205.6961544,1,1359,0,24,121,70,0
1778520205.7104428,2,295,0,54,121,56,1
1778520205.7140093,1,1359,0,24,121,70,0
1778520205.7280207,2,296,0,54,121,56,0
1778520205.730892,1,1359,-50,22,121,70,0
1778520205.7452989,2,296,0,54,121,56,1
1778520205.7491884,1,1359,50,23,121,70,0
1778520205.763255,2,295,0,54,121,56,1
1778520205.7660446,1,1359,0,24,121,70,0
1778520205.7804902,2,296,-50,53,121,56,0
1778520205.7846792,1,1359,0,24,121,70,0
1778520205.7988389,2,296,50,52,121,56,1
1778520205.8016756,1,1359,0,24,121,70,0
1778520205.8161387,2,295,50,55,121,56,1
1778520205.8195648,1,1359,0,24,121,70,0
1778520205.833483,2,295,0,54,121,56,0
1778520205.83626,1,1359,0,24,121,70,0
1778520205.8507988,2,296,0,54,121,56,1
1778520205.8543768,1,1359,0,24,121,70,0
1778520205.8687844,2,295,0,54,121,56,1
1778520205.871946,1,1359,0,24,121,70,0
1778520205.886465,2,296,0,54,121,56,1
1778520205.890025,1,1359,-50,22,121,70,0
1778520205.9040284,2,296,-50,52,121,56,0
1778520205.906812,1,1359,50,23,121,70,0
1778520205.9215539,2,296,0,50,121,56,1
1778520205.925498,1,1359,0,24,121,70,0
1778520205.9393992,2,296,50,52,121,56,1
1778520205.9427226,1,1359,0,24,121,70,0
1778520205.9572208,2,295,50,53,121,56,1
1778520205.9603455,1,1359,0,24,121,70,0
1778520205.9742537,2,296,-50,50,121,56,1
1778520205.9771423,1,1359,0,24,121,70,1
1778520205.9916573,2,296,50,54,121,56,1
1778520205.9949434,1,1359,0,24,121,70,0
1778520206.009204,2,296,0,54,121,56,1
1778520206.0122025,1,1358,0,24,121,70,0
1778520206.026793,2,295,-50,51,121,56,0
1778520206.0303245,1,1359,0,24,121,70,0
1778520206.0447807,2,296,50,53,121,56,0
1778520206.047692,1,1359,0,24,121,70,0
1778520206.0615747,2,296,-50,52,121,56,1
1778520206.0643141,1,1359,0,24,121,70,0
1778520206.078835,2,296,0,50,121,56,1
1778520206.0823882,1,1359,0,24,121,70,0
1778520206.0967824,2,296,0,50,121,56,1
1778520206.0997202,1,1359,0,24,121,70,0
1778520206.113565,2,295,0,50,121,56,1
1778520206.1163282,1,1359,0,24,121,70,0
1778520206.130812,2,296,50,54,121,56,1
1778520206.1343713,1,1359,0,24,121,70,0
1778520206.1487691,2,295,0,54,121,56,1
1778520206.1516733,1,1359,0,24,121,70,0
1778520206.165534,2,296,0,54,121,56,1
1778520206.1683066,1,1359,0,24,121,70,0
1778520206.1827984,2,296,0,54,121,56,1
1778520206.1862102,1,1359,0,24,121,70,0
1778520206.200538,2,296,0,54,121,56,1
1778520206.203514,1,1359,0,24,121,70,0
1778520206.2177968,2,295,0,54,121,56,1
1778520206.2213218,1,1359,0,24,121,70,0
1778520206.2353127,2,296,0,54,121,56,1
1778520206.2380984,1,1359,0,24,121,70,0
1778520206.2527897,2,295,0,54,121,56,1
1778520206.256948,1,1359,0,24,121,70,1
1778520206.2710624,2,296,0,54,121,56,1
1778520206.273981,1,1359,0,24,121,70,0
1778520206.288501,2,296,0,54,121,56,1
1778520206.2918055,1,1359,0,24,121,70,0
1778520206.3058803,2,296,0,54,121,56,1
1778520206.3088784,1,1359,0,24,121,70,0
1778520206.3231435,2,295,-50,52,121,56,0
1778520206.326374,1,1359,0,24,121,70,0
1778520206.3406737,2,296,50,53,121,57,1
1778520206.3446703,1,1359,0,24,121,70,0
1778520206.358643,2,296,0,54,121,56,1
1778520206.3617356,1,1359,0,24,121,70,0
1778520206.3761957,2,296,0,54,121,56,1
1778520206.3794532,1,1358,-50,23,121,70,0
1778520206.3933423,2,295,0,54,121,56,1
1778520206.3961527,1,1359,-50,20,121,70,0
1778520206.4104738,2,296,0,54,121,56,1
1778520206.4140644,1,1359,50,25,121,70,0
1778520206.4281063,2,296,-50,50,121,56,0
1778520206.430882,1,1359,0,24,121,70,0
1778520206.4453716,2,296,50,54,121,56,1
1778520206.4493608,1,1359,0,24,121,70,0
1778520206.4632733,2,296,0,54,121,56,1
1778520206.4664357,1,1359,0,24,121,70,0
1778520206.4810064,2,296,0,54,121,56,1
1778520206.484164,1,1359,0,24,121,70,0
1778520206.4981036,2,296,-50,52,121,56,1
1778520206.5009756,1,1359,0,24,121,70,0
1778520206.5154374,2,296,50,52,121,56,1
1778520206.5187876,1,1359,0,24,121,70,0
1778520206.5327547,2,296,50,55,121,56,1
1778520206.5356033,1,1359,0,24,121,70,0
1778520206.5499525,2,296,0,54,121,56,0
1778520206.5535662,1,1359,0,24,121,70,0
1778520206.5674813,2,296,0,54,121,56,1
1778520206.5706577,1,1359,0,24,121,70,0
1778520206.585241,2,296,0,54,121,56,1
1778520206.5883944,1,1359,0,24,121,70,0
1778520206.6023629,2,296,0,54,121,56,1
1778520206.60532,1,1359,0,24,121,70,0
1778520206.6196826,2,295,0,54,121,56,1
1778520206.622939,1,1359,0,24,121,70,0
1778520206.6375983,2,296,-50,53,121,56,1
1778520206.6414685,1,1359,0,24,121,70,1
1778520206.6554687,2,296,50,52,121,56,2
1778520206.6588829,1,1359,0,24,121,70,0
1778520206.6732535,2,296,50,54,121,56,1
1778520206.6762114,1,1359,0,24,121,70,0
1778520206.6901176,2,296,0,54,121,56,1
1778520206.693072,1,1359,0,24,121,70,0
1778520206.7075126,2,296,0,54,121,56,1
1778520206.7108777,1,1359,0,24,121,70,0
1778520206.7250807,2,296,-50,51,121,56,1
1778520206.7280061,1,1359,0,24,121,70,0
1778520206.741894,2,295,50,53,121,56,0
1778520206.7448056,1,1359,0,24,121,70,0
1778520206.7592347,2,296,0,54,121,56,1
1778520206.7624745,1,1359,0,24,121,70,0
1778520206.7763767,2,296,-50,52,121,56,1
1778520206.7791326,1,1359,0,24,121,70,0
1778520206.7935455,2,296,50,52,121,56,1
1778520206.7975664,1,1359,0,24,121,70,0
1778520206.8115134,2,296,50,55,121,56,1
1778520206.814827,1,1359,0,24,121,70,0
1778520206.82946,2,296,0,54,121,56,0
1778520206.8326786,1,1359,0,24,121,70,0
1778520206.8467255,2,296,0,54,121,56,1
1778520206.8497784,1,1359,0,24,121,70,0
1778520206.8642492,2,296,0,54,121,56,1
1778520206.867484,1,1359,0,24,121,70,0
1778520206.8815348,2,296,0,54,121,56,1
1778520206.8843164,1,1359,0,24,121,70,0
1778520206.8987553,2,295,0,54,121,56,1
1778520206.9020216,1,1359,0,24,121,70,0
1778520206.9159572,2,296,0,54,121,56,1
1778520206.9187725,1,1359,0,24,121,70,0
1778520206.9327369,2,295,-50,53,121,56,1
1778520206.9365718,1,1358,-50,23,121,70,0
1778520206.9505289,2,296,-50,49,121,56,1
1778520206.9534023,1,1359,-50,19,121,70,0
1778520206.9678,2,296,50,55,121,56,1
1778520206.971056,1,1359,50,25,121,70,0
1778520206.9852111,2,296,0,54,121,56,1
1778520206.9881577,1,1359,0,24,121,70,0
1778520207.0020375,2,295,0,54,121,56,1
1778520207.004972,1,1359,0,24,121,70,0
1778520207.0193155,2,296,0,54,121,56,1
1778520207.0227735,1,1359,0,24,121,70,0
1778520207.036668,2,296,0,54,121,56,1
1778520207.0394187,1,1359,0,24,121,70,0
1778520207.0538256,2,295,0,54,121,56,1
1778520207.057449,1,1359,0,24,121,70,0
1778520207.071667,2,296,0,54,121,56,0
1778520207.0746033,1,1359,0,24,121,70,0
1778520207.0888515,2,296,0,54,121,56,1
1778520207.0927641,1,1359,0,24,121,70,0
1778520207.1066105,2,296,0,54,121,56,1
1778520207.1095276,1,1359,-50,20,121,70,0
1778520207.124044,2,295,0,54,121,56,1
1778520207.127425,1,1359,50,24,121,70,0
1778520207.1414063,2,296,0,54,121,56,1
1778520207.1441524,1,1359,0,24,121,70,1
1778520207.1584377,2,296,-50,52,121,56,1
1778520207.1619596,1,1359,0,24,121,70,0
1778520207.1759486,2,296,50,53,121,56,1
1778520207.1787996,1,1359,0,24,121,70,0
1778520207.193075,2,295,0,54,121,56,1
1778520207.196947,1,1359,0,24,121,70,0
1778520207.210835,2,296,0,54,121,56,1
1778520207.2138329,1,1359,0,24,121,70,0
1778520207.2282841,2,296,0,54,121,56,1
1778520207.2315469,1,1359,0,24,121,70,0
1778520207.2455096,2,296,0,54,121,56,1
1778520207.2482545,1,1359,0,24,121,70,0
1778520207.2627437,2,296,0,54,121,56,1
1778520207.266354,1,1359,0,24,121,70,0
1778520207.2802892,2,295,0,54,121,57,1
1778520207.2830262,1,1359,0,24,121,70,0
1778520207.2977993,2,295,0,54,121,56,1
1778520207.3017533,1,1359,0,24,121,70,0
1778520207.3157365,2,296,-50,52,121,56,1
1778520207.3191073,1,1359,0,24,121,70,0
1778520207.3334444,2,295,50,52,121,56,1
1778520207.336402,1,1358,0,24,121,70,0
1778520207.3502192,2,296,0,54,121,56,1
1778520207.353118,1,1359,0,24,121,70,0
1778520207.3676164,2,296,0,54,121,56,1
1778520207.3709419,1,1359,0,24,121,70,0
1778520207.3851254,2,295,0,54,121,56,1
1778520207.3881264,1,1359,0,24,121,70,0
1778520207.4026816,2,295,0,54,121,56,1
1778520207.4063194,1,1359,0,24,121,70,0
1778520207.4207535,2,296,0,54,121,56,1
1778520207.4236634,1,1359,0,24,121,70,0
1778520207.4375062,2,296,0,54,121,56,1
1778520207.4403422,1,1359,0,24,121,70,0
1778520207.4546466,2,295,0,54,121,56,1
1778520207.458382,1,1359,0,24,121,70,0
1778520207.4724183,2,295,0,54,121,56,1
1778520207.475257,1,1359,0,24,121,70,0
1778520207.4900193,2,295,-50,53,121,56,1
1778520207.4939556,1,1359,0,24,121,70,0
1778520207.5079548,2,295,-50,52,121,56,0
1778520207.511647,1,1359,0,24,121,70,0
1778520207.5259519,2,296,50,55,121,56,1
1778520207.5289376,1,1359,0,24,121,70,0
1778520207.54272,2,296,-50,50,121,56,1
1778520207.5454605,1,1359,0,24,121,70,0
1778520207.559939,2,295,50,54,121,56,1
1778520207.563404,1,1359,0,24,121,70,0
1778520207.5773234,2,296,-50,51,121,56,1
1778520207.5800762,1,1359,0,24,121,70,0
1778520207.5945563,2,296,50,53,121,56,1
1778520207.5980165,1,1359,0,24,121,70,0
1778520207.6120439,2,295,0,54,121,56,1
1778520207.614923,1,1359,0,24,121,70,0
1778520207.6292853,2,295,-50,53,121,56,0
1778520207.6331913,1,1359,0,24,121,70,0
1778520207.6470451,2,296,-50,49,121,56,1
1778520207.6498504,1,1358,0,24,121,70,0
1778520207.6643453,2,295,50,55,121,56,1
1778520207.6676233,1,1359,0,24,121,70,0
1778520207.6815293,2,296,0,54,121,57,1
1778520207.68431,1,1359,0,24,121,70,0
1778520207.6988904,2,296,0,54,121,56,1
1778520207.7022433,1,1359,0,24,121,70,1
1778520207.716611,2,296,0,54,121,56,1
1778520207.719701,1,1359,0,24,121,70,0
1778520207.7335756,2,295,-50,52,121,56,1
1778520207.7363882,1,1359,0,24,121,70,0
1778520207.7508442,2,295,0,50,121,56,1
1778520207.7542684,1,1359,0,24,121,70,0
1778520207.7686436,2,296,50,52,121,56,1
1778520207.7718031,1,1359,0,24,121,70,0
1778520207.7863843,2,295,50,55,121,56,1
1778520207.7899535,1,1359,0,24,121,70,0
1778520207.8040335,2,296,-50,50,121,56,1
1778520207.8068545,1,1359,0,24,121,70,0
1778520207.8213985,2,296,50,54,122,56,1
1778520207.8249393,1,1359,0,24,121,70,0
1778520207.8390303,2,295,0,54,121,56,1
1778520207.8420322,1,1359,0,24,121,70,0
1778520207.8563316,2,296,0,54,121,56,1
1778520207.8595722,1,1359,0,24,121,70,0
1778520207.8735316,2,296,0,54,121,56,1
1778520207.8763275,1,1359,0,24,121,70,0
1778520207.8907874,2,295,-50,52,121,56,1
1778520207.894194,1,1359,0,24,121,70,0
1778520207.908448,2,295,0,50,121,56,1
1778520207.911497,1,1359,0,24,121,70,0
1778520207.9258578,2,296,0,50,121,56,1
1778520207.9294703,1,1359,0,24,121,70,0
1778520207.9435675,2,296,0,50,121,56,1
1778520207.946448,1,1359,0,24,121,70,0
1778520207.9609082,2,296,50,54,121,56,1
1778520207.964867,1,1359,0,24,121,70,0
1778520207.978783,2,296,0,54,121,56,1
1778520207.9816873,1,1359,0,24,121,70,0
1778520207.9961283,2,296,0,54,121,56,1
1778520207.9994538,1,1359,0,24,121,70,0
1778520208.0133867,2,295,-50,52,121,56,1
1778520208.0161645,1,1359,0,24,121,70,0
1778520208.0304909,2,295,50,53,121,56,1
1778520208.0340395,1,1359,0,24,121,70,0
1778520208.04811,2,295,-50,53,121,56,1
1778520208.050859,1,1359,0,24,121,70,0
1778520208.065596,2,296,-50,49,121,56,1
1778520208.0698338,1,1359,0,24,121,70,0
1778520208.083922,2,296,50,55,121,56,1
1778520208.0872893,1,1359,0,24,121,70,0
1778520208.1020374,2,296,-50,50,121,56,0
1778520208.1053421,1,1359,0,24,121,70,0
1778520208.1194472,2,296,50,54,121,56,1
1778520208.12245,1,1359,0,24,121,70,0
1778520208.1368647,2,296,-50,51,121,56,1
1778520208.1409123,1,1359,0,24,121,70,0
1778520208.1549063,2,296,0,50,121,56,1
1778520208.1578188,1,1359,0,24,121,70,0
1778520208.1724126,2,296,0,50,121,56,1
1778520208.1757672,1,1359,-50,21,121,70,0
1778520208.189875,2,296,0,50,121,56,0
1778520208.192767,1,1359,50,23,121,70,0
1778520208.2066789,2,295,0,50,121,56,0
1778520208.2098224,1,1359,0,24,121,70,1
1778520208.224196,2,295,0,50,121,56,1
1778520208.2274003,1,1359,0,24,121,70,0
1778520208.2414966,2,296,50,55,121,56,0
1778520208.2443576,1,1359,0,24,121,70,0
1778520208.2586367,2,296,0,54,121,56,1
1778520208.2622106,1,1359,0,24,121,70,0
1778520208.2761824,2,295,0,54,121,56,1
1778520208.2789829,1,1359,0,24,121,70,0
1778520208.2933176,2,296,0,54,121,56,1
1778520208.2973588,1,1358,0,24,121,70,1
1778520208.3113277,2,296,0,54,121,56,1
1778520208.3144484,1,1359,0,24,121,70,0
1778520208.3289769,2,295,0,54,121,56,1
1778520208.3321502,1,1359,0,24,121,70,0
1778520208.3460205,2,296,-50,53,121,56,1
1778520208.3487716,1,1359,0,24,121,70,0
1778520208.3631933,2,295,-50,49,121,56,1
1778520208.366605,1,1359,0,24,121,70,1
1778520208.3806121,2,296,50,55,121,56,1
1778520208.3834968,1,1359,0,24,121,70,0
1778520208.3976586,2,296,0,54,121,56,1
1778520208.4012375,1,1359,0,24,121,70,0
1778520208.4153106,2,296,-50,51,121,56,0
1778520208.418096,1,1359,0,24,121,69,0
1778520208.4322999,2,296,0,50,121,56,1
1778520208.4362721,1,1359,0,24,121,70,0
1778520208.4503162,2,295,50,53,121,56,1
1778520208.4531832,1,1359,0,24,121,70,0
1778520208.4675705,2,296,0,54,121,56,1
1778520208.4709873,1,1359,0,24,121,70,0
1778520208.4847994,2,295,0,54,121,56,1
1778520208.4875546,1,1359,0,24,121,71,0
1778520208.501675,2,296,0,54,121,56,0
1778520208.5052254,1,1359,0,24,121,70,0
1778520208.519462,2,296,0,54,121,56,1
1778520208.5223837,1,1359,0,24,121,70,0
1778520208.5366724,2,296,0,54,121,56,1
1778520208.5404274,1,1359,0,24,121,70,0
1778520208.5544157,2,296,-50,51,121,56,1
1778520208.5574884,1,1359,0,24,121,70,0
1778520208.5719583,2,295,50,53,121,56,1
1778520208.5752933,1,1359,0,24,121,70,0
1778520208.5892465,2,296,0,54,121,56,1
1778520208.5920284,1,1359,0,24,121,70,0
1778520208.6064036,2,296,-50,52,121,56,0
1778520208.6099942,1,1359,0,24,121,70,0
1778520208.6246529,2,296,50,52,121,56,1
1778520208.62769,1,1359,0,24,121,70,0
1778520208.641522,2,296,50,55,121,56,1
1778520208.644349,1,1359,0,24,121,70,0
1778520208.6587873,2,296,0,54,121,56,1
1778520208.6620884,1,1359,0,24,121,70,0
1778520208.6759927,2,295,-50,50,121,56,0
1778520208.6788428,1,1359,0,24,121,70,0
1778520208.6930985,2,296,0,50,121,56,1
1778520208.6969101,1,1359,-50,20,121,70,0
1778520208.7107642,2,296,0,50,121,56,1
1778520208.7135653,1,1359,50,24,121,70,0
1778520208.727897,2,295,50,53,121,56,1
1778520208.731252,1,1359,0,24,122,70,0
1778520208.7452269,2,295,0,54,121,56,1
1778520208.7480304,1,1359,0,24,121,70,0
1778520208.7626493,2,296,0,54,121,56,1
1778520208.7661626,1,1359,0,24,121,70,0
1778520208.78077,2,295,0,54,121,56,1
1778520208.7837586,1,1359,0,24,121,70,0
1778520208.797793,2,296,-50,50,121,56,1
1778520208.8006604,1,1359,0,24,121,70,0
1778520208.8151157,2,296,50,54,121,56,1
1778520208.8185985,1,1359,0,24,121,70,0
1778520208.832627,2,296,0,54,121,56,1
1778520208.8354182,1,1359,0,24,121,70,0
1778520208.8495882,2,296,0,54,121,56,1
1778520208.85317,1,1359,0,24,121,70,0
1778520208.8669894,2,296,0,54,121,56,0
1778520208.8701696,1,1359,0,24,121,70,0
1778520208.8846388,2,296,0,54,121,56,1
1778520208.8879266,1,1359,0,24,121,70,0
1778520208.9018128,2,296,0,54,121,56,1
1778520208.9047337,1,1359,0,24,121,70,0
1778520208.9191318,2,296,0,54,121,56,1
1778520208.9224906,1,1359,0,24,121,70,0
1778520208.9367213,2,295,-50,50,121,56,0
1778520208.9396799,1,1359,0,24,121,70,0
1778520208.9535778,2,295,50,54,121,56,0
1778520208.9563754,1,1359,0,24,121,70,0
1778520208.9707177,2,296,0,54,121,56,1
1778520208.974313,1,1359,0,24,121,70,0
1778520208.9884567,2,295,0,54,121,56,1
1778520208.991278,1,1358,0,24,121,70,0
1778520209.0056484,2,296,-50,52,121,56,1
1778520209.0092173,1,1359,0,24,121,70,0
1778520209.023154,2,296,50,52,121,56,1
1778520209.02632,1,1359,0,24,121,70,0
1778520209.0409946,2,296,0,54,121,56,1
1778520209.0442512,1,1359,0,24,121,70,0
1778520209.0584903,2,296,0,54,121,56,1
1778520209.0618281,1,1359,0,24,121,70,0
1778520209.0762703,2,295,-50,50,121,56,1
1778520209.0794668,1,1359,0,24,121,70,0
1778520209.0934517,2,295,50,54,121,56,1
1778520209.0962124,1,1359,0,24,121,70,0
1778520209.1105692,2,296,0,54,121,56,1
1778520209.1141033,1,1359,0,24,121,70,0
1778520209.1281948,2,296,0,54,121,56,1
1778520209.130913,1,1359,0,24,121,70,0
1778520209.1456873,2,296,-50,52,121,56,1
1778520209.14965,1,1359,0,24,121,70,0
1778520209.163566,2,296,50,52,121,56,1
1778520209.1669195,1,1359,0,24,121,70,0
1778520209.1814947,2,295,0,54,121,56,1
1778520209.1847868,1,1359,-50,22,121,70,0
1778520209.198853,2,295,0,54,121,56,1
1778520209.2020538,1,1359,50,22,121,70,0
1778520209.2165973,2,296,0,54,121,56,1
1778520209.2197757,1,1359,0,24,121,70,0
1778520209.2336483,2,296,-50,50,122,56,1
1778520209.2364447,1,1359,0,24,121,70,0
1778520209.2510254,2,296,0,50,121,57,1
1778520209.2543716,1,1359,0,24,121,70,0
1778520209.268463,2,296,0,50,121,56,1
1778520209.2715344,1,1359,0,24,121,70,0
1778520209.2858036,2,296,50,53,121,56,0
1778520209.2894135,1,1359,0,24,121,70,0
1778520209.3034744,2,296,0,54,121,56,0
1778520209.3064146,1,1359,0,24,121,70,0
1778520209.3209844,2,296,0,54,121,56,1
1778520209.3248827,1,1359,0,24,121,70,0
1778520209.3387916,2,296,0,54,121,56,1
1778520209.3416991,1,1359,0,24,121,70,0
1778520209.356076,2,295,0,54,121,56,1
1778520209.35936,1,1359,0,24,121,70,0
1778520209.3733377,2,296,-50,50,121,56,1
1778520209.3762026,1,1358,0,24,121,70,0
1778520209.390662,2,295,50,54,121,56,1
1778520209.3943534,1,1359,0,24,121,70,0
1778520209.408365,2,295,0,54,121,56,0
1778520209.4110951,1,1359,0,24,121,70,0
1778520209.4254823,2,296,0,54,121,56,1
1778520209.429468,1,1359,0,24,121,70,0
1778520209.4434254,2,295,0,54,122,56,1
1778520209.446614,1,1359,0,24,121,70,0
1778520209.4611003,2,295,-50,53,121,56,0
1778520209.464288,1,1359,0,24,121,70,0
1778520209.4781404,2,295,0,50,121,56,1
1778520209.4810102,1,1359,0,24,121,70,0
1778520209.495387,2,296,0,50,121,56,1
1778520209.498868,1,1359,0,24,121,70,0
1778520209.5131538,2,295,50,55,121,56,1
1778520209.5160356,1,1359,0,24,121,70,0
1778520209.5298975,2,295,0,54,121,56,1
1778520209.5327895,1,1359,0,24,121,70,0
1778520209.5472577,2,296,0,54,121,56,1
1778520209.5505939,1,1359,0,24,121,70,0
1778520209.5650017,2,296,0,54,121,56,1
1778520209.5679986,1,1359,0,24,121,70,0
1778520209.581901,2,295,0,54,121,56,1
1778520209.5847077,1,1359,0,24,121,70,0
1778520209.5992298,2,295,-50,53,121,56,1
1778520209.6025724,1,1358,0,24,121,70,1
1778520209.6164818,2,295,-50,52,121,56,1
1778520209.6192827,1,1359,0,24,121,70,0
1778520209.6339753,2,296,50,55,121,56,1
1778520209.6378896,1,1359,0,24,121,70,0
1778520209.6518369,2,296,0,54,121,56,1
1778520209.6552954,1,1359,0,24,121,70,0
1778520209.6695273,2,296,0,54,121,56,1
1778520209.672538,1,1359,0,24,121,70,0
1778520209.6863713,2,295,-50,51,121,56,1
1778520209.689365,1,1359,0,24,121,70,0
1778520209.703603,2,296,50,53,121,56,1
1778520209.7067826,1,1359,0,24,121,70,0
1778520209.7214274,2,296,0,54,121,56,1
1778520209.7253816,1,1359,0,24,121,70,0
1778520209.7393062,2,296,0,54,121,56,1
1778520209.7424889,1,1358,0,24,121,70,1
1778520209.7570395,2,295,-50,53,122,56,1
1778520209.7603118,1,1359,0,24,121,70,0
1778520209.774399,2,296,-50,50,121,57,1
1778520209.777465,1,1359,0,24,121,70,0
1778520209.7919343,2,296,50,55,122,56,1
1778520209.795264,1,1359,0,24,121,70,0
1778520210.100966,1,1476,850,299,118,70,8
1778520210.1143491,1,1488,800,298,119,70,8
1778520210.127723,1,1500,800,298,118,70,34
1778520210.1411788,1,1510,850,295,119,70,34
1778520210.154662,1,1522,800,294,121,70,35
1778520210.1680627,1,1533,800,294,120,70,11
1778520210.1818209,1,1544,850,291,120,70,7
1778520210.1957803,1,1556,850,288,120,70,8
1778520210.2092586,1,1567,850,285,118,70,8
1778520210.2226615,1,1577,800,286,119,70,34
1778520210.2361732,1,1588,750,288,120,70,37
1778520210.249722,1,1598,750,291,121,70,10
1778520210.2631378,1,1609,750,294,120,70,8
1778520210.2766843,1,1620,850,292,120,70,9
1778520210.2901566,1,1632,850,289,118,70,10
1778520210.3036537,1,1643,800,290,119,70,38
1778520210.3169916,1,1653,800,290,120,70,38
1778520210.3304403,1,1665,800,289,121,70,10
1778520210.3439987,1,1675,850,286,121,70,8
1778520210.357763,1,1686,800,286,120,70,7
1778520210.3711004,1,1697,750,287,118,70,13
1778520210.3847394,1,1708,750,290,119,70,34
1778520210.3985121,1,1719,800,290,119,70,36
1778520210.4120307,1,1731,850,288,121,70,9
1778520210.425526,1,1742,850,286,121,70,7
1778520210.4389439,1,1753,800,286,120,70,7
1778520210.4522314,1,1764,850,284,119,70,8
1778520210.465693,1,1775,850,282,119,70,32
1778520210.4791992,1,1785,800,282,120,70,37
1778520210.4930282,1,1796,750,284,121,70,25
1778520210.5066278,1,1807,750,287,121,70,9
1778520210.520186,1,1818,800,286,120,70,6
1778520210.533903,1,1829,800,286,120,70,8
1778520210.5477548,1,1840,800,286,118,70,9
1778520210.5613003,1,1851,850,282,118,70,32
1778520210.5747607,1,1862,750,284,120,71,36
1778520210.588187,1,1872,750,287,120,70,34
1778520210.6017,1,1883,800,286,121,70,7
1778520210.6151536,1,1893,750,289,120,70,7
1778520210.6289594,1,1904,750,290,120,70,8
1778520210.6423051,1,1913,800,290,118,70,37
1778520210.655922,1,1919,550,303,120,70,17
1778520210.6696105,1,1924,400,321,119,70,28
1778520210.6830828,1,1927,400,344,116,70,73
1778520210.6966527,1,1929,200,376,118,70,50
1778520210.7100728,1,1930,100,412,118,70,52
1778520210.723482,1,1931,100,452,117,70,66
1778520211.5303752,2,173,-850,321,110,56,8
1778520211.5436485,2,160,-850,318,109,57,7
1778520211.5571232,2,149,-850,315,110,56,7
1778520211.570627,2,138,-800,314,109,57,7
1778520211.5840764,2,127,-800,314,109,56,7
1778520211.597637,2,116,-800,314,110,57,6
1778520211.6111274,2,106,-800,314,109,57,7
1778520211.624863,2,95,-800,314,110,57,7
1778520211.6388466,2,83,-800,314,109,57,8
1778520211.6523986,2,72,-800,314,110,56,7
1778520211.665912,2,61,-850,313,109,56,7
1778520211.679388,2,50,-850,310,113,57,7
1778520211.6928213,2,39,-800,310,109,57,7
1778520211.7062647,2,29,-750,312,109,57,7
1778520211.719716,2,18,-750,314,109,56,8
1778520211.733107,2,8,-800,314,111,56,8
1778520211.7464705,2,4094,-750,316,110,57,7
1778520211.759859,2,4082,-750,319,109,56,8
1778520211.7733617,2,4072,-800,318,110,57,7
1778520211.7868466,2,4061,-850,317,109,57,8
1778520211.8004081,2,4051,-850,314,110,56,7
1778520211.81402,2,4039,-750,317,109,57,8
1778520211.827498,2,4029,-750,320,109,56,9
1778520211.8408537,2,4021,-750,323,109,57,11
1778520211.8543255,2,4015,-600,335,109,57,17
1778520211.8676014,2,4011,-400,353,109,57,32
1778520211.8809733,2,4008,-400,375,108,57,34
1778520211.8944108,2,4007,-150,412,108,57,52
1778520212.7016284,2,4008,300,124,121,57,0
1778520212.7056587,1,1930,-200,95,121,70,5
1778520212.7184844,2,4014,300,160,121,57,2
1778520212.7214131,1,1925,-300,128,121,71,1
1778520212.7349882,2,4020,350,187,121,57,3
1778520212.7383928,1,1918,-350,159,121,70,3
1778520212.7514174,2,4025,300,222,120,57,4
1778520212.7543128,1,1913,-350,188,120,71,6
1778520212.7676067,2,4032,400,248,120,57,7
1778520212.7707443,1,1909,-350,219,121,71,6
1778520212.7841501,2,4041,500,271,119,57,8
1778520212.7873952,1,1901,-250,258,120,71,9
1778520212.8007588,2,4052,650,286,120,57,8
1778520212.8038263,1,1892,-500,276,118,71,12
1778520212.816878,2,4063,650,296,120,57,10
1778520212.819886,1,1881,-650,287,118,71,35
1778520212.8334851,2,4074,650,306,120,57,9
1778520212.8374937,1,1869,-700,296,118,71,10
1778520212.8505266,2,4088,750,309,119,57,9
1778520212.8535094,1,1856,-750,301,120,71,9
1778520212.8670385,2,5,800,310,119,57,9
1778520212.8705008,1,1844,-750,304,120,71,11
1778520212.8834984,2,19,800,310,119,58,9
1778520212.8864613,1,1831,-700,312,120,70,12
1778520212.8997126,2,31,750,311,120,57,9
1778520212.9030006,1,1819,-800,312,119,71,32
1778520212.9164994,2,44,750,314,120,57,10
1778520212.9197118,1,1805,-750,314,118,71,39
1778520212.9329395,2,57,750,318,120,57,10
1778520212.9359417,1,1793,-750,318,118,71,11
1778520212.9492476,2,71,800,318,119,57,7
1778520212.9524083,1,1780,-800,320,120,71,10
1778520212.9654677,2,84,850,315,119,57,9
1778520212.968411,1,1767,-800,320,120,71,13
1778520212.9819067,2,99,850,312,120,57,7
1778520212.9854305,1,1753,-800,320,119,71,37
1778520212.9985523,2,114,900,307,120,57,8
1778520213.0015042,1,1740,-850,316,118,71,11
1778520213.014555,2,126,900,300,119,57,7
1778520213.017741,1,1726,-800,316,120,71,10
1778520213.03116,2,138,750,305,119,57,9
1778520213.0345485,1,1713,-800,316,120,71,12
1778520213.0477247,2,151,750,309,120,57,8
1778520213.0508027,1,1700,-800,316,120,71,45
1778520213.064149,2,165,800,310,120,57,8
1778520213.0683625,1,1686,-800,316,119,71,11
1778520213.0813253,2,179,850,308,118,57,7
1778520213.0840824,1,1672,-800,316,120,71,10
1778520213.0975318,2,192,850,306,119,57,8
1778520213.1015375,1,1659,-850,312,120,71,12
1778520213.1145074,2,207,800,306,120,57,9
1778520213.117449,1,1646,-750,314,119,71,35
1778520213.1308415,2,220,850,302,120,57,9
1778520213.1341143,1,1633,-800,316,118,71,13
1778520213.1471972,2,233,800,302,119,57,8
1778520213.1502426,1,1620,-800,316,120,71,11
1778520213.163255,2,244,750,304,119,57,9
1778520213.1664126,1,1607,-800,316,120,70,11
1778520213.179834,2,258,750,307,119,57,8
1778520213.1832778,1,1593,-800,316,120,70,34
1778520213.1963718,2,272,750,311,120,56,7
1778520213.1992867,1,1580,-800,316,118,71,34
1778520213.2129252,2,285,850,305,120,57,8
1778520213.216923,1,1567,-800,316,119,70,11
1778520213.2297854,2,300,850,302,118,57,7
1778520213.2324855,1,1553,-800,316,120,71,10
1778520213.2460606,2,313,800,302,120,57,10
1778520213.249604,1,1540,-800,316,120,71,38
1778520213.2625895,2,326,800,302,120,57,9
1778520213.2655382,1,1526,-800,316,118,71,34
1778520213.278631,2,338,750,303,120,57,7
1778520213.2818148,1,1513,-850,312,118,71,11
1778520213.2954342,2,351,750,307,120,57,8
1778520213.3010828,1,1502,-750,315,117,71,16
1778520213.31422,2,367,800,306,120,57,8
1778520213.3172405,1,1490,-600,327,117,71,14
1778520213.3308332,2,381,850,302,119,57,8
1778520213.3343894,1,1477,-750,334,119,71,13
1778520213.3474824,2,396,800,302,118,57,7
1778520213.350397,1,1463,-800,336,120,71,12
1778520213.3633971,2,409,850,299,120,57,8
1778520213.3665915,1,1449,-800,336,120,71,37
1778520213.3800607,2,421,800,298,119,57,8
1778520213.3834026,1,1435,-850,331,119,71,11
1778520213.396432,2,433,700,300,118,57,8
1778520213.3994007,1,1420,-900,325,120,71,12
1778520213.412992,2,446,700,307,120,57,8
1778520213.4169638,1,1406,-850,321,118,71,12
1778520213.4299357,2,460,800,306,118,57,8
1778520213.4328542,1,1392,-850,317,120,71,10
1778520213.4463933,2,473,800,306,120,57,8
1778520213.4499068,1,1378,-850,314,120,71,34
1778520213.4630651,2,487,800,306,120,57,8
1778520213.4659612,1,1364,-850,311,118,71,10
1778520213.4790626,2,500,850,304,119,57,8
1778520213.4821143,1,1351,-800,312,120,71,10
1778520213.495632,2,513,800,302,119,57,9
1778520213.4989328,1,1337,-850,308,120,71,11
1778520213.512247,2,525,800,302,120,57,10
1778520213.5152695,1,1323,-800,308,120,71,39
1778520213.528301,2,536,700,309,120,57,8
1778520213.5312884,1,1311,-800,308,119,71,33
1778520213.5449011,2,549,750,313,120,57,9
1778520213.5497417,1,1297,-800,308,120,71,10
1778520213.5626457,2,565,800,314,119,57,8
1778520213.5655887,1,1283,-800,308,120,71,11
1778520213.579073,2,578,850,312,120,57,9
1778520213.5823495,1,1271,-800,308,119,71,34
1778520213.5957887,2,593,850,308,120,57,8
1778520213.5988703,1,1257,-750,311,118,71,34
1778520213.611884,2,607,850,305,119,57,9
1778520213.6148734,1,1245,-800,312,120,71,10
1778520213.6283207,2,618,850,302,118,57,8
1778520213.6324842,1,1233,-750,314,120,71,0
1778520213.6454518,2,626,600,315,120,57,17
1778520213.6481462,1,1229,-300,332,118,71,34
1778520213.6617844,2,631,400,338,117,57,28
1778520213.665795,1,1229,-300,366,116,71,45
1778520213.679333,2,635,200,376,115,57,37
1778520213.682659,1,1228,0,426,113,71,86
1778520213.6962762,2,636,100,420,114,57,51
1778520213.6998682,1,1226,-100,0,118,71,39
1778520213.7127442,2,637,100,468,112,57,66
1778520213.7162225,1,1225,-50,524,112,71,85
1778520213.7296457,1,1224,-100,561,108,71,133
1778520213.743047,1,1222,-100,600,109,71,108
1778520214.2595735,2,642,-50,675,113,57,145
1778520214.2633977,1,1209,-150,0,113,71,0
1778520214.2774916,2,642,0,676,113,57,150
1778520214.2804072,1,1214,-150,0,113,70,0
1778520214.2947342,2,643,50,674,97,57,129
1778520214.3003442,1,1216,300,801,99,71,234
1778520214.314964,2,643,-50,674,100,57,126
1778520214.318444,1,1212,50,803,98,71,159
1778520214.3328881,2,642,0,676,101,57,136
1778520214.3367438,1,1208,-250,0,113,71,0
1778520214.3506415,2,642,0,676,113,57,146
1778520214.3535402,1,1211,-150,0,112,71,0
1778520214.3680077,2,642,0,676,113,57,145
1778520214.3714683,1,1217,300,0,113,71,0
1778520214.3854656,2,643,50,672,112,57,137
1778520214.3882766,1,1222,300,0,113,71,0
1778520214.4027529,2,646,0,672,113,57,120
1778520214.4063363,1,1229,350,0,114,71,0
1778520214.420867,2,653,300,652,115,57,110
1778520214.423741,1,1236,400,0,115,71,0
1778520214.437553,2,662,450,623,98,57,75
1778520214.4403193,1,1242,400,887,98,71,290
1778520214.454587,2,667,400,596,102,57,92
1778520214.4580703,1,1240,350,911,98,71,197
1778520214.4720986,2,668,100,577,103,57,97
1778520214.474935,1,1234,-150,895,102,71,216
1778520214.4893982,2,668,100,570,115,57,106
1778520214.4933665,1,1230,-350,0,115,71,0
1778520214.5074837,2,668,0,572,115,57,105
1778520214.5104022,1,1234,-50,0,115,71,0
1778520214.524921,2,668,0,572,115,57,106
1778520214.5281343,1,1240,300,0,116,71,0
1778520214.5420756,2,669,0,572,115,57,105
1778520214.5449696,1,1247,400,904,115,71,254
1778520214.5594745,2,670,100,566,98,57,86
1778520214.5627916,1,1248,150,924,101,71,223
1778520214.5768056,2,670,0,564,100,57,88
1778520214.5795472,1,1241,150,922,98,71,193
1778520214.5938957,2,669,-50,566,103,57,89
1778520214.5974643,1,1234,-350,0,115,71,0
1778520214.6116748,2,669,-50,570,115,57,106
1778520214.6147368,1,1234,-400,0,115,71,0
1778520214.6293473,2,669,-50,571,115,57,103
1778520214.6331463,1,1240,150,0,116,71,0
1778520214.6470637,2,669,50,567,115,57,101
1778520214.6503518,1,1246,350,0,115,71,0
1778520214.6649573,2,671,0,568,115,57,103
1778520214.668157,1,1253,350,0,115,71,0
1778520214.6819913,2,673,150,556,116,57,91
1778520214.6848364,1,1258,350,0,116,71,0
1778520214.6992354,2,678,150,546,116,57,105
1778520214.702496,1,1263,250,0,116,71,0
1778520214.716352,2,684,300,527,117,57,67
1778520214.719161,1,1268,300,0,117,71,0
1778520214.7334874,2,690,350,505,117,57,86
1778520214.7375653,1,1273,300,0,118,71,0
1778520214.7514646,2,694,300,481,117,57,68
1778520214.7548773,1,1279,300,1000,100,71,286
1778520214.7694316,2,697,150,464,104,57,63
1778520214.772502,1,1276,250,1000,104,71,241
1778520214.7864332,2,696,150,454,105,57,60
1778520214.7893856,1,1267,-300,978,101,71,294
1778520214.803937,2,694,-50,460,109,57,68
1778520214.8072782,1,1257,-550,942,109,71,315
1778520214.8212466,2,694,-100,468,102,57,58
1778520214.8240147,1,1255,-350,914,100,72,300
1778520214.8386388,2,694,0,468,100,57,61
1778520214.842164,1,1254,0,903,99,71,295
1778520214.856313,2,694,0,468,100,57,61
1778520214.859024,1,1254,0,0,116,71,0
1778520214.8735342,2,694,0,468,117,57,67
1778520214.8775172,1,1258,0,0,117,71,0
1778520214.8914924,2,694,0,468,117,57,74
1778520214.8949041,1,1264,150,0,117,71,0
1778520214.9092834,2,695,50,466,117,57,67
1778520214.912301,1,1271,400,0,117,71,0
1778520214.926281,2,696,50,463,117,57,65
1778520214.9292717,1,1277,350,0,117,71,0
1778520214.9431534,2,697,50,460,117,57,66
1778520214.9462702,1,1282,300,0,117,71,0
1778520214.9607494,2,698,50,456,117,57,82
1778520214.9639778,1,1286,300,0,116,71,0
1778520214.9779062,2,700,100,449,117,57,74
1778520214.980923,1,1289,200,0,118,71,0
1778520214.9953098,2,704,150,440,117,57,48
1778520214.9987962,1,1293,200,0,118,71,0
1778520215.0126357,2,709,250,424,118,57,45
1778520215.0155063,1,1297,200,0,118,71,0
1778520215.029838,2,713,300,405,119,57,39
1778520215.033422,1,1300,200,1000,104,71,356
1778520215.0485854,2,717,200,386,105,57,37
1778520215.0518584,1,1298,200,1000,101,71,184
1778520215.0663629,2,717,200,372,105,57,42
1778520215.0700896,1,1288,-350,972,103,71,280
1778520215.0842688,2,715,0,376,118,57,43
1778520215.087224,1,1277,-600,930,111,71,219
1778520215.1014812,2,715,-100,384,100,57,39
1778520215.1050978,1,1275,-300,905,100,71,310
1778520215.1189764,2,715,0,384,100,57,38
1778520215.121957,1,1275,-50,896,100,71,306
1778520215.1366339,2,715,0,384,100,57,38
1778520215.1397645,1,1275,0,0,118,71,0
1778520215.153627,2,715,0,384,118,57,45
1778520215.1565604,1,1278,150,0,118,71,0
1778520215.1708803,2,715,0,384,118,57,49
1778520215.1743484,1,1284,150,0,118,71,0
1778520215.1886666,2,716,50,382,118,57,43
1778520215.1916347,1,1291,350,0,118,71,0
1778520215.20559,2,717,50,379,118,57,43
1778520215.2084575,1,1297,350,0,119,71,0
1778520215.2228649,2,718,50,375,118,57,45
1778520215.2263494,1,1302,350,0,119,71,0
1778520215.2406783,2,719,50,372,117,57,60
1778520215.2436001,1,1306,250,0,118,71,0
1778520215.2575905,2,721,50,368,119,57,38
1778520215.260648,1,1309,250,0,118,71,0
1778520215.275103,2,723,150,358,119,57,33
1778520215.2785747,1,1312,150,0,119,71,0
1778520215.2927349,2,727,150,348,119,57,36
1778520215.29564,1,1315,150,0,119,71,0
1778520215.3102138,2,729,200,335,119,57,29
1778520215.3139281,1,1318,150,0,120,71,0
1778520215.3279607,2,733,150,323,119,57,33
1778520215.3308434,1,1320,150,0,119,71,0
1778520215.345317,2,735,150,312,119,57,27
1778520215.3492687,1,1323,150,0,119,71,0
1778520215.3631814,2,737,150,301,119,57,27
1778520215.366394,1,1325,150,0,120,71,0
1778520215.381057,2,737,100,295,119,57,26
1778520215.3842416,1,1327,100,0,119,71,0
1778520215.3980691,2,738,0,296,120,57,32
1778520215.400977,1,1329,100,0,120,71,0
1778520215.4153786,2,740,100,289,120,57,23
1778520215.4187672,1,1331,100,0,120,71,0
1778520215.4326665,2,742,100,282,121,57,33
1778520215.4354262,1,1333,150,0,119,71,0
1778520215.4499352,2,743,100,276,120,57,22
1778520215.4534035,1,1334,150,0,120,71,0
1778520215.467346,2,743,0,272,119,57,24
1778520215.4704766,1,1335,50,0,120,71,0
1778520215.4850707,2,744,50,271,120,57,23
1778520215.4884436,1,1336,50,0,120,71,0
1778520215.502554,2,744,50,267,120,57,22
1778520215.5056412,1,1337,100,0,120,71,0
1778520215.5201359,2,744,0,268,120,57,25
1778520215.5234933,1,1339,50,0,120,71,0
1778520215.537465,2,744,0,268,120,57,24
1778520215.5402875,1,1339,50,0,120,71,0
1778520215.5548117,2,744,0,268,120,57,22
1778520215.5580451,1,1339,0,0,120,71,0
1778520215.5720325,2,745,50,265,120,57,21
1778520215.5748444,1,1339,0,0,120,71,0
1778520215.5891957,2,745,0,264,120,57,20
1778520215.5931666,1,1339,0,0,120,71,0
1778520215.607232,2,745,0,264,120,57,20
1778520215.6100125,1,1339,0,0,120,71,0
1778520215.6242442,2,745,0,264,120,57,21
1778520215.6284518,1,1339,0,0,119,71,0
1778520215.6425679,2,745,0,263,120,57,19
1778520215.6454117,1,1339,0,0,120,71,0
1778520215.6599572,2,746,50,259,120,57,20
1778520215.6633654,1,1340,0,999,104,71,337
1778520215.6773343,2,746,0,260,106,57,20
1778520215.6800313,1,1335,-50,997,108,71,189
1778520215.6943767,2,745,0,260,105,57,17
1778520215.697977,1,1322,-600,967,108,71,225
1778520215.7120395,2,742,-150,269,109,57,21
1778520215.71494,1,1308,-850,0,120,71,0
1778520215.7293713,2,741,-100,277,120,57,25
1778520215.7334418,1,1304,-250,0,120,71,0
1778520215.74744,2,741,0,280,120,57,25
1778520215.7508972,1,1310,-250,0,120,71,0
1778520215.7654448,2,741,0,280,106,57,23
1778520215.7686515,1,1313,300,887,106,71,232
1778520215.7824764,2,741,0,280,105,57,21
1778520215.785414,1,1309,150,895,103,71,176
1778520215.799895,2,741,0,280,108,57,25
1778520215.8034,1,1302,-350,870,107,71,215
1778520215.8174253,2,740,0,280,120,57,24
1778520215.8202968,1,1301,-300,0,120,71,0
1778520215.8346167,2,740,-50,284,119,57,23
1778520215.838144,1,1307,250,0,120,71,0
1778520215.8521862,2,741,50,281,119,57,28
1778520215.854999,1,1313,350,0,120,71,0
1778520215.8694537,2,742,0,280,120,57,23
1778520215.8729556,1,1319,350,0,120,71,0
1778520215.8869104,2,743,100,276,120,57,23
1778520215.889992,1,1324,350,0,120,71,0
1778520215.9045637,2,744,50,270,120,57,22
1778520215.9078534,1,1328,250,0,120,71,0
1778520215.9216983,2,744,0,268,120,57,23
1778520215.9245663,1,1331,200,0,120,71,0
1778520215.9389687,2,744,0,268,120,57,25
1778520215.9423594,1,1333,150,0,120,71,0
1778520215.9563122,2,745,50,264,120,57,20
1778520215.9590714,1,1335,150,0,120,71,0
1778520215.973605,2,745,0,264,120,57,20
1778520215.9774766,1,1336,100,0,120,71,0
1778520215.991447,2,746,0,264,120,57,23
1778520215.9947436,1,1338,50,0,120,71,0
1778520216.009347,2,746,50,261,120,57,24
1778520216.0126226,1,1339,100,0,120,71,0
1778520216.026508,2,747,0,260,120,57,20
1778520216.0294378,1,1339,50,0,120,71,0
1778520216.0439045,2,747,50,258,120,57,21
1778520216.047314,1,1340,50,0,120,71,0
1778520216.0613432,2,748,50,255,120,57,18
1778520216.0642712,1,1341,0,0,120,71,0
1778520216.0787222,2,749,50,251,120,57,21
1778520216.082399,1,1342,50,0,120,71,0
1778520216.0967846,2,749,50,248,120,57,19
1778520216.0997446,1,1343,50,0,120,71,0
1778520216.1136081,2,749,0,248,120,57,19
1778520216.116474,1,1343,50,0,120,71,0
1778520216.1310308,2,749,0,248,120,57,20
1778520216.1343825,1,1344,50,0,120,71,0
1778520216.1482944,2,750,0,248,120,57,24
1778520216.1510766,1,1344,0,0,120,71,0
1778520216.165675,2,750,0,248,120,57,19
1778520216.1696544,1,1344,0,0,120,71,0
1778520216.1836169,2,749,0,248,120,57,20
1778520216.1871803,1,1344,0,0,120,71,0
1778520216.2015965,2,749,0,248,120,57,19
1778520216.2045925,1,1344,0,0,120,71,0
1778520216.2184703,2,750,0,248,120,57,19
1778520216.2214048,1,1344,0,0,120,71,0
1778520216.2358308,2,749,50,244,120,57,19
1778520216.2391515,1,1344,0,0,120,71,0
1778520216.2531357,2,749,-50,248,120,57,19
1778520216.255877,1,1344,0,0,120,71,0
1778520216.2701945,2,750,50,245,120,57,18
1778520216.2738001,1,1344,0,0,120,71,0
1778520216.287756,2,749,0,244,120,57,18
1778520216.2905204,1,1344,0,0,120,71,0
1778520216.3053343,2,749,-50,246,120,57,19
1778520216.309101,1,1344,0,0,120,71,0
1778520216.3230605,2,750,0,248,120,57,18
1778520216.3262522,1,1344,0,0,120,71,0
1778520216.3408818,2,750,50,247,120,57,18
1778520216.3441308,1,1344,0,0,120,71,0
1778520216.358078,2,750,50,243,120,57,18
1778520216.3608642,1,1344,0,0,120,71,0
1778520216.3754513,2,749,0,244,120,57,18
1778520216.378787,1,1344,0,0,120,71,0
1778520216.3927531,2,750,0,244,120,57,18
1778520216.3955755,1,1344,0,0,120,71,0
1778520216.409818,2,749,0,244,120,57,18
1778520216.413441,1,1344,0,0,120,71,0
1778520216.4275274,2,749,0,244,120,57,18
1778520216.4303288,1,1344,0,0,120,71,0
1778520216.4446628,2,749,0,244,107,57,21
1778520216.4484458,1,1340,-200,994,107,72,212
1778520216.4624763,2,748,-100,248,108,57,17
1778520216.46543,1,1327,-200,979,109,72,266
1778520216.479965,2,745,-150,256,109,57,21
1778520216.483262,1,1311,-750,0,115,71,0
1778520216.497215,2,743,-150,267,120,57,24
1778520216.500072,1,1306,-850,0,120,71,0
1778520216.5144706,2,743,-100,273,120,57,23
1778520216.5180202,1,1311,0,0,120,71,0
1778520216.5324318,2,744,0,272,120,57,23
1778520216.535454,1,1317,300,0,120,71,0
1778520216.5498824,2,744,50,269,120,57,22
1778520216.5535007,1,1322,350,0,120,71,0
1778520216.5673528,2,745,50,265,120,57,21
1778520216.570505,1,1328,300,0,120,71,0
1778520216.584963,2,746,50,261,120,57,21
1778520216.5881574,1,1331,200,0,120,71,0
1778520216.6020036,2,747,50,258,120,57,25
1778520216.6048286,1,1334,200,0,120,71,0
1778520216.619387,2,747,0,256,120,57,22
1778520216.6229258,1,1336,200,0,120,70,0
1778520216.637045,2,748,0,256,106,57,18
1778520216.6400445,1,1335,100,972,102,72,342
1778520216.6543198,2,747,50,252,108,57,18
1778520216.6579008,1,1325,-250,952,104,71,178
1778520216.671954,2,744,-100,260,109,57,25
1778520216.674825,1,1310,-750,903,109,72,173
1778520216.6891356,2,743,-100,267,120,57,24
1778520216.6930048,1,1305,-600,0,120,71,0
1778520216.7071795,2,743,-50,271,120,57,29
1778520216.7103727,1,1310,200,0,120,71,0
1778520216.7247941,2,744,50,269,120,57,22
1778520216.7279341,1,1316,350,0,120,71,0
1778520216.7418873,2,744,0,268,120,57,22
1778520216.7449102,1,1322,300,0,120,71,0
1778520216.7592945,2,745,50,266,120,57,21
1778520216.7627861,1,1327,300,0,120,71,0
1778520216.7768042,2,746,50,263,120,57,21
1778520216.7796547,1,1331,300,0,120,71,0
1778520216.794087,2,747,50,259,120,57,20
1778520216.7977047,1,1334,200,0,120,71,0
1778520216.8119125,2,747,50,256,120,57,23
1778520216.8147597,1,1336,150,0,120,71,0
1778520216.8292303,2,748,0,256,120,57,20
1778520216.8333642,1,1338,100,0,120,71,0
1778520216.847397,2,748,50,253,120,57,24
1778520216.8506253,1,1339,100,0,120,71,0
1778520216.8652935,2,748,0,252,120,57,19
1778520216.8684273,1,1340,50,0,120,71,0
1778520216.8823943,2,748,0,252,120,57,23
1778520216.8855035,1,1341,50,0,120,71,0
1778520216.8999374,2,749,50,250,120,57,22
1778520216.9032147,1,1342,50,0,120,71,0
1778520216.9179595,2,749,0,248,120,57,19
1778520216.9218767,1,1343,50,0,120,71,0
1778520216.9357238,2,749,0,248,120,57,18
1778520216.9390998,1,1343,50,0,120,71,0
1778520216.9535885,2,749,0,248,120,57,19
1778520216.9567626,1,1344,0,0,120,71,0
1778520216.9706268,2,749,0,248,120,57,18
1778520216.9736156,1,1344,50,0,120,71,0
1778520216.9881282,2,749,0,248,120,57,19
1778520216.9914916,1,1344,0,0,120,71,0
1778520217.0054097,2,749,0,248,120,57,24
1778520217.0082247,1,1344,0,0,120,71,0
1778520217.0225658,2,749,0,248,120,57,22
1778520217.0260568,1,1344,0,0,120,71,0
1778520217.0401776,2,749,0,248,120,57,19
1778520217.043082,1,1344,0,0,120,71,0
1778520217.0574615,2,749,0,248,120,57,21
1778520217.0610275,1,1344,0,0,120,71,0
1778520217.074968,2,749,0,248,120,57,19
1778520217.0778224,1,1344,0,0,120,71,0
1778520217.0922854,2,750,0,248,107,57,17
1778520217.095496,1,1341,0,999,106,71,280
1778520217.1094344,2,748,0,248,108,57,17
1778520217.112195,1,1329,-350,976,105,72,166
1778520217.126588,2,745,-50,251,106,57,17
1778520217.1300914,1,1314,-850,924,109,72,234
1778520217.144114,2,743,-200,264,120,57,22
1778520217.146837,1,1305,-750,0,120,71,0
1778520217.161163,2,743,-50,270,120,57,23
1778520217.1650288,1,1309,200,0,120,71,0
1778520217.1790652,2,744,50,270,120,57,22
1778520217.181959,1,1316,350,0,120,71,0
1778520217.1963024,2,744,0,268,120,57,25
1778520217.1995032,1,1321,350,0,120,71,0
1778520217.2135084,2,745,0,268,120,57,25
1778520217.2163186,1,1327,300,0,120,71,0
1778520217.2308395,2,746,50,264,120,57,24
1778520217.234308,1,1331,300,0,120,71,0
1778520217.24847,2,747,50,260,120,57,20
1778520217.2515876,1,1334,200,0,120,71,0
1778520217.2660959,2,747,50,256,120,57,20
1778520217.269631,1,1336,150,0,120,71,0
1778520217.2837358,2,748,0,256,120,57,19
1778520217.2865186,1,1338,100,0,120,71,268
1778520217.3010674,2,748,50,253,106,57,19
1778520217.3049564,1,1335,-50,969,107,72,211
1778520217.3188283,2,747,-50,254,104,57,17
1778520217.3218088,1,1322,-650,947,109,71,255
1778520217.3362732,2,744,-150,261,109,57,19
1778520217.3394864,1,1309,-650,0,119,71,0
1778520217.3534756,2,743,-150,269,120,57,22
1778520217.356261,1,1305,-800,0,120,71,0
1778520217.3705976,2,743,-50,273,120,57,23
1778520217.3741555,1,1310,-50,0,120,71,0
1778520217.3882563,2,744,0,272,120,57,22
1778520217.391024,1,1317,350,0,120,71,0
1778520217.4052296,2,744,50,268,120,57,22
1778520217.4087315,1,1322,350,0,120,71,0
1778520217.4226077,2,745,50,265,120,57,22
1778520217.425453,1,1327,300,0,120,70,0
1778520217.4399447,2,746,50,261,119,57,20
1778520217.4433525,1,1330,200,200,117,71,32
1778520217.4572804,2,746,0,260,118,57,20
1778520217.460023,1,1330,0,200,120,72,26
1778520217.4743626,2,746,0,260,118,57,20
1778520217.4778924,1,1330,0,200,118,71,0
1778520217.4923773,2,746,0,260,120,57,20
1778520217.4953682,1,1330,0,0,120,71,0
1778520217.5092325,2,746,0,260,120,57,27
1778520217.5119529,1,1331,0,0,120,71,0
1778520217.5265903,2,747,0,260,120,57,20
1778520217.5301409,1,1333,100,0,120,71,0
1778520217.5442386,2,747,50,256,120,57,20
1778520217.5471826,1,1335,100,0,120,71,0
1778520217.5616956,2,747,0,256,120,57,23
1778520217.5656686,1,1336,100,0,120,71,0
1778520217.5796115,2,748,50,253,120,57,22
1778520217.582914,1,1337,50,0,120,71,0
1778520217.5975354,2,748,0,252,120,57,20
1778520217.600814,1,1339,100,0,120,71,0
1778520217.6147065,2,748,0,252,120,57,21
1778520217.617626,1,1340,100,0,120,71,0
1778520217.6320677,2,748,0,252,120,57,19
1778520217.6353233,1,1340,50,0,120,71,0
1778520217.6492336,2,748,0,252,120,57,19
1778520217.651936,1,1341,0,0,120,71,0
1778520217.6666167,2,749,0,252,120,57,20
1778520217.6701899,1,1342,50,0,120,71,0
1778520217.6842494,2,749,50,248,120,57,19
1778520217.6870723,1,1343,50,0,120,71,0
1778520217.701489,2,749,0,248,120,57,19
1778520217.7054455,1,1343,50,0,120,71,0
1778520217.7193215,2,749,0,248,120,57,18
1778520217.722507,1,1343,0,0,120,71,0
1778520217.737097,2,749,0,248,120,56,17
1778520217.740307,1,1344,50,0,120,71,0
1778520217.7543788,2,750,50,246,120,57,18
1778520217.7574492,1,1344,0,0,120,72,0
1778520217.7718809,2,751,50,243,120,57,16
1778520217.7752645,1,1345,0,0,120,71,0
1778520217.7891738,2,752,50,239,120,57,18
1778520217.7919133,1,1345,0,0,120,71,0
1778520217.8062093,2,753,50,236,120,57,22
1778520217.8096313,1,1345,50,0,120,71,0
1778520217.8239813,2,753,50,232,120,57,16
1778520217.8269892,1,1345,0,0,120,71,0
1778520217.8413277,2,753,0,232,120,57,16
1778520217.845343,1,1345,0,0,120,71,0
1778520217.8592753,2,753,0,232,120,57,21
1778520217.8621604,1,1345,0,0,120,71,0
1778520217.8766074,2,753,0,232,120,57,18
1778520217.8798537,1,1345,0,0,120,71,0
1778520217.8937535,2,753,0,232,120,57,16
1778520217.8966448,1,1345,0,0,120,71,0
1778520217.9111192,2,753,50,231,120,57,16
1778520217.914355,1,1345,0,0,120,71,0
1778520217.9286342,2,753,50,227,120,57,16
1778520217.9315822,1,1345,0,0,120,71,0
1778520217.9454896,2,754,0,228,120,57,17
1778520217.948325,1,1345,0,0,120,71,0
1778520217.9627156,2,753,-50,232,120,57,18
1778520217.966001,1,1345,0,0,120,71,0
1778520217.9799209,2,753,0,232,121,57,16
1778520217.9826903,1,1345,0,0,120,71,0
1778520217.997382,2,753,50,229,120,57,16
1778520218.0013835,1,1345,0,0,120,71,0
1778520218.0153482,2,754,-50,230,120,57,16
1778520218.0188076,1,1345,0,0,120,71,0
1778520218.0333493,2,754,0,232,120,57,17
1778520218.036589,1,1345,0,0,121,71,0
1778520218.0506635,2,754,50,231,120,57,16
1778520218.0536807,1,1345,0,0,120,71,0
1778520218.068119,2,753,50,227,120,57,17
1778520218.0713868,1,1345,0,0,120,71,0
1778520218.0854335,2,753,0,228,121,57,17
1778520218.0882878,1,1345,0,0,120,71,0
1778520218.102718,2,753,0,228,120,57,18
1778520218.1062763,1,1345,0,0,120,71,0
1778520218.120317,2,753,0,228,120,57,16
1778520218.1231942,1,1345,0,0,120,71,0
1778520218.1377757,2,754,-50,231,120,57,17
1778520218.1417456,1,1345,0,0,120,71,0
1778520218.1556616,2,754,0,232,120,57,17
1778520218.1590374,1,1345,0,0,120,71,0
1778520218.1733732,2,754,0,232,120,57,17
1778520218.176495,1,1345,0,0,120,71,0
1778520218.190568,2,754,50,230,120,57,16
1778520218.1937146,1,1345,0,0,120,71,0
1778520218.2081783,2,753,50,227,120,57,18
1778520218.2114182,1,1345,0,0,120,71,0
1778520218.225328,2,753,0,228,120,57,16
1778520218.2281508,1,1345,0,0,120,71,0
1778520218.2424974,2,754,-50,232,120,57,19
1778520218.2460272,1,1345,0,0,120,71,0
1778520218.2599924,2,753,0,232,120,57,17
1778520218.2627418,1,1345,0,0,120,71,0
1778520218.277077,2,754,0,232,120,57,18
1778520218.2809496,1,1345,0,0,120,71,0
1778520218.294959,2,754,0,232,120,57,17
1778520218.2979307,1,1345,0,0,120,71,0
1778520218.3124137,2,753,50,230,120,57,16
1778520218.315609,1,1345,0,0,120,71,0
1778520218.329547,2,753,-50,230,120,57,16
1778520218.332318,1,1345,0,0,120,71,0
1778520218.3466392,2,753,-50,233,120,57,16
1778520218.3499076,1,1345,0,0,120,71,0
1778520218.3637962,2,754,0,232,120,57,22
1778520218.3665445,1,1345,0,0,120,71,0
1778520218.380971,2,754,0,232,120,57,17
1778520218.3848808,1,1345,0,0,120,71,0
1778520218.3988037,2,753,0,232,120,57,18
1778520218.401717,1,1345,0,0,120,71,0
1778520218.4161053,2,753,50,229,120,57,19
1778520218.4195564,1,1345,0,0,120,71,0
1778520218.4335577,2,753,0,228,120,57,16
1778520218.436328,1,1345,0,0,120,71,0
1778520218.4509072,2,754,-50,230,121,57,18
1778520218.4545507,1,1345,0,0,120,71,0
1778520218.468931,2,753,50,230,121,57,16
1778520218.471785,1,1345,0,0,120,70,0
1778520218.4855819,2,754,50,227,119,57,15
1778520218.4883964,1,1345,0,200,119,71,12
1778520218.502846,2,753,0,228,119,57,16
1778520218.5062318,1,1344,0,200,119,72,34
1778520218.5200758,2,753,0,228,118,57,16
1778520218.522808,1,1344,-50,200,118,72,25
1778520218.537537,2,753,-50,231,119,57,16
1778520218.5414667,1,1344,0,0,120,71,0
1778520218.5555794,2,754,0,232,120,57,16
1778520218.559086,1,1345,0,0,120,71,0
1778520218.5734205,2,754,50,229,120,57,19
1778520218.5764,1,1345,50,200,119,71,14
1778520218.5905032,2,753,0,228,119,57,20
1778520218.5936584,1,1345,0,200,120,72,27
1778520218.6081038,2,753,-50,229,118,57,16
1778520218.6114743,1,1344,-50,200,118,71,34
1778520218.6259186,2,753,-50,233,120,57,16
1778520218.6291308,1,1344,-50,0,120,71,0
1778520218.6434634,2,753,0,232,120,57,17
1778520218.6466963,1,1345,0,0,120,71,0
1778520218.660631,2,753,50,228,121,57,16
1778520218.6634126,1,1345,50,200,119,71,14
1778520218.6777651,2,754,0,228,120,57,18
1778520218.6813486,1,1345,0,200,119,71,18
1778520218.6952057,2,754,-50,231,118,57,15
1778520218.6981041,1,1344,-50,200,118,72,28
1778520218.7124462,2,754,0,232,119,57,17
1778520218.7157512,1,1344,0,0,120,71,0
1778520218.7298894,2,754,0,232,120,57,18
1778520218.7328398,1,1345,50,0,120,71,0
1778520218.7469602,2,754,50,231,120,57,16
1778520218.750132,1,1345,0,0,120,72,0
1778520218.7647007,2,754,50,227,121,57,20
1778520218.7679174,1,1346,0,0,120,71,0
1778520218.781885,2,754,0,228,120,57,18
1778520218.7846675,1,1347,50,0,120,71,0
1778520218.7991383,2,754,0,228,120,57,16
1778520218.802741,1,1348,100,0,121,71,0
1778520218.816815,2,754,0,228,120,57,14
1778520218.8196254,1,1349,50,0,120,71,0
1778520218.8340528,2,755,50,225,121,57,20
1778520218.8376446,1,1349,0,0,120,71,0
1778520218.8516295,2,755,0,224,121,57,14
1778520218.8544095,1,1350,50,0,121,71,0
1778520218.8691683,2,755,0,224,120,57,18
1778520218.8730211,1,1350,0,0,120,71,0
1778520218.8873162,2,755,0,224,120,57,16
1778520218.890475,1,1350,0,0,120,71,0
1778520218.904803,2,755,0,224,121,57,14
1778520218.907933,1,1350,0,0,121,71,0
1778520218.9218976,2,755,0,224,120,57,16
1778520218.9247978,1,1350,0,0,120,71,0
1778520218.9391642,2,755,0,224,120,57,14
1778520218.9423242,1,1350,0,0,120,71,0
1778520218.956677,2,755,0,224,120,57,18
1778520218.9604337,1,1350,0,0,121,71,0
1778520218.974416,2,755,0,224,120,57,18
1778520218.9772496,1,1350,0,0,120,71,0
1778520218.9917467,2,755,0,224,120,57,16
1778520218.9950075,1,1350,0,0,120,72,0
1778520219.0091455,2,755,0,224,120,57,19
1778520219.0120623,1,1350,0,0,121,71,0
1778520219.0259132,2,755,0,224,120,57,16
1778520219.028671,1,1350,0,0,120,70,0
1778520219.043121,2,755,0,224,119,57,14
1778520219.046804,1,1349,0,200,118,72,32
1778520219.0612028,2,755,0,224,119,57,14
1778520219.0641081,1,1348,-50,200,120,71,10
1778520219.078459,2,755,0,224,119,57,14
1778520219.0819714,1,1347,-100,200,120,71,0
1778520219.0959322,2,755,0,224,120,57,14
1778520219.0988233,1,1347,0,0,120,71,0
1778520219.113059,2,755,0,224,121,57,14
1778520219.1169727,1,1349,50,0,120,71,0
1778520219.1309505,2,755,0,224,120,57,14
1778520219.1337137,1,1350,50,0,121,71,0
1778520219.1479242,2,755,0,224,120,57,14
1778520219.1523027,1,1350,50,0,120,72,0
1778520219.1664057,2,755,0,224,120,57,16
1778520219.1692739,1,1351,0,0,120,71,0
1778520219.1839516,2,755,0,224,120,57,16
1778520219.1872838,1,1351,50,0,120,71,0
1778520219.2014773,2,755,0,224,120,57,14
1778520219.2046208,1,1351,50,0,120,71,0
1778520219.218929,2,756,50,220,120,57,13
1778520219.2225506,1,1351,0,0,120,72,0
1778520219.236699,2,756,0,220,120,57,14
1778520219.2394702,1,1351,0,0,120,71,0
1778520219.2538877,2,756,0,220,121,57,14
1778520219.2574418,1,1351,0,0,121,71,0
1778520219.2714386,2,756,0,220,121,57,14
1778520219.274809,1,1351,0,0,120,71,0
1778520219.2895188,2,756,0,220,120,57,17
1778520219.2927709,1,1352,50,0,120,71,0
1778520219.3068168,2,756,0,220,121,57,19
1778520219.309943,1,1352,0,0,120,71,0
1778520219.324064,2,757,50,218,120,57,12
1778520219.327021,1,1353,50,0,121,71,0
1778520219.3413885,2,758,50,215,120,57,11
1778520219.3449333,1,1353,50,0,120,71,0
1778520219.3588479,2,759,50,211,121,57,12
1778520219.3618455,1,1354,0,0,120,72,0
1778520219.3762622,2,759,50,208,120,57,13
1778520219.379532,1,1354,50,0,121,71,0
1778520219.3934739,2,760,50,204,120,57,13
1778520219.3962588,1,1354,0,0,120,71,0
1778520219.4106183,2,760,0,204,120,57,12
1778520219.4141805,1,1354,0,0,120,72,0
1778520219.428776,2,760,0,204,120,57,12
1778520219.4318016,1,1354,0,0,121,71,0
1778520219.4455829,2,760,0,204,120,57,12
1778520219.4484653,1,1354,0,0,120,71,0
1778520219.4629712,2,760,0,204,120,57,14
1778520219.4665937,1,1354,0,0,121,71,0
1778520219.4807332,2,760,0,204,120,57,12
1778520219.4834907,1,1354,0,0,121,71,0
1778520219.4979148,2,760,0,204,121,57,12
1778520219.5018964,1,1354,0,0,121,71,0
1778520219.515973,2,760,0,204,120,57,12
1778520219.518699,1,1354,0,0,121,72,0
1778520219.5329893,2,760,0,204,121,57,12
1778520219.536844,1,1354,0,0,121,71,0
1778520219.5507452,2,760,0,204,120,57,12
1778520219.5536032,1,1354,0,0,121,72,0
1778520219.5680704,2,760,0,204,120,57,14
1778520219.5714607,1,1354,0,0,121,71,0
1778520219.58538,2,760,0,204,120,57,12
1778520219.5881574,1,1354,0,0,120,71,0
1778520219.6024196,2,760,0,204,120,57,12
1778520219.6059315,1,1354,0,0,121,71,0
1778520219.6199884,2,760,0,204,121,57,14
1778520219.6227083,1,1354,0,0,121,71,0
1778520219.637206,2,760,0,204,120,57,12
1778520219.6410406,1,1354,0,0,121,71,0
1778520219.65529,2,760,0,204,121,57,12
1778520219.6583898,1,1354,0,0,121,71,0
1778520219.6728253,2,760,0,204,120,57,13
1778520219.6760263,1,1354,0,0,121,72,0
1778520219.6899023,2,760,0,204,120,57,12
1778520219.6927655,1,1354,0,0,121,71,0
1778520219.7074018,2,760,0,204,120,57,16
1778520219.7108288,1,1354,0,0,121,72,0
1778520219.7247314,2,760,0,204,120,57,17
1778520219.727644,1,1355,50,0,120,71,0
1778520219.7419267,2,760,0,204,121,57,12
1778520219.745446,1,1355,0,0,121,72,0
1778520219.759485,2,760,0,204,120,57,14
1778520219.7622087,1,1355,0,0,121,72,0
1778520219.7767015,2,760,0,204,120,57,12
1778520219.7808416,1,1355,0,0,121,72,0
1778520219.794882,2,760,0,204,120,57,12
1778520219.7978857,1,1355,0,0,120,72,0
1778520219.8124123,2,760,0,204,120,57,12
1778520219.8158462,1,1355,0,0,120,71,0
1778520219.829941,2,760,0,204,121,57,12
1778520219.8328183,1,1355,0,0,121,71,0
1778520219.8473656,2,760,0,204,121,57,12
1778520219.8507612,1,1355,0,0,121,71,0
1778520219.8646386,2,760,0,204,120,57,14
1778520219.8673747,1,1355,0,0,121,72,0
1778520219.881718,2,760,0,204,121,57,15
1778520219.885254,1,1355,0,0,121,72,0
1778520219.8991628,2,760,0,204,120,57,12
1778520219.9024317,1,1355,0,200,120,71,15
1778520219.917073,2,760,0,204,119,57,12
1778520219.920282,1,1354,0,200,118,72,24
1778520219.9342697,2,760,0,204,120,57,14
1778520219.937187,1,1353,-50,200,120,72,11
1778520219.95166,2,761,0,204,120,57,12
1778520219.9549873,1,1352,-50,0,120,71,0
1778520219.969131,2,760,0,204,120,57,12
1778520219.9721587,1,1353,0,0,120,71,0
1778520219.9866881,2,760,0,204,121,57,14
1778520219.9902894,1,1354,50,0,120,71,0
1778520220.0044615,2,760,0,204,121,57,14
1778520220.0075743,1,1355,50,0,121,71,0
1778520220.021903,2,761,0,204,121,57,12
1778520220.0254405,1,1356,50,0,120,71,0
1778520220.0396688,2,760,0,204,120,58,13
1778520220.0426657,1,1356,0,0,120,71,0
1778520220.057091,2,761,0,204,120,57,11
1778520220.0610173,1,1356,-50,0,121,71,0
1778520220.0752127,2,761,0,204,121,57,13
1778520220.078325,1,1356,-50,0,121,71,0
1778520220.0928633,2,761,50,200,121,57,12
1778520220.096077,1,1356,50,0,121,71,0
1778520220.10995,2,761,0,200,120,57,11
1778520220.1128922,1,1356,0,0,121,72,0
1778520220.127386,2,761,0,200,120,57,12
1778520220.130761,1,1356,0,0,121,71,0
1778520220.1447902,2,761,0,200,120,57,11
1778520220.1475945,1,1356,0,0,121,71,0
1778520220.1619742,2,761,0,200,121,57,11
1778520220.1655364,1,1356,0,0,121,72,0
1778520220.1795928,2,761,0,200,120,57,11
1778520220.1823559,1,1356,0,0,120,71,0
1778520220.1967916,2,761,0,200,120,57,12
1778520220.2007084,1,1356,0,0,121,72,0
1778520220.214618,2,761,0,200,121,57,16
1778520220.217439,1,1356,0,0,120,71,0
1778520220.2319033,2,761,0,200,121,57,14
1778520220.2351375,1,1356,0,0,120,71,0
1778520220.2490304,2,761,0,200,120,57,11
1778520220.2518256,1,1356,0,0,121,72,0
1778520220.266235,2,761,0,200,120,57,11
1778520220.2698042,1,1356,0,0,121,71,0
1778520220.2841022,2,761,0,200,121,57,14
1778520220.287172,1,1356,0,0,121,71,0
1778520220.3014483,2,761,0,200,121,57,11
1778520220.3046632,1,1356,0,0,121,72,0
1778520220.3187153,2,761,0,200,120,57,11
1778520220.3219137,1,1356,0,0,121,71,0
1778520220.336498,2,760,0,200,121,57,13
1778520220.3399065,1,1356,0,0,120,71,0
1778520220.354019,2,761,0,200,121,57,12
1778520220.3569372,1,1356,0,0,121,71,0
1778520220.3714342,2,761,0,200,121,57,12
1778520220.374791,1,1356,0,0,121,71,0
1778520220.388853,2,760,0,200,121,57,12
1778520220.3919775,1,1355,0,0,121,72,0
1778520220.4062965,2,761,0,200,121,57,12
1778520220.4099343,1,1356,0,0,121,71,0
1778520220.4244144,2,761,0,200,121,57,12
1778520220.4274096,1,1356,0,0,121,72,0
1778520220.4412706,2,761,0,200,121,57,12
1778520220.444061,1,1356,-50,0,121,71,0
1778520220.4583979,2,761,0,200,121,57,11
1778520220.461993,1,1356,50,0,121,71,0
1778520220.4764557,2,761,0,200,121,57,12
1778520220.4795203,1,1356,0,0,121,71,0
1778520220.4934866,2,761,0,200,121,57,13
1778520220.4962673,1,1356,0,0,120,72,0
1778520220.5118337,2,761,0,200,121,57,12
1778520220.5155108,1,1356,0,0,121,71,0
1778520220.5295305,2,761,0,200,121,57,14
1778520220.5323234,1,1356,0,0,121,72,0
1778520220.5470572,2,761,0,200,121,57,11
1778520220.5506248,1,1356,0,0,121,71,0
1778520220.5646775,2,761,0,200,121,57,11
1778520220.5674732,1,1356,0,0,121,71,0
1778520220.581854,2,761,0,200,121,57,13
1778520220.5854554,1,1356,0,0,121,72,0
1778520220.5995219,2,761,0,200,121,57,12
1778520220.6029565,1,1356,0,0,121,72,0
1778520220.617342,2,761,0,200,121,57,12
1778520220.620305,1,1356,0,0,121,71,0
1778520220.6343386,2,761,0,200,120,57,12
1778520220.6372828,1,1356,0,0,120,71,0
1778520220.6513355,2,761,0,200,121,57,12
1778520220.654643,1,1356,0,0,121,71,0
1778520220.66919,2,761,0,200,120,57,16
1778520220.6723673,1,1356,0,0,121,71,0
1778520220.6863122,2,761,0,200,120,57,12
1778520220.6892116,1,1356,0,0,121,72,0
1778520220.70374,2,760,0,200,121,57,12
1778520220.7069757,1,1356,0,0,120,71,0
1778520220.7211268,2,761,-50,203,121,57,12
1778520220.7241647,1,1356,0,0,120,72,0
1778520220.7385256,2,761,50,202,121,57,12
1778520220.7420497,1,1356,0,0,121,72,0
1778520220.7561052,2,761,0,200,121,57,11
1778520220.7589166,1,1356,0,0,120,72,0
1778520220.773522,2,761,0,200,121,57,12
1778520220.7775774,1,1356,0,0,121,72,0
1778520220.791603,2,761,0,200,121,57,12
1778520220.7949889,1,1356,0,0,121,72,0
1778520220.8093596,2,761,0,200,120,57,12
1778520220.8123288,1,1356,0,0,120,71,0
1778520220.826143,2,761,0,200,121,57,13
1778520220.8290348,1,1356,0,0,121,72,0
1778520220.8434913,2,761,0,200,120,57,12
1778520220.846853,1,1356,0,0,121,72,0
1778520220.8612087,2,761,0,200,121,57,11
1778520220.8641999,1,1356,0,0,120,72,0
1778520220.878057,2,761,0,200,120,57,12
1778520220.8808923,1,1356,0,0,121,71,0
1778520220.8954883,2,761,0,200,120,57,11
1778520220.8987477,1,1356,0,0,121,72,0
1778520220.9129543,2,761,0,200,120,57,11
1778520220.9160485,1,1356,0,0,120,72,0
1778520220.9305663,2,761,0,200,120,57,12
1778520220.9340851,1,1356,0,0,121,71,0
1778520220.948115,2,761,0,200,120,57,11
1778520220.951001,1,1356,0,0,120,72,0
1778520220.965518,2,761,0,200,121,57,12
1778520220.9694736,1,1356,0,0,121,71,0
1778520220.9833086,2,761,0,200,121,57,14
1778520220.9865365,1,1356,0,0,121,71,0
1778520221.0010355,2,761,0,200,120,57,11
1778520221.0041623,1,1356,0,0,121,71,0
1778520221.018055,2,761,0,200,121,57,10
1778520221.020974,1,1356,0,0,121,71,0
1778520221.0355532,2,761,0,200,121,57,12
1778520221.0390437,1,1356,0,0,121,71,0
1778520221.0533466,2,761,0,200,120,57,12
1778520221.0566812,1,1356,0,0,121,71,0
1778520221.0709755,2,761,0,200,121,57,12
1778520221.0740533,1,1356,0,0,121,72,0
1778520221.0882905,2,761,0,200,120,57,13
1778520221.0921834,1,1356,0,0,121,71,0
1778520221.1063766,2,761,0,200,120,57,12
1778520221.10928,1,1356,0,0,121,72,0
1778520221.1238039,2,761,0,200,121,57,12
1778520221.1271853,1,1356,0,0,121,71,0
1778520221.141117,2,761,0,200,120,57,12
1778520221.1439395,1,1356,0,0,120,71,0
1778520221.1583674,2,761,0,200,120,57,12
1778520221.1620274,1,1356,0,0,121,71,0
1778520221.1761286,2,761,0,200,121,57,12
1778520221.1788833,1,1356,0,0,121,72,0
1778520221.1937683,2,761,0,200,120,57,12
1778520221.1976655,1,1356,0,0,121,72,0
1778520221.2115395,2,761,0,200,121,57,11
1778520221.2148848,1,1356,0,0,121,72,0
1778520221.2294037,2,761,0,200,120,57,13
1778520221.2323651,1,1356,0,0,121,72,0
1778520221.2463212,2,761,0,200,121,57,10
1778520221.2492158,1,1356,0,0,120,72,0
1778520221.2636702,2,761,0,200,121,57,13
1778520221.267018,1,1356,0,0,121,71,0
1778520221.2809403,2,761,0,200,120,57,13
1778520221.2837706,1,1356,0,0,121,71,0
1778520221.3010676,2,761,0,200,121,57,12
1778520221.3047597,1,1356,0,0,121,71,0
1778520221.3195727,2,761,0,200,120,57,12
1778520221.3235247,1,1356,0,0,120,71,0
1778520221.3376033,2,761,0,200,120,57,12
1778520221.340337,1,1356,0,0,121,71,0
1778520221.354876,2,761,0,200,120,57,12
1778520221.3584273,1,1356,0,0,121,72,0
1778520221.3724134,2,761,0,200,121,57,12
1778520221.375166,1,1356,0,0,121,72,0
1778520221.3898983,2,761,0,200,120,57,14
1778520221.3938746,1,1356,0,0,121,72,0
1778520221.4077272,2,761,0,200,121,57,13
1778520221.411098,1,1356,0,0,121,72,0
1778520221.4254391,2,761,0,200,120,57,12
1778520221.4284184,1,1356,0,0,121,72,0
1778520221.4422245,2,761,0,200,120,57,12
1778520221.4454358,1,1356,0,0,120,72,0
1778520221.4599004,2,761,0,200,121,57,12
1778520221.4631743,1,1356,0,0,121,71,0
1778520221.4774413,2,761,0,200,120,57,12
1778520221.4803889,1,1356,0,0,121,71,0
1778520221.494251,2,761,0,200,120,57,12
1778520221.4970953,1,1356,0,0,121,71,0
1778520221.5116248,2,761,0,200,120,57,12
1778520221.5150807,1,1356,0,0,121,71,0
1778520221.5294826,2,761,0,200,121,57,12
1778520221.5328286,1,1356,0,0,121,71,0
1778520221.5468311,2,761,0,200,121,57,11
1778520221.549893,1,1356,0,0,120,72,0
1778520221.5643215,2,761,0,200,121,57,12
1778520221.5675297,1,1356,0,0,121,71,0
1778520221.5814683,2,761,0,200,120,57,11
1778520221.5842347,1,1356,0,0,121,72,0
1778520221.598934,2,761,0,200,121,57,12
1778520221.6029289,1,1356,0,0,121,71,0
1778520221.617409,2,761,0,200,121,57,11
1778520221.6202972,1,1356,0,0,121,71,0
1778520221.6341376,2,761,0,200,121,57,13
1778520221.6369526,1,1356,0,0,120,71,0
1778520221.651359,2,761,0,200,120,57,11
1778520221.6547208,1,1356,0,0,121,71,0
1778520221.668631,2,761,0,200,121,57,12
1778520221.6714764,1,1356,0,0,121,71,0
1778520221.6856756,2,761,0,200,120,57,12
1778520221.6892374,1,1356,0,0,121,72,0
1778520221.7031195,2,761,0,200,120,57,12
1778520221.7062402,1,1356,0,0,121,72,0
1778520221.7209332,2,761,0,200,121,57,11
1778520221.7240996,1,1356,0,0,121,71,0
1778520221.7379708,2,761,0,200,121,57,11
1778520221.7407353,1,1356,0,0,120,71,0
1778520221.7552383,2,761,0,200,120,57,13
1778520221.7585928,1,1356,0,0,121,72,0
1778520221.7723942,2,761,0,200,121,57,11
1778520221.775242,1,1356,0,0,121,72,0
1778520221.789516,2,761,0,200,121,57,12
1778520221.7930186,1,1356,0,0,121,71,0
1778520221.806968,2,761,0,200,120,57,12
1778520221.8101182,1,1356,0,0,120,71,0
1778520221.8248463,2,761,0,200,121,57,11
1778520221.8280373,1,1356,0,0,121,71,0
1778520221.8418326,2,761,0,200,120,57,11
1778520221.8444636,1,1356,0,0,120,72,0
1778520221.8589454,2,761,0,200,121,57,11
1778520221.8623698,1,1356,0,0,121,72,0
1778520221.8762352,2,761,0,200,121,57,11
1778520221.8790095,1,1356,0,0,121,71,0
1778520221.8935862,2,761,0,200,120,57,12
1778520221.897383,1,1356,0,0,121,72,0
1778520221.9113348,2,761,0,200,121,57,11
1778520221.9145586,1,1356,0,0,121,71,0
1778520221.9290643,2,761,0,200,120,57,11
1778520221.932303,1,1356,-50,0,121,71,0
1778520221.9462411,2,761,0,200,120,57,12
1778520221.949172,1,1356,50,0,121,72,0
1778520221.9636323,2,761,0,200,120,57,12
1778520221.9669948,1,1356,0,0,121,71,0
1778520221.9813209,2,761,0,200,121,57,13
1778520221.9845748,1,1356,0,0,121,72,0
1778520221.9984481,2,761,0,200,121,57,11
1778520222.0014613,1,1356,0,0,121,71,0
1778520222.0158637,2,761,0,200,120,57,12
1778520222.0191646,1,1356,0,0,121,72,0
1778520222.0330865,2,761,0,200,121,57,11
1778520222.0359087,1,1356,0,0,121,71,0
1778520222.0505257,2,761,0,200,120,57,12
1778520222.0541422,1,1356,0,0,121,71,0
1778520222.0680141,2,761,0,200,121,57,12
1778520222.0719013,1,1356,0,0,121,71,0
1778520222.0862973,2,761,0,200,121,57,12
1778520222.0892355,1,1356,0,0,121,71,0
1778520222.1032875,2,761,0,200,120,57,13
1778520222.1065388,1,1356,0,0,120,72,0
1778520222.1208978,2,761,0,200,121,57,11
1778520222.1240728,1,1356,0,0,121,72,0
1778520222.1381605,2,761,0,200,120,57,13
1778520222.1410737,1,1356,0,0,121,71,0
1778520222.1550567,2,761,0,200,121,57,12
1778520222.1581705,1,1356,0,0,121,71,0
1778520222.1726272,2,761,0,200,121,57,12
1778520222.17585,1,1356,0,0,121,72,0
1778520222.189675,2,761,0,200,121,57,12
1778520222.1924589,1,1356,0,0,121,72,0
1778520222.2069058,2,761,0,200,120,57,12
1778520222.2102895,1,1356,0,0,121,72,0
1778520222.224683,2,761,0,200,120,57,13
1778520222.2277594,1,1356,0,0,121,71,0
1778520222.241584,2,761,0,200,120,57,12
1778520222.244319,1,1356,0,0,120,72,0
1778520222.258869,2,761,0,200,121,57,11
1778520222.2624695,1,1356,0,0,121,71,0
1778520222.2768354,2,761,0,200,120,58,12
1778520222.2798228,1,1356,0,0,121,72,0
1778520222.293719,2,761,0,200,120,57,11
1778520222.2966046,1,1356,0,0,120,72,0
1778520222.3111804,2,761,0,200,121,57,11
1778520222.3146794,1,1356,0,0,121,72,0
1778520222.3286662,2,761,0,200,121,57,17
1778520222.3314695,1,1356,0,0,121,71,0
1778520222.3457804,2,761,0,200,121,56,12
1778520222.3493156,1,1356,0,0,120,71,0
1778520222.363414,2,761,0,200,120,57,12
1778520222.3662875,1,1356,0,0,121,72,0
1778520222.38096,2,761,0,200,121,57,12
1778520222.3848665,1,1356,0,0,121,72,0
1778520222.398706,2,761,0,200,121,57,12
1778520222.4015658,1,1356,0,0,120,72,0
1778520222.4161813,2,761,0,200,120,57,12
1778520222.4195414,1,1356,0,0,121,72,0
1778520222.433477,2,761,0,200,121,57,17
1778520222.436275,1,1356,0,0,121,72,0
1778520222.4507737,2,761,0,200,120,57,12
1778520222.4543524,1,1356,0,0,121,72,0
1778520222.4683437,2,761,0,200,120,57,11
1778520222.4710968,1,1356,0,0,121,72,0
1778520222.4856713,2,761,0,200,120,57,11
1778520222.4896445,1,1356,0,0,121,71,0
1778520222.5034678,2,761,0,200,120,57,12
1778520222.5067732,1,1356,0,0,121,72,0
1778520222.5214016,2,761,0,200,120,57,11
1778520222.5246382,1,1356,0,0,121,72,0
1778520222.5385249,2,761,-50,204,121,57,12
1778520222.541501,1,1356,0,0,121,71,0
1778520222.5560427,2,761,50,200,121,57,12
1778520222.5594277,1,1356,0,0,120,72,0
1778520222.5732708,2,761,0,200,120,57,12
1778520222.5759623,1,1356,0,0,121,72,0
1778520222.5903578,2,761,0,200,120,57,13
1778520222.5939689,1,1356,0,0,121,72,0
1778520222.6080756,2,761,0,200,120,57,12
1778520222.6108806,1,1355,0,0,120,72,0
1778520222.6254814,2,761,0,200,120,57,12
1778520222.6294951,1,1356,0,0,121,72,0
1778520222.643514,2,761,0,200,120,57,11
1778520222.6463192,1,1356,0,0,121,72,0
1778520222.6607485,2,761,0,200,120,57,12
1778520222.6648817,1,1356,0,0,121,71,0
1778520222.678953,2,761,0,200,120,57,12
1778520222.6819525,1,1356,0,0,121,72,0
1778520222.6963432,2,761,0,200,121,57,12
1778520222.699675,1,1355,0,0,121,72,0
1778520222.7136927,2,761,0,200,120,57,12
1778520222.7167075,1,1356,0,0,120,72,0
1778520222.7306547,2,761,0,200,120,57,12
1778520222.7335396,1,1356,0,0,121,72,0
1778520222.7475822,2,761,0,200,121,57,12
1778520222.750555,1,1356,0,0,121,72,0
