Timestamp,ID,Position,Speed,Load,Voltage,Temperature,Current
1778431316.6271262,1,1682,750,347,95,39,9
1778431316.6411803,1,1693,800,348,95,39,8
1778431316.6554904,1,1704,750,349,95,39,8
1778431317.4624557,2,155,-700,355,94,33,8
1778431317.4758859,2,144,-800,355,94,33,10
1778431317.489583,2,133,-800,355,94,33,8
1778431318.2972677,2,100,750,373,91,34,9
1778431318.3017244,1,1733,-700,372,91,39,12
1778431318.3145866,2,115,750,377,91,33,11
1778431318.3175237,1,1721,-750,374,91,38,10
1778431318.33116,2,127,800,377,91,33,11
1778431318.3357418,1,1707,-800,375,91,38,11
1778431318.85258,2,252,50,68,98,33,2
1778431318.8570237,1,1583,0,76,98,38,3
1778431318.871975,2,252,0,68,98,33,2
1778431318.8761933,1,1583,0,76,98,39,2
1778431318.8902612,2,252,-50,71,98,33,2
1778431318.8933012,1,1583,0,76,98,39,2
1778431318.9078546,2,253,50,69,98,33,2
1778431318.911406,1,1583,0,76,98,39,2
1778431318.9254503,2,252,0,68,98,33,2
1778431318.9282978,1,1583,0,76,98,38,2
1778431318.943251,2,252,-50,69,97,43,2
1778431318.9470634,1,1583,0,76,98,39,2
1778431318.9613605,2,253,50,70,98,33,2
1778431318.964293,1,1583,0,76,98,38,2
1778431318.9787257,2,252,50,67,98,33,2
1778431318.982278,1,1583,0,76,98,39,2
1778431318.9963033,2,252,-50,72,97,33,2
1778431318.9991777,1,1583,0,76,98,38,2
1778431319.0138605,2,253,0,72,98,33,2
1778431319.0178227,1,1583,0,76,98,39,3
1778431319.0317676,2,252,0,72,98,33,2
1778431319.0350277,1,1583,0,76,98,39,2
1778431319.0495923,2,252,0,72,98,33,1
1778431319.0528333,1,1583,0,76,98,39,2
1778431319.0667355,2,252,0,72,98,33,2
1778431319.0697632,1,1583,0,76,97,39,1
1778431319.0841575,2,252,0,72,98,33,3
1778431319.0875356,1,1583,0,76,98,38,3
1778431319.1015246,2,252,0,72,98,33,2
1778431319.104291,1,1583,0,76,98,38,2
1778431319.1187618,2,252,0,72,97,33,2
1778431319.1224763,1,1583,0,76,98,38,2
1778431319.1390681,2,252,0,72,98,33,2
1778431319.1421878,1,1583,0,76,98,39,2
1778431319.1569052,2,252,0,72,97,33,2
1778431319.1602163,1,1583,0,76,98,39,3
1778431319.1741447,2,253,50,67,98,33,2
1778431319.1770055,1,1583,0,76,98,39,2
1778431319.1915197,2,252,0,68,98,33,2
1778431319.19484,1,1583,0,76,98,39,2
1778431319.208756,2,252,-50,71,98,33,2
1778431319.2115571,1,1583,0,76,98,38,2
1778431319.2259808,2,253,50,69,98,33,2
1778431319.2296128,1,1583,0,76,97,39,2
1778431319.2436993,2,252,-50,70,98,33,2
1778431319.2465255,1,1583,0,76,98,39,3
1778431319.2611482,2,252,0,72,98,33,1
1778431319.265312,1,1583,0,76,97,38,2
1778431319.2794473,2,252,0,72,97,33,2
1778431319.2827108,1,1583,0,76,97,39,3
1778431319.2974014,2,252,0,72,98,33,2
1778431319.3005936,1,1583,0,76,97,39,2
1778431319.314564,2,252,50,67,98,33,2
1778431319.317407,1,1583,0,76,98,39,3
1778431319.3319104,2,252,-50,71,98,33,2
1778431319.3352153,1,1583,0,76,98,38,2
1778431319.3492875,2,253,0,72,98,33,2
1778431319.352122,1,1583,0,76,98,39,2
1778431319.3668227,2,252,50,69,97,33,2
1778431319.370579,1,1583,0,76,98,39,3
1778431319.3847253,2,252,-50,70,98,33,1
1778431319.3875911,1,1583,0,76,98,39,2
1778431319.4020126,2,252,0,72,98,33,2
1778431319.405684,1,1583,0,76,98,38,2
1778431319.4197693,2,253,0,72,97,33,2
1778431319.4225543,1,1583,0,76,98,39,1
1778431319.4372768,2,252,0,72,97,33,2
1778431319.4412656,1,1583,0,76,97,39,3
1778431319.4552815,2,252,0,72,97,33,2
1778431319.4586005,1,1583,0,76,98,38,2
1778431319.4731462,2,252,50,67,98,33,2
1778431319.4763815,1,1583,0,76,97,39,2
1778431319.4904773,2,252,0,68,98,33,2
1778431319.4935217,1,1583,0,76,98,39,2
1778431319.5081892,2,252,0,68,98,33,2
1778431319.511587,1,1583,0,76,98,38,2
1778431319.5255706,2,253,-50,70,98,38,1
1778431319.5282993,1,1583,0,76,97,39,2
1778431319.5428438,2,253,0,72,97,33,2
1778431319.546512,1,1583,0,76,97,39,3
1778431319.5605733,2,253,0,72,97,33,2
1778431319.5635893,1,1583,0,76,98,39,2
1778431319.5780313,2,252,0,72,97,33,2
1778431319.5815773,1,1583,0,76,98,39,2
1778431319.59561,2,252,0,72,98,33,2
1778431319.5984895,1,1583,0,76,97,39,2
1778431319.6129913,2,252,0,72,97,33,2
1778431319.61694,1,1583,0,76,97,39,2
1778431319.6308959,2,252,0,72,98,33,2
1778431319.6339402,1,1583,0,76,97,39,2
1778431319.6485422,2,253,0,72,97,33,2
1778431319.6519556,1,1583,0,76,97,38,2
1778431319.665911,2,253,0,72,98,33,2
1778431319.6687524,1,1583,0,76,97,39,2
1778431319.6833622,2,252,50,69,97,33,2
1778431319.6869164,1,1583,0,76,98,39,2
1778431319.7010806,2,252,-50,70,97,33,1
1778431319.7040412,1,1583,0,76,98,39,3
1778431319.7186723,2,252,0,72,97,33,3
1778431319.7222571,1,1583,0,76,97,38,2
1778431319.7363658,2,253,0,72,97,33,2
1778431319.7392092,1,1583,0,76,97,39,1
1778431319.7536588,2,252,50,67,98,33,1
1778431319.7576182,1,1583,0,76,98,39,2
1778431319.771599,2,252,-50,72,97,33,2
1778431319.7746904,1,1583,0,76,97,39,3
1778431319.789061,2,252,0,72,97,33,2
1778431319.7922523,1,1583,0,76,97,39,2
1778431319.806226,2,252,0,72,97,33,1
1778431319.8092813,1,1583,0,76,97,38,2
1778431319.8238573,2,252,50,69,97,33,2
1778431319.8272738,1,1583,0,76,98,39,2
1778431319.8412564,2,252,-50,70,98,33,1
1778431319.8441176,1,1583,0,76,98,38,2
1778431319.8586028,2,252,0,72,97,34,2
1778431319.8622847,1,1583,0,76,98,39,3
1778431319.8761523,2,252,0,72,97,33,2
1778431319.8795607,1,1583,0,76,97,39,3
1778431319.893846,2,253,0,72,97,38,2
1778431319.896882,1,1583,0,76,97,39,2
1778431319.9108412,2,253,0,72,97,33,2
1778431319.9138403,1,1583,0,76,97,39,3
1778431319.9284747,2,253,0,72,98,33,2
1778431319.9317632,1,1583,0,76,97,38,3
1778431319.945779,2,253,0,72,97,33,2
1778431319.9487672,1,1583,0,76,97,38,3
1778431319.963308,2,252,0,72,97,33,2
1778431319.9667876,1,1583,0,76,97,39,2
1778431319.9809172,2,252,0,72,98,33,2
1778431319.9839416,1,1583,0,76,97,39,2
1778431319.9983745,2,252,0,72,97,33,2
1778431320.0022497,1,1583,0,76,97,38,2
1778431320.0168624,2,252,0,72,98,33,2
1778431320.019817,1,1583,0,76,97,39,2
1778431320.03373,2,252,0,72,97,33,2
1778431320.0367424,1,1583,0,76,98,38,2
1778431320.0510585,2,252,0,72,97,33,2
1778431320.0542665,1,1583,0,76,97,39,2
1778431320.0688798,2,253,50,68,98,33,2
1778431320.0727494,1,1583,0,76,97,39,2
1778431320.0867393,2,252,-50,71,97,33,2
1778431320.0896382,1,1583,0,76,98,39,2
1778431320.104025,2,252,50,69,97,33,2
1778431320.10752,1,1583,0,76,97,38,2
1778431320.121592,2,252,-50,70,98,33,2
1778431320.1243935,1,1583,0,76,97,39,2
1778431320.1389077,2,253,0,72,97,33,2
1778431320.142269,1,1583,0,76,98,39,2
1778431320.1567316,2,252,0,72,97,33,2
1778431320.159785,1,1583,0,76,97,39,2
1778431320.1736512,2,253,0,72,97,33,2
1778431320.1764493,1,1583,0,76,97,39,2
1778431320.1912239,2,252,0,72,97,33,2
1778431320.1948411,1,1583,0,76,98,38,2
1778431320.2089307,2,252,0,72,98,34,2
1778431320.2116885,1,1583,0,76,98,39,3
1778431320.2261007,2,252,0,72,97,33,2
1778431320.2296653,1,1583,0,76,97,39,2
1778431320.243906,2,252,50,69,97,33,2
1778431320.2469585,1,1583,0,76,98,38,2
1778431320.2616346,2,252,-50,70,97,33,2
1778431320.2656188,1,1583,0,76,98,39,2
1778431320.2795727,2,252,0,72,97,59,2
1778431320.2827308,1,1583,0,76,98,38,2
1778431320.297336,2,253,50,70,97,33,3
1778431320.3005195,1,1583,0,76,97,39,2
1778431320.314449,2,253,50,68,97,33,2
1778431320.3174102,1,1583,0,76,97,39,2
1778431320.3317723,2,252,0,68,98,33,1
1778431320.3350415,1,1583,0,76,97,38,3
1778431320.3492682,2,252,0,68,98,33,2
1778431320.3522143,1,1583,0,76,98,38,3
1778431320.366047,2,252,-50,71,97,33,2
1778431320.3689532,1,1583,0,76,97,38,3
1778431320.3835545,2,252,50,69,97,33,2
1778431320.3867524,1,1583,0,76,97,39,3
1778431320.4009848,2,252,-50,70,97,33,2
1778431320.4039013,1,1583,0,76,97,38,3
1778431320.417742,2,253,50,70,97,33,2
1778431320.42068,1,1583,0,76,97,38,2
1778431320.4351296,2,252,-50,69,98,33,2
1778431320.4385278,1,1583,0,76,97,39,2
1778431320.4524176,2,252,-50,72,97,33,2
1778431320.455243,1,1583,0,76,98,38,2
1778431320.4697871,2,253,50,67,97,33,2
1778431320.4736328,1,1583,0,76,98,39,2
1778431320.487677,2,252,-50,72,97,33,2
1778431320.490434,1,1583,0,76,97,38,3
1778431320.5049107,2,253,0,72,97,33,2
1778431320.5087068,1,1583,0,76,97,38,3
1778431320.5226247,2,252,0,72,97,33,2
1778431320.5253792,1,1583,0,76,97,39,3
1778431320.5398223,2,252,0,72,97,33,2
1778431320.543176,1,1583,0,76,97,39,2
1778431320.5573144,2,253,50,70,98,33,2
1778431320.5602324,1,1583,0,76,97,39,2
1778431320.5741556,2,252,-50,69,97,33,2
1778431320.5771484,1,1583,0,76,98,39,2
1778431320.5915096,2,252,-50,72,97,33,2
1778431320.5947535,1,1583,0,76,98,39,2
1778431320.609503,2,253,0,72,98,33,2
1778431320.6135473,1,1583,0,76,97,38,3
1778431320.627463,2,253,50,68,97,33,2
1778431320.6306322,1,1583,0,76,97,39,2
1778431320.6453125,2,252,0,68,98,59,2
1778431320.6485102,1,1583,0,76,97,39,2
1778431320.6625462,2,253,-50,71,97,33,2
1778431320.665577,1,1583,0,76,97,39,2
1778431320.680133,2,252,50,69,97,33,2
1778431320.68357,1,1583,0,76,97,38,2
1778431320.6975017,2,253,-50,70,97,33,2
1778431320.7003057,1,1583,0,76,98,39,2
1778431320.7146537,2,252,0,72,97,33,2
1778431320.7181892,1,1583,0,76,97,39,2
1778431320.7323747,2,252,0,72,97,33,2
1778431320.735261,1,1583,0,76,97,38,2
1778431320.7500405,2,253,0,72,97,33,2
1778431320.7539892,1,1583,0,76,98,38,2
1778431320.767848,2,252,50,67,97,33,2
1778431320.7709103,1,1583,0,76,97,38,2
1778431320.7855432,2,252,-50,71,97,33,2
1778431320.7888317,1,1583,0,76,97,38,3
1778431320.802711,2,252,0,72,97,33,2
1778431320.8057575,1,1583,0,76,97,39,2
1778431320.8203943,2,252,50,69,98,33,1
1778431320.8236122,1,1583,0,76,98,39,3
1778431320.8376722,2,252,0,68,98,33,2
1778431320.840458,1,1583,0,76,98,38,3
1778431320.8548486,2,252,0,68,98,33,2
1778431320.8585021,1,1583,0,76,97,38,2
1778431320.8725019,2,253,-50,69,98,33,2
1778431320.8753788,1,1583,0,76,98,39,2
1778431320.8896387,2,253,-50,72,97,33,2
1778431320.893197,1,1583,0,76,98,38,3
1778431320.9073894,2,253,0,72,98,33,2
1778431320.910249,1,1583,0,76,97,39,2
1778431320.924529,2,253,0,72,98,33,2
1778431320.928457,1,1583,0,76,97,39,2
1778431320.9424617,2,252,0,72,97,33,2
1778431320.9452703,1,1583,0,76,98,38,2
1778431320.9597669,2,252,0,72,98,33,2
1778431320.9630306,1,1583,0,76,97,38,3
1778431320.9769728,2,253,0,72,98,33,2
1778431320.9797046,1,1583,0,76,97,38,2
1778431320.9942155,2,252,0,72,98,33,2
1778431320.9981353,1,1583,0,76,98,39,2
1778431321.01245,2,252,0,72,98,33,2
1778431321.0153952,1,1583,0,76,97,38,2
1778431321.0296595,2,252,0,72,98,33,2
1778431321.0332232,1,1583,0,76,97,39,2
1778431321.0472639,2,252,0,72,98,33,2
1778431321.050205,1,1583,0,76,97,39,2
1778431321.064662,2,253,50,68,98,33,2
1778431321.0678735,1,1583,0,76,98,39,3
1778431321.0817933,2,252,-50,71,97,33,2
1778431321.0847032,1,1583,0,76,97,39,2
1778431321.0991917,2,252,50,69,98,33,2
1778431321.1028092,1,1583,0,76,98,39,2
1778431321.1168768,2,253,-50,70,97,33,2
1778431321.1197002,1,1583,0,76,98,39,2
1778431321.1342382,2,252,0,72,97,33,2
1778431321.137817,1,1583,0,76,97,39,2
1778431321.1518147,2,252,0,72,97,33,2
1778431321.154604,1,1583,0,76,97,39,2
1778431321.1690001,2,252,0,72,98,33,2
1778431321.1729152,1,1583,0,76,97,39,2
1778431321.186894,2,252,50,67,97,33,1
1778431321.1897013,1,1583,0,76,98,39,2
1778431321.204198,2,252,-50,71,97,33,2
1778431321.2076776,1,1583,0,76,97,39,2
1778431321.2217243,2,253,0,72,98,33,2
1778431321.2245677,1,1583,0,76,97,39,2
1778431321.2389686,2,252,0,72,97,53,2
1778431321.2425704,1,1583,0,76,98,38,3
1778431321.2565498,2,253,0,72,97,33,1
1778431321.259373,1,1583,0,76,97,38,2
1778431321.273825,2,253,0,72,97,33,2
1778431321.2777781,1,1583,0,76,97,39,2
1778431321.2916682,2,252,0,72,97,33,2
1778431321.2950459,1,1583,0,76,97,39,2
1778431321.309662,2,253,0,72,97,33,2
1778431321.312765,1,1583,0,76,97,39,2
1778431321.3267708,2,252,0,72,97,33,1
1778431321.3296926,1,1583,0,76,97,39,2
1778431321.3442416,2,253,50,68,97,33,2
1778431321.3475044,1,1583,0,76,98,39,2
1778431321.3616447,2,252,-50,71,97,33,2
1778431321.3644047,1,1583,0,76,97,39,2
1778431321.3787897,2,252,50,69,98,33,2
1778431321.3824644,1,1583,0,76,98,39,2
1778431321.3966188,2,253,-50,70,97,33,2
1778431321.399543,1,1583,0,76,97,39,3
1778431321.4140472,2,252,0,72,97,33,2
1778431321.4175987,1,1583,0,76,97,38,2
1778431321.4316509,2,253,0,72,97,33,2
1778431321.4344053,1,1583,0,76,97,39,3
1778431321.4486382,2,253,0,72,97,33,2
1778431321.4527001,1,1583,0,76,97,39,2
1778431321.4667265,2,252,0,72,97,33,2
1778431321.4695194,1,1583,0,76,98,38,2
1778431321.4840155,2,253,0,72,97,33,2
1778431321.4874744,1,1583,0,76,97,39,2
1778431321.5014415,2,252,50,68,98,33,2
1778431321.504254,1,1583,0,76,98,38,3
1778431321.5187497,2,252,-50,71,98,33,2
1778431321.52225,1,1583,0,76,98,38,2
1778431321.5363555,2,253,50,69,97,33,2
1778431321.5390897,1,1583,0,76,98,39,2
1778431321.5535965,2,253,-50,70,98,33,2
1778431321.5574627,1,1583,0,76,97,39,2
1778431321.5715568,2,253,0,72,98,33,2
1778431321.5747542,1,1583,0,76,97,38,2
1778431321.589423,2,252,0,72,97,33,2
1778431321.5927312,1,1583,0,76,97,38,2
1778431321.6068554,2,252,0,72,97,33,2
1778431321.6098187,1,1583,0,76,98,39,2
1778431321.624373,2,252,0,72,97,33,2
1778431321.6277041,1,1583,0,76,97,39,2
1778431321.6418495,2,252,50,68,98,33,2
1778431321.6448498,1,1583,0,76,97,39,2
1778431321.6595194,2,252,0,68,97,33,2
1778431321.6629436,1,1583,0,76,98,39,2
1778431321.6768398,2,252,-50,70,98,33,2
1778431321.6796014,1,1583,0,76,97,39,2
1778431321.6941614,2,252,0,72,97,34,2
1778431321.6977139,1,1583,0,76,98,39,2
1778431321.711793,2,253,0,72,97,33,3
1778431321.7145991,1,1583,0,76,98,39,2
1778431321.7289631,2,252,0,72,97,33,2
1778431321.733022,1,1583,0,76,98,39,3
1778431321.7469563,2,253,0,72,97,33,2
1778431321.7498987,1,1583,0,76,97,39,2
1778431321.7644138,2,252,50,67,97,33,2
1778431321.7677033,1,1583,0,76,97,38,2
1778431321.781642,2,253,-50,71,98,33,1
1778431321.7844212,1,1583,0,76,97,38,3
1778431321.7989745,2,252,0,72,97,33,1
1778431321.8022995,1,1583,0,76,97,39,3
1778431321.8162706,2,253,0,72,97,33,2
1778431321.819727,1,1583,0,76,98,38,2
1778431321.8338933,2,253,0,72,97,33,2
1778431321.8370087,1,1583,0,76,98,39,2
1778431321.8509138,2,253,0,72,97,33,2
1778431321.8539622,1,1583,0,76,97,39,1
1778431321.868487,2,253,0,70,97,33,2
1778431321.8716757,1,1583,0,76,97,39,2
1778431321.885658,2,252,50,67,98,33,2
1778431321.8884192,1,1583,0,76,97,38,2
1778431321.9026976,2,252,-50,72,97,33,2
1778431321.9061906,1,1583,0,76,97,39,2
1778431321.9204075,2,253,0,72,97,33,2
1778431321.9232805,1,1583,0,76,97,39,2
1778431321.937876,2,252,0,72,98,33,2
1778431321.9417305,1,1583,0,76,98,39,2
1778431321.9556396,2,252,0,72,97,33,2
1778431321.9587407,1,1583,0,76,97,38,2
1778431321.9732728,2,252,0,72,97,33,2
1778431321.9764738,1,1583,0,76,97,39,2
1778431321.9904509,2,252,0,72,97,33,2
1778431321.9934056,1,1583,0,76,97,39,2
1778431322.0078988,2,252,0,72,97,33,2
1778431322.0112832,1,1583,0,76,97,39,2
1778431322.0255518,2,252,0,72,97,33,2
1778431322.028529,1,1583,0,76,98,39,2
1778431322.0424876,2,252,50,67,98,33,1
1778431322.0455263,1,1583,0,76,98,39,3
1778431322.0600326,2,253,-50,71,97,33,2
1778431322.0632422,1,1583,0,76,97,39,2
1778431322.0771377,2,252,50,68,97,33,2
1778431322.079903,1,1583,0,76,98,39,3
1778431322.0941486,2,252,-50,70,97,34,2
1778431322.0976603,1,1583,0,76,98,39,3
1778431322.1120248,2,252,50,69,97,33,2
1778431322.1149833,1,1583,0,76,98,39,2
1778431322.129669,2,252,-50,69,97,33,2
1778431322.1336184,1,1583,0,76,97,39,2
1778431322.1474934,2,253,50,70,97,33,2
1778431322.1502998,1,1583,0,76,97,39,2
1778431322.1648078,2,252,50,67,98,33,2
1778431322.1680546,1,1583,0,76,98,39,3
1778431322.1821163,2,252,0,68,97,33,2
1778431322.1849074,1,1583,0,76,97,39,3
1778431322.1994238,2,253,0,68,98,41,2
1778431322.2027516,1,1583,0,76,97,39,2
1778431322.2169378,2,253,-50,71,97,60,2
1778431322.2199786,1,1583,0,76,97,39,2
1778431322.234356,2,253,0,72,97,33,2
1778431322.2377534,1,1583,0,76,97,39,2
1778431322.2523935,2,252,0,72,97,33,2
1778431322.256569,1,1583,0,76,97,38,2
1778431322.270678,2,253,0,72,98,33,2
1778431322.2735186,1,1582,0,76,98,38,2
1778431322.2878127,2,252,0,72,97,33,2
1778431322.2909927,1,1582,-50,73,97,39,2
1778431322.304929,2,252,0,72,98,33,2
1778431322.3076785,1,1582,0,72,97,39,2
1778431322.321946,2,253,0,72,98,33,2
1778431322.3255668,1,1582,0,72,98,39,2
1778431322.3395467,2,252,50,68,97,50,2
1778431322.3424466,1,1582,0,72,97,38,2
1778431322.357104,2,252,-50,71,98,33,2
1778431322.3610978,1,1581,-50,67,98,39,2
1778431322.3750448,2,253,50,69,98,33,2
1778431322.3779788,1,1581,0,68,98,38,2
1778431322.392454,2,252,-50,70,98,33,2
1778431322.3958387,1,1581,0,68,98,39,2
1778431322.4098942,2,252,50,70,98,33,2
1778431322.412787,1,1581,0,68,98,39,2
1778431322.4272778,2,253,0,68,98,33,2
1778431322.4305394,1,1581,0,68,98,39,2
1778431322.444737,2,253,0,68,98,33,2
1778431322.4477944,1,1582,0,68,98,39,1
1778431322.4616024,2,252,-50,72,98,33,2
1778431322.4643455,1,1581,0,68,98,39,2
1778431322.4786382,2,253,50,68,98,33,2
1778431322.4821658,1,1582,0,68,98,38,2
1778431322.4961128,2,252,-50,71,98,33,2
1778431322.4989297,1,1581,0,68,97,39,2
1778431322.5136044,2,252,50,69,98,33,2
1778431322.5175405,1,1581,0,68,98,39,2
1778431322.5315278,2,252,0,68,98,33,2
1778431322.5344498,1,1581,0,68,98,38,2
1778431322.5489228,2,253,-50,69,98,33,2
1778431322.552043,1,1581,0,68,98,39,2
1778431322.5660193,2,252,0,72,98,33,2
1778431322.5689294,1,1582,0,68,98,39,2
1778431322.5833955,2,252,0,72,98,33,2
1778431322.5868073,1,1581,0,68,98,39,2
1778431322.6011071,2,252,0,72,98,33,2
1778431322.604064,1,1581,0,68,98,39,1
1778431322.6180341,2,253,50,68,98,33,1
1778431322.6214705,1,1582,0,68,98,39,1
1778431322.6356134,2,252,-50,71,98,33,2
1778431322.6385224,1,1581,0,68,98,39,2
1778431322.6529896,2,252,0,72,98,33,2
1778431322.656851,1,1581,0,68,98,39,1
1778431322.6710162,2,253,0,72,98,33,2
1778431322.6740746,1,1581,0,68,98,39,2
1778431322.6885796,2,253,0,72,98,33,2
1778431322.6917756,1,1581,0,68,97,39,2
1778431322.7057135,2,253,50,70,97,33,2
1778431322.708481,1,1581,0,68,98,38,2
1778431322.723025,2,252,50,67,98,33,2
1778431322.7266383,1,1581,0,68,98,38,2
1778431322.7407298,2,252,-50,72,98,33,2
1778431322.743506,1,1581,0,68,97,38,2
1778431322.757952,2,252,0,72,98,33,2
1778431322.761662,1,1581,0,68,98,39,2
1778431322.7755353,2,252,0,72,97,33,2
1778431322.778919,1,1581,50,72,97,38,2
1778431322.7936025,2,252,0,72,97,33,2
1778431322.7968366,1,1581,0,72,98,39,3
1778431322.8107746,2,253,0,72,98,33,2
1778431322.8138494,1,1581,-50,68,98,39,2
1778431322.828412,2,252,0,72,98,49,2
1778431322.8316543,1,1581,0,68,98,39,2
1778431322.8456306,2,252,0,72,97,34,2
1778431322.848534,1,1581,0,68,98,38,2
1778431322.863257,2,252,0,72,98,33,2
1778431322.8666523,1,1581,0,68,98,39,2
1778431322.8806577,2,253,0,72,98,33,2
1778431322.8833897,1,1581,0,68,98,39,2
1778431322.8977046,2,253,0,72,98,33,2
1778431322.9012232,1,1581,0,68,97,39,2
1778431322.91511,2,253,0,72,98,33,2
1778431322.9180262,1,1581,50,72,98,39,2
1778431322.9324617,2,252,50,69,97,33,2
1778431322.935663,1,1581,0,72,97,38,2
1778431322.949594,2,252,-50,70,98,33,2
1778431322.9524124,1,1581,-50,68,98,39,2
1778431322.9668984,2,253,50,70,97,34,2
1778431322.9701664,1,1582,0,68,98,39,2
1778431322.9840865,2,253,0,68,98,40,2
1778431322.9875147,1,1581,0,68,98,39,2
1778431323.0018442,2,252,0,68,98,33,2
1778431323.0050423,1,1581,0,68,98,39,2
1778431323.0190334,2,253,-50,72,98,33,2
1778431323.0220237,1,1581,0,68,98,39,2
1778431323.0363653,2,253,50,68,98,33,2
1778431323.0396113,1,1582,0,68,98,39,2
1778431323.0534582,2,252,-50,71,98,33,2
1778431323.056198,1,1581,0,68,98,38,2
1778431323.070961,2,252,50,69,98,33,2
1778431323.0745482,1,1581,50,71,98,39,2
1778431323.0885854,2,252,0,68,98,33,2
1778431323.0913503,1,1581,-50,68,98,39,2
1778431323.1057656,2,253,-50,69,98,33,2
1778431323.1097794,1,1581,0,68,98,39,2
1778431323.1237593,2,252,0,72,98,34,3
1778431323.1269104,1,1581,50,70,97,39,2
1778431323.14131,2,252,0,72,97,33,2
1778431323.1441905,1,1581,-50,70,98,39,2
1778431323.1586807,2,253,50,67,98,33,1
1778431323.162784,1,1581,0,68,98,39,1
1778431323.1768572,2,253,-50,72,98,35,2
1778431323.1797004,1,1581,0,68,98,38,2
1778431323.1941185,2,252,0,72,98,33,2
1778431323.1980534,1,1581,0,68,98,39,2
1778431323.2120984,2,252,0,72,98,33,2
1778431323.2149901,1,1581,0,68,98,39,2
1778431323.2294052,2,252,0,72,98,33,2
1778431323.233448,1,1581,0,68,98,38,2
1778431323.2473574,2,252,0,72,98,33,2
1778431323.2503479,1,1581,0,68,98,39,2
1778431323.2650201,2,252,0,72,98,33,2
1778431323.268416,1,1581,0,68,98,39,2
1778431323.282228,2,252,0,72,98,33,1
1778431323.28514,1,1581,0,68,98,39,1
1778431323.2995522,2,252,0,72,98,33,2
1778431323.3029037,1,1581,0,68,98,39,2
1778431323.3168375,2,252,50,67,98,33,2
1778431323.319641,1,1581,0,68,98,39,2
1778431323.3339512,2,253,-50,71,98,33,2
1778431323.3375034,1,1581,0,68,98,39,1
1778431323.3517118,2,252,0,72,98,33,2
1778431323.354778,1,1582,0,68,98,39,2
1778431323.369191,2,252,0,72,98,33,2
1778431323.3731697,1,1581,0,68,98,39,1
1778431323.3872154,2,252,0,72,98,33,2
1778431323.3904846,1,1581,0,68,98,39,2
1778431323.4051301,2,252,0,72,98,33,2
1778431323.4083347,1,1581,50,71,98,39,2
1778431323.4222555,2,252,0,72,98,33,2
1778431323.4251668,1,1581,-50,69,97,39,2
1778431323.4395747,2,252,0,72,98,33,2
1778431323.4429238,1,1581,0,68,98,39,2
1778431323.4568768,2,252,0,72,98,33,2
1778431323.4597015,1,1581,0,68,98,39,2
1778431323.4740272,2,253,0,72,98,33,2
1778431323.4775345,1,1581,0,68,98,39,2
1778431323.4916053,2,253,0,72,98,33,2
1778431323.4943266,1,1581,0,68,98,39,2
1778431323.5087724,2,252,0,72,98,33,2
1778431323.5130947,1,1581,0,68,98,39,2
1778431323.5271776,2,252,0,72,98,33,2
1778431323.5301723,1,1581,0,68,97,39,2
1778431323.5448008,2,252,0,72,98,33,2
1778431323.5480692,1,1581,0,68,98,39,1
1778431323.5618975,2,253,50,70,98,33,2
1778431323.5646753,1,1581,0,68,98,38,2
1778431323.5790796,2,252,50,67,98,33,3
1778431323.582383,1,1581,0,68,98,39,1
1778431323.5963144,2,252,0,68,98,33,2
1778431323.5991762,1,1581,0,68,98,39,2
1778431323.6138587,2,252,-50,71,98,33,2
1778431323.617793,1,1581,0,68,98,39,1
1778431323.6318338,2,253,50,68,98,33,2
1778431323.6350782,1,1581,0,68,98,39,1
1778431323.6496866,2,253,-50,70,98,33,1
1778431323.6529088,1,1581,0,68,98,38,2
1778431323.666782,2,252,50,69,98,33,2
1778431323.6697507,1,1581,0,68,98,39,2
1778431323.6842601,2,252,0,68,98,33,2
1778431323.687728,1,1581,0,68,98,39,2
1778431323.701665,2,253,0,68,98,33,2
1778431323.7043872,1,1581,0,68,98,39,2
1778431323.7188559,2,252,0,68,98,33,2
1778431323.722234,1,1581,50,70,98,38,2
1778431323.7361004,2,252,-50,72,98,33,2
1778431323.7388408,1,1582,0,72,98,39,2
1778431323.7531412,2,252,0,72,98,33,2
1778431323.7571046,1,1581,0,72,98,39,1
1778431323.771011,2,252,50,68,98,33,1
1778431323.7739928,1,1581,-50,67,98,39,2
1778431323.7884097,2,253,-50,70,98,33,2
1778431323.7914772,1,1581,0,68,98,39,2
1778431323.80555,2,252,0,72,98,33,2
1778431323.8084486,1,1581,0,68,98,38,2
1778431323.8222995,2,252,0,72,98,33,2
1778431323.8251886,1,1581,0,68,98,39,1
1778431323.8395386,2,252,0,72,98,33,2
1778431323.8427825,1,1581,0,68,98,39,1
1778431323.8592281,2,252,50,67,98,33,1
1778431323.8622406,1,1581,0,68,98,39,1
1778431323.8769193,2,252,0,68,98,33,2
1778431323.8808527,1,1581,0,68,98,39,2
1778431323.8948958,2,253,-50,72,98,33,2
1778431323.8978932,1,1581,0,68,98,39,2
1778431323.9123373,2,252,0,72,98,33,2
1778431323.9155178,1,1581,0,68,98,39,2
1778431323.9295294,2,252,0,72,98,33,2
1778431323.9324312,1,1581,0,68,98,39,1
1778431323.9499822,2,252,50,68,98,60,2
1778431323.9536495,1,1582,50,72,98,39,2
1778431323.9677675,2,253,0,68,98,33,2
1778431323.9711936,1,1581,-50,68,98,39,2
1778431323.98559,2,252,-50,70,98,33,2
1778431323.9885817,1,1582,0,68,98,39,2
1778431324.0025957,2,252,0,72,98,33,2
1778431324.0057526,1,1581,0,68,97,39,2
1778431324.0201628,2,253,0,72,97,33,1
1778431324.0234964,1,1581,0,68,98,39,1
1778431324.0373166,2,252,0,72,98,33,3
1778431324.0400765,1,1581,0,68,98,39,1
1778431324.054344,2,252,50,67,98,33,2
1778431324.05789,1,1581,0,68,98,39,2
1778431324.0723724,2,252,-50,71,98,33,2
1778431324.075384,1,1581,0,68,98,39,1
1778431324.0891607,2,253,0,72,98,33,2
1778431324.091911,1,1581,0,68,98,39,2
1778431324.1066418,2,252,0,72,98,33,2
1778431324.1101723,1,1581,0,68,98,39,2
1778431324.1242325,2,252,0,72,98,33,2
1778431324.1273057,1,1581,0,68,98,39,2
1778431324.1419055,2,253,50,70,98,33,2
1778431324.1459653,1,1581,0,68,98,39,2
1778431324.160098,2,252,-50,69,98,33,2
1778431324.1640255,1,1581,0,68,98,38,2
1778431324.178414,2,253,-50,73,98,33,2
1778431324.181453,1,1581,0,68,98,39,1
1778431324.1953523,2,253,0,72,98,33,2
1778431324.1983526,1,1581,0,68,98,39,2
1778431324.2128267,2,252,0,72,98,33,2
1778431324.216088,1,1581,0,68,98,39,2
1778431324.230186,2,253,0,72,98,33,2
1778431324.2330287,1,1582,0,68,98,38,2
1778431324.2475615,2,253,0,72,98,53,2
1778431324.2510378,1,1581,0,68,98,39,2
1778431324.2654004,2,253,0,72,98,42,2
1778431324.2683642,1,1582,0,68,98,39,1
1778431324.2826006,2,252,0,72,98,33,3
1778431324.2861502,1,1581,50,71,98,39,2
1778431324.300163,2,252,0,72,98,33,2
1778431324.3029754,1,1581,-50,69,98,39,1
1778431324.317459,2,252,0,72,98,33,2
1778431324.32148,1,1581,0,68,98,39,1
1778431324.3353732,2,252,50,67,98,33,2
1778431324.338589,1,1581,0,68,98,39,2
1778431324.353276,2,253,-50,72,98,33,1
1778431324.35686,1,1581,0,68,98,39,2
1778431324.370837,2,253,0,72,98,33,2
1778431324.3737803,1,1581,0,68,98,39,2
1778431324.3883018,2,252,0,72,98,33,2
1778431324.3915622,1,1581,50,72,98,39,2
1778431324.4054725,2,252,0,72,98,33,2
1778431324.408221,1,1581,-50,68,98,39,2
1778431324.422582,2,253,0,72,98,33,1
1778431324.4260902,1,1581,0,68,98,39,2
1778431324.4404936,2,252,50,70,98,33,2
1778431324.4434974,1,1581,0,68,98,39,2
1778431324.4573426,2,252,50,69,98,33,1
1778431324.4601321,1,1581,0,68,98,39,2
1778431324.4746294,2,252,-50,72,98,33,2
1778431324.4782014,1,1581,0,68,98,39,2
1778431324.4922233,2,252,0,72,98,33,2
1778431324.4950266,1,1581,0,68,97,39,2
1778431324.5096178,2,253,50,68,98,33,2
1778431324.5135643,1,1582,0,68,98,39,1
1778431324.5275073,2,252,-50,71,98,33,2
1778431324.5303102,1,1581,0,68,98,39,2
1778431324.5447552,2,252,50,69,98,33,2
1778431324.5480623,1,1581,0,68,98,39,1
1778431324.562031,2,253,0,68,98,33,2
1778431324.5648773,1,1581,0,68,98,39,2
1778431324.5794122,2,253,0,68,98,33,2
1778431324.582945,1,1581,0,68,98,39,1
1778431324.5973089,2,253,0,68,98,33,2
1778431324.60018,1,1581,0,68,98,39,2
1778431324.6142385,2,253,0,68,98,33,2
1778431324.6174283,1,1581,0,68,98,39,2
1778431324.6318557,2,252,-50,72,98,33,2
1778431324.6350808,1,1581,50,69,98,39,2
1778431324.6490252,2,253,0,72,98,33,2
1778431324.651783,1,1581,50,73,98,38,2
1778431324.6664224,2,252,50,69,98,33,2
1778431324.6703146,1,1581,-50,67,98,39,2
1778431324.6844077,2,252,-50,70,98,33,2
1778431324.687271,1,1581,0,68,98,39,2
1778431324.7017815,2,252,0,72,98,33,2
1778431324.705758,1,1581,0,68,98,39,2
1778431324.7198431,2,253,0,72,98,33,2
1778431324.7229867,1,1581,0,68,98,38,2
1778431324.7373917,2,252,0,72,98,33,2
1778431324.7405288,1,1581,0,68,98,39,2
1778431324.7546387,2,252,0,72,98,33,2
1778431324.7575524,1,1581,0,68,98,39,2
1778431324.7718618,2,253,0,72,98,33,1
1778431324.7751315,1,1581,50,69,98,39,2
1778431324.789337,2,252,0,72,98,34,2
1778431324.7923164,1,1581,50,70,98,39,2
1778431324.8066897,2,252,0,72,98,33,2
1778431324.8102372,1,1581,-50,67,98,39,2
1778431324.824242,2,253,0,72,98,34,2
1778431324.8269875,1,1582,0,68,98,39,2
1778431324.8416586,2,253,50,69,98,33,1
1778431324.845574,1,1581,0,68,98,39,2
1778431324.8595684,2,252,-50,69,98,33,2
1778431324.8627996,1,1581,0,68,98,39,1
1778431324.877405,2,252,0,72,98,33,2
1778431324.880595,1,1581,50,71,98,39,2
1778431324.8946493,2,253,0,72,98,33,2
1778431324.8977597,1,1581,-50,69,98,39,2
1778431324.912127,2,252,0,72,98,33,2
1778431324.915495,1,1581,0,68,98,39,1
1778431324.9294815,2,253,0,72,98,33,2
1778431324.932251,1,1581,0,68,98,39,2
1778431324.9467077,2,253,50,68,98,33,2
1778431324.950243,1,1581,0,68,98,39,2
1778431324.9644663,2,252,0,68,98,33,2
1778431324.967437,1,1582,0,68,98,39,2
1778431324.9817414,2,252,0,68,98,33,2
1778431324.985345,1,1581,0,68,98,39,2
1778431324.9992805,2,252,-50,70,98,62,1
1778431325.0025554,1,1581,0,68,98,39,1
1778431325.0171192,2,252,0,72,98,33,2
1778431325.0203435,1,1581,0,68,98,39,2
1778431325.0342236,2,252,0,72,98,33,1
1778431325.0371196,1,1581,0,68,98,39,2
1778431325.0516565,2,252,0,72,98,33,2
1778431325.0549035,1,1581,0,68,98,39,2
1778431325.068933,2,252,50,68,98,33,2
1778431325.0716665,1,1581,0,68,98,39,2
1778431325.0860498,2,252,-50,71,98,33,2
1778431325.089663,1,1581,0,68,98,39,1
1778431325.103856,2,252,0,72,98,33,2
1778431325.1090443,1,1581,0,68,98,39,2
1778431325.1237204,2,252,50,69,98,33,2
1778431325.1271157,1,1581,0,68,98,39,2
1778431325.1411772,2,253,-50,70,98,33,2
1778431325.144026,1,1581,0,68,98,39,2
1778431325.1585567,2,252,0,72,98,33,2
1778431325.162213,1,1581,0,68,98,39,2
1778431325.1762953,2,252,0,72,98,33,2
1778431325.179094,1,1581,0,68,98,39,2
1778431325.1936102,2,252,0,72,98,33,2
1778431325.1976497,1,1581,0,68,98,39,2
1778431325.2116084,2,253,0,72,98,33,2
1778431325.2147563,1,1581,0,68,98,39,2
1778431325.229389,2,252,50,68,98,33,1
1778431325.2326536,1,1581,0,68,98,39,2
1778431325.2465,2,253,0,68,98,33,2
1778431325.2494915,1,1581,0,68,98,39,2
1778431325.2639813,2,253,0,68,98,33,2
1778431325.2672825,1,1581,50,72,98,39,2
1778431325.281274,2,252,0,68,98,33,2
1778431325.2840865,1,1581,-50,68,98,39,1
1778431325.2985263,2,252,0,68,98,33,2
1778431325.3020687,1,1581,0,68,98,39,2
1778431325.3160708,2,253,-50,69,98,49,2
1778431325.3188334,1,1581,0,68,98,39,1
1778431325.333286,2,253,-50,73,98,33,2
1778431325.3372638,1,1581,50,70,98,39,2
1778431325.351333,2,253,0,72,98,33,2
1778431325.3540728,1,1582,-50,69,97,39,2
1778431325.3688774,2,252,0,72,98,33,2
1778431325.3730989,1,1581,50,69,98,39,2
1778431325.387233,2,253,0,72,98,33,2
1778431325.3900487,1,1582,0,72,98,39,2
1778431325.4044278,2,252,50,68,98,33,2
1778431325.4076486,1,1581,0,72,98,39,2
1778431325.421464,2,253,-50,70,98,33,1
1778431325.4242392,1,1581,-50,67,98,39,1
1778431325.4384239,2,252,0,72,98,33,3
1778431325.441969,1,1581,0,68,98,39,2
1778431325.4564302,2,253,50,70,98,33,2
1778431325.459315,1,1581,0,68,98,39,2
1778431325.473141,2,253,50,67,98,33,2
1778431325.4758897,1,1581,0,68,98,39,2
1778431325.4902434,2,252,0,68,98,33,1
1778431325.4938462,1,1581,0,68,98,39,2
1778431325.5079036,2,252,0,68,98,33,2
1778431325.5106635,1,1581,0,68,98,39,1
1778431325.5250802,2,252,0,68,98,33,2
1778431325.5290315,1,1581,0,68,98,39,2
1778431325.5429385,2,252,-50,71,98,33,2
1778431325.5459056,1,1581,0,68,98,39,2
1778431325.5604823,2,253,0,72,98,33,2
1778431325.5636687,1,1581,0,68,98,39,2
1778431325.5777202,2,252,50,70,98,33,2
1778431325.5807137,1,1581,0,68,98,39,2
1778431325.5950377,2,252,-50,69,98,33,2
1778431325.598569,1,1581,0,68,98,39,2
1778431325.612684,2,253,-50,72,98,33,2
1778431325.6155798,1,1581,0,68,98,38,2
1778431325.629807,2,252,0,72,98,33,2
1778431325.6334116,1,1581,0,68,98,39,2
1778431325.647421,2,252,0,72,98,33,1
1778431325.6505089,1,1581,0,68,98,39,2
1778431325.6649876,2,252,0,72,98,33,2
1778431325.6682281,1,1581,0,68,98,39,1
1778431325.6821823,2,252,0,72,97,33,2
1778431325.6851864,1,1581,0,68,98,39,2
1778431325.6995723,2,252,0,72,98,33,2
1778431325.702864,1,1581,0,68,98,39,2
1778431325.7169008,2,253,0,72,98,33,2
1778431325.7196991,1,1581,0,68,98,39,2
1778431325.7340631,2,253,50,70,98,33,2
1778431325.737609,1,1581,0,68,98,39,1
1778431325.7516081,2,253,50,67,98,33,2
1778431325.7543454,1,1581,0,68,98,39,2
1778431325.768754,2,252,-50,72,98,33,2
1778431325.7725332,1,1581,0,68,98,39,2
1778431325.7867742,2,252,50,68,98,33,2
1778431325.7898583,1,1582,0,68,98,39,2
1778431325.8043818,2,252,0,68,98,33,2
1778431325.8077064,1,1581,0,68,98,39,1
1778431325.821585,2,252,0,68,98,33,2
1778431325.8243465,1,1581,0,68,98,39,1
1778431325.838792,2,252,-50,70,98,33,2
1778431325.8424006,1,1581,0,68,98,39,2
1778431325.8564923,2,252,0,72,98,33,2
1778431325.8593132,1,1581,0,68,98,39,2
1778431325.873513,2,252,0,72,98,33,2
1778431325.877105,1,1581,0,68,98,39,1
1778431325.8909934,2,252,0,72,98,33,2
1778431325.8939345,1,1582,0,68,98,39,1
1778431325.9083369,2,253,0,72,98,33,2
1778431325.9115295,1,1581,50,70,98,39,2
1778431325.925478,2,252,0,72,98,33,2
1778431325.9282186,1,1581,-50,70,98,39,1
1778431325.9427025,2,252,0,72,98,33,2
1778431325.9462712,1,1581,-50,67,98,39,2
1778431325.9603372,2,252,0,72,98,33,2
1778431325.96336,1,1581,0,68,98,38,1
1778431325.9781072,2,252,0,72,98,33,2
1778431325.982097,1,1582,0,68,98,39,2
1778431325.9963148,2,252,0,72,98,33,3
1778431325.9998095,1,1581,0,68,98,39,2
1778431326.0146716,2,252,50,70,98,33,2
1778431326.017838,1,1581,0,68,98,39,2
1778431326.0320897,2,252,-50,69,98,33,2
1778431326.0351484,1,1581,50,71,98,39,2
1778431326.0490491,2,252,-50,72,98,33,3
1778431326.0518317,1,1581,-50,69,97,38,2
1778431326.0660806,2,252,0,72,98,33,2
1778431326.0696008,1,1581,0,68,98,39,2
1778431326.084298,2,253,0,72,98,33,2
1778431326.0872116,1,1581,0,68,98,39,2
1778431326.101058,2,252,0,72,98,33,2
1778431326.103827,1,1581,0,68,98,39,2
1778431326.1200113,2,252,0,72,98,33,2
1778431326.123672,1,1581,0,68,98,39,2
1778431326.137672,2,253,0,72,98,33,1
1778431326.140462,1,1581,0,68,98,39,2
1778431326.154808,2,253,0,72,98,58,2
1778431326.1583579,1,1581,0,68,98,39,2
1778431326.1724145,2,253,50,70,98,33,2
1778431326.1751974,1,1582,0,68,98,39,1
1778431326.189785,2,252,50,67,98,33,2
1778431326.1937523,1,1581,0,68,98,39,2
1778431326.207716,2,252,-50,72,98,33,2
1778431326.2107978,1,1581,0,68,98,39,2
1778431326.2253087,2,252,50,68,98,33,2
1778431326.2284966,1,1581,0,68,98,39,2
1778431326.242442,2,253,0,68,98,33,2
1778431326.245305,1,1581,0,68,98,39,2
1778431326.2598214,2,252,-50,71,98,33,2
1778431326.2632983,1,1581,0,68,98,39,2
1778431326.2774415,2,253,0,72,98,33,2
1778431326.2804532,1,1581,0,68,98,39,2
1778431326.2947733,2,252,50,70,98,33,1
1778431326.298314,1,1581,0,68,98,39,2
1778431326.3123977,2,252,-50,69,98,33,2
1778431326.315222,1,1582,0,68,98,39,2
1778431326.329893,2,252,-50,73,98,33,2
1778431326.3334906,1,1581,0,68,98,39,2
1778431326.3483243,2,252,0,72,98,33,2
1778431326.352435,1,1581,0,68,98,39,2
1778431326.3665771,2,252,0,72,98,33,2
1778431326.3694522,1,1581,0,68,98,39,2
1778431326.3837752,2,252,50,68,98,34,2
1778431326.387057,1,1581,0,68,98,39,2
1778431326.4012656,2,253,-50,71,98,33,2
1778431326.4042213,1,1581,0,68,98,39,2
1778431326.418199,2,252,50,69,98,33,2
1778431326.421173,1,1582,0,68,98,39,1
1778431326.4355955,2,252,-50,70,98,33,2
1778431326.4388802,1,1581,0,68,98,39,1
1778431326.4534519,2,252,0,72,98,33,2
1778431326.457251,1,1582,50,71,98,39,1
1778431326.4712172,2,252,50,70,98,33,2
1778431326.474301,1,1581,0,72,97,39,2
1778431326.488828,2,252,50,67,98,33,2
1778431326.4920447,1,1581,0,72,98,39,2
1778431326.506003,2,252,0,68,98,33,2
1778431326.508833,1,1581,-50,69,98,39,2
1778431326.5233817,2,252,-50,72,98,33,2
1778431326.52694,1,1581,50,69,98,39,2
1778431326.5413444,2,253,50,68,98,33,2
1778431326.5443413,1,1581,-50,70,98,39,2
1778431326.5581365,2,252,0,68,98,33,2
1778431326.5610778,1,1581,-50,67,98,38,2
1778431326.5756257,2,253,-50,70,98,33,2
1778431326.578913,1,1581,0,68,98,38,2
1778431326.5930517,2,252,0,72,98,33,2
1778431326.596156,1,1581,0,68,98,39,1
1778431326.6106193,2,252,0,72,98,59,2
1778431326.6142104,1,1581,0,68,98,39,2
1778431326.628261,2,252,0,72,98,33,2
1778431326.6310296,1,1581,0,68,97,39,2
1778431326.6456177,2,252,0,72,98,33,2
1778431326.6494863,1,1581,50,70,98,39,2
1778431326.663415,2,253,0,72,97,33,2
1778431326.6663947,1,1581,0,72,98,39,1
1778431326.6808875,2,252,0,72,98,33,2
1778431326.684351,1,1581,-50,70,97,39,2
1778431326.6982617,2,252,0,72,98,33,2
1778431326.7011151,1,1581,-50,67,98,39,1
1778431326.7157156,2,252,0,72,98,33,2
1778431326.718975,1,1582,0,68,98,39,2
1778431326.7328458,2,253,50,70,98,33,2
1778431326.735633,1,1582,0,68,98,39,2
1778431326.7499428,2,253,0,68,98,33,1
1778431326.753525,1,1581,0,68,98,38,2
1778431326.767476,2,252,0,68,98,33,2
1778431326.7702744,1,1581,0,68,98,39,2
1778431326.7848458,2,252,-50,72,98,33,3
1778431326.7890675,1,1581,0,68,98,39,2
1778431326.8032649,2,252,0,72,98,33,2
1778431326.8063626,1,1581,0,68,97,39,2
1778431326.8208597,2,253,0,72,97,33,2
1778431326.8240974,1,1581,0,68,97,39,2
1778431326.8379166,2,253,0,72,98,33,2
1778431326.8408315,1,1581,0,68,98,39,2
1778431326.8554447,2,252,0,72,98,33,2
1778431326.8589168,1,1581,0,68,98,39,2
1778431326.8729126,2,252,0,72,98,33,2
1778431326.8756855,1,1581,0,68,98,39,2
1778431326.8900504,2,252,50,70,97,33,2
1778431326.8938608,1,1582,0,68,98,39,2
1778431326.9086387,2,252,-50,69,98,33,2
1778431326.9117115,1,1581,0,68,98,39,2
1778431326.9255757,2,252,-50,72,97,33,2
1778431326.9283447,1,1581,0,68,98,39,2
1778431326.9428668,2,253,50,67,98,33,2
1778431326.9464488,1,1581,0,68,98,39,2
1778431326.9604857,2,253,0,68,98,33,2
1778431326.9633272,1,1581,0,68,98,39,2
1778431326.9775517,2,253,-50,71,98,33,2
1778431326.9810855,1,1582,0,68,98,39,2
1778431326.9949315,2,252,50,69,98,33,2
1778431326.9978433,1,1581,0,68,98,39,2
1778431327.012231,2,252,-50,70,98,33,2
1778431327.0156336,1,1581,0,68,98,39,2
1778431327.0295885,2,252,0,72,98,33,2
1778431327.0325086,1,1581,0,68,98,39,2
1778431327.047046,2,252,0,72,98,33,2
1778431327.050447,1,1581,0,68,98,39,2
1778431327.0643787,2,252,50,67,98,33,2
1778431327.067301,1,1581,0,68,98,39,2
1778431327.082055,2,252,0,68,98,33,1
1778431327.086043,1,1581,0,68,98,39,2
1778431327.0998914,2,252,0,68,98,33,2
1778431327.1032953,1,1581,0,68,98,39,2
1778431327.1176689,2,253,-50,71,98,33,2
1778431327.1206481,1,1581,0,68,98,39,1
1778431327.134477,2,253,0,72,98,33,2
1778431327.1374192,1,1581,0,68,98,39,2
1778431327.1519387,2,252,0,72,98,33,2
1778431327.1551805,1,1581,0,68,98,39,1
1778431327.1691554,2,252,0,72,98,33,2
1778431327.1719587,1,1581,0,68,98,39,2
1778431327.1862123,2,253,0,72,98,33,2
1778431327.189832,1,1581,0,68,97,39,2
1778431327.2038035,2,252,0,72,98,33,2
1778431327.2065744,1,1581,0,68,98,39,2
1778431327.2213156,2,253,0,72,98,33,2
1778431327.22529,1,1581,0,68,98,39,2
1778431327.2391498,2,252,0,72,98,33,2
1778431327.2419562,1,1581,0,68,98,39,2
1778431327.2564576,2,253,50,68,98,33,2
1778431327.25974,1,1581,0,68,98,39,2
1778431327.2737868,2,252,-50,70,98,33,2
1778431327.2765412,1,1581,0,68,98,39,2
1778431327.290996,2,252,0,72,98,60,2
1778431327.2944298,1,1581,0,68,98,39,2
1778431327.308355,2,252,50,70,98,33,2
1778431327.3111477,1,1581,0,68,98,39,2
1778431327.3256874,2,253,50,67,98,33,2
1778431327.329606,1,1581,0,68,98,39,2
1778431327.3434877,2,252,-50,72,98,33,2
1778431327.3466434,1,1581,0,68,98,39,2
1778431327.36145,2,252,0,72,98,33,2
1778431327.3647947,1,1581,0,68,98,39,1
1778431327.3794696,2,252,0,72,98,33,2
1778431327.3834157,1,1581,0,68,98,39,2
1778431327.3974383,2,252,0,72,98,33,2
1778431327.4001102,1,1581,0,68,98,39,2
1778431327.41463,2,253,0,72,98,33,2
1778431327.4181337,1,1581,0,68,98,39,2
1778431327.4321592,2,253,0,72,98,33,2
1778431327.434966,1,1581,0,68,98,38,1
1778431327.4493127,2,252,0,72,98,33,2
1778431327.45314,1,1581,0,68,98,39,1
1778431327.4671066,2,252,0,72,98,33,2
1778431327.4702082,1,1582,50,71,97,38,2
1778431327.4849036,2,252,0,72,98,33,2
1778431327.4884927,1,1581,-50,69,98,39,2
1778431327.5025861,2,252,0,72,98,62,2
1778431327.505559,1,1581,0,68,98,39,2
1778431327.5199065,2,252,0,72,98,33,2
1778431327.5232236,1,1581,0,68,98,39,1
1778431327.5371947,2,252,50,68,98,33,2
1778431327.5400088,1,1581,0,68,98,38,2
1778431327.5542696,2,252,-50,71,98,33,2
1778431327.5578828,1,1581,0,68,98,39,2
1778431327.5718546,2,252,50,69,98,33,1
1778431327.5745769,1,1581,0,68,98,39,2
1778431327.5890026,2,252,-50,69,98,33,2
1778431327.592959,1,1581,0,68,98,39,2
1778431327.6070404,2,253,50,70,98,33,2
1778431327.6100543,1,1581,0,68,98,39,2
1778431327.624479,2,252,50,67,98,33,2
1778431327.6277876,1,1581,0,68,98,39,1
1778431327.6416671,2,253,-50,72,98,33,2
1778431327.6445358,1,1581,0,68,98,39,2
1778431327.6590128,2,252,0,72,98,33,2
1778431327.662557,1,1581,0,68,98,39,2
1778431327.6769059,2,252,0,72,98,33,2
1778431327.6798148,1,1581,0,68,98,39,1
1778431327.694038,2,253,0,72,98,47,2
1778431327.697595,1,1581,0,68,98,39,2
1778431327.7117257,2,253,0,72,97,33,2
1778431327.7147017,1,1581,0,68,98,39,1
1778431327.7292602,2,253,0,72,98,33,2
1778431327.7331686,1,1581,0,68,98,39,1
1778431327.7470243,2,252,0,72,98,33,1
1778431327.750086,1,1581,0,68,98,39,2
1778431327.764738,2,252,0,72,98,33,2
1778431327.7679055,1,1581,0,68,98,39,1
1778431327.781896,2,252,0,72,97,33,2
1778431327.7847111,1,1581,0,68,98,39,2
1778431327.799065,2,252,0,72,98,33,2
1778431327.8026867,1,1581,0,68,98,39,0
1778431327.8166857,2,252,50,68,98,33,1
1778431327.8194668,1,1582,0,68,98,39,2
1778431327.8340182,2,252,0,68,98,34,2
1778431327.8380277,1,1581,0,68,98,39,1
1778431327.8519135,2,253,0,68,98,33,2
1778431327.855512,1,1581,0,68,98,39,1
1778431327.8700361,2,253,-50,70,98,33,2
1778431327.8732262,1,1581,0,68,98,39,2
1778431327.8870747,2,252,0,72,98,33,2
1778431327.8900337,1,1581,0,68,97,39,2
1778431327.9045203,2,253,50,70,98,33,2
1778431327.907741,1,1581,0,68,98,39,1
1778431327.9216852,2,252,50,67,98,33,2
1778431327.9244242,1,1581,0,68,98,39,1
1778431327.9388368,2,253,0,68,98,33,2
1778431327.942379,1,1582,0,68,98,38,2
1778431327.9564013,2,252,0,68,98,33,1
1778431327.9592283,1,1581,0,68,98,39,1
1778431327.9737227,2,252,0,68,98,33,1
1778431327.9776208,1,1581,0,68,98,39,2
1778431327.9915717,2,252,-50,70,97,33,2
1778431327.994857,1,1581,0,68,98,39,2
1778431328.0094883,2,252,0,72,98,33,2
1778431328.0127594,1,1581,0,68,98,39,1
1778431328.0266857,2,252,0,72,98,33,2
1778431328.0295546,1,1581,0,68,98,39,2
1778431328.0439734,2,252,0,72,98,33,2
1778431328.047289,1,1581,0,68,98,39,2
1778431328.0611944,2,252,0,72,98,33,2
1778431328.0639079,1,1582,0,68,98,39,2
1778431328.0782166,2,252,0,72,98,38,2
1778431328.0821328,1,1582,0,68,98,39,2
1778431328.096201,2,252,0,72,98,33,1
1778431328.099001,1,1581,0,68,98,39,2
1778431328.1134431,2,253,0,72,98,33,2
1778431328.1174474,1,1581,0,68,98,39,1
1778431328.131499,2,252,50,69,98,33,1
1778431328.1345744,1,1581,0,68,98,39,2
1778431328.1490352,2,252,-50,70,98,33,2
1778431328.1522698,1,1581,0,68,98,39,1
1778431328.166209,2,252,0,72,98,46,2
1778431328.1690834,1,1581,0,68,98,39,2
1778431328.1835976,2,252,0,72,98,33,2
1778431328.1870422,1,1581,0,68,98,39,2
1778431328.2009633,2,252,0,72,98,33,2
1778431328.2037215,1,1581,0,68,98,39,1
1778431328.2181516,2,252,0,72,98,33,2
1778431328.221691,1,1581,0,68,98,39,2
1778431328.2357063,2,253,0,72,98,33,2
1778431328.2384553,1,1581,0,68,98,39,2
1778431328.253025,2,252,50,68,98,33,2
1778431328.256973,1,1581,0,68,98,39,2
1778431328.2708213,2,252,-50,71,98,33,2
1778431328.2736676,1,1581,0,68,97,39,2
1778431328.288059,2,253,50,69,97,33,2
1778431328.2913005,1,1581,0,68,98,39,2
1778431328.3054738,2,252,0,68,98,33,2
1778431328.3084586,1,1582,0,68,98,39,1
1778431328.3223183,2,252,-50,69,98,33,2
1778431328.3252964,1,1581,0,68,98,39,2
1778431328.3398778,2,252,-50,72,98,33,2
1778431328.343071,1,1581,0,68,98,39,2
1778431328.3590133,2,252,0,72,97,33,2
1778431328.3621426,1,1581,0,68,98,39,2
1778431328.3763237,2,252,50,68,98,33,2
1778431328.3802252,1,1581,0,68,98,39,2
1778431328.394153,2,252,-50,71,98,33,2
1778431328.3970575,1,1581,0,68,98,39,2
1778431328.4115856,2,252,50,68,98,33,2
1778431328.4149191,1,1581,0,68,98,39,1
1778431328.4289377,2,253,-50,70,98,33,2
1778431328.431758,1,1582,0,68,98,38,2
1778431328.4461458,2,252,0,72,98,33,2
1778431328.4500468,1,1581,0,68,98,39,2
1778431328.4643009,2,252,0,72,98,33,2
1778431328.4673688,1,1581,0,68,98,39,2
1778431328.4819248,2,252,0,72,98,33,2
1778431328.4858215,1,1581,0,68,98,39,1
1778431328.4999387,2,253,0,72,98,33,2
1778431328.5027306,1,1581,0,68,98,39,2
1778431328.5174878,2,253,0,72,98,33,2
1778431328.5214448,1,1581,0,68,98,39,2
1778431328.5353312,2,253,0,72,98,33,2
1778431328.5383701,1,1581,0,68,98,39,1
1778431328.5528693,2,252,50,68,98,33,1
1778431328.5560038,1,1581,0,68,98,39,2
1778431328.5699184,2,252,-50,71,98,33,2
1778431328.5728192,1,1581,0,68,98,39,2
1778431328.5872335,2,253,50,69,98,33,2
1778431328.5905833,1,1581,0,68,98,39,2
1778431328.6048906,2,253,-50,70,98,33,2
1778431328.6079316,1,1581,0,68,98,39,2
1778431328.6217546,2,252,0,72,98,33,2
1778431328.6245089,1,1581,0,68,98,39,2
1778431328.6390235,2,252,0,72,98,33,2
1778431328.6426127,1,1581,0,68,98,39,2
1778431328.6565614,2,252,50,67,98,33,1
1778431328.659367,1,1581,0,68,98,39,1
1778431328.673787,2,252,0,68,98,33,1
1778431328.6774619,1,1581,0,68,98,39,2
1778431328.6916356,2,252,0,68,98,33,1
1778431328.6947427,1,1581,0,68,98,39,2
1778431328.7090313,2,252,-50,70,98,33,2
1778431328.7121716,1,1581,0,68,97,39,2
1778431328.726,2,252,0,72,98,33,0
1778431328.7287579,1,1581,0,68,98,39,2
1778431328.7431843,2,252,50,70,98,33,2
1778431328.7464232,1,1581,0,68,97,38,2
1778431328.7603297,2,253,0,68,98,33,2
1778431328.7631555,1,1581,0,68,98,39,2
1778431328.777653,2,252,0,68,97,33,1
1778431328.7815826,1,1581,0,68,98,38,2
1778431328.795556,2,252,0,68,97,33,2
1778431328.7986202,1,1581,0,68,98,39,2
1778431328.8129482,2,253,-50,71,97,33,2
1778431328.816109,1,1581,0,68,97,39,2
1778431328.8300478,2,252,50,68,98,33,2
1778431328.8329074,1,1581,0,68,98,39,2
1778431328.8474302,2,252,-50,70,98,33,1
1778431328.8506382,1,1581,0,68,98,39,2
1778431328.8645382,2,252,0,72,98,33,2
1778431328.8678012,1,1581,0,68,98,39,2
1778431328.882402,2,253,0,72,97,34,2
1778431328.885665,1,1581,0,68,98,39,1
1778431328.8995578,2,252,0,72,97,33,2
1778431328.9023259,1,1581,0,68,98,39,2
1778431328.916866,2,253,0,72,97,33,2
1778431328.9210572,1,1581,0,68,98,39,1
1778431328.935131,2,253,0,72,97,33,2
1778431328.938271,1,1581,0,68,98,39,2
1778431328.9529119,2,252,50,68,98,33,2
1778431328.9560623,1,1581,0,68,98,39,2
1778431328.9700124,2,252,-50,71,98,33,2
1778431328.9729416,1,1581,50,69,97,39,2
1778431328.987387,2,252,0,72,97,33,2
1778431328.9906406,1,1581,50,73,97,39,1
1778431329.0053186,2,252,50,69,97,33,2
1778431329.009085,1,1581,-50,67,98,39,2
1778431329.0229475,2,252,0,68,98,33,2
1778431329.0259244,1,1581,0,68,97,39,1
1778431329.0404215,2,253,0,68,98,33,2
1778431329.0437083,1,1582,0,68,98,39,2
1778431329.0577393,2,252,0,68,98,33,2
1778431329.0607624,1,1581,0,68,98,39,1
1778431329.075127,2,253,0,68,98,33,2
1778431329.0787468,1,1581,50,70,98,39,3
1778431329.0930157,2,253,-50,72,97,33,2
1778431329.0958157,1,1581,-50,69,97,39,1
1778431329.1101992,2,252,0,72,97,33,2
1778431329.113893,1,1581,0,68,98,39,2
1778431329.1278784,2,253,50,69,97,33,2
1778431329.130881,1,1581,0,68,98,39,1
1778431329.1470587,2,253,0,68,98,33,2
1778431329.150548,1,1581,0,68,98,39,2
1778431329.1649241,2,252,0,68,98,33,2
1778431329.16793,1,1581,0,68,98,39,2
1778431329.181776,2,252,-50,69,98,33,1
1778431329.1845772,1,1581,50,72,97,39,2
1778431329.1991096,2,253,50,70,97,33,2
1778431329.2026958,1,1581,-50,68,98,39,2
1778431329.2168067,2,252,50,67,97,39,2
1778431329.2195961,1,1581,0,68,98,39,2
1778431329.233852,2,252,0,68,98,33,2
1778431329.2374864,1,1581,0,68,98,39,2
1778431329.2520878,2,252,-50,72,97,34,2
1778431329.255066,1,1582,0,68,97,39,1
1778431329.2690146,2,253,0,72,98,33,2
1778431329.2718654,1,1581,0,68,97,39,2
1778431329.2863894,2,252,0,72,98,33,2
1778431329.2903423,1,1581,0,68,98,39,2
1778431329.3044121,2,252,50,69,97,33,2
1778431329.30724,1,1581,0,68,98,39,2
1778431329.321885,2,253,0,68,98,33,2
1778431329.32585,1,1581,50,72,97,39,2
1778431329.3397207,2,252,-50,69,98,34,2
1778431329.3428788,1,1581,0,72,97,39,2
1778431329.3575451,2,253,-50,72,97,33,2
1778431329.3609385,1,1582,-50,68,97,38,1
1778431329.3748355,2,253,0,72,98,33,2
1778431329.377816,1,1581,0,68,97,39,2
1778431329.392248,2,252,50,68,98,33,1
1778431329.3955019,1,1581,0,68,98,39,2
1778431329.4094949,2,252,-50,71,98,33,2
1778431329.412365,1,1581,0,68,98,39,2
1778431329.426738,2,252,0,72,97,33,2
1778431329.430338,1,1581,0,68,98,39,2
1778431329.44441,2,252,0,72,98,33,2
1778431329.4471931,1,1581,0,68,97,39,1
1778431329.4615977,2,252,0,72,97,33,2
1778431329.465597,1,1582,0,68,98,39,1
1778431329.4796648,2,252,50,70,97,33,2
1778431329.483098,1,1581,0,68,97,39,2
1778431329.4975572,2,252,0,68,98,33,2
1778431329.5005007,1,1581,0,68,98,39,2
1778431329.5144553,2,252,0,68,98,33,2
1778431329.517478,1,1581,0,68,98,39,2
1778431329.5319362,2,253,0,68,97,33,1
1778431329.5352569,1,1582,0,68,98,39,2
1778431329.5492795,2,252,0,68,98,33,1
1778431329.5520623,1,1581,0,68,98,39,2
1778431329.5664117,2,252,-50,71,98,33,2
1778431329.569965,1,1581,0,68,98,39,1
1778431329.5839264,2,253,0,72,97,33,2
1778431329.5868042,1,1581,0,68,97,39,2
1778431329.60115,2,253,50,70,97,34,2
1778431329.6050544,1,1581,0,68,97,39,2
1778431329.6224387,2,252,-50,70,98,33,1
1778431329.6263592,1,1581,0,68,98,39,2
1778431329.6404917,2,253,50,70,98,33,1
1778431329.6434007,1,1581,0,68,98,39,1
1778431329.6579518,2,252,-50,69,98,33,1
1778431329.661988,1,1581,0,68,97,39,2
1778431329.6759877,2,252,-50,72,97,33,1
1778431329.6793547,1,1581,0,68,97,39,2
1778431329.6936927,2,252,0,72,97,33,2
1778431329.6967533,1,1581,0,68,98,39,2
1778431329.7110581,2,252,50,68,98,33,2
1778431329.7144775,1,1581,0,68,98,39,2
1778431329.7288673,2,252,-50,71,97,58,2
1778431329.731882,1,1581,0,68,98,39,1
1778431329.7457433,2,252,0,72,97,33,1
1778431329.74853,1,1581,0,68,98,39,2
1778431329.7628775,2,252,0,72,97,33,1
1778431329.7664118,1,1581,0,68,98,39,2
1778431329.7804303,2,252,0,72,98,33,1
1778431329.7833462,1,1581,0,68,97,39,2
1778431329.7979283,2,252,0,72,97,33,2
1778431329.8018641,1,1581,0,68,97,39,1
1778431329.8157787,2,252,0,72,97,33,2
1778431329.8191466,1,1581,0,68,98,39,2
1778431329.8336039,2,253,0,72,98,33,2
1778431329.8365896,1,1582,0,68,98,39,2
1778431329.850691,2,252,0,72,97,33,2
1778431329.8537781,1,1581,0,68,97,39,2
1778431329.868358,2,253,0,72,97,33,2
1778431329.87179,1,1581,0,68,97,38,2
1778431329.8857553,2,252,0,72,98,33,2
1778431329.8885326,1,1581,0,68,97,39,2
1778431329.9030247,2,252,0,72,97,33,2
1778431329.9063866,1,1581,0,68,97,39,2
1778431329.9203637,2,253,0,72,97,33,2
1778431329.9231403,1,1581,0,68,97,39,2
1778431329.9374561,2,253,0,72,97,33,2
1778431329.9415195,1,1581,0,68,98,39,2
1778431329.9554965,2,252,0,72,98,33,2
1778431329.9587946,1,1581,0,68,97,39,2
1778431329.9734073,2,252,0,72,98,33,2
1778431329.97658,1,1582,0,68,97,39,2
1778431329.9905727,2,253,0,72,97,33,2
1778431329.9935527,1,1581,0,68,97,39,2
1778431330.0080912,2,253,0,72,97,33,2
1778431330.0114384,1,1581,0,68,98,39,1
1778431330.0254586,2,252,0,72,98,33,2
1778431330.0281942,1,1581,0,68,98,39,2
1778431330.042741,2,252,50,69,97,33,1
1778431330.0462387,1,1581,0,68,98,39,2
1778431330.0601866,2,252,-50,70,98,33,2
1778431330.0628977,1,1581,0,68,98,39,2
1778431330.077556,2,252,0,72,97,33,2
1778431330.0814779,1,1582,50,72,97,39,2
1778431330.0954356,2,252,0,72,97,33,2
1778431330.0983438,1,1582,-50,68,98,39,1
1778431330.1128476,2,253,0,72,97,33,1
1778431330.1162546,1,1581,0,68,97,39,2
1778431330.1301546,2,253,0,72,98,33,2
1778431330.1330214,1,1581,0,68,97,39,2
1778431330.1474652,2,252,0,72,98,33,2
1778431330.1507654,1,1581,50,70,97,39,2
1778431330.1651268,2,252,0,72,97,33,2
1778431330.1681309,1,1581,-50,70,97,39,2
1778431330.1821012,2,252,0,72,98,33,2
1778431330.1849432,1,1581,0,68,98,39,2
1778431330.1994786,2,253,0,72,97,34,2
1778431330.2027948,1,1581,0,68,98,39,2
1778431330.2171087,2,253,0,72,98,33,2
1778431330.2201562,1,1581,0,68,97,39,2
1778431330.2348578,2,253,0,72,97,33,2
1778431330.238503,1,1581,0,68,98,39,1
1778431330.2529287,2,253,0,72,97,33,2
1778431330.2558498,1,1581,0,68,98,39,2
1778431330.2697053,2,252,50,67,98,33,2
1778431330.272568,1,1581,0,68,97,39,2
1778431330.2871406,2,252,0,68,98,33,2
1778431330.2905788,1,1581,50,70,98,39,2
1778431330.3046625,2,252,0,68,97,33,2
1778431330.3075044,1,1582,-50,70,97,39,2
1778431330.3221993,2,252,-50,70,98,33,2
1778431330.3261702,1,1581,0,68,97,39,2
1778431330.3400705,2,252,0,72,97,33,2
1778431330.344052,1,1581,0,68,97,38,2
1778431330.3590505,2,252,50,69,97,33,2
1778431330.3619585,1,1581,0,68,98,39,2
1778431330.3757753,2,252,-50,69,98,33,1
1778431330.3788912,1,1581,0,68,97,39,2
1778431330.3934052,2,252,-50,72,97,33,2
1778431330.3965251,1,1581,0,68,97,39,2
1778431330.4105134,2,252,0,72,97,33,2
1778431330.4133053,1,1581,0,68,98,39,2
1778431330.42793,2,252,50,68,97,33,2
1778431330.43123,1,1581,0,68,98,39,2
1778431330.4451737,2,252,-50,71,98,33,2
1778431330.447906,1,1581,0,68,97,39,2
1778431330.4621692,2,252,50,69,98,33,2
1778431330.465691,1,1581,0,68,98,39,2
1778431330.4797907,2,252,-50,70,98,33,2
1778431330.482646,1,1581,0,68,97,39,2
1778431330.4971569,2,252,50,70,98,33,2
1778431330.501128,1,1581,0,68,98,39,2
1778431330.5149941,2,253,-50,69,97,33,2
1778431330.517997,1,1581,0,68,97,39,2
1778431330.5323238,2,252,-50,73,98,33,2
1778431330.5355828,1,1581,0,68,98,39,2
1778431330.5496085,2,252,0,72,97,33,2
1778431330.5525362,1,1581,0,68,97,39,2
1778431330.5670533,2,253,50,68,98,33,2
1778431330.5704024,1,1582,0,68,98,39,2
1778431330.5843494,2,252,-50,71,98,33,1
1778431330.5871575,1,1581,0,68,98,39,2
1778431330.6016934,2,252,0,72,97,33,2
1778431330.608433,1,1581,0,68,97,39,1
1778431330.6235144,2,252,50,68,97,61,2
1778431330.6273284,1,1581,0,68,98,39,2
1778431330.641667,2,253,-50,71,98,33,2
1778431330.6445632,1,1581,0,68,97,39,2
1778431330.6584415,2,252,0,72,97,33,2
1778431330.66142,1,1581,0,68,97,39,1
1778431330.6758306,2,252,50,70,98,33,2
1778431330.6791456,1,1581,50,72,97,39,2
1778431330.6935196,2,253,0,68,98,33,2
1778431330.6972826,1,1581,-50,68,98,39,2
1778431330.7117307,2,253,0,68,97,33,2
1778431330.7146933,1,1581,0,68,97,39,1
1778431330.7288475,2,252,-50,72,97,33,1
1778431330.7315006,1,1581,0,68,97,39,2
1778431330.7460344,2,253,50,68,98,33,2
1778431330.7499769,1,1581,0,68,97,39,2
1778431330.7639513,2,253,-50,71,98,33,2
1778431330.7671227,1,1581,0,68,98,39,2
1778431330.7816546,2,253,0,72,97,33,2
1778431330.784874,1,1581,0,68,98,39,2
1778431330.798764,2,253,0,72,97,33,2
1778431330.8016417,1,1581,0,68,97,39,2
1778431330.8160176,2,252,0,72,97,33,2
1778431330.819399,1,1581,0,68,97,39,2
1778431330.8334918,2,253,50,70,97,33,2
1778431330.8363585,1,1581,0,68,97,39,2
1778431330.8503358,2,252,50,67,98,33,2
1778431330.853438,1,1581,0,68,98,39,1
1778431330.8679342,2,253,-50,72,98,33,2
1778431330.8712883,1,1581,0,68,97,39,1
1778431330.88526,2,252,0,72,98,33,2
1778431330.8880162,1,1581,0,68,97,39,1
1778431330.902355,2,252,0,72,98,33,2
1778431330.9059415,1,1581,0,68,97,39,2
1778431330.9202685,2,252,0,72,97,33,2
1778431330.923241,1,1581,0,68,98,39,2
1778431330.9376006,2,252,50,69,98,33,2
1778431330.941109,1,1581,0,68,98,39,2
1778431330.9551964,2,252,-50,70,98,33,2
1778431330.9581876,1,1581,0,68,98,39,1
1778431330.9727235,2,252,0,72,97,50,2
1778431330.9760716,1,1582,50,72,97,39,2
1778431330.9900599,2,252,0,72,97,33,2
1778431330.9929314,1,1581,-50,68,97,39,2
1778431331.007448,2,253,50,67,98,33,2
1778431331.0106568,1,1581,0,68,98,39,2
1778431331.0247548,2,252,-50,72,98,38,2
1778431331.027824,1,1581,0,68,97,39,2
1778431331.0421019,2,253,0,72,98,33,2
1778431331.0455709,1,1581,0,68,97,39,1
1778431331.0596132,2,253,0,72,97,33,2
1778431331.0623796,1,1581,0,68,97,39,1
1778431331.076649,2,252,0,72,97,33,2
1778431331.080897,1,1581,0,68,97,39,2
1778431331.0950067,2,252,0,72,97,33,2
1778431331.097965,1,1581,0,68,97,39,2
1778431331.1124756,2,252,0,72,97,33,2
1778431331.1159215,1,1581,0,68,97,39,1
1778431331.1298234,2,252,0,72,97,33,2
1778431331.1326823,1,1581,0,68,97,39,1
1778431331.1476474,2,252,0,72,97,33,2
1778431331.1511822,1,1581,0,68,97,39,2
1778431331.1656177,2,252,0,72,97,33,2
1778431331.1684253,1,1581,0,66,98,39,2
1778431331.1831775,2,252,50,68,98,33,2
1778431331.1867566,1,1581,0,57,98,39,2
1778431331.2013302,2,252,-50,71,98,33,2
1778431331.2042737,1,1581,0,42,98,39,1
1778431331.2181635,2,252,0,72,98,33,2
1778431331.221051,1,1581,0,22,98,39,0
1778431331.2355616,2,252,50,69,98,33,2
1778431331.2391527,1,1582,0,37,98,39,0
1778431331.2532823,2,253,-50,69,98,33,1
1778431331.2560258,1,1582,50,67,98,39,0
1778431331.2703917,2,252,50,70,98,33,2
1778431331.273963,1,1583,0,106,97,39,2
1778431331.2880375,2,252,50,67,97,33,2
1778431331.2908704,1,1584,100,145,97,39,3
1778431331.305646,2,252,-50,72,96,33,2
1778431331.309472,1,1586,50,194,96,39,5
1778431331.3234305,2,252,0,72,95,33,2
1778431331.3263965,1,1592,250,237,95,39,9
1778431331.340934,2,253,0,72,94,61,2
1778431331.3441527,1,1599,350,281,94,39,11
1778431331.3580523,2,252,50,69,94,33,1
1778431331.3609817,1,1609,550,318,93,39,10
1778431331.37544,2,253,0,68,93,33,2
1778431331.3787951,1,1620,550,355,93,39,13
1778431331.3927782,2,252,0,68,93,33,2
1778431331.395626,1,1633,650,391,92,39,11
1778431331.410046,2,253,0,68,93,33,2
1778431331.4135451,1,1647,750,420,93,39,16
1778431331.4277155,2,252,0,68,93,33,1
1778431331.4305284,1,1663,850,446,93,39,14
1778431331.4449334,2,252,0,68,93,33,1
1778431331.4488595,1,1680,950,464,93,39,13
1778431331.4628477,2,253,0,68,93,33,1
1778431331.465717,1,1698,1000,474,93,39,14
1778431331.4805758,2,253,-50,71,93,33,2
1778431331.4839835,1,1718,1050,474,93,39,11
1778431331.4981184,2,252,0,72,94,33,2
1778431331.5009258,1,1738,1150,464,94,39,11
1778431331.5157201,2,253,0,72,95,33,2
1778431331.519218,1,1758,1100,444,94,39,9
1778431331.5334506,2,252,50,69,95,33,2
1778431331.5363255,1,1776,1100,422,95,39,7
1778431331.5504165,2,252,0,68,95,33,2
1778431331.5535436,1,1794,1100,394,96,39,6
1778431331.5680823,2,252,0,68,96,33,2
1778431331.5713995,1,1811,950,370,96,39,5
1778431331.5855334,2,253,-50,72,96,33,1
1778431331.5884206,1,1827,950,338,96,39,5
1778431331.6023512,2,252,0,72,97,33,2
1778431331.605362,1,1841,900,304,96,39,3
1778431331.6200316,2,252,50,68,97,33,2
1778431331.6235297,1,1853,750,271,97,39,4
1778431331.6376672,2,252,-50,71,97,33,2
1778431331.6406648,1,1865,650,241,97,39,2
1778431331.6550958,2,252,0,72,97,33,2
1778431331.6585696,1,1875,550,208,97,39,2
1778431331.6727695,2,253,0,72,97,33,2
1778431331.6756566,1,1884,550,175,98,39,2
1778431331.6900969,2,253,0,72,98,33,2
1778431331.6938415,1,1890,500,140,98,39,2
1778431331.7084508,2,252,0,72,98,33,2
1778431331.7113664,1,1895,350,116,98,46,1
1778431331.7252107,2,252,0,72,98,33,2
1778431331.728103,1,1899,250,99,98,39,2
1778431331.742684,2,253,50,68,98,33,2
1778431331.7463803,1,1902,200,84,98,39,2
1778431331.7604625,2,252,-50,71,98,33,2
1778431331.7633872,1,1904,100,76,98,39,1
1778431331.7777328,2,252,50,68,98,33,2
1778431331.7812572,1,1905,100,68,98,39,2
1778431331.7954104,2,253,-50,70,98,33,1
1778431331.7985945,1,1906,0,64,98,39,1
1778431331.813514,2,253,50,69,98,33,2
1778431331.8168433,1,1906,0,63,98,39,1
1778431331.8308184,2,252,-50,69,98,33,1
1778431331.8338044,1,1906,50,58,98,39,1
1778431331.8488061,2,252,0,72,98,33,2
1778431331.852214,1,1906,0,50,98,39,0
1778431331.8663208,2,253,0,72,98,33,2
1778431331.868932,1,1906,0,34,98,39,0
1778431331.8837528,2,252,0,72,98,33,2
1778431331.8873727,1,1905,0,18,99,39,0
1778431331.901402,2,252,50,68,98,33,2
1778431331.9042308,1,1905,-50,42,98,39,0
1778431331.9185913,2,253,-50,71,98,33,2
1778431331.9221647,1,1905,0,75,98,39,2
1778431331.9361691,2,252,50,69,97,33,2
1778431331.9391716,1,1904,-50,111,97,39,3
1778431331.953564,2,253,-50,70,97,33,1
1778431331.9574034,1,1903,-50,154,97,39,3
1778431331.971282,2,252,0,72,96,33,2
1778431331.9741797,1,1900,-50,201,96,39,6
1778431331.988475,2,253,50,70,95,33,2
1778431331.9917917,1,1895,-150,248,94,39,7
1778431332.0057976,2,253,50,67,94,33,1
1778431332.0085719,1,1887,-350,285,94,39,9
1778431332.0230775,2,252,-50,72,94,33,2
1778431332.0267344,1,1877,-500,321,93,39,9
1778431332.0409484,2,253,0,72,93,33,1
1778431332.0437975,1,1866,-600,356,93,39,10
1778431332.058093,2,252,0,72,92,33,2
1778431332.0616217,1,1853,-700,392,93,39,13
1778431332.0758617,2,252,0,72,92,33,2
1778431332.0788288,1,1839,-750,425,92,39,14
1778431332.0934324,2,252,50,69,92,33,2
1778431332.09737,1,1824,-900,453,92,39,16
1778431332.1113844,2,253,0,68,92,33,2
1778431332.1146555,1,1807,-900,474,92,39,16
1778431332.1293235,2,252,0,68,92,33,2
1778431332.1324773,1,1789,-950,491,92,39,18
1778431332.1464462,2,252,-50,69,92,33,2
1778431332.1494753,1,1772,-1000,504,92,39,19
1778431332.1638834,2,252,-50,72,92,33,2
1778431332.1671457,1,1752,-1050,515,92,39,18
1778431332.1811557,2,252,0,72,92,33,2
1778431332.183936,1,1732,-1150,519,92,39,17
1778431332.198392,2,253,0,72,92,33,2
1778431332.2020762,1,1711,-1150,517,92,39,17
1778431332.2165182,2,252,0,72,93,33,2
1778431332.219651,1,1690,-1150,508,93,39,12
1778431332.23349,2,252,0,72,93,33,2
1778431332.2363439,1,1671,-1150,495,93,39,13
1778431332.2506325,2,253,0,72,94,33,2
1778431332.2542224,1,1652,-1150,475,94,39,12
1778431332.268398,2,252,0,72,94,33,2
1778431332.2712245,1,1632,-1150,447,94,39,9
1778431332.2857559,2,253,0,70,94,33,1
1778431332.2897165,1,1613,-1050,421,94,39,8
1778431332.3038383,2,253,50,67,95,33,2
1778431332.307307,1,1596,-1050,388,95,39,7
1778431332.3215995,2,252,-50,72,95,33,2
1778431332.3245134,1,1580,-950,358,95,39,6
1778431332.3385005,2,252,0,72,96,33,2
1778431332.341625,1,1566,-850,327,95,39,7
1778431332.356429,2,252,0,72,96,33,2
1778431332.3598568,1,1553,-750,292,96,39,6
1778431332.3738103,2,253,50,69,96,33,1
1778431332.3766701,1,1541,-700,258,96,39,5
1778431332.3911345,2,252,-50,70,97,33,2
1778431332.394706,1,1531,-550,224,97,39,4
1778431332.4087894,2,252,0,72,97,33,2
1778431332.41151,1,1523,-550,190,97,39,3
1778431332.4257524,2,252,0,72,97,33,2
1778431332.4293036,1,1517,-450,161,97,39,4
1778431332.4431286,2,252,0,72,97,33,2
1778431332.4461002,1,1512,-350,136,97,39,3
1778431332.4606614,2,252,50,67,97,33,2
1778431332.4640632,1,1508,-250,119,97,39,3
1778431332.478071,2,252,-50,71,98,33,2
1778431332.4810903,1,1505,-200,104,98,39,2
1778431332.4956293,2,253,50,68,98,33,2
1778431332.4989855,1,1503,-100,94,98,39,2
1778431332.5132208,2,252,-50,70,97,33,2
1778431332.5161486,1,1502,-100,87,97,39,3
1778431332.5307493,2,252,0,72,98,33,2
1778431332.5342286,1,1501,-50,81,98,39,1
1778431332.5482676,2,252,50,70,98,33,2
1778431332.5510213,1,1501,-50,78,98,39,3
1778431332.5655055,2,252,-50,69,98,33,2
1778431332.5693922,1,1501,0,79,97,39,2
1778431332.5833764,2,252,-50,73,97,33,3
1778431332.586412,1,1501,0,79,97,38,2
1778431332.6008942,2,252,0,72,97,34,2
1778431332.604063,1,1501,0,79,98,39,3
1778431332.6182349,2,252,50,68,98,33,1
1778431332.6212087,1,1501,0,79,98,38,2
1778431332.6360219,2,252,-50,71,98,33,2
1778431332.6393592,1,1501,0,79,98,39,2
1778431332.6534283,2,253,50,69,98,33,2
1778431332.6561816,1,1501,0,79,97,39,2
1778431332.670477,2,252,0,68,98,33,2
1778431332.6741405,1,1501,0,79,97,39,2
1778431332.6882212,2,252,-50,70,97,33,2
1778431332.691066,1,1501,0,79,98,39,3
1778431332.7055175,2,253,50,70,97,33,2
1778431332.709403,1,1501,0,79,98,39,3
1778431332.7234187,2,252,50,69,98,33,1
1778431332.7262018,1,1501,0,79,98,39,3
1778431332.7407467,2,252,-50,72,97,33,2
1778431332.7439485,1,1501,0,79,97,39,3
1778431332.7580307,2,252,0,72,97,33,2
1778431332.7608995,1,1501,0,79,97,39,3
1778431332.775406,2,252,0,72,97,33,2
1778431332.7785707,1,1501,0,79,97,39,3
1778431332.792461,2,252,0,72,97,33,2
1778431332.795303,1,1501,0,79,97,39,2
1778431332.8099701,2,253,0,72,97,33,2
1778431332.8135536,1,1501,0,79,97,39,3
1778431332.827649,2,252,0,72,97,33,2
1778431332.83094,1,1501,0,79,97,39,2
1778431332.845758,2,253,0,70,97,33,2
1778431332.8489206,1,1501,0,79,97,39,2
1778431332.8631468,2,252,0,61,97,33,1
1778431332.866327,1,1501,0,79,98,39,2
1778431332.881009,2,252,50,44,98,33,0
1778431332.884173,1,1501,0,79,98,39,2
1778431332.8981547,2,252,0,24,98,33,0
1778431332.9010918,1,1501,0,79,98,39,0
1778431332.915684,2,252,-50,29,98,33,0
1778431332.9189153,1,1501,0,79,98,39,2
1778431332.9332576,2,252,0,62,98,33,2
1778431332.9361594,1,1501,0,79,98,39,2
1778431332.950053,2,251,-50,96,97,33,2
1778431332.952982,1,1501,0,79,97,39,2
1778431332.9674664,2,250,-50,136,97,33,3
1778431332.9706528,1,1501,0,79,97,39,3
1778431332.9844782,2,248,-100,182,96,33,5
1778431332.9873075,1,1501,0,79,96,39,2
1778431333.0021145,2,243,-100,230,95,33,7
1778431333.0060344,1,1501,0,79,95,39,3
1778431333.019816,2,235,-300,269,93,33,9
1778431333.0231047,1,1501,0,79,94,39,2
1778431333.0374708,2,227,-400,310,93,33,10
1778431333.040539,1,1501,0,79,94,39,2
1778431333.054401,2,218,-500,349,93,33,13
1778431333.0573454,1,1501,0,79,93,39,2
1778431333.0716746,2,205,-650,384,93,33,13
1778431333.074966,1,1501,0,79,93,39,3
1778431333.0894825,2,191,-750,419,92,33,15
1778431333.093348,1,1501,0,79,92,39,2
1778431333.1088653,2,175,-900,446,91,33,13
1778431333.1125093,1,1501,0,79,92,39,2
1778431333.1267526,2,155,-950,467,92,33,14
1778431333.1297054,1,1501,0,79,92,39,2
1778431333.1436884,2,137,-1000,477,92,33,14
1778431333.1472125,1,1501,0,79,92,39,2
1778431333.1615682,2,120,-1000,481,92,33,13
1778431333.1645494,1,1501,0,79,93,39,2
1778431333.1785257,2,101,-1050,473,93,33,13
1778431333.1815605,1,1501,0,79,93,39,2
1778431333.1959758,2,82,-1100,457,94,33,10
1778431333.199332,1,1501,0,79,94,39,2
1778431333.2137477,2,62,-1100,434,94,33,9
1778431333.2169416,1,1501,0,79,94,39,3
1778431333.2309673,2,45,-1050,411,94,33,8
1778431333.2340112,1,1501,0,79,94,39,2
1778431333.2484422,2,30,-950,384,95,33,8
1778431333.2516327,1,1501,0,79,95,39,2
1778431333.2655725,2,14,-900,356,95,33,7
1778431333.2682981,1,1501,0,79,95,39,2
1778431333.2825406,2,0,-800,328,95,33,5
1778431333.2861266,1,1501,0,79,96,39,2
1778431333.3006916,2,4082,-800,296,96,33,5
1778431333.3037941,1,1501,0,79,96,39,3
1778431333.318146,2,4070,-750,266,96,33,5
1778431333.3214924,1,1501,0,79,96,39,2
1778431333.3362482,2,4059,-650,247,95,33,4
1778431333.3395853,1,1501,0,79,96,39,2
1778431333.353673,2,4050,-600,224,96,33,5
1778431333.3564055,1,1501,0,79,96,39,3
1778431333.3709404,2,4042,-500,201,96,33,4
1778431333.3745484,1,1501,0,79,97,39,2
1778431333.3888395,2,4035,-400,175,96,33,4
1778431333.3917918,1,1501,0,79,97,39,3
1778431333.4060538,2,4030,-300,153,97,33,4
1778431333.4096122,1,1501,0,79,97,39,3
1778431333.4235563,2,4027,-250,133,96,33,4
1778431333.4262955,1,1501,0,79,96,39,3
1778431333.4401417,2,4026,-250,117,96,33,5
1778431333.444181,1,1501,0,79,96,39,3
1778431333.458221,2,4026,-50,118,96,33,4
1778431333.4609237,1,1501,0,79,96,39,2
1778431333.475417,2,4026,0,118,96,33,5
1778431333.4787076,1,1501,0,79,96,39,3
1778431333.4925525,2,4026,0,118,96,33,6
1778431333.4953709,1,1501,0,79,96,39,3
1778431333.510108,2,4026,0,118,96,33,5
1778431333.5141563,1,1501,0,79,96,39,3
1778431333.5280073,2,4026,0,118,96,34,5
1778431333.5311341,1,1501,0,79,96,39,2
1778431333.5460145,2,4026,0,118,96,33,5
1778431333.5492582,1,1501,0,79,96,39,2
1778431333.5633514,2,4026,0,118,96,33,5
1778431333.5663853,1,1501,0,79,96,39,3
1778431333.5812683,2,4026,0,118,96,33,5
1778431333.5844488,1,1501,0,79,96,39,3
1778431333.5983877,2,4026,0,118,96,33,5
1778431333.601328,1,1501,0,79,96,39,2
1778431333.615963,2,4026,0,118,96,33,5
1778431333.6193173,1,1501,0,79,96,39,2
1778431333.6333454,2,4026,0,118,96,33,5
1778431333.6361341,1,1501,0,79,96,39,2
1778431333.6506233,2,4026,0,118,96,33,5
1778431333.6541789,1,1501,0,79,96,39,3
1778431333.6681652,2,4026,0,118,96,33,5
1778431333.6709483,1,1501,0,79,96,39,2
1778431333.6852257,2,4026,0,118,96,33,5
1778431333.6891103,1,1501,0,79,96,39,3
1778431333.7030427,2,4026,0,118,96,33,5
1778431333.7060564,1,1501,0,79,96,39,2
1778431333.7205033,2,4026,0,118,96,33,5
1778431333.7236896,1,1501,0,79,96,39,2
1778431333.7376087,2,4026,0,118,96,33,4
1778431333.7403731,1,1501,0,79,96,39,3
1778431333.7548385,2,4026,0,118,96,33,5
1778431333.7584903,1,1501,0,79,96,39,2
1778431333.7726834,2,4026,0,118,96,33,5
1778431333.7756448,1,1501,0,79,96,39,2
1778431333.7902253,2,4026,0,118,96,33,5
1778431333.7938135,1,1501,0,79,96,39,3
1778431333.8078108,2,4026,0,118,96,33,5
1778431333.8105907,1,1501,0,79,96,39,2
1778431333.8249767,2,4026,0,118,96,33,5
1778431333.8287685,1,1501,0,79,96,39,2
1778431333.842706,2,4026,0,118,96,33,5
1778431333.84558,1,1501,0,79,96,39,2
1778431333.8602026,2,4026,0,118,96,33,4
1778431333.863814,1,1501,0,79,96,39,2
1778431333.8785474,2,4026,0,118,96,33,5
1778431333.8826852,1,1501,0,79,96,39,2
1778431333.8969479,2,4026,0,118,96,33,4
1778431333.8996131,1,1501,0,79,96,39,2
1778431333.914194,2,4026,0,118,96,33,4
1778431333.9182405,1,1501,0,79,96,39,2
1778431333.9322722,2,4026,0,118,96,33,5
1778431333.9350593,1,1501,0,79,96,39,2
1778431333.949489,2,4026,0,118,96,33,5
1778431333.953616,1,1501,0,79,96,39,2
1778431333.968004,2,4026,0,118,96,33,5
1778431333.9714544,1,1501,0,79,96,39,3
1778431333.9862704,2,4026,0,118,96,33,5
1778431333.98951,1,1501,0,79,96,39,2
1778431334.003542,2,4026,0,118,96,33,5
1778431334.0065572,1,1501,0,79,96,39,2
1778431334.0212162,2,4026,0,118,96,33,5
1778431334.0251367,1,1501,0,79,96,38,2
1778431334.039246,2,4026,0,118,96,33,5
1778431334.042324,1,1501,0,79,96,39,3
1778431334.0568361,2,4026,0,118,96,33,5
1778431334.0600586,1,1501,0,79,96,39,2
1778431334.0740128,2,4026,0,118,96,33,5
1778431334.076871,1,1501,0,79,96,39,3
1778431334.091322,2,4026,0,118,96,33,5
1778431334.0945892,1,1501,0,79,96,39,2
1778431334.109012,2,4026,0,118,96,33,5
1778431334.1118822,1,1501,0,79,96,39,3
1778431334.1262705,2,4026,0,118,96,33,5
1778431334.1302326,1,1501,0,79,96,39,2
1778431334.1443074,2,4026,0,118,96,33,5
1778431334.1470876,1,1501,0,79,96,39,3
1778431334.161864,2,4026,0,118,96,33,4
1778431334.1658115,1,1501,0,79,96,39,2
1778431334.179868,2,4026,0,118,96,33,6
1778431334.1828337,1,1501,0,79,96,39,2
1778431334.1973941,2,4026,0,118,96,33,5
1778431334.2005532,1,1501,0,79,96,39,2
1778431334.2144568,2,4026,0,118,96,33,5
1778431334.2174842,1,1501,0,79,96,39,3
1778431334.231907,2,4026,0,118,96,33,5
1778431334.2350984,1,1501,0,79,96,39,2
1778431334.2490559,2,4026,0,118,96,33,5
1778431334.2518556,1,1501,0,79,95,39,2
1778431334.2662039,2,4026,0,118,96,33,5
1778431334.269739,1,1501,0,79,96,39,3
1778431334.2839425,2,4026,0,118,96,33,5
1778431334.2869222,1,1501,0,79,96,39,2
1778431334.3012621,2,4026,0,118,96,33,5
1778431334.3050282,1,1501,0,79,96,39,3
1778431334.3188674,2,4026,0,118,96,33,6
1778431334.3217115,1,1501,0,79,96,39,2
1778431334.3363614,2,4026,0,118,96,33,4
1778431334.3396566,1,1501,0,79,96,39,2
1778431334.3537283,2,4026,0,118,96,33,5
1778431334.3564267,1,1501,0,79,96,39,3
1778431334.3713994,2,4026,0,118,96,33,5
1778431334.3746848,1,1501,0,79,96,39,3
1778431334.388924,2,4026,0,118,96,33,5
1778431334.3917153,1,1501,0,79,96,39,2
1778431334.4065046,2,4026,0,118,96,33,4
1778431334.4103713,1,1501,0,79,96,39,2
1778431334.4252028,2,4026,0,118,96,33,5
1778431334.428143,1,1501,0,79,96,39,2
1778431334.4420915,2,4026,0,118,96,33,6
1778431334.4449992,1,1501,0,79,96,39,2
1778431334.4596314,2,4026,0,118,96,33,5
1778431334.463018,1,1501,0,79,96,39,2
1778431334.477115,2,4026,0,118,96,33,5
1778431334.4800189,1,1501,0,79,96,39,2
1778431334.4943755,2,4026,0,118,96,33,5
1778431334.4982948,1,1501,0,79,96,39,3
1778431334.5124567,2,4026,0,118,96,33,5
1778431334.5153117,1,1501,0,79,96,39,3
1778431334.5297854,2,4026,0,118,96,33,5
1778431334.5336442,1,1501,0,79,96,39,2
1778431334.5476058,2,4026,0,118,96,33,5
1778431334.5511694,1,1501,0,79,96,39,2
1778431334.5654619,2,4026,0,118,96,33,5
1778431334.568422,1,1501,0,79,96,39,3
1778431334.5822957,2,4026,0,118,96,33,5
1778431334.5851438,1,1501,0,79,96,39,2
1778431334.5996385,2,4026,0,118,96,33,5
1778431334.6028934,1,1501,0,79,96,39,2
1778431334.6168418,2,4026,0,118,96,33,5
1778431334.6196728,1,1501,0,79,96,39,2
1778431334.6339848,2,4026,0,118,96,33,4
1778431334.637581,1,1501,0,79,96,39,2
1778431334.6515627,2,4026,0,118,96,33,4
1778431334.654303,1,1501,0,79,96,39,2
1778431334.6681511,2,4026,0,118,96,33,5
1778431334.672161,1,1501,0,79,96,39,2
1778431334.686274,2,4026,0,118,96,34,5
1778431334.6891627,1,1501,0,79,96,39,2
1778431334.7036955,2,4026,0,118,96,33,6
1778431334.7070336,1,1501,0,79,96,39,2
1778431334.7212193,2,4026,0,118,96,33,5
1778431334.7240617,1,1501,0,79,96,39,3
1778431334.738171,2,4026,0,118,96,33,4
1778431334.7410717,1,1501,0,79,96,39,2
1778431334.7555702,2,4026,0,118,96,33,5
1778431334.7591736,1,1501,0,79,96,39,2
1778431334.7734063,2,4026,0,118,96,33,5
1778431334.7762961,1,1501,0,79,96,39,3
1778431334.7904215,2,4026,0,118,96,33,5
1778431334.793517,1,1501,0,79,96,39,3
1778431334.8079054,2,4026,0,118,96,33,5
1778431334.8111663,1,1501,0,79,96,39,3
1778431334.825397,2,4026,0,118,96,33,7
1778431334.8283687,1,1501,0,79,96,39,2
1778431334.8431256,2,4026,0,118,96,33,5
1778431334.8467171,1,1501,0,79,96,39,2
1778431334.8612616,2,4026,0,118,96,33,5
1778431334.864184,1,1501,0,79,96,39,2
1778431334.8788762,2,4026,0,120,96,33,5
1778431334.882697,1,1501,0,79,96,39,3
1778431334.8968842,2,4026,0,122,96,33,5
1778431334.8996134,1,1501,0,79,96,39,3
1778431334.913955,2,4026,0,122,96,33,5
1778431334.9175386,1,1501,0,79,96,39,2
1778431334.9315717,2,4026,0,122,96,33,5
1778431334.9343388,1,1501,0,79,96,39,2
1778431334.9487033,2,4026,0,122,96,33,5
1778431334.9527168,1,1501,0,79,96,39,2
1778431334.9666843,2,4026,0,122,96,33,6
1778431334.9695637,1,1501,0,79,96,39,3
1778431334.9841142,2,4026,0,122,96,33,5
1778431334.9874775,1,1501,0,79,96,39,2
1778431335.0015018,2,4026,0,122,96,33,5
1778431335.004299,1,1501,0,79,96,39,2
1778431335.0186038,2,4026,0,122,96,33,5
1778431335.0221112,1,1501,0,79,96,39,2
1778431335.0361369,2,4026,0,122,96,33,5
1778431335.0388913,1,1501,0,79,96,39,2
1778431335.0537186,2,4026,0,122,96,33,5
1778431335.0576859,1,1501,0,79,96,39,2
1778431335.0719097,2,4026,0,123,96,33,5
1778431335.075284,1,1501,0,79,96,39,2
1778431335.0899236,2,4026,0,131,95,33,6
1778431335.093033,1,1501,0,79,95,39,2
1778431335.1071074,2,4026,0,144,95,33,6
1778431335.1104546,1,1501,0,79,95,39,3
1778431335.1249285,2,4025,0,165,94,33,8
1778431335.1282978,1,1501,0,79,94,39,3
1778431335.142598,2,4025,-50,189,93,34,11
1778431335.1462991,1,1501,0,79,93,39,2
1778431335.1606832,2,4025,0,222,92,33,16
1778431335.1637208,1,1501,0,79,92,39,2
1778431335.1780314,2,4023,-50,257,91,33,22
1778431335.1816466,1,1501,0,79,92,39,2
1778431335.1961606,2,4021,-150,296,90,33,23
1778431335.1992683,1,1501,0,79,90,39,2
1778431335.2131398,2,4018,-150,336,89,33,31
1778431335.2158911,1,1501,0,79,89,39,2
1778431335.2302437,2,4014,-200,377,88,33,40
1778431335.2341273,1,1501,0,79,88,39,2
1778431335.248839,2,4011,-200,429,86,33,51
1778431335.2518046,1,1501,0,79,86,39,2
1778431335.265875,2,4007,-150,487,85,33,66
1778431335.2689178,1,1501,0,79,84,39,2
1778431335.2831235,2,4004,-200,551,83,33,105
1778431335.286518,1,1501,0,79,83,39,2
1778431335.3005047,2,4001,-200,617,79,33,104
1778431335.3032658,1,1501,0,79,79,39,2
1778431335.3178372,2,3998,-200,685,73,33,121
1778431335.321721,1,1501,0,79,69,39,1
1778431335.3357193,2,3995,-150,763,65,33,182
1778431335.3391411,1,1501,0,79,66,39,2
1778431335.3536997,2,3995,0,838,65,33,200
1778431335.3589537,1,1501,0,79,65,39,2
1778431335.3735473,2,3995,0,934,63,33,245
1778431335.377647,1,1501,0,79,62,39,1
1778431335.3917189,2,3995,0,1000,65,33,269
1778431335.3950963,1,1501,0,79,66,39,2
1778431335.409579,2,3995,0,1000,65,33,269
1778431335.4124823,1,1501,0,79,65,39,1
1778431335.4264498,2,3995,0,1000,66,33,272
1778431335.4295275,1,1501,0,79,66,39,0
1778431335.4440455,2,3995,0,1000,66,33,269
1778431335.4475348,1,1501,0,79,66,39,2
1778431335.4614756,2,3995,0,1000,66,33,270
1778431335.4641714,1,1501,0,79,66,39,2
1778431335.4784524,2,3995,0,1000,64,33,262
1778431335.4820628,1,1501,0,79,65,39,1
1778431335.4962647,2,3995,0,1000,65,33,265
1778431335.4991713,1,1501,0,79,65,39,2
1778431335.5141582,2,3995,0,1000,64,33,264
1778431335.5180774,1,1501,0,79,65,39,1
1778431335.5321746,2,3995,0,1000,64,33,263
1778431335.5355837,1,1501,0,79,64,39,2
1778431335.5498526,2,3995,0,1000,64,33,260
1778431335.5528657,1,1501,0,79,64,39,1
1778431335.5668614,2,3995,0,1000,63,33,259
1778431335.5700388,1,1501,0,79,63,39,1
1778431335.5845494,2,3995,0,1000,63,33,257
1778431335.5878947,1,1501,0,79,63,39,1
1778431335.6018467,2,3995,0,1000,64,33,260
1778431335.6048424,1,1501,0,79,64,39,1
1778431335.6193695,2,3995,0,1000,64,33,261
1778431335.6227884,1,1501,0,79,64,39,1
1778431335.6368878,2,3995,0,1000,64,33,261
1778431335.639856,1,1501,0,79,64,39,1
1778431335.6543856,2,3995,0,1000,64,33,261
1778431335.6580653,1,1501,0,79,64,39,1
1778431335.6722775,2,3995,0,1000,64,33,262
1778431335.6752226,1,1501,0,79,64,39,1
1778431335.690096,2,3995,0,1000,64,33,261
1778431335.6941218,1,1501,0,79,64,39,1
1778431335.708162,2,3995,0,1000,64,33,260
1778431335.7115505,1,1501,0,79,64,39,2
1778431335.7262514,2,3995,0,1000,64,33,262
1778431335.7294693,1,1501,0,79,65,39,2
1778431335.7435098,2,3995,0,999,65,33,263
1778431335.7466714,1,1501,0,79,65,39,2
1778431335.761345,2,3995,0,999,65,33,263
1778431335.7645295,1,1501,0,79,65,39,1
1778431335.7786515,2,3995,0,999,65,33,262
1778431335.781662,1,1501,0,79,65,39,2
1778431335.796318,2,3995,0,999,65,33,263
1778431335.7996597,1,1501,0,79,65,39,2
1778431335.8136919,2,3995,0,999,65,33,261
1778431335.8164427,1,1501,0,79,65,39,1
1778431335.8309276,2,3995,0,999,65,34,262
1778431335.8345578,1,1501,0,79,65,39,2
1778431335.8489099,2,3995,0,999,65,33,262
1778431335.8518813,1,1501,0,79,64,39,2
1778431335.8657672,2,3995,0,999,64,33,260
1778431335.8685837,1,1501,0,79,64,39,1
1778431335.883012,2,3995,0,999,65,33,261
1778431335.886297,1,1501,0,79,65,39,1
1778431335.9006765,2,3995,0,999,65,33,260
1778431335.903601,1,1501,0,79,64,39,1
1778431335.9174669,2,3995,0,999,64,33,260
1778431335.9202442,1,1501,0,79,66,39,1
1778431335.9345024,2,3995,0,999,65,33,262
1778431335.9380937,1,1501,0,79,65,39,1
1778431335.9521065,2,3995,0,999,65,33,262
1778431335.95486,1,1501,0,79,65,39,1
1778431335.9692426,2,3995,0,999,65,33,262
1778431335.9730115,1,1501,0,79,65,39,1
1778431335.9868858,2,3995,0,999,66,33,262
1778431335.989834,1,1501,0,79,65,39,1
1778431336.0043323,2,3995,0,999,66,33,264
1778431336.0076916,1,1501,0,79,66,39,1
1778431336.0216703,2,3995,0,999,66,33,264
1778431336.0244825,1,1501,0,79,66,39,2
1778431336.0389454,2,3995,0,999,66,33,264
1778431336.0425797,1,1501,0,79,66,39,2
1778431336.0567198,2,3995,0,999,65,33,263
1778431336.0594745,1,1501,0,79,66,39,2
1778431336.0738997,2,3995,0,999,66,33,266
1778431336.0775874,1,1501,0,79,66,39,1
1778431336.0914528,2,3995,0,999,66,33,263
1778431336.094587,1,1501,0,79,66,39,1
1778431336.109137,2,3995,0,999,66,33,265
1778431336.112284,1,1501,0,79,66,39,1
1778431336.1261392,2,3995,0,999,66,33,264
1778431336.1290104,1,1501,0,79,66,39,1
1778431336.143463,2,3995,0,999,67,33,266
1778431336.1468496,1,1501,0,79,67,39,1
1778431336.1611712,2,3995,0,999,66,33,264
1778431336.1642246,1,1501,0,79,66,39,1
1778431336.1781228,2,3995,0,999,66,33,265
1778431336.1809144,1,1501,0,79,67,39,2
1778431336.1953628,2,3995,0,999,66,33,262
1778431336.1987193,1,1501,0,79,66,39,2
1778431336.212689,2,3995,0,999,67,33,264
1778431336.2155252,1,1501,0,79,67,39,2
1778431336.2297802,2,3995,0,999,67,33,265
1778431336.2333748,1,1501,0,79,66,39,1
1778431336.2472599,2,3995,0,999,66,33,265
1778431336.2502432,1,1501,0,79,67,39,2
1778431336.264778,2,3995,0,999,66,33,263
1778431336.2680113,1,1501,0,79,66,39,1
1778431336.28194,2,3995,0,999,66,33,265
1778431336.2847416,1,1501,0,79,66,39,1
1778431336.29925,2,3995,0,999,66,33,264
1778431336.3025906,1,1501,0,79,66,39,1
1778431336.3168247,2,3995,0,999,66,33,262
1778431336.3198354,1,1501,0,79,66,39,1
1778431336.3342059,2,3995,0,999,66,33,263
1778431336.3377292,1,1501,0,79,66,39,1
1778431336.3521574,2,3995,0,999,67,33,266
1778431336.3571332,1,1501,0,79,67,39,1
1778431336.3718777,2,3995,0,999,67,33,265
1778431336.3755257,1,1501,0,79,67,39,1
1778431336.3897145,2,3995,0,999,67,33,266
1778431336.39249,1,1501,0,79,68,39,2
1778431336.4069595,2,3995,0,999,67,33,266
1778431336.4106336,1,1501,0,79,68,39,2
1778431336.4249184,2,3995,0,999,67,33,266
1778431336.4278264,1,1501,0,79,68,39,2
1778431336.4421868,2,3995,0,999,68,33,267
1778431336.4457493,1,1501,0,79,68,39,1
1778431336.4597573,2,3995,0,999,68,33,267
1778431336.462529,1,1501,0,79,68,39,2
1778431336.4769652,2,3995,0,999,68,33,268
1778431336.4808831,1,1501,0,79,68,39,2
1778431336.4949906,2,3995,0,999,67,33,264
1778431336.4980147,1,1501,0,79,67,39,2
1778431336.5124397,2,3995,0,999,67,33,263
1778431336.5155797,1,1501,0,79,67,39,1
1778431336.5295076,2,3995,0,999,67,33,264
1778431336.5322876,1,1501,0,79,67,39,1
1778431336.5468235,2,3995,0,999,67,33,263
1778431336.550444,1,1501,0,79,67,39,1
1778431336.5647547,2,3995,0,999,67,33,263
1778431336.567544,1,1501,0,79,67,39,2
1778431336.5824232,2,3995,0,999,67,33,263
1778431336.586342,1,1501,0,77,67,39,1
1778431336.6005604,2,3995,0,999,67,33,263
1778431336.6034307,1,1501,0,67,67,39,0
1778431336.6177776,2,3995,0,999,67,33,262
1778431336.62143,1,1501,0,53,67,39,0
1778431336.6353219,2,3995,0,999,67,33,262
1778431336.6382973,1,1501,0,32,67,39,0
1778431336.6527133,2,3995,0,999,68,33,264
1778431336.6559544,1,1501,0,26,68,39,0
1778431336.670271,2,3995,0,999,68,33,265
1778431336.6732588,1,1501,0,60,67,39,0
1778431336.6878278,2,3995,0,999,67,33,265
1778431336.691075,1,1502,0,100,68,39,1
1778431336.7050252,2,3995,0,999,68,33,264
1778431336.7078197,1,1503,50,140,67,39,2
1778431336.7222533,2,3995,0,999,67,33,264
1778431336.7258384,1,1503,50,187,68,39,3
1778431336.7400742,2,3995,0,999,67,33,263
1778431336.7430365,1,1505,50,243,67,39,6
1778431336.7578056,2,3995,0,999,67,33,263
1778431336.761767,1,1509,150,299,67,39,10
1778431336.77572,2,3995,0,999,67,33,261
1778431336.779032,1,1516,300,352,66,39,10
1778431336.793417,2,3995,0,999,67,33,262
1778431336.7964997,1,1525,450,402,67,39,14
1778431336.810468,2,3995,0,999,67,33,261
1778431336.8134494,1,1534,550,449,67,39,16
1778431336.8279688,2,3995,0,999,67,33,261
1778431336.8313138,1,1546,650,493,67,39,16
1778431336.8453445,2,3995,0,999,67,33,261
1778431336.848047,1,1558,650,530,67,39,19
1778431336.8627326,2,3995,0,999,67,33,261
1778431336.8662753,1,1572,750,561,67,39,16
1778431336.8803535,2,3995,0,999,67,33,262
1778431336.88309,1,1587,800,588,67,39,20
1778431336.8976135,2,3995,0,999,67,33,261
1778431336.901587,1,1604,850,613,67,39,21
1778431336.915574,2,3995,0,999,67,33,261
1778431336.9188454,1,1621,950,631,67,39,18
1778431336.9334064,2,3995,0,999,67,33,263
1778431336.9366515,1,1640,1050,644,67,39,19
1778431336.9506297,2,3995,0,999,67,33,266
1778431336.9537086,1,1658,1050,655,67,39,20
1778431336.9682145,2,3995,0,999,63,34,321
1778431336.971693,1,1677,1100,664,67,39,22
1778431336.9858618,2,3995,0,999,67,33,255
1778431336.9887996,1,1696,1100,666,67,39,17
1778431337.0034895,2,3994,0,999,68,33,290
1778431337.0070581,1,1716,1050,665,67,39,18
1778431337.021396,2,3993,-100,991,68,33,262
1778431337.0242267,1,1737,1150,650,68,39,16
1778431337.0381668,2,3993,0,991,68,33,263
1778431337.041135,1,1756,1150,630,68,39,13
1778431337.0555203,2,3993,0,991,68,33,264
1778431337.0587661,1,1775,1100,607,68,39,10
1778431337.072722,2,3993,0,991,68,33,264
1778431337.075575,1,1792,1050,581,68,39,9
1778431337.090114,2,3993,0,991,68,33,265
1778431337.0936117,1,1810,1000,552,68,39,8
1778431337.108476,2,3993,0,991,68,33,264
1778431337.112901,1,1828,950,516,69,39,7
1778431337.1269977,2,3993,0,991,69,34,264
1778431337.129966,1,1844,900,478,69,39,7
1778431337.144472,2,3993,0,991,69,34,266
1778431337.1477683,1,1859,900,437,69,39,6
1778431337.161752,2,3993,0,991,69,33,266
1778431337.164789,1,1871,800,400,70,39,5
1778431337.179292,2,3993,0,991,69,33,267
1778431337.182769,1,1883,750,358,69,39,5
1778431337.19672,2,3993,0,991,69,34,266
1778431337.1994386,1,1893,650,318,69,39,4
1778431337.2139328,2,3993,0,991,69,34,266
1778431337.2178504,1,1901,500,280,69,39,3
1778431337.2317452,2,3993,0,991,69,34,267
1778431337.2351239,1,1909,500,246,69,39,4
1778431337.2494864,2,3993,0,991,69,34,266
1778431337.2525456,1,1913,200,222,69,39,7
1778431337.2664192,2,3993,0,991,69,34,265
1778431337.2694716,1,1915,150,210,69,39,10
1778431337.2838986,2,3993,0,991,69,34,265
1778431337.2872968,1,1916,150,199,69,39,10
1778431337.3012912,2,3993,0,991,69,33,265
1778431337.30404,1,1916,50,198,69,39,9
1778431337.3184268,2,3993,0,991,69,33,265
1778431337.321975,1,1916,0,198,69,39,9
1778431337.3360384,2,3993,0,991,78,33,17
1778431337.3387957,1,1916,0,198,93,39,14
1778431337.35354,2,3993,0,200,95,33,14
1778431337.3580258,1,1916,0,198,96,39,11
1778431337.3722005,2,3993,0,200,100,33,18
1778431337.3756237,1,1917,0,198,100,38,14
1778431337.3900228,2,3993,0,200,99,33,13
1778431337.3929822,1,1919,100,192,100,39,11
1778431337.4070032,2,3993,0,200,99,33,18
1778431337.4100056,1,1919,50,178,99,39,12
1778431337.4248402,2,3993,0,200,102,33,14
1778431337.4280999,1,1919,0,162,102,39,9
1778431337.4420686,2,3993,0,200,102,33,16
1778431337.4449124,1,1919,0,142,102,39,7
1778431337.4593668,2,3993,0,200,102,33,16
1778431337.4627528,1,1919,0,114,102,39,4
1778431337.4766884,2,3993,0,200,103,33,18
1778431337.4794436,1,1919,0,82,103,39,2
1778431337.4940581,2,3993,0,200,102,33,14
1778431337.4979806,1,1919,0,43,103,39,1
1778431337.5119915,2,3993,0,200,103,33,19
1778431337.5155597,1,1919,0,35,103,39,0
1778431337.5297792,2,3993,0,200,102,33,17
1778431337.5327923,1,1917,-50,86,103,39,1
1778431337.5466921,2,3993,0,200,102,33,14
1778431337.5496743,1,1914,-200,133,103,39,2
1778431337.5640552,2,3993,0,200,102,33,14
1778431337.567353,1,1910,-250,179,102,39,4
1778431337.5813017,2,3993,0,200,102,33,18
1778431337.5841026,1,1906,-250,230,102,39,5
1778431337.5983007,2,3993,0,200,101,33,14
1778431337.601881,1,1900,-150,299,101,39,11
1778431337.6160119,2,3993,0,200,101,33,16
1778431337.6189318,1,1890,-450,346,101,39,12
1778431337.6335952,2,3993,0,200,101,33,14
1778431337.6371722,1,1876,-700,384,101,39,13
1778431337.6511724,2,3993,0,200,101,33,14
1778431337.6542552,1,1861,-800,415,101,39,14
1778431337.6688163,2,3993,0,200,100,33,17
1778431337.6720476,1,1845,-900,439,101,39,17
1778431337.6859994,2,3993,0,200,100,33,17
1778431337.6888049,1,1827,-950,457,100,39,17
1778431337.7032976,2,3993,0,200,100,33,19
1778431337.7065942,1,1809,-1100,471,100,39,17
1778431337.7205226,2,3993,0,200,100,33,13
1778431337.723352,1,1790,-1100,478,100,39,18
1778431337.7374897,2,3993,0,200,99,34,14
1778431337.7410307,1,1771,-1100,485,100,39,16
1778431337.7554066,2,3993,0,200,98,33,14
1778431337.7585552,1,1749,-1100,492,98,39,16
1778431337.772992,2,3993,0,200,98,33,13
1778431337.7762039,1,1729,-1250,489,98,39,14
1778431337.790091,2,3993,0,200,97,34,18
1778431337.7929282,1,1709,-1150,486,97,39,12
1778431337.8073735,2,3993,0,200,97,34,18
1778431337.8106916,1,1689,-1150,478,97,39,13
1778431337.8249936,2,3993,0,200,97,33,18
1778431337.8279316,1,1668,-1150,465,97,39,11
1778431337.8419247,2,3993,0,200,97,33,14
1778431337.8448904,1,1650,-1150,445,97,39,10
1778431337.8592634,2,3993,0,200,97,33,13
1778431337.862544,1,1631,-1100,423,97,39,9
1778431337.8764036,2,3993,0,200,97,33,13
1778431337.8802466,1,1614,-1050,400,97,39,8
1778431337.8946128,2,3993,0,200,98,33,19
1778431337.8976297,1,1597,-1000,372,97,39,8
1778431337.911642,2,3993,0,200,98,33,14
1778431337.9147096,1,1582,-900,344,98,39,7
1778431337.9294093,2,3993,0,200,98,33,14
1778431337.9326527,1,1568,-800,316,98,39,6
1778431337.9467125,2,3993,0,200,98,33,13
1778431337.9496531,1,1555,-750,285,98,39,5
1778431337.9641135,2,3993,0,200,98,33,14
1778431337.9674654,1,1544,-650,255,98,39,5
1778431337.9815006,2,3993,0,200,98,33,14
1778431337.9843445,1,1534,-650,222,99,39,4
1778431337.9986353,2,3993,0,200,98,33,14
1778431338.0022128,1,1526,-550,189,99,39,3
1778431338.0166912,2,3993,0,200,98,33,15
1778431338.0197506,1,1520,-500,154,99,39,3
1778431338.0337248,2,3993,0,200,99,33,13
1778431338.0365102,1,1514,-350,131,99,39,3
1778431338.0508983,2,3993,0,200,99,33,20
1778431338.0544643,1,1511,-200,116,99,39,3
1778431338.0688722,2,3993,0,200,98,33,16
1778431338.0718865,1,1508,-200,101,99,39,3
1778431338.0857558,2,3993,0,200,99,33,14
1778431338.0885382,1,1507,-100,92,99,39,3
1778431338.1031547,2,3993,0,200,99,33,16
1778431338.1066198,1,1506,-50,87,99,39,2
1778431338.1207838,2,3993,0,200,99,33,14
1778431338.1238415,1,1505,-50,83,99,39,2
1778431338.138079,2,3993,0,200,99,33,14
1778431338.1416168,1,1504,-50,80,99,39,2
1778431338.1556103,2,3993,0,200,99,34,20
1778431338.1583772,1,1504,-50,76,99,39,1
1778431338.172575,2,3993,0,200,99,34,18
1778431338.1765373,1,1503,-50,73,99,39,2
1778431338.190493,2,3993,0,200,100,33,16
1778431338.1933382,1,1503,0,72,99,39,2
1778431338.2078738,2,3993,0,200,99,34,14
1778431338.2110546,1,1503,0,72,99,39,2
1778431338.2250078,2,3993,0,200,100,33,14
1778431338.227738,1,1503,0,72,99,39,1
1778431338.2422912,2,3993,0,200,99,34,13
1778431338.2458649,1,1503,0,72,99,39,3
1778431338.2604153,2,3993,0,200,99,33,16
1778431338.263351,1,1503,0,72,99,39,1
1778431338.2771704,2,3993,0,200,99,33,14
1778431338.2799728,1,1503,0,72,99,39,2
1778431338.2942054,2,3993,0,200,99,33,16
1778431338.2978656,1,1503,0,72,99,39,2
1778431338.3118086,2,3993,0,200,99,33,16
1778431338.3145535,1,1503,0,72,99,39,2
1778431338.3290553,2,3993,0,200,99,33,14
1778431338.3330023,1,1503,0,72,99,39,2
1778431338.3469074,2,3993,0,200,99,33,14
1778431338.349522,1,1503,0,72,99,39,2
1778431338.3639476,2,3993,0,200,99,33,13
1778431338.3673978,1,1503,0,72,99,39,2
1778431338.381297,2,3993,0,200,99,33,16
1778431338.3840084,1,1503,0,72,99,39,2
1778431338.3982692,2,3993,0,200,99,33,14
1778431338.401892,1,1503,0,72,100,39,2
1778431338.4160507,2,3993,0,200,98,33,14
1778431338.420019,1,1503,0,72,99,39,2
1778431338.4349432,2,3993,0,200,98,33,14
1778431338.4382198,1,1503,0,72,99,39,1
1778431338.4530685,2,3993,0,200,99,34,14
1778431338.4570312,1,1503,0,70,99,39,1
1778431338.4711492,2,3993,0,200,99,33,14
1778431338.4739764,1,1503,0,61,99,39,1
1778431338.4887147,2,3993,0,200,99,34,18
1778431338.4920948,1,1503,0,45,99,39,1
1778431338.506017,2,3993,0,200,99,34,14
1778431338.5089087,1,1503,0,26,100,39,0
1778431338.5234308,2,3993,0,200,99,33,13
1778431338.5268912,1,1503,0,34,100,39,0
1778431338.5411043,2,3993,0,200,99,33,14
1778431338.5440784,1,1504,50,65,99,39,1
1778431338.558428,2,3993,0,200,99,33,17
1778431338.5620115,1,1505,50,102,99,49,2
1778431338.5760236,2,3993,0,200,99,33,13
1778431338.5788047,1,1506,50,143,99,49,2
1778431338.5934012,2,3993,0,200,98,34,14
1778431338.5975454,1,1507,50,193,98,39,6
1778431338.611833,2,3993,0,200,98,34,14
1778431338.6151123,1,1512,150,241,98,39,6
1778431338.6295657,2,3993,0,200,97,34,14
1778431338.6325173,1,1520,350,283,97,39,10
1778431338.646586,2,3993,0,200,97,33,14
1778431338.649582,1,1530,500,319,97,39,11
1778431338.6640604,2,3993,0,200,97,34,13
1778431338.6674192,1,1542,600,357,96,39,12
1778431338.6813188,2,3993,0,200,96,34,17
1778431338.684014,1,1555,750,392,96,39,12
1778431338.698415,2,3993,0,200,96,33,14
1778431338.702031,1,1569,850,421,96,39,15
1778431338.7163007,2,3993,0,200,96,33,16
1778431338.7192702,1,1586,850,445,96,39,16
1778431338.733548,2,3993,0,200,96,33,17
1778431338.7370758,1,1604,950,462,96,39,13
1778431338.7509708,2,3993,0,200,95,33,16
1778431338.753933,1,1622,1000,475,96,39,16
1778431338.768425,2,3993,0,200,96,33,17
1778431338.7719183,1,1642,1100,482,96,39,14
1778431338.7860205,2,3993,0,200,96,34,13
1778431338.7889352,1,1662,1150,486,95,39,12
1778431338.8034124,2,3993,0,200,96,33,13
1778431338.8066993,1,1683,1150,490,95,38,12
1778431338.8205917,2,3993,0,200,95,34,13
1778431338.823457,1,1702,1150,488,95,39,11
1778431338.8376358,2,3993,0,200,96,34,13
1778431338.8411791,1,1723,1200,479,96,39,10
1778431338.8552296,2,3993,0,200,96,34,13
1778431338.8582973,1,1744,1200,462,96,39,10
1778431338.872788,2,3993,0,200,96,34,13
1778431338.875929,1,1765,1150,441,96,39,9
1778431338.889769,2,3993,0,200,96,33,16
1778431338.8926818,1,1782,1150,415,96,39,7
1778431338.9072227,2,3993,0,200,97,33,19
1778431338.910447,1,1800,1050,390,97,39,6
1778431338.9243536,2,3993,0,200,97,33,13
1778431338.9271343,1,1817,1000,363,97,39,5
1778431338.941837,2,3993,0,200,97,34,13
1778431338.9458144,1,1832,900,332,97,39,5
1778431338.9598475,2,3993,0,200,97,33,13
1778431338.9627266,1,1847,800,301,97,39,2
1778431338.9772484,2,3993,0,200,97,33,13
1778431338.9811165,1,1860,750,269,97,39,3
1778431338.995073,2,3993,0,200,97,33,13
1778431338.9982543,1,1871,750,236,97,39,2
1778431339.0128305,2,3993,0,200,97,33,13
1778431339.0159905,1,1880,600,206,97,39,3
1778431339.030195,2,3993,0,200,97,33,13
1778431339.0331686,1,1888,550,172,98,39,3
1778431339.0476785,2,3993,0,200,97,33,13
1778431339.0509126,1,1895,400,144,97,39,0
1778431339.0653725,2,3993,0,200,97,33,16
1778431339.0692544,1,1900,350,119,98,39,2
1778431339.0832224,2,3993,0,200,98,33,14
1778431339.0860844,1,1903,200,101,98,39,2
1778431339.1004162,2,3993,0,200,97,33,13
1778431339.103716,1,1906,200,88,98,39,1
1778431339.1176763,2,3993,0,200,98,33,14
1778431339.1204433,1,1907,50,78,97,39,2
1778431339.1349475,2,3993,0,200,97,34,19
1778431339.138726,1,1908,50,75,97,39,2
1778431339.153461,2,3993,0,200,103,33,14
1778431339.156731,1,1908,50,71,103,39,1
1778431339.1707227,2,3993,0,200,103,33,14
1778431339.17379,1,1908,0,72,103,39,2
1778431339.1883535,2,3993,0,200,103,33,16
1778431339.19173,1,1908,0,72,103,39,2
1778431339.2056623,2,3993,0,200,103,33,20
1778431339.2084262,1,1908,0,72,103,49,2
1778431339.2227976,2,3993,0,200,103,33,14
1778431339.2264438,1,1908,0,72,103,57,2
1778431339.2408621,2,3993,0,200,103,33,14
1778431339.2439024,1,1908,0,72,103,39,2
1778431339.258616,2,3993,0,200,103,33,19
1778431339.262177,1,1908,0,72,103,39,2
1778431339.2763462,2,3993,0,200,103,33,18
1778431339.279168,1,1908,0,72,103,39,2
1778431339.294033,2,3993,0,200,103,33,14
1778431339.297996,1,1908,0,72,103,39,2
1778431339.3120067,2,3993,0,200,102,33,14
1778431339.3154032,1,1908,0,72,103,39,2
1778431339.3305511,2,3993,0,200,103,34,19
1778431339.3337266,1,1908,0,72,103,39,3
1778431339.348213,2,3993,0,200,102,34,19
1778431339.3514144,1,1908,0,72,102,39,2
1778431339.3656871,2,3993,0,200,103,34,19
1778431339.3685305,1,1908,0,72,102,39,3
1778431339.3828208,2,3993,0,200,102,33,14
1778431339.3862984,1,1908,0,72,102,39,2
1778431339.4002018,2,3993,0,200,102,33,16
1778431339.4029953,1,1908,0,72,102,39,2
1778431339.4175146,2,3993,0,200,102,33,14
1778431339.4214954,1,1908,0,72,102,39,2
1778431339.4353807,2,3993,0,200,102,33,18
1778431339.4386523,1,1908,0,72,102,39,2
1778431339.4532676,2,3993,0,200,102,33,14
1778431339.4564297,1,1908,0,72,102,39,2
1778431339.4703538,2,3993,0,200,102,33,18
1778431339.473155,1,1908,0,72,102,39,2
1778431339.4874618,2,3993,0,200,101,33,19
1778431339.4907615,1,1908,0,72,102,39,3
1778431339.5046923,2,3993,0,200,101,33,18
1778431339.5074263,1,1908,0,72,101,39,2
1778431339.521747,2,3993,0,200,101,33,14
1778431339.5256572,1,1908,0,72,101,39,1
1778431339.5395005,2,3993,0,200,102,34,19
1778431339.5428128,1,1908,0,72,102,39,2
1778431339.5574272,2,3993,0,200,102,33,13
1778431339.5605872,1,1908,0,72,102,39,2
1778431339.5745277,2,3993,0,200,102,33,13
1778431339.5775483,1,1908,0,72,102,39,2
1778431339.5920298,2,3993,0,200,102,33,16
1778431339.5953152,1,1908,0,72,102,39,1
1778431339.60925,2,3993,0,200,102,33,14
1778431339.612,1,1908,0,72,102,39,2
1778431339.6264198,2,3993,0,200,102,34,13
1778431339.6300492,1,1908,0,72,102,39,2
1778431339.6443279,2,3993,0,200,102,33,14
1778431339.6473067,1,1908,0,72,102,39,3
1778431339.661658,2,3993,0,200,102,33,18
1778431339.6652288,1,1908,0,72,102,39,2
1778431339.679229,2,3993,0,200,101,33,16
1778431339.6823478,1,1908,0,72,102,39,1
1778431339.6968787,2,3993,0,200,102,34,13
1778431339.700196,1,1908,0,72,102,39,2
1778431339.714117,2,3993,0,200,102,33,18
1778431339.7170184,1,1908,0,72,102,39,2
1778431339.7314417,2,3993,0,200,102,33,14
1778431339.7347932,1,1908,0,72,102,39,2
1778431339.7490873,2,3993,0,200,102,33,14
1778431339.7520452,1,1908,0,72,102,61,2
1778431339.7658398,2,3993,0,200,103,33,13
1778431339.7686205,1,1908,0,72,102,39,2
1778431339.7830977,2,3993,0,200,102,34,18
1778431339.786703,1,1908,0,72,102,39,2
1778431339.8008945,2,3993,0,200,102,34,14
1778431339.8038635,1,1908,0,72,102,39,2
1778431339.8180897,2,3993,0,200,101,33,14
1778431339.8216588,1,1908,0,72,102,39,2
1778431339.8362331,2,3993,0,200,102,33,19
1778431339.8393428,1,1908,0,72,102,39,2
1778431339.8532367,2,3993,0,200,101,34,14
1778431339.856135,1,1908,0,72,102,39,1
1778431339.8706353,2,3993,0,200,102,34,14
1778431339.8742313,1,1908,0,72,102,39,2
1778431339.8884616,2,3993,0,200,101,33,19
1778431339.891492,1,1908,0,72,101,39,2
1778431339.9062672,2,3993,0,200,102,33,19
1778431339.9102411,1,1908,0,72,102,39,2
1778431339.9244454,2,3993,0,200,101,33,13
1778431339.9273012,1,1908,0,72,101,39,2
1778431339.9419804,2,3993,0,200,101,33,14
1778431339.9459615,1,1908,0,72,101,39,2
1778431339.9599392,2,3993,0,200,101,34,14
1778431339.963211,1,1908,0,72,101,39,2
1778431339.977496,2,3993,0,200,101,33,13
1778431339.980445,1,1908,0,72,101,39,2
1778431339.9944582,2,3993,0,200,102,33,14
1778431339.9975023,1,1908,0,72,101,39,2
1778431340.0118532,2,3993,0,200,101,33,13
1778431340.0151126,1,1908,0,72,101,39,2
1778431340.0294821,2,3993,0,200,101,33,14
1778431340.032489,1,1908,0,72,101,39,2
1778431340.0464227,2,3993,0,200,101,33,14
1778431340.0494063,1,1908,0,72,101,39,2
1778431340.0638306,2,3993,0,200,101,34,18
1778431340.067037,1,1908,0,72,102,39,2
1778431340.0816634,2,3993,0,200,102,33,19
1778431340.0855758,1,1908,0,72,102,38,2
1778431340.0994887,2,3993,0,200,100,33,18
1778431340.102689,1,1908,0,72,101,39,2
1778431340.1173475,2,3993,0,200,103,34,14
1778431340.1205075,1,1908,0,72,103,39,2
1778431340.1346052,2,3993,0,200,103,33,14
1778431340.137643,1,1908,0,72,103,39,2
1778431340.1523783,2,3993,0,200,103,34,18
1778431340.1556509,1,1908,0,72,103,39,2
1778431340.1698155,2,3993,0,200,103,33,16
1778431340.1725585,1,1908,0,72,103,39,2
1778431340.187305,2,3993,0,200,103,34,14
1778431340.1909223,1,1908,0,72,103,39,2
1778431340.205472,2,3993,0,200,103,34,19
1778431340.208452,1,1908,0,72,103,39,3
1778431340.2225437,2,3993,0,200,103,33,13
1778431340.2256765,1,1908,0,72,103,39,2
1778431340.2401843,2,3993,0,200,103,33,19
1778431340.2434912,1,1908,0,72,103,39,2
1778431340.2576776,2,3993,0,200,103,34,20
1778431340.260495,1,1908,0,72,103,39,3
1778431340.2751644,2,3993,0,200,103,33,16
1778431340.2787573,1,1908,0,72,103,39,2
1778431340.2934597,2,3993,0,200,103,33,14
1778431340.2963398,1,1908,0,72,103,39,2
1778431340.3101988,2,3993,0,200,103,33,19
1778431340.3130243,1,1908,0,72,103,39,2
1778431340.3275003,2,3993,0,200,103,33,14
1778431340.3310587,1,1908,0,72,103,39,2
1778431340.3453515,2,3993,0,200,103,33,14
1778431340.3482254,1,1908,0,72,103,39,2
1778431340.362279,2,3993,0,200,103,33,16
1778431340.36546,1,1908,0,72,103,39,1
1778431340.3799317,2,3993,0,200,103,33,18
1778431340.3833964,1,1908,0,72,103,39,2
1778431340.3978589,2,3993,0,200,103,33,18
1778431340.400879,1,1908,0,72,103,39,2
1778431340.4146864,2,3993,0,200,103,33,14
1778431340.4176037,1,1908,0,72,104,39,2
1778431340.4318914,2,3993,0,200,103,34,14
1778431340.4351344,1,1908,0,72,103,39,2
1778431340.4490674,2,3993,0,200,103,33,14
1778431340.4518304,1,1908,0,72,103,39,3
1778431340.4661763,2,3993,0,200,104,34,17
1778431340.4697244,1,1908,0,72,104,39,2
1778431340.4837222,2,3993,0,200,103,34,18
1778431340.486485,1,1908,0,72,104,39,2
1778431340.5008347,2,3993,0,200,104,33,16
1778431340.504669,1,1908,0,72,104,39,2
1778431340.518601,2,3993,0,200,103,33,17
1778431340.521343,1,1908,0,72,104,39,2
1778431340.535805,2,3993,0,200,103,33,19
1778431340.53919,1,1908,0,72,104,39,2
1778431340.5534146,2,3993,0,200,103,33,20
1778431340.556234,1,1908,0,72,103,39,2
1778431340.5710154,2,3993,0,200,103,33,17
1778431340.574602,1,1908,0,72,104,39,2
1778431340.588871,2,3993,0,200,103,34,14
1778431340.5916944,1,1908,0,72,104,39,2
1778431340.6062953,2,3993,0,200,104,33,18
1778431340.610256,1,1908,0,72,104,39,2
1778431340.6242898,2,3993,0,200,103,33,14
1778431340.6270912,1,1908,0,72,104,39,2
1778431340.6415854,2,3993,0,200,104,33,17
1778431340.6455936,1,1908,0,72,104,39,2
1778431340.6595073,2,3993,0,200,103,33,17
1778431340.662865,1,1908,0,72,103,39,2
1778431340.6776106,2,3993,0,200,104,33,16
1778431340.6809082,1,1908,0,72,104,39,2
1778431340.6948318,2,3993,0,200,103,33,15
1778431340.6979249,1,1908,0,72,103,39,2
1778431340.7123933,2,3993,0,200,103,33,14
1778431340.7156687,1,1908,0,72,104,39,2
1778431340.7296286,2,3993,0,200,103,34,17
1778431340.732455,1,1908,0,72,104,39,2
1778431340.7466838,2,3993,0,200,104,33,16
1778431340.7502565,1,1908,0,72,104,39,2
1778431340.7643046,2,3993,0,200,104,34,16
1778431340.7670977,1,1908,0,72,104,39,2
1778431340.7816029,2,3993,0,200,103,33,14
1778431340.7851286,1,1908,0,72,103,39,2
1778431340.799254,2,3993,0,200,103,34,16
1778431340.802201,1,1908,0,72,104,38,2
1778431340.81694,2,3993,0,200,103,34,19
1778431340.8201425,1,1908,0,72,104,52,2
1778431340.834178,2,3993,0,200,103,33,14
1778431340.8369427,1,1908,0,72,103,39,2
1778431340.8517673,2,3993,0,200,103,33,14
1778431340.8552759,1,1908,0,72,104,39,2
1778431340.869491,2,3993,0,200,103,33,21
1778431340.8723216,1,1908,0,72,104,39,3
1778431340.8869207,2,3993,0,200,104,33,14
1778431340.8905356,1,1908,0,72,104,39,2
1778431340.9046443,2,3993,0,200,103,33,19
1778431340.9074836,1,1908,0,72,104,39,2
1778431340.9219294,2,3993,0,200,104,33,19
1778431340.9258535,1,1908,0,72,104,39,2
1778431340.939947,2,3993,0,200,103,33,17
1778431340.942729,1,1908,0,72,103,39,2
1778431340.9571555,2,3993,0,200,103,33,14
1778431340.9610822,1,1908,0,72,104,39,2
1778431340.9750628,2,3993,0,200,103,33,14
1778431340.97797,1,1908,0,72,103,39,2
1778431340.9923592,2,3993,0,200,104,34,19
1778431340.9956286,1,1908,0,72,104,39,2
1778431341.0095885,2,3993,0,200,103,34,19
1778431341.0123942,1,1908,0,72,104,39,2
1778431341.0267916,2,3993,0,200,104,33,14
1778431341.0304346,1,1908,0,72,103,38,2
1778431341.0444176,2,3993,0,200,104,34,14
1778431341.0471787,1,1908,0,72,104,39,2
1778431341.0618231,2,3993,0,200,103,34,14
1778431341.0657208,1,1908,0,72,104,39,3
1778431341.0796943,2,3993,0,200,103,34,20
1778431341.082902,1,1908,0,72,104,39,2
1778431341.0976975,2,3993,0,200,103,34,16
1778431341.100952,1,1908,0,72,104,39,2
1778431341.1149604,2,3993,0,200,103,34,15
1778431341.1180441,1,1908,0,72,104,39,2
1778431341.132914,2,3994,0,200,103,34,18
1778431341.1373796,1,1908,0,72,104,39,2
1778431341.1519825,2,3993,0,200,103,33,14
1778431341.155967,1,1908,0,72,104,39,2
1778431341.170038,2,3993,0,200,104,33,16
1778431341.1729248,1,1908,0,72,103,39,2
1778431341.1874683,2,3993,0,200,104,33,14
1778431341.1911397,1,1908,0,72,104,39,2
1778431341.2055063,2,3993,0,200,104,34,14
1778431341.2084813,1,1908,0,72,104,39,3
1778431341.2224433,2,3993,0,200,103,33,13
1778431341.225525,1,1908,0,72,103,39,2
1778431341.2400737,2,3993,0,200,104,33,14
1778431341.2434826,1,1908,0,72,104,39,2
1778431341.2574377,2,3993,0,200,103,33,18
1778431341.2601898,1,1908,0,72,104,39,2
1778431341.2745147,2,3993,0,200,103,33,15
1778431341.278061,1,1908,0,72,104,39,2
1778431341.2921326,2,3993,0,200,104,33,15
1778431341.2949343,1,1908,0,72,104,39,2
1778431341.3093915,2,3993,0,200,103,34,19
1778431341.3133523,1,1908,0,72,104,39,1
1778431341.3274374,2,3993,0,200,104,34,14
1778431341.3305442,1,1908,0,72,104,39,2
1778431341.3449776,2,3993,0,200,104,33,14
1778431341.3481963,1,1908,0,72,104,39,2
1778431341.3621619,2,3993,0,200,103,34,17
1778431341.3650439,1,1908,0,72,103,39,3
1778431341.3795936,2,3993,0,200,103,34,13
1778431341.3830369,1,1908,0,72,104,39,2
1778431341.3969924,2,3993,0,200,103,33,19
1778431341.3997395,1,1908,0,72,104,39,2
1778431341.4141996,2,3993,0,200,103,34,15
1778431341.4178164,1,1908,0,72,104,51,2
1778431341.4322486,2,3993,0,200,103,34,19
1778431341.435317,1,1908,0,72,104,39,3
1778431341.4500246,2,3993,0,200,103,34,17
1778431341.4539216,1,1908,0,72,104,39,2
1778431341.4679189,2,3993,0,200,103,33,14
1778431341.4712062,1,1908,0,72,104,39,2
1778431341.4860134,2,3993,0,200,104,33,14
1778431341.489224,1,1908,0,72,103,39,1
1778431341.5032465,2,3993,0,200,103,33,14
1778431341.5064378,1,1908,0,72,104,38,2
1778431341.52083,2,3993,0,200,104,34,14
1778431341.5240364,1,1908,0,72,103,39,2
1778431341.5380037,2,3993,0,200,104,33,18
1778431341.5408008,1,1908,0,72,104,55,2
1778431341.555336,2,3993,0,200,103,33,16
1778431341.558894,1,1908,0,72,104,39,3
1778431341.5730166,2,3993,0,200,103,33,14
1778431341.5757577,1,1908,0,72,104,39,3
1778431341.590184,2,3993,0,200,104,33,17
1778431341.5938416,1,1908,0,72,104,39,2
1778431341.6080065,2,3993,0,200,104,34,18
1778431341.6108308,1,1908,0,72,103,39,2
1778431341.6252017,2,3993,0,200,103,33,14
1778431341.629057,1,1908,0,72,104,39,2
1778431341.6430078,2,3993,0,200,103,33,18
1778431341.6458075,1,1908,0,72,103,39,2
1778431341.6603153,2,3993,0,200,104,33,19
1778431341.663703,1,1908,0,72,104,39,2
1778431341.6776514,2,3993,0,200,103,33,21
1778431341.6804342,1,1908,0,72,104,39,2
1778431341.6948369,2,3993,0,200,104,34,15
1778431341.6980572,1,1908,0,72,103,39,2
1778431341.7119803,2,3993,0,200,103,33,15
1778431341.7147927,1,1908,0,72,104,39,2
1778431341.7291958,2,3993,0,200,103,33,14
1778431341.7331893,1,1908,0,72,104,39,2
1778431341.747043,2,3993,0,200,103,34,20
1778431341.7498717,1,1908,0,72,104,39,2
1778431341.764489,2,3993,0,200,104,34,16
1778431341.7677534,1,1908,0,72,104,39,1
1778431341.7816873,2,3993,0,200,103,33,19
1778431341.7844312,1,1908,0,72,104,39,3
1778431341.7991772,2,3993,0,200,103,33,16
1778431341.8025777,1,1908,0,72,104,39,3
1778431341.8168132,2,3993,0,200,104,33,15
1778431341.8197753,1,1908,0,72,104,39,2
1778431341.8337119,2,3993,0,200,103,33,14
1778431341.8364785,1,1908,0,72,104,39,2
1778431341.8508394,2,3993,0,200,103,33,13
1778431341.854067,1,1908,0,72,104,39,2
1778431341.8684142,2,3993,0,200,103,33,20
1778431341.8717475,1,1908,0,72,103,39,3
1778431341.8857207,2,3993,0,200,103,33,14
1778431341.8884559,1,1908,0,72,103,39,2
1778431341.9027789,2,3993,0,200,103,33,18
1778431341.9064171,1,1908,0,72,104,39,2
1778431341.9205241,2,3993,0,200,103,33,15
1778431341.9233568,1,1908,0,72,104,39,2
1778431341.937697,2,3993,0,200,103,33,19
1778431341.9416296,1,1908,0,72,104,39,2
1778431341.9556973,2,3993,0,200,103,34,14
1778431341.9591215,1,1908,0,72,104,39,2
1778431341.9735453,2,3993,0,200,103,34,14
1778431341.976521,1,1908,0,72,103,39,2
1778431341.990432,2,3993,0,200,103,33,19
1778431341.9933252,1,1908,0,72,103,39,2
1778431342.0078278,2,3993,0,200,103,34,14
1778431342.011118,1,1908,0,72,103,39,2
1778431342.025406,2,3993,0,200,104,33,14
1778431342.028346,1,1908,0,72,104,39,2
1778431342.0426366,2,3993,0,200,103,34,19
1778431342.0461855,1,1908,0,72,104,39,3
1778431342.0601165,2,3993,0,200,103,33,16
1778431342.062935,1,1908,0,72,103,39,2
1778431342.0772777,2,3993,0,200,103,33,9
1778431342.081011,1,1908,0,72,104,39,2
1778431342.09505,2,3993,0,200,103,34,14
1778431342.0979712,1,1908,0,72,103,39,1
1778431342.1124187,2,3993,0,200,104,34,14
1778431342.11578,1,1908,0,72,104,39,2
1778431342.1298423,2,3993,0,200,104,33,20
1778431342.1329377,1,1908,0,72,104,39,2
1778431342.1474168,2,3993,0,200,103,33,20
1778431342.1508374,1,1908,0,72,103,39,2
1778431342.1648717,2,3993,0,200,104,33,14
1778431342.167835,1,1908,0,72,103,39,2
1778431342.1821604,2,3993,0,200,103,34,14
1778431342.1857092,1,1908,0,72,103,53,2
1778431342.1996825,2,3993,0,200,103,34,15
1778431342.2024987,1,1908,0,72,103,39,2
1778431342.2171516,2,3993,0,200,104,33,17
1778431342.221258,1,1908,0,72,104,39,2
1778431342.2354631,2,3993,0,200,103,33,19
1778431342.238718,1,1908,0,72,103,39,2
1778431342.2533736,2,3993,0,200,103,34,14
1778431342.2565684,1,1908,0,72,104,39,2
1778431342.2705426,2,3993,0,200,103,33,19
1778431342.2733867,1,1908,0,72,103,39,2
1778431342.287869,2,3993,0,200,104,34,19
1778431342.2911348,1,1908,0,72,104,39,2
1778431342.3052704,2,3993,0,200,103,33,14
1778431342.308077,1,1908,0,72,104,39,2
1778431342.3224342,2,3993,0,200,104,33,16
1778431342.3260822,1,1908,0,72,104,39,2
1778431342.340089,2,3993,0,200,103,33,16
1778431342.3429036,1,1908,0,72,104,39,2
1778431342.3575418,2,3993,0,200,103,33,14
1778431342.3615007,1,1908,0,72,104,39,2
1778431342.3754365,2,3993,0,200,103,34,14
1778431342.3786004,1,1908,0,72,103,39,2
1778431342.3931327,2,3993,0,200,103,34,18
1778431342.396341,1,1908,0,72,104,39,2
1778431342.4101787,2,3993,0,200,103,33,15
1778431342.413107,1,1908,0,72,104,39,2
1778431342.4275105,2,3993,0,200,103,34,14
1778431342.430868,1,1908,0,72,103,39,2
1778431342.4452353,2,3993,0,200,103,34,14
1778431342.4482396,1,1908,0,72,104,39,1
1778431342.4621124,2,3993,0,200,103,34,15
1778431342.4649131,1,1908,0,72,104,39,2
1778431342.479422,2,3993,0,200,103,33,14
1778431342.4828076,1,1908,0,72,103,39,2
1778431342.4967582,2,3993,0,200,103,33,14
1778431342.4995387,1,1908,0,72,103,39,2
1778431342.5137367,2,3993,0,200,103,33,14
1778431342.5172842,1,1908,0,72,104,39,2
1778431342.5311391,2,3993,0,200,103,33,14
1778431342.5339773,1,1908,0,72,103,39,2
1778431342.5484169,2,3993,0,200,103,34,14
1778431342.5516763,1,1908,0,72,104,39,3
1778431342.5655968,2,3993,0,200,104,34,18
1778431342.5684767,1,1908,0,72,103,39,2
1778431342.5830097,2,3993,0,200,104,33,17
1778431342.5866067,1,1908,0,72,103,39,3
1778431342.600551,2,3993,0,200,104,34,19
1778431342.6033614,1,1908,0,72,104,39,2
1778431342.6177306,2,3993,0,200,104,34,20
1778431342.6214557,1,1908,0,72,104,39,3
1778431342.635336,2,3993,0,200,103,34,14
1778431342.6382349,1,1908,0,72,104,39,2
1778431342.652729,2,3993,0,200,103,34,14
1778431342.6558492,1,1908,0,72,104,54,2
1778431342.6697404,2,3993,0,200,103,34,16
1778431342.6724927,1,1908,0,72,104,39,2
1778431342.6869397,2,3993,0,200,104,33,14
1778431342.6902182,1,1908,0,72,103,39,2
1778431342.7043478,2,3993,0,200,103,33,17
1778431342.7074182,1,1908,0,72,104,39,2
1778431342.7218127,2,3993,0,200,103,33,14
1778431342.7254517,1,1908,0,72,104,39,3
1778431342.7393098,2,3993,0,200,104,33,16
1778431342.7425196,1,1908,0,72,104,39,2
1778431342.7572045,2,3993,0,200,103,33,14
1778431342.7603846,1,1908,0,72,104,40,2
1778431342.7745018,2,3993,0,200,104,34,14
1778431342.777591,1,1908,0,72,104,39,2
1778431342.7923157,2,3993,0,200,103,34,18
1778431342.7957315,1,1908,0,72,104,41,2
1778431342.809849,2,3993,0,200,104,34,14
1778431342.8125763,1,1908,0,72,104,39,2
1778431342.8273025,2,3993,0,200,104,34,19
1778431342.8308873,1,1908,0,72,103,39,2
1778431342.8451428,2,3993,0,200,103,34,16
1778431342.8479848,1,1908,0,72,104,60,2
1778431342.8626454,2,3993,0,200,102,33,17
1778431342.866264,1,1908,0,72,104,39,2
1778431342.880452,2,3993,0,200,104,33,14
1778431342.8832445,1,1908,0,72,103,39,1
1778431342.897998,2,3993,0,200,103,33,17
1778431342.9019516,1,1908,0,72,104,39,2
1778431342.9158943,2,3993,0,200,103,34,16
1778431342.9192805,1,1908,0,72,103,39,2
1778431342.933655,2,3993,0,200,103,33,14
1778431342.9366953,1,1908,0,72,103,39,2
1778431342.950638,2,3993,0,200,104,33,14
1778431342.953694,1,1908,0,72,104,38,2
1778431342.9682367,2,3993,0,200,103,33,16
1778431342.9715965,1,1908,0,72,104,39,2
1778431342.9856493,2,3993,0,200,103,33,14
1778431342.9884374,1,1908,0,72,103,39,2
1778431343.0028665,2,3993,0,200,104,33,16
1778431343.0064933,1,1908,0,72,104,39,2
1778431343.020756,2,3993,50,200,104,33,19
1778431343.023812,1,1908,0,72,104,39,2
1778431343.0381153,2,3993,50,200,104,34,16
1778431343.0416124,1,1908,0,72,104,39,3
1778431343.055831,2,3993,-50,200,103,34,13
1778431343.0587745,1,1908,0,72,104,39,2
1778431343.0731184,2,3993,0,200,103,34,16
1778431343.076989,1,1908,0,72,104,39,2
1778431343.0910416,2,3993,0,200,104,34,14
1778431343.0940037,1,1908,0,72,104,39,2
1778431343.1085062,2,3993,0,200,104,34,14
1778431343.111892,1,1908,0,72,103,39,2
1778431343.1259015,2,3993,0,200,103,33,14
1778431343.1287446,1,1908,0,72,103,39,2
1778431343.1432683,2,3993,0,200,103,34,16
1778431343.1465018,1,1908,0,72,104,39,2
1778431343.1604116,2,3993,0,200,103,33,14
1778431343.1632109,1,1908,0,72,104,39,2
1778431343.1778698,2,3993,0,200,104,33,14
1778431343.181733,1,1908,0,72,103,39,2
1778431343.1956677,2,3993,0,200,104,34,15
1778431343.1990457,1,1908,0,72,103,39,2
1778431343.213531,2,3993,0,200,103,33,14
1778431343.216724,1,1908,0,72,104,39,2
1778431343.2306132,2,3993,0,200,103,34,14
1778431343.2336218,1,1908,0,72,103,39,2
1778431343.2479894,2,3993,0,200,104,33,14
1778431343.2512658,1,1908,0,72,104,39,2
1778431343.2651782,2,3993,50,200,103,33,14
1778431343.2678895,1,1908,0,72,104,39,2
1778431343.2821014,2,3993,-50,200,103,33,14
1778431343.285595,1,1908,0,72,103,41,2
1778431343.3002703,2,3993,0,200,103,33,16
1778431343.3033412,1,1908,0,72,104,39,3
1778431343.317231,2,3993,0,200,104,33,14
1778431343.3200324,1,1908,0,72,104,39,2
1778431343.3343685,2,3993,0,200,103,34,14
1778431343.3379047,1,1908,0,72,104,39,3
1778431343.352441,2,3993,0,200,104,33,19
1778431343.3554971,1,1908,0,72,104,39,2
1778431343.3696249,2,3993,0,200,103,33,14
1778431343.37244,1,1908,0,72,104,39,2
1778431343.3869195,2,3993,0,200,103,33,21
1778431343.3906152,1,1908,0,72,103,39,2
1778431343.404915,2,3993,0,200,103,33,20
1778431343.4076881,1,1908,0,72,104,39,2
1778431343.4226506,2,3993,0,200,104,33,19
1778431343.426353,1,1908,0,72,104,39,2
1778431343.4405217,2,3993,0,200,103,34,19
1778431343.443421,1,1908,0,72,103,39,2
1778431343.4577997,2,3993,0,200,103,33,19
1778431343.4617286,1,1908,0,72,104,39,2
1778431343.4755738,2,3993,0,200,103,33,13
1778431343.478933,1,1908,0,72,103,39,2
1778431343.4935043,2,3993,0,200,103,34,18
1778431343.4967961,1,1908,0,72,104,39,2
1778431343.5106633,2,3993,0,200,103,34,14
1778431343.513696,1,1908,0,72,104,39,1
1778431343.5281954,2,3993,0,200,104,33,16
1778431343.531542,1,1908,0,72,104,39,1
1778431343.5455804,2,3993,0,200,103,33,14
1778431343.5483427,1,1908,0,72,104,39,2
1778431343.5623765,2,3993,0,200,104,33,19
1778431343.5657206,1,1908,0,72,104,39,2
1778431343.5805466,2,3993,0,200,104,33,14
1778431343.5836172,1,1908,0,72,103,39,3
1778431343.5977232,2,3993,0,200,103,33,14
1778431343.600808,1,1908,0,72,104,39,2
1778431343.615734,2,3993,0,200,104,33,13
1778431343.6191387,1,1908,0,69,104,39,2
1778431343.633319,2,3993,0,200,103,33,18
1778431343.636246,1,1908,0,61,104,39,2
1778431343.6509998,2,3993,0,200,104,33,13
1778431343.6543434,1,1908,0,46,104,39,0
1778431343.668348,2,3993,0,200,103,34,20
1778431343.6711173,1,1908,0,26,104,39,0
1778431343.6856966,2,3993,0,200,103,34,15
1778431343.6896632,1,1908,0,33,104,39,0
1778431343.7036994,2,3993,0,200,104,33,18
1778431343.7064998,1,1908,0,68,103,39,2
1778431343.720933,2,3993,0,200,104,33,15
1778431343.7249966,1,1906,-50,105,104,39,3
1778431343.7390482,2,3993,0,200,103,33,18
1778431343.7419093,1,1906,-50,146,103,39,4
1778431343.7565947,2,3993,0,200,103,33,14
1778431343.7599292,1,1903,-100,194,103,39,6
1778431343.7740104,2,3993,0,200,103,33,16
1778431343.7769184,1,1897,-300,240,103,39,8
1778431343.7913866,2,3993,0,200,102,34,20
1778431343.794628,1,1889,-300,282,102,39,9
1778431343.8088696,2,3993,0,200,103,34,16
1778431343.811787,1,1879,-500,314,102,39,9
1778431343.8256729,2,3993,0,200,102,33,13
1778431343.8287642,1,1867,-600,344,102,39,13
1778431343.842937,2,3993,0,200,102,34,19
1778431343.845888,1,1854,-700,379,102,39,12
1778431343.859748,2,3993,0,200,102,34,14
1778431343.8631916,1,1840,-800,408,102,39,16
1778431343.8776617,2,3993,0,200,102,34,14
1778431343.880647,1,1824,-900,432,102,39,16
1778431343.8945866,2,3993,0,200,102,34,17
1778431343.8975897,1,1806,-1000,448,102,39,16
1778431343.9122725,2,3993,0,200,102,34,14
1778431343.9156127,1,1788,-1000,463,102,39,17
1778431343.9298317,2,3993,0,200,102,33,14
1778431343.9326823,1,1770,-1000,471,102,39,16
1778431343.9472065,2,3993,0,200,102,33,16
1778431343.950777,1,1748,-1100,464,102,39,15
1778431343.9651039,2,3993,0,200,102,33,14
1778431343.9682593,1,1727,-1200,446,102,39,10
1778431343.9826922,2,3993,0,200,103,34,14
1778431343.9864109,1,1707,-1150,425,102,39,8
1778431344.0005286,2,3993,0,200,102,34,19
1778431344.003478,1,1689,-1100,401,103,39,10
1778431344.0179653,2,3993,0,200,103,33,14
1778431344.021532,1,1671,-1000,376,103,39,9
1778431344.0354679,2,3993,0,200,102,34,16
1778431344.0387523,1,1655,-950,351,103,39,8
1778431344.053385,2,3993,0,200,103,34,20
1778431344.0565526,1,1640,-850,322,103,39,6
1778431344.0705447,2,3993,0,200,103,34,16
1778431344.0735316,1,1625,-850,292,103,39,6
1778431344.0879989,2,3993,0,200,103,33,14
1778431344.0915403,1,1613,-800,259,103,39,5
1778431344.1055117,2,3993,0,200,103,33,14
1778431344.1083694,1,1603,-700,227,103,39,5
1778431344.1227891,2,3993,0,200,103,34,18
1778431344.1263206,1,1594,-600,198,103,39,4
1778431344.1404772,2,3993,0,200,103,33,14
1778431344.1434484,1,1587,-450,169,103,38,3
1778431344.1580112,2,3993,0,200,103,34,14
1778431344.161519,1,1581,-350,142,103,39,2
1778431344.1753874,2,3993,0,200,104,33,14
1778431344.178048,1,1576,-300,120,104,39,3
1778431344.192448,2,3993,0,200,104,33,16
1778431344.19578,1,1573,-150,104,104,39,3
1778431344.2096927,2,3993,0,200,104,33,14
1778431344.2124517,1,1571,-150,94,104,39,3
1778431344.2266893,2,3993,0,200,104,34,16
1778431344.2302327,1,1569,-150,83,104,39,2
1778431344.2443388,2,3993,0,200,103,34,19
1778431344.2471232,1,1569,-100,77,103,39,2
1778431344.261564,2,3993,0,200,103,34,15
1778431344.2653956,1,1569,0,77,104,39,3
1778431344.2792811,2,3993,0,200,103,33,18
1778431344.2821429,1,1569,0,77,103,39,2
1778431344.2966409,2,3993,0,200,103,34,14
1778431344.3001418,1,1569,0,77,104,39,2
1778431344.314129,2,3993,0,200,104,33,16
1778431344.3171034,1,1569,0,77,104,39,2
1778431344.3314815,2,3993,0,200,103,34,14
1778431344.3349347,1,1569,0,77,103,39,3
1778431344.348833,2,3993,0,200,103,34,14
1778431344.3515902,1,1569,0,77,104,39,2
1778431344.3661478,2,3993,0,200,104,34,14
1778431344.3698134,1,1569,0,77,104,39,3
1778431344.3838272,2,3993,0,200,104,33,17
1778431344.3867176,1,1569,0,77,104,39,3
1778431344.4010568,2,3993,0,200,103,34,13
1778431344.4049983,1,1569,0,77,104,39,3
1778431344.4189627,2,3993,0,200,104,34,13
1778431344.421939,1,1569,0,77,103,39,2
1778431344.4367821,2,3993,50,200,104,34,17
1778431344.4401205,1,1569,0,77,104,39,3
1778431344.4542189,2,3993,50,200,103,34,14
1778431344.4571373,1,1569,0,77,104,39,3
1778431344.4716747,2,3993,-50,200,103,33,17
1778431344.4748535,1,1569,0,77,103,39,3
1778431344.489814,2,3993,0,200,104,33,17
1778431344.4937832,1,1569,0,77,104,39,3
1778431344.5078063,2,3993,0,200,104,34,14
1778431344.5112257,1,1569,0,77,103,39,3
1778431344.525721,2,3993,0,200,103,33,16
1778431344.5287294,1,1569,0,77,104,39,3
1778431344.5426025,2,3993,0,200,104,34,20
1778431344.545688,1,1569,0,77,103,39,3
1778431344.5603604,2,3993,0,200,104,34,14
1778431344.563675,1,1569,0,77,104,39,2
1778431344.5777633,2,3993,0,200,104,33,13
1778431344.580614,1,1569,0,77,104,39,2
1778431344.5950372,2,3993,0,200,104,34,19
1778431344.5985954,1,1569,0,77,103,39,3
1778431344.612703,2,3993,0,200,103,34,16
1778431344.6155593,1,1569,0,77,103,38,3
1778431344.63007,2,3993,0,200,103,33,20
1778431344.6335657,1,1569,0,77,104,39,2
1778431344.647853,2,3993,0,200,104,34,14
1778431344.6509373,1,1569,0,77,104,39,2
1778431344.665249,2,3993,0,200,103,34,14
1778431344.669107,1,1569,0,77,104,39,2
1778431344.6832721,2,3993,0,200,103,34,20
1778431344.6863413,1,1569,0,77,103,39,2
1778431344.7007892,2,3993,0,200,103,33,16
1778431344.7039132,1,1569,0,77,104,39,3
1778431344.7178423,2,3993,0,200,103,33,14
1778431344.7206752,1,1569,0,77,104,39,2
1778431344.7351508,2,3993,0,200,104,33,14
1778431344.738469,1,1569,0,77,104,39,3
1778431344.7528217,2,3993,0,200,103,34,18
1778431344.755698,1,1569,0,77,104,39,3
1778431344.769612,2,3993,0,200,104,33,19
1778431344.7723944,1,1569,0,77,103,39,3
1778431344.787361,2,3993,0,200,103,33,13
1778431344.7909572,1,1569,0,77,104,39,2
1778431344.8052762,2,3993,0,200,104,34,18
1778431344.8080373,1,1569,0,77,103,39,2
1778431344.822352,2,3993,0,200,104,34,13
1778431344.8259463,1,1569,0,77,104,39,3
1778431344.8398795,2,3993,0,200,104,33,17
1778431344.8426158,1,1569,0,77,103,39,2
1778431344.8573332,2,3993,0,200,103,34,19
1778431344.861498,1,1569,0,77,104,39,2
1778431344.8755856,2,3993,0,200,103,34,18
1778431344.8789132,1,1569,0,77,104,39,2
1778431344.893516,2,3993,0,200,104,34,14
1778431344.8967385,1,1569,0,77,103,39,3
1778431344.910766,2,3993,0,200,104,33,14
1778431344.913896,1,1569,0,77,103,39,2
1778431344.928299,2,3993,0,200,103,33,16
1778431344.9317281,1,1569,0,77,104,39,2
1778431344.945833,2,3993,0,200,103,34,16
1778431344.9485958,1,1569,0,77,104,39,2
1778431344.9631422,2,3993,0,200,104,34,16
1778431344.9667444,1,1569,0,77,103,39,2
1778431344.9807262,2,3993,0,200,104,34,13
1778431344.9835057,1,1569,0,77,103,39,3
1778431344.9977658,2,3993,0,200,103,34,19
1778431345.001391,1,1569,0,77,104,39,2
1778431345.0153973,2,3993,0,200,104,34,14
1778431345.0184062,1,1569,0,77,104,39,2
1778431345.0329928,2,3993,0,200,103,34,19
1778431345.0362825,1,1569,0,77,104,39,3
1778431345.0504954,2,3993,0,200,103,33,14
1778431345.053452,1,1569,0,75,103,39,2
1778431345.0682526,2,3993,0,200,103,33,17
1778431345.0717168,1,1569,0,66,104,39,2
1778431345.085837,2,3993,0,200,104,34,18
1778431345.0887122,1,1569,0,51,104,39,1
1778431345.1033208,2,3993,0,200,104,33,14
1778431345.1070485,1,1569,0,30,104,39,0
1778431345.1214762,2,3993,0,200,104,34,16
1778431345.1245608,1,1569,0,29,104,39,0
1778431345.1384754,2,3993,0,200,103,33,13
1778431345.141387,1,1570,0,62,104,39,1
1778431345.1559076,2,3993,0,200,103,33,17
1778431345.1593444,1,1571,50,99,103,39,2
1778431345.17334,2,3993,0,200,103,33,20
1778431345.1760538,1,1572,50,140,103,39,3
1778431345.19037,2,3993,0,200,103,33,14
1778431345.1939454,1,1573,100,185,103,39,5
1778431345.20796,2,3993,0,200,102,33,14
1778431345.210725,1,1579,250,232,102,39,7
1778431345.2254765,2,3993,0,200,103,33,18
1778431345.2296643,1,1587,450,274,103,39,9
1778431345.2436655,2,3993,0,200,102,34,14
1778431345.2470114,1,1597,450,313,102,39,10
1778431345.261487,2,3993,0,200,102,34,14
1778431345.2647455,1,1609,550,351,102,39,13
1778431345.278649,2,3993,0,200,102,33,17
1778431345.2815425,1,1623,700,382,102,39,16
1778431345.296012,2,3993,0,200,102,33,14
1778431345.2992983,1,1639,850,406,102,39,13
1778431345.3131986,2,3993,0,200,103,33,14
1778431345.3159478,1,1656,950,424,102,39,12
1778431345.3302581,2,3993,0,200,102,34,14
1778431345.3338678,1,1674,1000,440,102,39,13
1778431345.34849,2,3993,0,200,102,34,14
1778431345.3514822,1,1693,1100,444,102,39,12
1778431345.3653588,2,3993,0,200,102,34,14
1778431345.3681386,1,1712,1100,440,102,39,12
1778431345.3828428,2,3993,0,200,103,33,16
1778431345.3864353,1,1733,1100,430,103,39,9
1778431345.400895,2,3993,0,200,103,34,14
1778431345.4037867,1,1753,1200,403,103,39,7
1778431345.417561,2,3993,0,200,103,34,18
1778431345.420334,1,1771,1100,383,103,39,6
1778431345.4346125,2,3993,0,200,103,33,18
1778431345.4381497,1,1788,1050,357,103,39,5
1778431345.452091,2,3993,0,200,103,34,16
1778431345.4549127,1,1804,950,333,103,39,5
1778431345.4697115,2,3993,0,200,103,33,18
1778431345.473666,1,1820,900,304,103,39,4
1778431345.4878976,2,3993,0,200,103,33,14
1778431345.4907243,1,1834,800,273,103,39,4
1778431345.5053663,2,3993,0,200,103,33,17
1778431345.5096164,1,1846,700,243,104,39,2
1778431345.5236678,2,3993,0,200,104,34,17
1778431345.527071,1,1858,600,213,103,39,3
1778431345.5415313,2,3993,0,200,104,34,18
1778431345.5446513,1,1867,600,181,103,39,2
1778431345.5585065,2,3993,0,200,103,33,19
1778431345.5615838,1,1874,500,153,104,39,1
1778431345.5760627,2,3993,0,200,104,33,14
1778431345.5793488,1,1880,400,124,104,39,2
1778431345.59325,2,3993,0,200,104,34,14
1778431345.5959978,1,1885,300,104,104,49,2
1778431345.6103847,2,3993,0,200,103,34,14
1778431345.6138508,1,1887,250,86,104,39,2
1778431345.627733,2,3993,0,200,103,34,14
1778431345.6310902,1,1890,150,72,104,39,2
1778431345.6455293,2,3993,0,200,103,34,15
1778431345.6485057,1,1891,50,65,103,48,1
1778431345.6624897,2,3993,0,200,103,34,13
1778431345.665523,1,1892,50,62,104,39,1
1778431345.6801023,2,3993,0,200,103,33,19
1778431345.683336,1,1893,50,58,104,39,1
1778431345.6972032,2,3993,0,200,104,34,18
1778431345.6999824,1,1894,50,55,104,39,1
1778431345.7139857,2,3993,0,200,104,33,19
1778431345.717614,1,1894,0,55,103,39,1
1778431345.7317169,2,3993,0,200,103,33,17
1778431345.7345092,1,1894,0,55,104,39,1
1778431345.7491307,2,3993,0,200,103,33,14
1778431345.7530456,1,1894,50,52,104,39,1
1778431345.766914,2,3993,0,200,103,33,14
1778431345.7698321,1,1893,-50,53,103,39,1
1778431345.7843554,2,3993,0,200,103,34,17
1778431345.787721,1,1893,50,53,104,39,2
1778431345.8017256,2,3993,0,200,104,34,14
1778431345.8044877,1,1894,50,50,104,39,1
1778431345.8189542,2,3993,0,200,104,33,14
1778431345.8221266,1,1894,0,51,104,39,1
1778431345.8364823,2,3993,0,200,104,33,16
1778431345.8395529,1,1894,-50,55,104,39,1
1778431345.8535225,2,3993,0,200,104,34,16
1778431345.8565478,1,1894,50,51,104,39,1
1778431345.8714972,2,3993,0,200,104,34,14
1778431345.8748531,1,1894,0,51,104,39,0
1778431345.888863,2,3993,0,200,103,33,14
1778431345.891573,1,1893,0,51,104,39,1
1778431345.9058955,2,3993,0,200,103,33,19
1778431345.9094923,1,1894,0,51,103,39,1
1778431345.9240396,2,3993,0,200,104,34,16
1778431345.9271073,1,1893,0,51,104,39,1
1778431345.9409592,2,3993,0,200,104,33,19
1778431345.9437306,1,1894,0,51,104,39,0
1778431345.958228,2,3993,0,200,104,33,17
1778431345.9621289,1,1894,0,51,104,39,1
1778431345.976151,2,3993,0,200,103,33,19
1778431345.9791322,1,1893,0,51,104,39,1
1778431345.9934504,2,3993,0,200,104,34,17
1778431345.9968472,1,1894,0,51,104,39,1
1778431346.010774,2,3993,0,200,104,34,15
1778431346.013694,1,1894,0,51,104,39,1
1778431346.0281937,2,3993,0,200,103,34,14
1778431346.0314498,1,1893,0,51,104,39,1
1778431346.0455651,2,3993,0,200,103,34,14
1778431346.0484815,1,1894,0,51,104,39,1
1778431346.062355,2,3993,0,200,103,34,14
1778431346.0652893,1,1894,0,51,104,39,1
1778431346.0797095,2,3993,0,200,103,33,14
1778431346.0830498,1,1894,0,51,104,39,1
1778431346.0969856,2,3993,0,200,103,34,14
1778431346.099801,1,1893,0,51,104,39,1
1778431346.1141844,2,3993,0,200,104,33,16
1778431346.1181412,1,1894,0,51,104,39,1
1778431346.1322536,2,3993,0,200,103,34,16
1778431346.1350055,1,1894,0,51,104,39,1
1778431346.149402,2,3993,0,200,104,33,15
1778431346.1531696,1,1893,0,51,104,39,2
1778431346.1671576,2,3993,0,200,103,33,20
1778431346.1701553,1,1893,0,51,104,39,1
1778431346.1844702,2,3993,0,200,103,33,16
1778431346.187658,1,1893,-50,53,104,39,1
1778431346.2017188,2,3993,0,200,104,34,14
1778431346.2046885,1,1894,50,53,104,39,1
1778431346.218935,2,3993,0,200,103,34,16
1778431346.2225206,1,1893,50,50,104,39,1
1778431346.2369533,2,3993,0,200,103,34,14
1778431346.2399426,1,1893,0,51,104,39,1
1778431346.2537792,2,3993,0,200,104,34,13
1778431346.2566776,1,1894,0,51,104,39,1
1778431346.2711515,2,3993,0,200,103,34,19
1778431346.274443,1,1894,0,51,103,39,0
1778431346.2887228,2,3993,0,200,103,34,16
1778431346.291688,1,1894,0,51,104,39,1
1778431346.3056576,2,3993,0,200,103,33,14
1778431346.3085566,1,1893,0,51,104,39,1
1778431346.3229325,2,3993,0,200,104,34,14
1778431346.326535,1,1894,0,51,103,39,0
1778431346.340575,2,3993,0,200,104,33,18
1778431346.343425,1,1894,0,51,104,39,1
1778431346.3577592,2,3993,0,200,103,33,14
1778431346.3613155,1,1894,0,51,104,39,1
1778431346.3751717,2,3993,0,200,104,34,14
1778431346.3780806,1,1894,0,51,104,39,1
1778431346.3924122,2,3993,0,200,104,34,16
1778431346.3957057,1,1893,0,51,104,39,0
1778431346.4097025,2,3993,0,200,103,34,14
1778431346.412644,1,1894,0,51,104,39,1
1778431346.427178,2,3993,0,200,103,34,16
1778431346.4304643,1,1894,0,51,104,39,0
1778431346.4443061,2,3993,0,200,104,34,14
1778431346.4471116,1,1893,0,51,104,39,1
1778431346.4617336,2,3993,0,200,103,33,16
1778431346.465698,1,1894,-50,53,104,39,1
1778431346.4795916,2,3993,0,200,103,33,14
1778431346.4827752,1,1894,50,53,104,39,1
1778431346.4973977,2,3993,0,200,102,33,17
1778431346.5006974,1,1893,50,50,104,39,1
1778431346.5146537,2,3993,0,200,104,34,14
1778431346.5175786,1,1893,0,51,104,39,1
1778431346.5320227,2,3993,0,200,103,34,20
1778431346.535474,1,1894,0,51,104,39,1
1778431346.5494463,2,3993,0,200,103,33,16
1778431346.5522099,1,1894,-50,54,104,39,1
1778431346.5666509,2,3993,0,200,103,34,14
1778431346.5701299,1,1894,50,52,104,39,1
1778431346.584089,2,3993,0,200,103,34,16
1778431346.5868433,1,1894,0,51,104,39,1
1778431346.6015065,2,3993,0,200,103,34,19
1778431346.608403,1,1894,0,51,104,39,1
1778431346.6232724,2,3993,0,200,103,34,19
1778431346.6272671,1,1893,0,51,104,39,1
1778431346.6412656,2,3993,0,200,104,34,17
1778431346.6440516,1,1894,0,51,104,39,1
1778431346.6585398,2,3993,0,200,103,34,14
1778431346.6620855,1,1894,0,51,104,39,1
1778431346.6762962,2,3993,0,200,104,34,14
1778431346.6792872,1,1894,0,51,103,39,1
1778431346.6937418,2,3993,0,200,104,34,15
1778431346.6977189,1,1894,0,51,104,39,1
1778431346.711597,2,3993,0,200,104,34,18
1778431346.7148852,1,1894,0,51,104,39,1
1778431346.7294393,2,3993,0,200,103,33,15
1778431346.7327142,1,1894,0,51,104,38,0
1778431346.7466245,2,3993,0,200,104,33,18
1778431346.7495406,1,1894,0,51,103,39,2
1778431346.7641022,2,3993,0,200,103,34,16
1778431346.76749,1,1894,-50,53,104,39,1
1778431346.7814157,2,3993,0,200,103,34,14
1778431346.784117,1,1894,50,53,104,39,1
1778431346.7983947,2,3993,0,200,104,34,20
1778431346.8019745,1,1894,0,51,104,39,1
1778431346.8159199,2,3993,0,200,104,34,14
1778431346.8186588,1,1894,0,51,103,39,1
1778431346.832971,2,3993,0,200,104,33,14
1778431346.8368425,1,1894,0,51,104,39,1
1778431346.8507028,2,3993,0,200,103,34,14
1778431346.8535933,1,1894,0,51,104,39,1
1778431346.8680782,2,3993,0,200,103,34,16
1778431346.8714921,1,1894,0,51,104,39,1
1778431346.8855138,2,3993,0,200,104,33,14
1778431346.8882694,1,1894,0,51,104,39,1
1778431346.902553,2,3993,0,200,104,33,14
1778431346.9061406,1,1894,0,51,104,39,1
1778431346.9201396,2,3993,0,200,104,34,18
1778431346.9229152,1,1894,-50,53,104,39,1
1778431346.9376252,2,3993,0,200,104,33,16
1778431346.9414995,1,1894,50,53,103,39,1
1778431346.9553213,2,3993,0,200,103,33,15
1778431346.9582403,1,1893,50,50,104,39,1
1778431346.9727597,2,3993,0,200,104,34,16
1778431346.9759288,1,1893,-50,55,104,39,0
1778431346.989796,2,3993,0,200,103,33,14
1778431346.99257,1,1894,50,51,103,39,1
1778431347.007001,2,3993,0,200,104,34,14
1778431347.0102189,1,1893,0,51,103,39,1
1778431347.0241127,2,3993,0,200,103,34,14
1778431347.026937,1,1894,0,51,104,39,1
1778431347.041672,2,3993,0,200,103,33,13
1778431347.045652,1,1894,0,51,104,39,1
1778431347.0595121,2,3993,0,200,104,34,18
1778431347.0626597,1,1894,0,51,104,39,1
1778431347.0772758,2,3993,0,200,103,34,14
1778431347.0804396,1,1894,0,51,104,39,1
1778431347.094558,2,3993,0,200,104,34,14
1778431347.0976045,1,1894,0,51,104,39,1
1778431347.112041,2,3993,0,200,103,34,20
1778431347.1155155,1,1894,0,51,103,39,1
1778431347.1295834,2,3993,0,200,104,34,14
1778431347.1332755,1,1894,0,51,103,39,1
1778431347.147906,2,3993,0,200,103,34,14
1778431347.1515603,1,1894,0,51,104,39,1
1778431347.1655893,2,3993,0,200,103,34,18
1778431347.1683326,1,1894,0,51,104,39,1
1778431347.182951,2,3993,0,200,104,34,16
1778431347.1866043,1,1894,-50,54,104,39,1
1778431347.2009811,2,3993,0,200,104,34,19
1778431347.2039583,1,1894,50,52,104,39,1
1778431347.2181885,2,3993,0,200,103,34,18
1778431347.2217185,1,1894,0,51,104,39,1
1778431347.235732,2,3993,0,200,104,33,17
1778431347.2385054,1,1893,-50,52,104,39,0
1778431347.2530627,2,3993,0,200,103,34,20
1778431347.2569714,1,1894,-50,56,103,39,1
1778431347.2709322,2,3993,0,200,103,34,14
1778431347.273912,1,1894,50,50,104,39,1
1778431347.288514,2,3993,0,200,103,34,14
1778431347.2918198,1,1894,0,51,104,39,0
1778431347.305755,2,3993,0,200,104,34,14
1778431347.3084722,1,1894,0,51,104,39,1
1778431347.32283,2,3993,0,200,103,34,14
1778431347.3264456,1,1894,0,51,103,39,1
1778431347.3404427,2,3993,0,200,104,34,14
1778431347.3431573,1,1894,0,51,104,39,1
1778431347.3581975,2,3993,0,200,104,34,14
1778431347.3621151,1,1893,0,51,104,39,1
1778431347.3761601,2,3993,0,200,104,34,16
1778431347.3799298,1,1894,0,51,104,39,1
1778431347.3944342,2,3993,0,200,103,34,13
1778431347.3973622,1,1894,0,51,104,39,1
1778431347.4113011,2,3993,0,200,103,34,16
1778431347.4144783,1,1894,0,51,104,39,1
1778431347.4289076,2,3993,0,200,103,33,19
1778431347.4321573,1,1894,-50,55,104,39,0
1778431347.446107,2,3993,0,200,103,33,18
1778431347.4489381,1,1894,50,51,103,39,1
1778431347.463315,2,3993,0,200,103,34,14
1778431347.466472,1,1894,0,51,104,39,1
1778431347.4803417,2,3993,0,200,103,33,14
1778431347.4831352,1,1894,0,51,104,39,1
1778431347.497508,2,3993,0,200,103,33,14
1778431347.5013742,1,1894,0,51,104,39,1
1778431347.5153315,2,3993,0,200,103,33,14
1778431347.5183265,1,1894,0,51,104,39,1
1778431347.5328417,2,3993,0,200,103,34,14
1778431347.5360386,1,1893,0,51,104,39,1
1778431347.5500014,2,3993,0,200,104,33,13
1778431347.5529368,1,1894,0,51,104,39,1
1778431347.5673277,2,3993,0,200,103,34,19
1778431347.5706391,1,1894,0,51,104,39,0
1778431347.5845647,2,3993,0,200,103,34,14
1778431347.587403,1,1894,0,51,103,39,1
1778431347.601636,2,3993,0,200,104,34,19
1778431347.6052566,1,1894,0,51,104,39,1
1778431347.6192393,2,3993,0,200,104,33,18
1778431347.6223145,1,1894,0,51,104,39,1
1778431347.6368365,2,3993,0,200,103,34,18
1778431347.6400185,1,1894,0,51,104,39,1
1778431347.653837,2,3993,0,200,103,34,14
1778431347.6566515,1,1893,-50,52,104,39,1
1778431347.6710067,2,3993,0,200,103,34,17
1778431347.6743848,1,1894,-50,56,104,39,2
1778431347.688844,2,3993,0,200,103,33,13
1778431347.692024,1,1894,50,50,104,39,1
1778431347.7060473,2,3993,0,200,104,33,16
1778431347.7089393,1,1894,0,51,103,39,1
1778431347.723379,2,3993,0,200,104,34,19
1778431347.7265775,1,1894,-50,54,104,39,1
1778431347.7404456,2,3993,0,200,104,33,16
1778431347.7432222,1,1894,50,52,104,39,1
1778431347.757648,2,3993,0,200,103,34,17
1778431347.761557,1,1894,0,51,104,39,2
1778431347.7756286,2,3993,0,200,103,33,14
1778431347.778823,1,1893,-50,53,104,39,1
1778431347.793349,2,3993,0,200,103,33,14
1778431347.7965112,1,1894,50,53,104,39,1
1778431347.8104508,2,3993,0,200,104,33,14
1778431347.8133829,1,1894,50,50,104,39,1
1778431347.8278794,2,3993,0,200,103,33,21
1778431347.8310928,1,1894,0,51,104,39,1
1778431347.8450007,2,3993,0,200,104,34,13
1778431347.84784,1,1894,-50,55,104,39,1
1778431347.862083,2,3993,0,200,103,34,14
1778431347.8656359,1,1894,50,52,104,39,1
1778431347.8797712,2,3993,0,200,103,34,17
1778431347.8826284,1,1894,0,51,104,39,1
1778431347.8969288,2,3993,0,200,103,34,18
1778431347.9008782,1,1894,0,51,104,39,1
1778431347.91487,2,3993,0,200,104,33,19
1778431347.9179184,1,1893,0,51,104,39,1
1778431347.9323328,2,3993,0,200,103,34,16
1778431347.9355361,1,1894,0,51,104,39,1
1778431347.9494517,2,3993,0,200,104,34,14
1778431347.9522839,1,1894,0,51,104,39,1
1778431347.966686,2,3993,0,200,103,34,17
1778431347.9703338,1,1894,0,51,104,39,1
1778431347.9849043,2,3993,0,200,104,34,19
1778431347.9881392,1,1894,0,51,104,39,1
1778431348.0024512,2,3993,0,200,103,34,17
1778431348.0059922,1,1894,0,51,104,39,1
1778431348.0200045,2,3993,0,200,103,34,16
1778431348.022815,1,1893,0,51,104,39,1
1778431348.0372295,2,3993,0,200,104,34,18
1778431348.041196,1,1894,-50,53,104,39,1
1778431348.0551817,2,3993,0,200,104,33,19
1778431348.058017,1,1894,50,53,104,39,1
1778431348.0724134,2,3993,0,200,103,34,19
1778431348.075757,1,1894,0,51,104,39,1
1778431348.089685,2,3993,0,200,103,34,14
1778431348.0924041,1,1894,0,51,103,39,0
1778431348.1069496,2,3993,0,200,103,33,14
1778431348.1105525,1,1894,-50,55,104,39,1
1778431348.1245708,2,3993,0,200,103,34,19
1778431348.1273167,1,1894,50,51,103,39,1
1778431348.1417358,2,3993,0,200,103,34,15
1778431348.1456075,1,1894,0,51,104,39,1
1778431348.1594982,2,3993,0,200,103,34,16
1778431348.1626804,1,1894,0,51,103,39,1
1778431348.177401,2,3993,0,200,104,34,18
1778431348.180575,1,1894,0,51,104,39,1
1778431348.1945703,2,3993,0,200,104,34,20
1778431348.1975212,1,1894,0,51,104,39,1
1778431348.2119715,2,3993,0,200,103,34,14
1778431348.2152708,1,1893,0,51,103,39,0
1778431348.2292428,2,3993,0,200,103,34,18
1778431348.2320204,1,1893,0,51,104,39,2
1778431348.2464652,2,3993,0,200,103,34,18
1778431348.250049,1,1894,-50,55,104,39,2
1778431348.2640688,2,3993,0,200,103,34,18
1778431348.2668436,1,1894,50,51,104,39,1
1778431348.2814581,2,3993,0,200,104,34,16
1778431348.2854192,1,1893,0,51,104,39,1
1778431348.2994642,2,3993,0,200,103,34,18
1778431348.3024402,1,1894,0,51,104,38,1
1778431348.3169615,2,3993,0,200,103,34,20
1778431348.320253,1,1894,0,51,103,39,1
1778431348.3341975,2,3993,0,200,104,33,19
1778431348.3370125,1,1894,0,51,104,39,1
1778431348.3515153,2,3993,0,200,104,33,13
1778431348.3549683,1,1894,0,51,104,39,0
1778431348.3689737,2,3993,0,200,103,34,14
1778431348.3717282,1,1894,0,51,103,39,1
1778431348.3860672,2,3993,0,200,104,34,14
1778431348.3897078,1,1894,0,51,104,39,1
1778431348.4037519,2,3993,0,200,103,34,13
1778431348.4065337,1,1894,0,51,104,39,1
1778431348.4210768,2,3993,0,200,103,34,19
1778431348.4250247,1,1894,0,51,104,39,0
1778431348.4390504,2,3993,0,200,103,34,14
1778431348.4419703,1,1894,0,51,104,39,1
1778431348.4563634,2,3993,0,200,103,34,14
1778431348.4596903,1,1894,-50,53,104,39,1
1778431348.4736133,2,3993,0,200,104,34,19
1778431348.4765022,1,1893,50,53,103,39,1
1778431348.4910088,2,3993,0,200,103,34,14
1778431348.4946003,1,1894,0,51,104,39,1
1778431348.5087414,2,3993,0,200,104,33,14
1778431348.5115232,1,1894,0,51,104,39,1
1778431348.525913,2,3993,0,200,104,33,18
1778431348.5298839,1,1894,0,51,103,39,1
1778431348.5441236,2,3993,0,200,104,33,16
1778431348.5468752,1,1894,-50,55,103,39,1
1778431348.5614219,2,3993,0,200,103,33,21
1778431348.5654175,1,1894,50,51,104,39,1
1778431348.579395,2,3993,0,200,103,33,14
1778431348.5824041,1,1894,0,51,104,39,0
1778431348.5968518,2,3993,0,200,104,33,14
1778431348.6002064,1,1893,0,51,104,39,1
1778431348.6141083,2,3993,0,200,104,34,13
1778431348.6169825,1,1893,0,51,104,39,1
1778431348.6314852,2,3993,0,200,103,34,14
1778431348.6347597,1,1894,-50,53,104,39,1
1778431348.6487215,2,3993,0,200,104,34,20
1778431348.6514912,1,1894,50,53,104,39,1
1778431348.6656644,2,3993,0,200,104,34,14
1778431348.6692278,1,1894,50,50,103,39,1
1778431348.6834483,2,3993,0,200,103,34,18
1778431348.6863012,1,1894,0,51,104,39,1
1778431348.7007477,2,3993,0,200,103,34,17
1778431348.70469,1,1894,0,51,104,39,1
1778431348.7187006,2,3993,0,200,103,34,14
1778431348.7215426,1,1894,0,51,104,39,1
1778431348.7359738,2,3993,0,200,103,34,12
1778431348.739288,1,1894,0,51,104,39,1
1778431348.7532258,2,3993,0,200,104,34,21
1778431348.7560928,1,1894,0,51,104,39,1
1778431348.770373,2,3993,0,200,103,34,16
1778431348.7740364,1,1894,0,51,104,39,1
1778431348.788131,2,3993,0,200,103,33,14
1778431348.790906,1,1894,0,51,104,39,1
1778431348.8051481,2,3993,0,200,103,34,16
1778431348.809079,1,1894,0,51,104,39,2
1778431348.8229678,2,3993,0,200,103,34,13
1778431348.8260486,1,1894,0,51,104,39,0
1778431348.8404365,2,3993,0,200,103,33,14
1778431348.8436472,1,1894,0,51,104,39,1
1778431348.8576217,2,3993,0,200,103,34,14
1778431348.8603818,1,1894,0,51,103,39,1
1778431348.8747177,2,3993,0,200,103,34,16
1778431348.8783011,1,1894,0,51,104,39,1
1778431348.8922436,2,3993,0,200,103,34,14
1778431348.8949974,1,1894,0,51,104,39,0
1778431348.9094107,2,3993,0,200,103,34,16
1778431348.91333,1,1894,0,51,103,39,1
1778431348.9274037,2,3993,0,200,104,33,14
1778431348.9306633,1,1893,-50,52,104,39,1
1778431348.9452362,2,3993,0,200,103,34,13
1778431348.9484334,1,1894,-50,56,104,39,2
1778431348.9625134,2,3993,0,200,103,34,14
1778431348.9655738,1,1894,50,50,104,39,1
1778431348.980046,2,3993,0,200,103,34,14
1778431348.983306,1,1894,0,51,104,39,0
1778431348.9977448,2,3993,0,200,104,33,14
1778431349.0017273,1,1894,0,51,104,39,1
1778431349.0156715,2,3993,0,200,104,34,20
1778431349.0187201,1,1893,0,51,104,38,1
1778431349.0332263,2,3993,0,200,104,34,14
1778431349.036453,1,1894,0,51,104,39,1
1778431349.050393,2,3993,0,200,104,34,14
1778431349.0532265,1,1894,0,51,103,39,1
1778431349.0675948,2,3993,0,200,104,34,16
1778431349.0710242,1,1894,0,51,104,39,1
1778431349.0849297,2,3993,0,200,103,34,14
1778431349.0876646,1,1894,0,51,104,39,1
1778431349.1023006,2,3993,0,200,103,34,14
1778431349.1085575,1,1894,-50,55,104,39,1
1778431349.1231503,2,3993,0,200,103,34,19
1778431349.127177,1,1894,50,50,104,39,1
1778431349.1415808,2,3993,0,200,103,34,17
1778431349.1446557,1,1894,0,51,104,39,1
1778431349.1591265,2,3993,0,200,103,34,14
1778431349.162659,1,1894,0,51,104,39,1
1778431349.176718,2,3993,0,200,103,34,17
1778431349.179477,1,1893,0,51,104,39,1
1778431349.1941538,2,3993,0,200,103,34,14
1778431349.1981955,1,1894,0,51,104,39,1
1778431349.212145,2,3993,0,200,103,34,14
1778431349.215959,1,1894,0,51,104,39,1
1778431349.2310085,2,3993,0,200,103,34,16
1778431349.23423,1,1894,0,51,104,39,1
1778431349.2480679,2,3993,0,200,103,34,20
1778431349.2508984,1,1894,0,51,103,39,1
1778431349.2652526,2,3993,0,200,104,34,15
1778431349.269154,1,1894,0,51,104,39,1
1778431349.2830205,2,3993,0,200,103,34,14
1778431349.285866,1,1894,0,51,104,39,1
1778431349.3003044,2,3993,0,200,104,34,14
1778431349.3036618,1,1894,0,51,104,39,1
1778431349.3176656,2,3993,0,200,103,34,14
1778431349.3204124,1,1894,0,51,104,39,1
1778431349.3351002,2,3993,0,200,103,33,19
1778431349.3384433,1,1894,0,51,103,39,1
1778431349.3523736,2,3993,0,200,103,33,18
1778431349.3552067,1,1894,0,51,104,39,1
1778431349.3697197,2,3993,0,200,103,33,14
1778431349.3735423,1,1894,-50,53,104,39,1
1778431349.387546,2,3993,0,200,103,33,14
1778431349.3911276,1,1894,50,53,103,39,1
1778431349.4055185,2,3993,0,200,103,34,14
1778431349.4085681,1,1894,0,51,104,39,1
1778431349.422438,2,3993,0,200,103,34,14
1778431349.42543,1,1894,0,51,103,39,1
1778431349.4398234,2,3993,0,200,104,34,14
1778431349.4430707,1,1894,0,51,104,39,1
1778431349.45697,2,3993,0,200,104,34,13
1778431349.4597423,1,1894,0,51,104,39,1
1778431349.4743605,2,3993,0,200,103,34,19
1778431349.4779575,1,1893,0,51,104,39,0
1778431349.4920192,2,3993,0,200,103,34,14
1778431349.49483,1,1894,0,51,104,39,1
1778431349.509449,2,3993,0,200,103,34,20
1778431349.513465,1,1894,0,51,104,39,1
1778431349.5273662,2,3993,0,200,103,34,14
1778431349.5303218,1,1894,0,51,104,39,1
1778431349.5448484,2,3993,0,200,104,33,14
1778431349.5480576,1,1894,0,51,104,39,1
1778431349.5620694,2,3993,0,200,104,34,19
1778431349.5649076,1,1894,0,51,104,39,1
1778431349.5793386,2,3993,0,200,104,34,15
1778431349.5825474,1,1894,0,51,104,39,1
1778431349.5964935,2,3993,0,200,103,33,14
1778431349.5993037,1,1894,0,51,104,39,1
1778431349.6135902,2,3993,0,200,104,34,17
1778431349.6171598,1,1894,0,51,104,39,1
1778431349.6310275,2,3993,0,200,103,34,19
1778431349.633897,1,1894,0,51,104,39,1
1778431349.648406,2,3993,0,200,104,34,14
1778431349.6517715,1,1894,0,51,104,39,1
1778431349.6657014,2,3993,0,200,103,34,14
1778431349.6684542,1,1894,0,51,103,39,1
1778431349.6829052,2,3993,0,200,103,34,20
1778431349.6863377,1,1894,0,51,103,39,1
1778431349.7002556,2,3993,0,200,104,34,19
1778431349.7030268,1,1894,0,51,104,39,1
1778431349.7177362,2,3993,0,200,103,34,14
1778431349.7216206,1,1894,-50,55,104,39,1
1778431349.7355778,2,3993,0,200,104,33,16
1778431349.7389505,1,1894,50,51,104,39,1
1778431349.7535603,2,3993,0,200,103,34,14
1778431349.7568142,1,1894,0,51,104,39,2
1778431349.7706738,2,3993,0,200,104,33,14
1778431349.7736704,1,1894,0,51,104,39,1
1778431349.78811,2,3993,0,200,104,34,21
1778431349.791414,1,1894,-50,53,104,39,0
1778431349.805456,2,3993,0,200,104,34,17
1778431349.8083246,1,1894,50,53,104,39,1
1778431349.8226364,2,3993,0,200,103,34,16
1778431349.8262267,1,1894,0,51,104,39,1
1778431349.8402982,2,3993,0,200,104,33,16
1778431349.843112,1,1894,0,51,104,39,2
1778431349.8576462,2,3994,0,200,104,34,20
1778431349.8614924,1,1894,0,51,104,39,1
1778431349.8754015,2,3993,0,200,103,33,14
1778431349.878265,1,1894,0,51,104,39,1
1778431349.8927305,2,3993,0,200,104,34,14
1778431349.8960059,1,1894,0,51,104,39,2
1778431349.9099379,2,3994,0,200,104,34,19
1778431349.912713,1,1894,0,51,104,39,1
1778431349.9271638,2,3993,0,200,104,33,17
1778431349.9306896,1,1894,0,51,104,39,1
1778431349.944912,2,3993,0,200,104,34,19
1778431349.9478416,1,1894,0,51,104,39,1
1778431349.962006,2,3993,0,200,103,34,16
1778431349.9650526,1,1894,0,51,104,39,1
1778431349.9794836,2,3993,0,200,104,34,20
1778431349.9828987,1,1894,0,51,104,39,1
1778431349.9970825,2,3993,0,200,104,34,18
1778431350.0000834,1,1894,0,51,104,39,1
1778431350.0140622,2,3993,0,200,104,34,16
1778431350.0169146,1,1894,0,51,104,39,1
1778431350.0314238,2,3993,0,200,103,34,14
1778431350.0346808,1,1894,0,51,104,39,0
1778431350.0489507,2,3993,0,200,104,34,19
1778431350.0518575,1,1894,0,51,104,39,1
1778431350.065716,2,3993,0,200,103,34,14
1778431350.0684962,1,1894,0,51,104,39,2
1778431350.0829628,2,3993,0,200,104,34,13
1778431350.0865667,1,1894,0,51,104,39,1
1778431350.1005266,2,3993,0,200,103,34,14
1778431350.1033049,1,1894,0,51,104,39,1
1778431350.117771,2,3993,0,200,103,34,16
1778431350.1214116,1,1894,0,51,104,39,2
1778431350.1352909,2,3993,0,200,103,34,17
1778431350.1384776,1,1894,0,51,103,39,1
1778431350.1531355,2,3993,0,200,103,34,14
1778431350.1563466,1,1894,0,51,104,39,1
1778431350.1704361,2,3993,0,200,103,34,14
1778431350.1733358,1,1893,0,51,104,39,1
1778431350.1871636,2,3993,0,200,103,34,14
1778431350.1904,1,1894,0,51,104,39,1
1778431350.2048936,2,3993,0,200,104,33,14
1778431350.2081378,1,1894,0,51,104,39,1
1778431350.2219741,2,3993,0,200,103,34,20
1778431350.2247465,1,1894,0,51,104,39,1
1778431350.2391226,2,3993,0,200,104,34,16
1778431350.24265,1,1894,0,51,104,39,1
1778431350.256987,2,3993,0,200,103,34,14
1778431350.2598875,1,1894,0,51,104,39,1
1778431350.2738457,2,3993,0,200,104,33,18
1778431350.2768142,1,1894,0,51,104,39,1
1778431350.2914805,2,3993,0,200,103,34,16
1778431350.2949347,1,1894,0,51,104,39,1
1778431350.3088334,2,3993,0,200,103,34,14
1778431350.3115814,1,1894,0,51,104,39,1
1778431350.3262782,2,3993,0,200,104,34,14
1778431350.3303046,1,1894,0,51,104,39,1
1778431350.3443387,2,3993,0,200,104,34,16
1778431350.347114,1,1894,0,51,104,39,1
1778431350.3615155,2,3993,0,200,104,33,14
1778431350.3651373,1,1894,0,51,104,39,1
1778431350.3792183,2,3993,0,200,104,34,19
1778431350.382408,1,1894,0,51,103,39,1
1778431350.3969295,2,3993,0,200,104,34,17
1778431350.400157,1,1893,0,51,104,39,1
1778431350.4141033,2,3993,0,200,103,34,14
1778431350.416859,1,1894,0,51,104,39,1
1778431350.4313536,2,3993,0,200,104,34,15
1778431350.4349735,1,1894,0,51,104,39,1
1778431350.4493604,2,3993,0,200,104,34,18
1778431350.4522274,1,1894,0,51,104,39,1
1778431350.4661093,2,3993,0,200,103,34,14
1778431350.4690516,1,1894,0,51,104,39,1
1778431350.4834938,2,3993,0,200,104,34,19
1778431350.486909,1,1894,0,51,104,39,1
1778431350.5007935,2,3993,0,200,103,34,20
1778431350.5035777,1,1894,0,51,103,39,1
1778431350.5179129,2,3993,0,200,103,34,17
1778431350.5214689,1,1894,0,51,104,39,1
1778431350.5355897,2,3993,0,200,104,34,14
1778431350.5384827,1,1894,0,51,104,39,1
1778431350.5528522,2,3993,0,200,103,34,17
1778431350.556773,1,1894,0,51,104,39,1
1778431350.570722,2,3993,0,200,104,34,18
1778431350.5736318,1,1893,0,51,104,39,1
1778431350.5880563,2,3993,0,200,103,34,13
1778431350.5914543,1,1894,-50,54,104,39,1
1778431350.6055944,2,3993,0,200,103,34,14
1778431350.6083603,1,1894,50,52,104,39,2
1778431350.6228096,2,3993,0,200,103,33,16
1778431350.6265476,1,1894,0,51,104,39,1
1778431350.6409342,2,3993,0,200,104,34,19
1778431350.643858,1,1894,0,51,104,39,2
1778431350.6576674,2,3993,0,200,104,34,14
1778431350.6605601,1,1894,0,51,104,39,1
1778431350.6751237,2,3993,0,200,103,33,16
1778431350.6784828,1,1894,0,51,104,39,0
1778431350.6924326,2,3993,0,200,103,34,14
1778431350.6952477,1,1894,0,51,104,39,1
1778431350.7095385,2,3993,0,200,104,34,18
1778431350.7130973,1,1894,0,51,104,39,1
1778431350.7271488,2,3993,0,200,103,34,17
1778431350.7301388,1,1894,0,51,104,39,1
1778431350.7445712,2,3993,0,200,103,34,14
1778431350.7477462,1,1893,0,51,104,39,1
1778431350.7616568,2,3993,0,200,103,34,14
1778431350.7644773,1,1894,0,51,104,39,1
1778431350.7789793,2,3993,0,200,104,34,14
1778431350.7822905,1,1894,0,51,103,39,1
1778431350.796247,2,3993,0,200,103,34,16
1778431350.7989993,1,1894,0,51,103,39,1
1778431350.8133824,2,3993,0,200,104,34,14
1778431350.8172123,1,1894,0,51,104,39,1
1778431350.8311293,2,3993,0,200,103,34,14
1778431350.833874,1,1894,0,51,104,39,1
1778431350.8482387,2,3993,0,200,103,34,14
1778431350.8515308,1,1894,-50,54,104,39,1
1778431350.865399,2,3993,0,200,104,34,17
1778431350.8683293,1,1894,50,52,103,39,1
1778431350.8827157,2,3993,0,200,103,34,19
1778431350.8859274,1,1894,0,51,104,39,1
1778431350.899822,2,3993,0,200,104,34,13
1778431350.9031844,1,1893,0,51,104,39,1
1778431350.9175758,2,3993,0,200,103,34,19
1778431350.920555,1,1894,0,51,104,39,1
1778431350.9344041,2,3993,0,200,103,34,19
1778431350.9374766,1,1894,0,51,103,39,1
1778431350.9520392,2,3993,0,200,103,34,14
1778431350.9553454,1,1894,0,51,104,38,0
1778431350.9693098,2,3993,0,200,104,34,16
1778431350.972029,1,1893,0,51,104,39,0
1778431350.9863915,2,3993,0,200,103,33,18
1778431350.9900517,1,1894,0,51,104,39,1
1778431351.0042224,2,3993,0,200,104,33,13
1778431351.0072198,1,1893,0,51,104,39,1
1778431351.0215476,2,3993,0,200,104,34,14
1778431351.0251248,1,1894,0,51,104,39,1
1778431351.0390368,2,3993,0,200,104,34,19
1778431351.0419052,1,1894,0,51,104,39,1
1778431351.0563602,2,3993,0,200,104,34,19
1778431351.05965,1,1894,0,51,104,39,1
1778431351.0736015,2,3993,0,200,104,34,18
1778431351.076392,1,1894,0,51,104,39,1
1778431351.0908558,2,3993,0,200,104,34,19
1778431351.09443,1,1894,0,51,104,39,1
1778431351.1087482,2,3993,0,200,103,34,17
1778431351.1116838,1,1893,0,51,104,39,1
1778431351.1261728,2,3993,0,200,103,34,19
1778431351.1296558,1,1894,0,51,104,39,1
1778431351.1437235,2,3993,0,200,104,34,14
1778431351.1466172,1,1894,0,51,104,39,1
1778431351.161313,2,3993,0,200,104,34,18
1778431351.1654592,1,1894,0,51,104,39,1
1778431351.179483,2,3993,0,200,104,34,14
1778431351.1827533,1,1894,0,51,104,39,1
1778431351.1973062,2,3993,0,200,104,34,14
1778431351.2004776,1,1894,0,51,103,39,2
1778431351.2144558,2,3993,0,200,104,34,13
1778431351.217558,1,1894,0,51,104,39,0
1778431351.2316148,2,3993,0,200,104,34,17
1778431351.2345707,1,1894,0,51,104,39,1
1778431351.2490532,2,3993,0,200,103,34,14
1778431351.2529361,1,1894,0,51,104,39,1
1778431351.2668066,2,3993,0,200,103,34,13
1778431351.2696903,1,1894,-50,54,104,39,1
1778431351.2841978,2,3993,0,200,104,34,21
1778431351.2875361,1,1894,50,52,104,39,1
1778431351.3014672,2,3993,0,200,103,33,14
1778431351.30425,1,1894,0,51,103,39,1
1778431351.3186784,2,3993,0,200,104,34,19
1778431351.3222091,1,1894,-50,53,104,39,1
1778431351.3362172,2,3993,0,200,103,34,13
1778431351.3389146,1,1894,50,53,104,39,1
1778431351.3532915,2,3993,0,200,103,34,16
1778431351.3600774,1,1894,50,50,104,39,1
1778431351.3747332,2,3993,0,200,103,34,19
1778431351.3786745,1,1894,0,51,104,39,1
1778431351.3927672,2,3993,0,200,103,34,17
1778431351.3955584,1,1893,0,51,104,39,2
1778431351.409922,2,3993,0,200,104,34,14
1778431351.4135876,1,1894,0,51,104,39,1
1778431351.4276001,2,3993,0,200,104,34,16
1778431351.4305978,1,1894,-50,55,104,39,1
1778431351.4451118,2,3993,0,200,104,34,14
1778431351.4483032,1,1894,50,51,104,39,1
1778431351.4622371,2,3993,0,200,103,34,14
1778431351.4650877,1,1894,0,51,103,39,1
1778431351.4795868,2,3993,0,200,103,34,19
1778431351.482812,1,1894,0,51,104,39,1
1778431351.496746,2,3993,0,200,103,34,20
1778431351.499495,1,1894,0,51,104,39,1
1778431351.5137556,2,3993,0,200,104,34,20
1778431351.517284,1,1894,0,51,104,39,1
1778431351.5311308,2,3993,0,200,103,34,16
1778431351.5340872,1,1894,0,51,104,39,1
1778431351.548673,2,3993,0,200,104,33,18
1778431351.552083,1,1894,0,51,104,39,1
1778431351.5660899,2,3993,0,200,103,34,17
1778431351.5689669,1,1894,0,51,103,39,1
1778431351.5833604,2,3993,0,200,103,34,14
1778431351.586574,1,1894,0,51,104,39,1
1778431351.600467,2,3993,0,200,103,34,14
1778431351.6032376,1,1894,0,51,104,39,0
1778431351.6177292,2,3993,0,200,104,34,14
1778431351.621698,1,1894,0,51,104,39,1
1778431351.635641,2,3993,0,200,104,34,17
1778431351.638934,1,1894,0,51,104,39,1
1778431351.653336,2,3993,0,200,103,34,18
1778431351.6564174,1,1894,0,51,104,39,1
1778431351.6702821,2,3993,0,200,103,34,19
1778431351.6731436,1,1894,0,51,103,39,1
1778431351.6876569,2,3993,0,200,103,34,17
1778431351.6911922,1,1894,0,51,104,39,1
1778431351.7053406,2,3993,0,200,104,34,14
1778431351.7081265,1,1894,0,51,104,39,1
1778431351.7224014,2,3993,0,200,104,34,14
1778431351.7259421,1,1894,0,51,103,39,1
1778431351.7399309,2,3993,0,200,104,34,16
1778431351.742725,1,1894,0,51,104,39,1
1778431351.7570376,2,3993,0,200,103,34,15
1778431351.7609468,1,1894,0,51,104,39,1
1778431351.7749858,2,3993,0,200,104,34,18
1778431351.7779124,1,1894,0,51,104,39,0
1778431351.7924237,2,3993,0,200,104,34,14
1778431351.795784,1,1894,0,51,103,39,0
1778431351.8097038,2,3993,0,200,103,34,14
1778431351.8124857,1,1894,0,51,104,39,1
1778431351.8270621,2,3993,0,200,103,34,14
1778431351.830637,1,1893,0,51,104,39,1
1778431351.8446174,2,3993,0,200,104,34,20
1778431351.8475175,1,1894,0,51,103,39,1
1778431351.8622425,2,3993,0,200,104,34,13
1778431351.8663397,1,1894,0,51,104,39,1
1778431351.88026,2,3993,0,200,103,34,19
1778431351.8835146,1,1894,0,51,104,39,1
1778431351.8983464,2,3993,0,200,104,34,13
1778431351.9015782,1,1894,0,51,104,39,1
1778431351.9158142,2,3993,0,200,103,34,20
1778431351.9188557,1,1894,0,51,104,39,1
1778431351.9327872,2,3993,0,200,103,34,14
1778431351.935698,1,1894,0,51,104,39,1
1778431351.9503303,2,3993,0,200,103,34,21
1778431351.9538674,1,1894,0,51,104,39,1
1778431351.967976,2,3993,0,200,103,34,17
1778431351.9708278,1,1894,0,51,103,39,1
1778431352.2763898,1,1941,150,589,89,39,120
1778431352.2901454,1,1941,150,626,87,39,137
1778431352.3036997,1,1942,0,672,86,39,152
1778431353.1105163,2,3993,0,200,82,34,11
1778431353.1240134,2,3993,0,200,81,34,11
1778431353.1376085,2,3993,0,200,81,34,11
1778431353.1509132,2,3993,0,200,81,34,11
1778431353.1643999,2,3993,0,200,81,34,11
1778431353.178217,2,3993,0,200,81,34,10
1778431353.1922238,2,3993,0,200,81,34,11
1778431353.205563,2,3993,0,200,82,34,13
1778431353.2191632,2,3993,0,200,81,34,13
1778431353.2327094,2,3993,0,200,81,34,14
1778431353.2460515,2,3993,0,200,81,34,12
1778431353.2595904,2,3993,0,200,81,34,13
1778431353.27289,2,3993,0,200,81,34,11
1778431353.2862754,2,3993,0,200,81,34,12
1778431353.2996097,2,3993,0,200,81,34,11
1778431353.3130744,2,3993,0,200,81,34,10
1778431353.326411,2,3993,0,200,81,34,11
1778431353.3399105,2,3993,0,200,82,34,11
1778431353.3532925,2,3993,0,200,81,34,11
1778431353.3668742,2,3993,0,200,81,34,16
1778431353.3803413,2,3993,0,200,81,34,11
1778431353.3939025,2,3993,0,200,81,34,10
1778431353.4073565,2,3993,0,200,81,34,13
1778431353.4208958,2,3993,0,200,81,34,11
1778431353.4344037,2,3993,0,200,81,34,11
1778431353.4478357,2,3993,0,200,81,34,10
1778431353.4613767,2,3993,0,200,81,34,11
1778431353.4748392,2,3993,0,200,81,34,16
1778431353.4881847,2,3993,0,200,81,34,11
1778431353.501612,2,3993,0,200,81,34,14
1778431353.515005,2,3993,0,200,81,34,11
1778431353.5287075,2,3993,0,200,81,34,11
1778431353.5424643,2,3993,0,200,81,34,14
1778431353.5559514,2,3993,0,200,82,34,10
1778431353.5694857,2,3993,0,200,81,34,11
1778431353.582847,2,3993,0,200,81,34,11
1778431353.5962262,2,3993,0,200,81,34,11
1778431353.6096795,2,3993,0,200,81,34,11
1778431353.6230855,2,3993,0,200,81,34,11
1778431353.637107,2,3993,0,200,81,34,10
1778431353.6506069,2,3993,0,200,81,34,10
1778431353.6640456,2,3993,0,200,81,34,16
1778431353.6776366,2,3993,0,200,81,34,12
1778431353.6910536,2,3993,0,200,81,34,11
1778431353.7046869,2,3993,0,200,81,34,11
1778431353.718448,2,3993,0,200,81,34,12
1778431353.7320964,2,3993,0,200,81,34,12
1778431353.7455003,2,3993,0,200,81,34,12
1778431353.7588785,2,3993,0,200,81,34,11
1778431353.77222,2,3993,0,200,81,34,11
1778431353.7856956,2,3993,0,200,81,34,11
1778431353.7991145,2,3993,0,200,81,34,10
1778431353.8125048,2,3993,0,200,81,34,11
1778431353.8261473,2,3993,0,200,81,34,11
1778431353.8398833,2,3993,0,200,81,34,13
1778431353.8532684,2,3993,0,200,81,34,11
1778431353.8667574,2,3993,0,200,81,34,11
1778431353.880201,2,3993,0,200,81,34,14
1778431353.893779,2,3993,0,200,81,34,11
1778431353.9071817,2,3993,0,200,81,34,11
1778431353.9212031,2,3993,0,200,81,34,13
1778431353.935551,2,3993,0,200,81,34,11
1778431353.9489486,2,3993,0,200,82,34,10
1778431353.9624,2,3993,0,200,81,34,14
1778431353.9759035,2,3993,0,200,81,34,13
1778431353.9892776,2,3993,0,200,81,34,11
1778431354.0029542,2,3993,0,200,81,34,11
1778431354.0164416,2,3993,0,200,81,34,14
1778431354.0299423,2,3993,0,200,81,34,11
1778431354.0434,2,3993,0,200,81,34,16
1778431354.057522,2,3993,0,200,81,34,11
1778431354.0710425,2,3993,0,200,81,34,12
1778431354.0843582,2,3993,0,200,82,34,12
1778431354.0976758,2,3993,0,200,81,34,11
1778431354.1112185,2,3993,0,200,81,34,10
1778431354.1251104,2,3993,0,200,81,34,12
1778431354.1385732,2,3993,50,200,81,34,12
1778431354.1520517,2,3993,50,200,82,34,11
1778431354.1655405,2,3993,-50,200,81,34,11
1778431354.178923,2,3993,0,200,81,34,12
1778431354.192349,2,3993,0,200,81,34,13
1778431354.205691,2,3993,0,200,82,34,12
1778431354.2188785,2,3993,0,200,81,34,11
1778431354.2323623,2,3993,0,200,82,34,13
1778431354.2458277,2,3993,0,200,82,34,11
1778431354.259196,2,3993,0,200,81,34,12
1778431354.2724864,2,3993,0,200,81,34,12
1778431354.2859354,2,3993,0,200,81,34,11
1778431354.2994418,2,3993,0,200,82,34,11
1778431354.3129687,2,3993,0,200,82,34,11
1778431354.3264208,2,3993,0,200,81,34,10
1778431354.3397434,2,3993,0,200,81,34,11
1778431354.3531988,2,3993,0,200,100,34,14
1778431354.366602,2,3993,0,200,101,34,18
1778431354.380106,2,3993,0,200,100,34,13
1778431354.393525,2,3993,0,200,102,34,14
1778431354.4070127,2,3993,0,200,101,34,14
1778431354.4203866,2,3993,0,200,101,34,14
1778431354.4337664,2,3993,0,200,102,34,17
1778431354.447201,2,3993,0,200,101,34,14
1778431354.4605105,2,3993,0,200,101,34,14
1778431354.4739382,2,3993,0,200,101,34,13
1778431354.4875407,2,3993,0,200,101,34,19
1778431354.5010521,2,3993,0,200,101,34,13
1778431354.514399,2,3993,0,200,101,34,14
1778431354.5277648,2,3993,0,200,101,34,14
1778431354.5410821,2,3993,0,200,101,34,17
1778431354.55439,2,3993,0,200,101,34,18
1778431354.5677762,2,3993,0,200,101,34,18
1778431354.581709,2,3993,0,200,101,34,16
1778431354.595725,2,3993,0,200,101,34,14
1778431354.6091344,2,3993,0,200,101,34,14
1778431354.6224957,2,3993,0,200,101,34,18
1778431354.6359198,2,3993,0,200,101,34,13
1778431354.6494825,2,3993,0,200,101,34,16
1778431354.6629894,2,3993,0,200,101,34,16
1778431354.6764774,2,3993,0,200,101,34,14
1778431354.689981,2,3993,0,200,101,34,14
1778431354.7033021,2,3993,0,200,101,34,14
1778431354.71667,2,3993,0,200,101,34,19
1778431354.7300568,2,3993,0,200,102,34,14
1778431354.7436442,2,3993,0,200,101,34,18
1778431354.7571669,2,3993,0,200,101,34,13
1778431354.7705595,2,3993,0,200,101,34,14
1778431354.7839746,2,3993,0,200,101,34,14
1778431354.7975855,2,3993,0,200,101,34,13
1778431354.8109899,2,3993,0,200,101,34,20
1778431354.8242629,2,3993,0,200,101,34,18
1778431354.837647,2,3993,0,200,101,34,16
1778431354.8510022,2,3993,0,200,101,34,16
1778431354.8643382,2,3993,0,200,101,34,14
1778431354.8777807,2,3993,0,200,101,34,18
1778431354.891105,2,3993,0,200,101,34,14
1778431354.9048827,2,3993,0,200,101,34,16
1778431354.9192805,2,3993,0,200,101,34,14
1778431354.932748,2,3993,0,200,101,34,13
1778431354.9461436,2,3993,0,200,101,34,18
1778431354.9594738,2,3993,0,200,101,34,14
1778431354.9728005,2,3993,0,200,101,34,13
1778431354.9863262,2,3993,0,200,101,34,14
1778431354.9997919,2,3993,0,200,101,34,14
1778431355.0136557,2,3993,0,200,101,34,14
1778431355.026987,2,3993,0,200,101,34,13
1778431355.0404186,2,3993,0,200,101,34,14
1778431355.053829,2,3993,0,200,101,34,19
1778431355.067207,2,3993,0,200,101,34,13
1778431355.0810065,2,3993,0,200,101,34,17
1778431355.0949357,2,3993,0,200,101,34,13
1778431355.110151,2,3993,0,200,101,34,20
1778431355.1234922,2,3993,0,200,101,34,17
1778431355.1371117,2,3993,0,200,101,34,16
1778431355.150834,2,3993,0,200,101,34,14
1778431355.164356,2,3993,0,200,101,34,14
1778431355.1778378,2,3993,0,200,101,34,14
1778431355.191345,2,3993,0,200,101,34,20
1778431355.2048666,2,3993,0,200,101,34,13
1778431355.2183747,2,3993,0,200,101,34,13
1778431355.2318394,2,3993,0,200,101,34,14
1778431355.2453709,2,3994,0,200,100,34,13
1778431355.2588313,2,3993,0,200,102,34,18
1778431355.2721183,2,3993,0,200,101,34,14
1778431355.2855282,2,3993,0,200,101,34,16
1778431355.2987955,2,3993,0,200,101,34,14
1778431355.3122475,2,3993,0,200,101,34,18
1778431355.3256085,2,3993,0,200,101,34,19
1778431355.3390896,2,3994,0,200,101,34,14
1778431355.3528771,2,3993,0,200,101,34,14
1778431355.3668494,2,3993,0,200,101,34,19
1778431355.380374,2,3993,0,200,101,34,14
1778431355.3938258,2,3993,0,200,101,34,15
1778431355.4071925,2,3993,0,200,101,34,13
1778431355.4206302,2,3993,0,200,101,34,16
1778431355.4341087,2,3993,0,200,101,34,13
1778431355.4476023,2,3993,0,200,101,34,14
1778431355.4610932,2,3993,0,200,101,34,13
1778431355.4745624,2,3993,0,200,101,34,16
1778431355.4879153,2,3993,0,200,101,34,14
1778431355.5013492,2,3993,0,200,101,34,14
1778431355.514872,2,3993,0,200,101,34,13
1778431355.5282333,2,3993,0,200,101,34,14
1778431355.5416365,2,3994,0,200,101,34,14
1778431355.554914,2,3993,0,200,101,34,18
1778431355.568437,2,3993,0,200,100,34,17
1778431355.581916,2,3993,0,200,101,34,14
1778431355.5954232,2,3993,0,200,101,34,17
1778431355.6090708,2,3993,0,200,101,34,14
1778431355.6223507,2,3993,0,200,101,34,20
1778431355.6356914,2,3993,0,200,101,34,17
1778431355.6491206,2,3993,0,200,101,34,14
1778431355.6623943,2,3993,0,200,101,34,14
1778431355.6758947,2,3993,0,200,101,34,14
1778431355.6897264,2,3993,0,200,101,34,13
1778431355.7030857,2,3993,0,200,101,34,19
1778431355.7163625,2,3993,0,200,101,34,13
1778431355.7296762,2,3993,0,200,101,34,18
1778431355.7431242,2,3993,0,200,101,34,18
1778431355.7567306,2,3993,0,200,101,34,14
1778431355.7706735,2,3993,0,200,101,34,17
1778431355.784537,2,3993,0,200,100,34,16
1778431355.7982454,2,3993,0,200,101,34,14
1778431355.8120286,2,3993,0,200,101,34,16
1778431355.8255029,2,3993,0,200,101,34,12
1778431355.8389294,2,3993,0,200,101,34,20
1778431355.8524315,2,3993,0,200,101,34,13
1778431355.8660078,2,3993,0,200,101,34,13
1778431355.8794346,2,3993,0,200,101,34,17
1778431355.8927362,2,3993,0,200,101,34,20
1778431355.9061906,2,3993,0,200,101,34,14
1778431355.919661,2,3993,0,200,101,34,14
1778431355.9335508,2,3993,0,200,101,34,16
1778431355.9476597,2,3993,0,200,101,34,17
1778431355.9610074,2,3993,0,200,101,34,19
1778431355.9744303,2,3993,0,200,101,34,16
1778431355.9879425,2,3993,0,200,101,34,16
1778431356.0013962,2,3993,0,200,101,34,13
1778431356.014909,2,3993,0,200,101,34,17
1778431356.0281756,2,3993,0,200,101,34,14
1778431356.0414705,2,3993,0,200,101,34,13
1778431356.055064,2,3993,0,200,101,34,17
1778431356.0687196,2,3993,0,200,101,34,19
1778431356.0821695,2,3993,0,200,100,34,14
1778431356.095537,2,3993,0,200,101,34,14
1778431356.1090283,2,3993,0,200,101,34,14
1778431356.1224415,2,3993,0,200,101,34,13
1778431356.135966,2,3993,0,200,101,34,18
1778431356.1494458,2,3993,0,200,101,34,14
1778431356.162835,2,3993,0,200,101,34,14
1778431356.1766613,2,3993,0,200,101,34,14
1778431356.1908293,2,3993,0,200,101,34,14
1778431356.2042315,2,3993,0,200,101,34,17
1778431356.2176878,2,3993,0,200,101,34,14
1778431356.231185,2,3993,0,200,100,34,13
1778431356.2445602,2,3993,0,200,101,34,13
1778431356.257956,2,3993,0,200,101,34,18
1778431356.2713308,2,3993,0,200,101,34,14
1778431356.2847548,2,3993,0,200,101,34,19
1778431356.2982078,2,3993,0,200,100,34,13
1778431356.3117197,2,3993,0,200,101,34,19
1778431356.3250327,2,3993,0,200,101,34,16
1778431356.3384657,2,3993,0,200,101,34,19
1778431356.3518438,2,3993,0,200,101,34,18
1778431356.365417,2,3993,0,200,101,34,16
1778431356.378972,2,3993,0,200,101,34,13
1778431356.3923407,2,3993,0,200,101,34,19
1778431356.4058385,2,3993,0,200,101,34,16
1778431356.4192088,2,3993,0,200,101,34,14
1778431356.4330382,2,3993,0,200,101,34,14
1778431356.446989,2,3993,0,200,101,34,17
1778431356.4603696,2,3993,0,200,100,34,14
1778431356.4738152,2,3993,0,200,101,34,14
1778431356.4872108,2,3993,0,200,101,34,14
1778431356.500674,2,3993,0,200,101,34,14
1778431356.514156,2,3993,0,200,101,34,17
1778431356.5275962,2,3993,0,200,100,34,16
1778431356.5409706,2,3993,0,200,101,34,17
1778431356.5544832,2,3993,0,200,101,34,13
1778431356.5678804,2,3993,0,200,101,34,14
1778431356.5812194,2,3994,0,200,101,34,14
1778431356.5945506,2,3993,0,200,101,34,19
1778431356.6080077,2,3993,0,200,101,34,19
1778431356.6215022,2,3993,0,200,101,34,13
1778431356.6350086,2,3993,0,200,101,34,17
1778431356.648311,2,3993,0,200,101,34,19
1778431356.6618433,2,3993,0,200,101,34,13
1778431356.6752138,2,3993,0,200,101,33,16
1778431356.6888516,2,3993,0,200,101,33,13
1778431356.7025983,2,3993,0,200,101,34,15
1778431356.7160032,2,3993,0,200,101,34,14
1778431356.7294016,2,3993,0,200,101,34,13
1778431356.7428236,2,3993,0,200,101,34,18
1778431356.756258,2,3993,0,200,101,34,14
1778431356.7696671,2,3993,0,200,101,34,14
1778431356.7830272,2,3993,0,200,101,34,18
1778431356.7963252,2,3993,0,200,101,34,13
1778431356.8098185,2,3993,0,200,101,34,19
1778431356.823218,2,3993,0,200,101,34,14
1778431356.8368618,2,3993,0,200,100,34,19
1778431356.8505757,2,3993,0,200,101,34,18
1778431356.8640387,2,3993,0,200,101,34,19
1778431356.877411,2,3993,0,200,101,34,14
1778431356.8907814,2,3993,0,200,101,34,16
1778431356.9042807,2,3993,0,200,101,34,14
1778431356.9178383,2,3993,0,200,101,34,13
1778431356.9312809,2,3993,0,200,101,34,16
1778431356.9446898,2,3993,0,200,101,34,19
1778431356.9582841,2,3993,0,200,101,34,18
1778431356.9717839,2,3993,0,200,101,34,14
1778431356.9853253,2,3993,50,200,101,34,17
1778431356.9987912,2,3993,50,200,101,34,19
1778431357.0123205,2,3993,-50,200,101,34,18
1778431357.0258121,2,3993,0,200,101,34,14
1778431357.0391774,2,3993,0,200,100,34,14
1778431357.0525582,2,3993,0,200,101,34,13
1778431357.066047,2,3993,0,200,101,34,13
1778431357.0795958,2,3993,0,200,101,34,16
1778431357.09304,2,3993,0,200,101,34,13
1778431357.1068332,2,3993,0,200,101,34,13
1778431357.1203277,2,3993,0,200,101,34,17
1778431357.133868,2,3993,0,200,101,34,14
1778431357.147309,2,3993,0,200,101,34,13
1778431357.1609063,2,3993,0,200,101,34,14
1778431357.174662,2,3993,0,200,101,34,13
1778431357.1880739,2,3993,0,200,101,34,13
1778431357.2014167,2,3993,0,200,101,34,17
1778431357.2147925,2,3993,0,200,101,34,14
1778431357.228315,2,3993,0,200,100,34,18
1778431357.241904,2,3993,0,200,100,34,18
1778431357.2552946,2,3993,0,200,101,34,14
1778431357.2691412,2,3993,0,200,101,34,14
1778431357.2825334,2,3993,0,200,100,34,15
1778431357.2959032,2,3993,0,200,101,34,19
1778431357.3093827,2,3993,0,200,101,34,13
1778431357.3228817,2,3993,0,200,100,34,17
1778431357.3363953,2,3993,0,200,101,34,13
1778431357.3501291,2,3993,0,200,101,34,13
1778431357.363593,2,3993,0,200,101,34,13
1778431357.3770833,2,3993,0,200,100,34,20
1778431357.3904352,2,3993,0,200,101,34,14
1778431357.403881,2,3993,0,200,100,34,14
1778431357.4177039,2,3993,0,200,101,34,17
1778431357.4310782,2,3993,0,200,100,34,18
1778431357.444507,2,3993,0,200,100,34,13
1778431357.4585245,2,3993,0,200,101,33,14
1778431357.472426,2,3993,0,200,101,34,13
1778431357.485809,2,3993,0,200,101,34,13
1778431357.4993753,2,3993,0,200,101,34,17
1778431357.51294,2,3993,0,200,101,34,13
1778431357.5263944,2,3993,0,200,100,34,13
1778431357.5398016,2,3993,0,200,101,34,19
1778431357.5534933,2,3993,0,200,100,34,18
1778431357.5668094,2,3993,0,200,101,34,14
1778431357.5801468,2,3993,0,200,100,34,14
1778431357.5935557,2,3993,0,200,100,34,20
1778431357.6068778,2,3993,0,200,101,34,13
1778431357.620383,2,3993,0,200,100,34,13
1778431357.6340759,2,3993,0,200,101,34,18
1778431357.6477945,2,3993,0,200,101,34,14
1778431357.6611192,2,3993,0,200,100,34,15
1778431357.6744225,2,3993,0,200,100,34,13
1778431357.6882377,2,3993,0,200,100,34,18
1778431357.7015905,2,3993,0,200,101,34,14
1778431357.714918,2,3993,0,200,100,34,14
1778431357.7284443,2,3993,0,200,101,34,13
1778431357.7420464,2,3993,0,200,100,34,14
1778431357.7555394,2,3993,0,200,101,34,18
1778431357.7690203,2,3993,0,200,101,34,17
1778431357.7825518,2,3993,0,200,101,34,18
