Timestamp,ID,Position,Speed,Load,Voltage,Temperature,Current
1777984381.5848153,1,3907,800,271,121,34
1777984381.597581,1,3919,850,267,121,34
1777984381.611176,1,3930,800,267,121,33
1777984381.6242163,1,3940,800,267,121,33
1777984381.6370192,1,3952,850,263,121,34
1777984381.6504285,1,3962,850,260,121,34
1777984381.6636229,1,3974,850,258,121,34
1777984381.676966,1,3985,850,255,121,33
1777984381.6901865,1,3996,800,255,121,33
1777984381.7033029,1,4006,800,255,121,34
1777984381.716373,1,4016,800,255,121,34
1777984381.729617,1,4027,750,257,121,34
1777984381.743051,1,4037,750,259,121,33
1777984381.7564583,1,4048,800,259,121,33
1777984381.769527,1,4059,800,259,121,34
1777984381.7817814,1,4070,800,259,121,34
1777984381.7938757,1,4080,850,256,121,34
1777984381.8060637,1,4090,800,255,121,34
1777984381.8179336,1,4,800,255,121,34
1777984381.8298788,1,13,800,255,121,34
1777984381.841877,1,23,800,255,121,33
1777984381.8537705,1,32,800,255,121,34
1777984381.8656363,1,42,800,255,121,33
1777984381.8774574,1,52,800,255,121,33
1777984381.8893516,1,61,800,255,121,33
1777984381.901383,1,71,800,255,121,34
1777984381.9131622,1,81,850,252,121,33
1777984381.9249387,1,91,800,251,121,33
1777984381.936858,1,99,800,251,121,34
1777984381.9486406,1,108,750,253,121,33
1777984381.9604447,1,118,750,255,121,33
1777984381.9721348,1,128,800,255,121,33
1777984381.984119,1,137,800,255,121,34
1777984381.9965637,1,147,800,255,120,33
1777984382.0092247,1,158,850,252,121,33
1777984382.0218022,1,168,850,250,121,33
1777984382.0341463,1,178,800,251,121,34
1777984382.0465236,1,188,800,251,121,34
1777984382.059458,1,198,800,251,121,34
1777984382.0726068,1,209,800,251,121,34
1777984382.0857198,1,219,800,251,121,33
1777984382.0987902,1,229,800,251,121,33
1777984382.1118295,1,240,800,251,121,33
1777984382.1248717,1,250,800,251,121,34
1777984382.1380982,1,261,800,251,121,33
1777984382.1512933,1,272,850,248,121,33
1777984382.1644127,1,283,800,247,121,34
1777984382.1775076,1,292,800,247,121,33
1777984382.1907558,1,303,750,249,121,34
1777984382.2041507,1,313,750,252,121,33
1777984382.216986,1,324,750,255,121,34
1777984382.230113,1,334,800,255,121,33
1777984382.2430336,1,345,850,253,121,34
1777984382.2564812,1,355,850,251,121,33
1777984382.2697296,1,367,800,251,121,34
1777984382.2829664,1,378,800,249,121,33
1777984382.296279,1,388,850,247,121,34
1777984382.3099618,1,399,800,247,121,34
1777984382.3234596,1,410,800,247,121,34
1777984382.3365862,1,420,800,247,121,33
1777984382.3498847,1,431,750,249,121,34
1777984382.363165,1,442,800,251,121,34
1777984382.3758273,1,453,800,251,121,33
1777984382.388614,1,463,800,251,121,33
1777984382.401769,1,473,800,251,121,34
1777984382.4151576,1,484,850,247,121,34
1777984382.42857,1,494,750,249,121,33
1777984382.4419935,1,505,750,251,121,34
1777984382.4545782,1,516,800,251,121,34
1777984382.4670417,1,526,800,251,121,33
1777984382.4795501,1,536,800,251,121,33
1777984382.4929414,1,546,800,251,121,34
1777984382.5058384,1,557,850,249,121,33
1777984382.518941,1,567,850,246,121,34
1777984382.532351,1,578,750,250,121,33
1777984382.545522,1,588,800,251,121,33
1777984382.5585294,1,599,800,251,121,33
1777984382.5717237,1,609,800,251,121,33
1777984382.5848825,1,620,800,251,121,34
1777984382.5980337,1,631,800,251,121,34
1777984382.61127,1,642,800,251,121,33
1777984382.6240282,1,652,800,251,121,34
1777984382.63732,1,663,800,251,121,34
1777984382.6501467,1,673,850,248,121,34
1777984382.6624246,1,684,800,247,121,33
1777984382.675057,1,693,800,247,121,34
1777984382.6876311,1,703,800,247,121,33
1777984382.6999161,1,714,800,247,121,33
1777984382.7130957,1,723,800,247,121,34
1777984382.725948,1,734,750,249,121,34
1777984382.738724,1,744,750,251,121,34
1777984382.7515793,1,755,850,247,121,33
1777984382.7644148,1,765,800,247,121,34
1777984382.7776191,1,775,800,247,121,34
1777984382.791231,1,785,800,247,121,33
1777984382.804231,1,796,750,249,121,34
1777984382.818218,1,806,750,251,121,34
1777984382.8312583,1,818,800,251,121,33
1777984382.844341,1,828,800,251,121,33
1777984382.8573222,1,839,800,251,121,34
1777984382.870758,1,849,800,251,121,33
1777984382.8840885,1,860,800,251,121,34
1777984382.8972116,1,871,800,251,121,33
1777984382.9106343,1,881,800,251,121,34
1777984382.9238384,1,892,800,251,121,33
1777984382.9367328,1,902,800,251,121,34
1777984382.9496994,1,912,800,251,121,33
1777984382.962917,1,923,800,251,121,33
1777984382.9755616,1,933,800,251,121,33
1777984382.9874153,1,944,800,251,121,34
1777984382.9992714,1,954,800,251,121,34
1777984383.0119202,1,963,800,251,121,33
1777984383.0245397,1,974,800,251,121,34
1777984383.037316,1,984,800,251,121,33
1777984383.0501747,1,993,750,254,121,33
1777984383.062878,1,1004,850,253,121,34
1777984383.0755296,1,1014,850,250,121,33
1777984383.088649,1,1024,750,254,121,34
1777984383.1015294,1,1035,800,255,121,34
1777984383.114012,1,1045,800,255,121,34
1777984383.126275,1,1055,850,252,121,33
1777984383.138979,1,1065,800,251,121,33
1777984383.1520214,1,1075,800,251,121,33
1777984383.1648796,1,1086,800,251,121,34
1777984383.1778343,1,1096,800,251,121,33
1777984383.190822,1,1106,800,251,121,33
1777984383.2038586,1,1117,800,251,121,33
1777984383.216984,1,1127,800,251,121,34
1777984383.2303085,1,1138,750,254,121,34
1777984383.243602,1,1149,850,252,121,34
1777984383.2566,1,1160,850,250,121,34
1777984383.2697227,1,1170,800,251,121,33
1777984383.2822156,1,1182,800,251,121,33
1777984383.2954946,1,1191,800,251,121,34
1777984383.3086555,1,1201,850,247,121,34
1777984383.321639,1,1213,750,249,121,34
1777984383.3347883,1,1223,750,251,121,34
1777984383.348227,1,1234,850,247,121,34
1777984383.3612907,1,1244,800,247,121,33
1777984383.374564,1,1256,800,247,121,33
1777984383.3877308,1,1266,800,247,121,34
1777984383.401296,1,1276,800,247,121,33
1777984383.4144728,1,1287,800,247,121,33
1777984383.427608,1,1298,800,247,121,33
1777984383.4410808,1,1308,750,248,121,34
1777984383.4544432,1,1319,750,251,121,34
1777984383.4676573,1,1330,800,251,121,33
1777984383.480451,1,1341,850,249,121,34
1777984383.4932249,1,1351,850,246,121,33
1777984383.506781,1,1361,800,247,121,33
1777984383.519905,1,1372,800,247,121,34
1777984383.5328476,1,1383,800,247,120,34
1777984383.546031,1,1393,800,247,121,33
1777984383.5590813,1,1403,750,248,121,33
1777984383.571694,1,1414,750,251,121,34
1777984383.5841634,1,1425,850,248,121,34
1777984383.5965853,1,1435,800,247,121,33
1777984383.6098216,1,1445,800,247,121,34
1777984383.6227598,1,1455,800,247,121,34
1777984383.6359575,1,1465,800,247,121,33
1777984383.6492317,1,1476,800,247,120,33
1777984383.6624556,1,1487,800,247,121,33
1777984383.6756272,1,1498,800,247,121,34
1777984383.687522,1,1508,800,247,121,33
1777984383.6999342,1,1517,800,247,121,34
1777984383.7125685,1,1527,800,247,121,34
1777984383.7253885,1,1537,800,247,121,34
1777984383.7379076,1,1548,800,247,121,34
1777984383.7505684,1,1558,800,247,121,33
1777984383.7629862,1,1569,800,247,121,33
1777984383.7757952,1,1578,800,247,121,34
1777984383.7884307,1,1588,800,247,121,33
1777984383.8009212,1,1598,750,249,121,33
1777984383.813632,1,1608,750,251,121,33
1777984383.8262172,1,1618,800,251,121,33
1777984383.8387868,1,1629,800,251,121,33
1777984383.8515682,1,1639,800,251,121,33
1777984383.8643005,1,1649,850,248,121,34
1777984383.877176,1,1660,800,247,121,34
1777984383.8901026,1,1670,800,247,121,34
1777984383.9030907,1,1680,800,247,121,33
1777984383.9157906,1,1690,750,248,121,33
1777984383.9288325,1,1701,750,250,121,34
1777984383.9416127,1,1711,800,251,121,33
1777984383.953485,1,1721,800,251,121,33
1777984383.965283,1,1731,850,247,121,33
1777984383.9774172,1,1741,800,247,121,34
1777984383.9898582,1,1751,800,247,121,34
1777984384.002667,1,1760,800,247,121,34
1777984384.0156903,1,1771,800,247,121,33
1777984384.028449,1,1781,800,247,121,33
1777984384.0413609,1,1791,800,247,121,34
1777984384.0540087,1,1802,800,247,121,33
1777984384.0670319,1,1811,800,247,121,33
1777984384.0798368,1,1822,800,247,121,33
1777984384.0925906,1,1832,800,247,121,33
1777984384.105987,1,1842,800,247,121,34
1777984384.1195948,1,1853,750,249,121,33
1777984384.1324716,1,1864,750,251,121,33
1777984384.1456468,1,1874,800,251,121,33
1777984384.158793,1,1885,800,251,121,33
1777984384.1724718,1,1895,800,251,121,33
1777984384.184549,1,1905,750,254,121,33
1777984384.197019,1,1915,800,255,121,34
1777984384.210284,1,1925,800,255,121,34
1777984384.2230985,1,1936,800,255,121,33
1777984384.2361572,1,1946,800,255,121,33
1777984384.2493834,1,1956,800,255,121,33
1777984384.2627127,1,1967,800,255,121,33
1777984384.2758589,1,1977,750,256,121,33
1777984384.2887936,1,1987,750,259,121,34
1777984384.3015375,1,1997,800,259,121,34
1777984384.314367,1,2007,750,260,121,34
1777984384.326832,1,2017,750,263,121,34
1777984384.3395197,1,2028,800,263,120,33
1777984384.352418,1,2037,800,263,121,34
1777984384.365682,1,2047,800,263,121,33
1777984384.3785944,1,2058,750,265,121,33
1777984384.3911688,1,2067,750,267,121,34
1777984384.4033673,1,2077,800,267,121,34
1777984384.4161382,1,2086,750,268,121,34
1777984384.4292195,1,2096,750,271,121,34
1777984384.4423847,1,2106,750,274,121,34
1777984384.4554994,1,2117,750,276,121,34
1777984384.468738,1,2127,750,279,121,34
1777984384.4819345,1,2138,800,279,121,33
1777984384.494865,1,2148,800,279,121,33
1777984384.5080855,1,2158,800,279,121,34
1777984384.5211885,1,2169,800,279,121,34
1777984384.5341673,1,2179,750,280,120,34
1777984384.5464962,1,2189,750,283,121,33
1777984384.559813,1,2198,800,283,121,34
1777984384.572841,1,2210,800,283,121,33
1777984385.3776734,1,2195,-800,261,121,33
1777984385.389678,1,2184,-850,259,121,33
1777984385.401821,1,2175,-850,257,121,33
1777984385.4143343,1,2165,-800,257,121,33
1777984385.42745,1,2155,-800,257,121,34
1777984385.4408185,1,2144,-800,257,121,34
1777984385.4535463,1,2133,-750,259,121,34
1777984385.4665828,1,2123,-750,262,121,33
1777984385.4797122,1,2112,-850,257,121,34
1777984385.4926307,1,2101,-850,254,121,34
1777984385.5055838,1,2090,-850,252,121,33
1777984385.5188742,1,2080,-800,253,121,34
1777984385.5320113,1,2070,-800,253,121,34
1777984385.5450919,1,2059,-800,253,121,33
1777984385.5585148,1,2049,-800,253,121,33
1777984385.5717466,1,2037,-800,253,121,34
1777984385.5847595,1,2027,-800,253,121,34
1777984385.597862,1,2016,-800,253,121,33
1777984385.6110067,1,2006,-850,251,121,33
1777984385.6241589,1,1994,-850,248,121,34
1777984385.637364,1,1984,-800,249,121,34
1777984385.6503978,1,1974,-800,249,121,34
1777984385.662945,1,1964,-800,249,121,34
1777984385.6761222,1,1953,-750,252,121,34
1777984385.6890137,1,1943,-800,253,121,34
1777984385.702102,1,1933,-800,253,121,33
1777984385.7149804,1,1922,-800,253,121,33
1777984385.727787,1,1911,-850,251,121,33
1777984385.740571,1,1901,-850,249,121,34
1777984385.753854,1,1890,-800,249,121,34
1777984385.7669318,1,1880,-750,250,121,33
1777984385.7802784,1,1870,-750,252,121,33
1777984385.7933927,1,1858,-850,250,121,34
1777984385.8063343,1,1848,-850,249,121,34
1777984385.819496,1,1838,-800,249,121,34
1777984385.8327525,1,1828,-800,249,121,33
1777984385.8455186,1,1817,-800,249,121,34
1777984385.8588681,1,1807,-800,249,121,34
1777984385.8718734,1,1795,-800,249,121,34
1777984385.8851163,1,1785,-800,249,121,34
1777984385.8982697,1,1774,-800,249,121,34
1777984385.911679,1,1764,-800,249,121,34
1777984385.9247775,1,1753,-800,249,121,34
1777984385.9373806,1,1743,-800,249,121,33
1777984385.9501736,1,1732,-800,249,121,33
1777984385.9624689,1,1722,-800,249,121,34
1777984385.9743645,1,1712,-800,249,121,33
1777984385.9861774,1,1703,-800,249,121,33
1777984385.9980707,1,1694,-800,249,121,33
1777984386.0099545,1,1684,-800,249,121,33
1777984386.0220659,1,1674,-800,249,121,33
1777984386.0345204,1,1665,-800,249,121,33
1777984386.0477955,1,1654,-800,249,121,34
1777984386.06094,1,1644,-800,249,121,34
1777984386.0734544,1,1634,-750,251,121,33
1777984386.0864158,1,1623,-850,251,121,34
1777984386.0995948,1,1612,-850,249,121,33
1777984386.1127214,1,1601,-850,246,121,34
1777984386.1259859,1,1591,-750,246,121,33
1777984386.1388667,1,1580,-750,249,121,34
1777984386.1518118,1,1570,-800,249,121,34
1777984386.1645617,1,1560,-800,249,121,34
1777984386.1770427,1,1550,-800,249,121,34
1777984386.190011,1,1540,-800,249,121,33
1777984386.203093,1,1529,-800,249,121,33
1777984386.2157512,1,1518,-850,245,121,34
1777984386.2290926,1,1508,-800,245,121,34
1777984386.2420058,1,1498,-800,245,121,34
1777984386.2553935,1,1486,-800,245,121,34
1777984386.2685826,1,1476,-800,245,121,33
1777984386.2816892,1,1466,-800,245,121,34
1777984386.2949774,1,1455,-800,245,121,33
1777984386.3080926,1,1444,-750,247,121,34
1777984386.3211608,1,1434,-750,249,121,33
1777984386.3342595,1,1423,-800,249,121,34
1777984386.347331,1,1412,-850,247,121,34
1777984386.3604465,1,1402,-850,244,121,33
1777984386.3735025,1,1391,-800,245,121,33
1777984386.3865058,1,1380,-800,245,121,34
1777984386.3993,1,1370,-800,245,121,33
1777984386.4118998,1,1361,-800,245,121,34
1777984386.4248567,1,1351,-750,246,121,33
1777984386.4373534,1,1340,-750,249,121,34
1777984386.4501739,1,1330,-850,246,121,34
1777984386.4628057,1,1319,-850,244,121,34
1777984386.4760807,1,1309,-800,245,121,34
1777984386.4894536,1,1298,-800,245,121,33
1777984386.5027971,1,1287,-800,245,121,33
1777984386.5156686,1,1277,-800,245,121,34
1777984386.5288856,1,1267,-800,245,121,33
1777984386.54221,1,1256,-800,245,121,34
1777984386.5552304,1,1246,-750,248,121,33
1777984386.567849,1,1236,-800,249,121,34
1777984386.5811133,1,1224,-800,249,121,33
1777984386.5939202,1,1214,-850,245,121,33
1777984386.605908,1,1203,-800,245,121,34
1777984386.618437,1,1194,-800,245,121,34
1777984386.6312666,1,1184,-750,248,121,33
1777984386.644431,1,1175,-800,249,121,34
1777984386.6574137,1,1164,-800,249,121,33
1777984386.670455,1,1153,-800,249,121,34
1777984386.6835072,1,1142,-850,247,121,34
1777984386.6963449,1,1132,-850,245,121,34
1777984386.709244,1,1122,-800,245,121,34
1777984386.7220743,1,1111,-800,245,121,33
1777984386.7348187,1,1101,-800,245,121,34
1777984386.7481892,1,1091,-750,247,121,34
1777984386.761441,1,1081,-750,250,121,33
1777984386.7745802,1,1070,-800,249,121,34
1777984386.7874238,1,1060,-800,249,121,34
1777984386.8007724,1,1050,-800,249,121,33
1777984386.8141038,1,1038,-800,249,121,34
1777984386.8273196,1,1028,-800,249,121,33
1777984386.8400505,1,1017,-800,249,121,34
1777984386.8529935,1,1007,-800,249,121,34
1777984386.865604,1,997,-800,249,121,33
1777984386.8787055,1,987,-800,249,121,34
1777984386.8917308,1,977,-750,252,121,33
1777984386.904613,1,966,-800,253,121,34
1777984386.917623,1,956,-800,253,121,33
1777984386.9304771,1,946,-800,253,121,34
1777984386.9428282,1,935,-800,253,121,34
1777984386.9551811,1,925,-800,253,121,34
1777984386.9685578,1,915,-800,253,121,34
1777984386.9819152,1,905,-750,254,121,34
1777984386.9949918,1,894,-750,257,121,34
1777984387.0080156,1,884,-800,257,121,33
1777984387.0208907,1,874,-800,257,121,33
1777984387.0330317,1,864,-800,257,121,34
1777984387.0456412,1,855,-750,259,121,33
1777984387.058445,1,844,-750,261,121,34
1777984387.0716383,1,834,-800,261,121,33
1777984387.0848253,1,823,-800,261,121,33
1777984387.0980473,1,813,-800,261,121,33
1777984387.1111863,1,804,-800,261,121,33
1777984387.1245446,1,792,-750,263,121,34
1777984387.137692,1,782,-750,265,121,33
1777984387.1508927,1,772,-800,265,121,33
1777984387.1639862,1,761,-800,265,121,33
1777984387.177007,1,751,-800,265,121,34
1777984387.1896315,1,741,-750,268,121,34
1777984387.2021136,1,731,-800,269,121,34
1777984387.2147448,1,721,-800,269,121,33
1777984387.2278516,1,710,-800,269,121,33
1777984387.2408924,1,700,-800,269,121,33
1777984387.2538207,1,690,-800,269,121,34
1777984387.2668262,1,680,-750,271,121,34
1777984387.2797365,1,670,-750,273,121,34
1777984387.2925112,1,660,-800,273,121,33
1777984387.3050497,1,650,-750,275,121,33
1777984387.317893,1,640,-750,277,121,33
1777984387.3305964,1,630,-800,277,120,33
1777984387.3433037,1,620,-750,279,121,33
1777984387.356534,1,611,-750,281,121,33
1777984387.369319,1,601,-750,284,120,34
1777984387.3826072,1,591,-800,285,121,34
1777984388.187387,2,1136,750,262,121,35
1777984388.2006023,2,1147,800,262,121,35
1777984388.2136443,2,1159,850,261,121,35
1777984388.2265048,2,1169,850,258,121,35
1777984388.2396808,2,1180,850,256,121,35
1777984388.2526252,2,1191,850,253,121,35
1777984388.2657433,2,1201,850,250,121,35
1777984388.278995,2,1212,750,252,121,35
1777984388.2922347,2,1222,750,255,121,35
1777984388.3053,2,1232,800,254,121,35
1777984388.3184206,2,1243,750,256,121,35
1777984388.3315346,2,1253,750,259,121,35
1777984388.3447006,2,1265,850,254,121,35
1777984388.3580027,2,1276,800,254,121,35
1777984388.3707862,2,1286,800,254,121,35
1777984388.3839777,2,1297,850,251,121,35
1777984388.3972237,2,1307,750,252,121,35
1777984388.409356,2,1316,750,255,121,36
1777984388.4219208,2,1326,750,257,121,35
1777984388.4348967,2,1336,800,258,121,35
1777984388.4477274,2,1347,800,258,121,35
1777984388.460955,2,1357,850,255,121,36
1777984388.4736378,2,1369,800,254,121,35
1777984388.4859712,2,1378,800,254,121,35
1777984388.4986649,2,1389,800,254,121,35
1777984388.511959,2,1400,800,254,121,35
1777984388.5253267,2,1409,800,254,121,35
1777984388.5379176,2,1419,750,256,121,35
1777984388.5509412,2,1430,750,259,121,35
1777984388.5639558,2,1440,800,258,121,35
1777984388.5770068,2,1451,850,256,121,35
1777984388.59012,2,1462,850,253,121,35
1777984388.6032155,2,1473,800,254,121,35
1777984388.616264,2,1483,850,252,121,35
1777984388.6294134,2,1495,850,249,121,35
1777984388.6425643,2,1504,800,250,121,35
1777984388.6552832,2,1514,750,252,121,35
1777984388.6684167,2,1524,750,255,121,35
1777984388.6816995,2,1535,750,257,121,35
1777984388.694581,2,1546,850,256,121,35
1777984388.7076738,2,1556,850,254,121,35
1777984388.720729,2,1567,800,254,121,35
1777984388.733516,2,1578,800,254,121,35
1777984388.7462327,2,1588,800,254,121,35
1777984388.7590063,2,1598,800,254,121,35
1777984388.772298,2,1607,750,255,121,35
1777984388.7849915,2,1617,750,258,121,35
1777984388.7977574,2,1628,800,258,121,35
1777984388.8106923,2,1639,800,258,121,35
1777984388.8234396,2,1649,800,258,121,35
1777984388.8361034,2,1660,850,256,121,35
1777984388.8483636,2,1670,850,253,121,35
1777984388.861526,2,1680,800,254,121,35
1777984388.8745186,2,1690,800,254,121,35
1777984388.8872893,2,1700,800,254,121,35
1777984388.900035,2,1711,750,257,121,35
1777984388.9125838,2,1721,800,258,121,35
1777984388.925341,2,1731,800,258,121,35
1777984388.9382157,2,1742,850,255,121,35
1777984388.9507236,2,1752,800,254,121,35
1777984388.963654,2,1763,800,254,121,34
1777984388.9763517,2,1774,850,252,121,35
1777984388.98907,2,1783,850,249,121,35
1777984389.001507,2,1793,800,250,121,35
1777984389.0143216,2,1803,750,252,121,35
1777984389.0271285,2,1812,750,255,121,35
1777984389.0393925,2,1823,800,254,121,35
1777984389.0517828,2,1832,750,256,121,35
1777984389.0638957,2,1843,750,258,121,35
1777984389.0765102,2,1853,850,255,121,35
1777984389.089276,2,1863,850,254,121,35
1777984389.1024292,2,1874,800,254,121,35
1777984389.1159892,2,1884,800,254,121,35
1777984389.1288931,2,1895,800,254,121,35
1777984389.142091,2,1904,750,258,121,35
1777984389.1553178,2,1915,800,258,121,35
1777984389.167943,2,1926,800,258,121,35
1777984389.1809263,2,1937,850,254,121,35
1777984389.1942441,2,1947,800,254,121,35
1777984389.207061,2,1958,800,254,121,35
1777984389.219904,2,1969,800,254,121,35
1777984389.233143,2,1979,850,252,121,35
1777984389.2460551,2,1989,850,249,121,35
1777984389.2591097,2,1999,750,253,121,35
1777984389.2724795,2,2009,800,254,121,35
1777984389.2863548,2,2021,800,254,121,35
1777984389.2998097,2,2032,800,254,121,35
1777984389.3131008,2,2043,800,254,121,35
1777984389.3255048,2,2054,800,254,121,35
1777984389.338052,2,2064,850,251,121,35
1777984389.3507035,2,2074,800,250,121,35
1777984389.363622,2,2084,800,250,121,35
1777984389.3768892,2,2093,750,253,121,35
1777984389.3898351,2,2104,800,254,121,35
1777984389.4029083,2,2112,800,254,121,35
1777984389.4156172,2,2121,650,262,120,35
1777984389.4288177,2,2129,600,271,120,35
1777984389.4417799,2,2137,600,282,120,35
1777984389.4548454,2,2145,600,292,120,35
1777984389.4676242,2,2153,600,302,120,35
1777984390.2719657,2,2142,-900,246,121,35
1777984390.2847703,2,2131,-850,242,121,35
1777984390.297559,2,2120,-850,240,121,35
1777984390.3109143,2,2112,-750,242,121,35
1777984390.323804,2,2101,-750,245,121,35
1777984390.3372312,2,2092,-750,247,121,35
1777984390.3498378,2,2082,-700,252,121,35
1777984390.3630798,2,2072,-700,258,121,35
1777984390.3758702,2,2061,-750,259,121,35
1777984390.3891084,2,2050,-850,257,121,35
1777984390.401867,2,2039,-850,255,121,35
1777984390.415142,2,2028,-850,252,121,35
1777984390.428551,2,2018,-850,250,121,35
1777984390.442,2,2006,-850,247,121,35
1777984390.4550624,2,1996,-800,248,121,35
1777984390.4677489,2,1986,-800,248,121,35
1777984390.4802425,2,1976,-800,248,121,35
1777984390.4930713,2,1966,-750,251,121,35
1777984390.5061746,2,1956,-850,250,121,35
1777984390.519293,2,1945,-850,247,121,35
1777984390.5325105,2,1934,-750,251,121,35
1777984390.5455878,2,1924,-850,250,121,35
1777984390.5578616,2,1913,-850,247,121,35
1777984390.5709198,2,1903,-800,248,121,35
1777984390.5835257,2,1893,-750,249,121,35
1777984390.59653,2,1884,-750,251,121,35
1777984390.6097176,2,1874,-750,254,121,35
1777984390.622783,2,1862,-750,254,120,35
1777984390.6355364,2,1852,-850,252,121,35
1777984390.6487293,2,1841,-800,252,121,35
1777984390.6619558,2,1830,-800,252,121,35
1777984390.674954,2,1820,-800,252,121,36
1777984390.687544,2,1809,-850,249,121,35
1777984390.70027,2,1799,-850,247,121,35
1777984390.7137833,2,1790,-800,248,121,35
1777984390.7268667,2,1779,-700,252,121,35
1777984390.7404563,2,1768,-700,257,121,35
1777984390.7530305,2,1757,-850,252,121,35
1777984390.766401,2,1746,-850,250,121,35
1777984390.7796562,2,1735,-850,247,121,35
1777984390.7927825,2,1725,-800,248,121,35
1777984390.8050098,2,1714,-800,248,121,35
1777984390.8176985,2,1704,-800,248,121,35
1777984390.8303223,2,1694,-800,248,121,35
1777984390.8429735,2,1685,-750,249,121,35
1777984390.8563602,2,1675,-750,252,121,35
1777984390.8694386,2,1664,-800,252,121,35
1777984390.882104,2,1654,-800,252,120,35
1777984390.8948014,2,1643,-800,252,121,35
1777984390.9081933,2,1633,-800,252,121,35
1777984390.9210947,2,1622,-800,252,121,35
1777984390.9340441,2,1611,-850,248,121,35
1777984390.946711,2,1602,-800,248,121,35
1777984390.9600446,2,1593,-800,248,121,35
1777984390.9732075,2,1582,-700,254,121,35
1777984390.9855793,2,1571,-800,256,121,35
1777984390.998319,2,1561,-800,256,121,35
1777984391.0115237,2,1550,-850,252,121,35
1777984391.0246286,2,1539,-800,252,121,35
1777984391.0373816,2,1528,-800,252,121,35
1777984391.0501757,2,1518,-850,249,121,35
1777984391.062627,2,1507,-800,248,121,35
1777984391.07498,2,1499,-800,248,121,35
1777984391.087753,2,1489,-700,253,121,35
1777984391.10101,2,1478,-700,256,121,35
1777984391.1131096,2,1467,-800,256,121,35
1777984391.1251736,2,1457,-900,251,121,35
1777984391.1375165,2,1447,-900,246,121,35
1777984391.1499987,2,1437,-800,248,121,35
1777984391.1626186,2,1427,-800,248,121,35
1777984391.1756818,2,1416,-800,248,121,35
1777984391.1888673,2,1407,-800,248,121,35
1777984391.2021039,2,1397,-750,249,120,35
1777984391.2151978,2,1386,-750,252,121,35
1777984391.2285812,2,1376,-800,252,121,35
1777984391.242069,2,1365,-800,252,121,35
1777984391.2552085,2,1354,-800,252,121,35
1777984391.2686083,2,1343,-800,252,121,35
1777984391.2819636,2,1332,-850,250,121,35
1777984391.2948232,2,1321,-850,247,121,35
1777984391.3079343,2,1311,-800,248,121,35
1777984391.321178,2,1302,-700,250,121,35
1777984391.3338668,2,1292,-700,256,121,35
1777984391.346491,2,1281,-800,256,121,35
1777984391.3606672,2,1271,-800,254,121,35
1777984391.3740816,2,1258,-850,252,121,35
1777984391.3871431,2,1247,-850,249,121,35
1777984391.3995194,2,1237,-800,248,121,35
1777984391.4123454,2,1226,-800,248,121,35
1777984391.4257252,2,1215,-850,245,121,35
1777984391.43894,2,1206,-850,243,121,35
1777984391.4519196,2,1196,-700,251,121,35
1777984391.465121,2,1186,-800,252,121,35
1777984391.4784203,2,1174,-800,252,121,35
1777984391.4916348,2,1164,-800,252,121,35
1777984391.5050318,2,1153,-850,249,121,35
1777984391.5182667,2,1141,-850,247,121,35
1777984391.5314136,2,1131,-850,244,121,35
1777984391.5450392,2,1120,-800,244,121,35
1777984391.558195,2,1110,-800,244,121,35
1777984391.571397,2,1101,-700,251,121,35
1777984391.584321,2,1091,-750,254,121,35
1777984391.5968847,2,1080,-750,256,121,35
1777984391.6098094,2,1070,-850,252,121,35
1777984391.62287,2,1059,-800,252,121,35
1777984391.635684,2,1048,-800,252,121,35
1777984391.6489341,2,1038,-800,252,121,35
1777984391.661617,2,1027,-850,250,121,35
1777984391.6739402,2,1017,-850,247,121,35
1777984391.686572,2,1008,-750,250,121,35
1777984391.6992986,2,998,-750,253,121,35
1777984391.712194,2,987,-750,256,121,35
1777984391.7250562,2,976,-850,253,121,35
1777984391.7379136,2,966,-850,252,121,35
1777984391.7511454,2,955,-800,252,121,35
1777984391.7643876,2,944,-850,249,121,35
1777984391.7777417,2,933,-850,247,121,35
1777984391.7909799,2,922,-800,248,121,35
1777984391.8040187,2,913,-750,250,121,35
1777984391.8185377,2,903,-750,253,121,35
1777984391.8317761,2,891,-800,252,121,35
1777984391.8449306,2,880,-800,252,121,35
1777984391.8580105,2,870,-800,252,120,35
1777984391.8708203,2,859,-800,252,121,35
1777984391.8835404,2,849,-800,252,120,35
1777984391.896134,2,838,-800,252,121,35
1777984391.9089298,2,828,-850,248,121,35
1777984391.921614,2,819,-750,250,121,35
1777984391.9341607,2,809,-750,252,121,35
1777984391.9466238,2,799,-750,255,121,35
1777984391.9592319,2,789,-800,256,121,35
1777984391.9718723,2,778,-800,256,121,35
1777984391.9846075,2,767,-850,253,121,35
1777984391.9972656,2,757,-800,252,121,35
1777984392.0099154,2,747,-800,252,121,35
1777984392.0225012,2,736,-850,249,121,35
1777984392.0343785,2,726,-850,247,121,35
1777984392.0462596,2,718,-800,248,121,35
1777984392.0580168,2,709,-750,249,121,35
1777984392.069768,2,699,-750,251,121,35
1777984392.0814896,2,689,-800,252,121,35
1777984392.0932353,2,679,-800,252,121,35
1777984392.1049504,2,670,-800,252,121,35
1777984392.1168935,2,660,-850,250,121,35
1777984392.128723,2,650,-850,248,121,35
1777984392.1405249,2,641,-850,245,121,35
1777984392.1530716,2,631,-850,243,121,35
1777984392.1658914,2,622,-750,247,121,35
1777984392.1788783,2,613,-700,251,121,35
1777984392.1919377,2,603,-700,256,121,35
1777984392.2041514,2,592,-800,256,121,35
1777984392.216719,2,582,-800,256,121,35
1777984392.2299623,2,571,-800,256,121,35
1777984392.243011,2,560,-850,253,121,35
1777984392.2561667,2,549,-850,252,121,35
1777984392.2690325,2,539,-800,252,121,35
1777984392.282048,2,529,-800,252,121,35
1777984392.2952244,2,520,-800,252,121,35
1777984392.3075821,2,510,-750,255,121,35
1777984392.320108,2,498,-800,256,121,35
1777984392.3322818,2,488,-800,256,121,35
1777984392.344258,2,478,-850,253,121,35
1777984392.356256,2,468,-850,250,121,35
1777984392.3681285,2,458,-850,248,121,35
1777984392.3799229,2,449,-800,248,121,35
1777984392.391723,2,439,-800,248,121,35
1777984392.403467,2,430,-800,248,121,35
1777984392.4151967,2,421,-750,249,121,35
1777984392.427168,2,412,-750,251,121,35
1777984392.4392264,2,402,-800,252,121,35
1777984392.4518194,2,392,-800,252,121,35
1777984392.4649177,2,381,-800,252,121,35
1777984392.4771838,2,371,-850,250,121,35
1777984392.4896812,2,361,-850,247,121,35
1777984392.5023465,2,351,-800,248,121,35
1777984392.5151498,2,341,-800,248,121,35
1777984392.5281343,2,332,-800,248,121,35
1777984392.5413373,2,322,-700,252,121,35
1777984392.554676,2,311,-700,256,121,35
1777984392.5680285,2,300,-800,256,121,35
1777984392.580918,2,289,-850,253,121,35
1777984392.5942774,2,279,-850,251,121,35
1777984392.6075902,2,267,-800,252,121,35
1777984392.620585,2,257,-800,252,121,35
1777984392.6333177,2,246,-800,252,121,35
1777984392.6464148,2,236,-850,248,121,35
1777984392.659895,2,227,-750,250,121,35
1777984392.6730502,2,215,-750,253,121,35
1777984392.686163,2,205,-750,255,121,35
1777984392.699291,2,194,-850,253,121,35
1777984392.712508,2,183,-850,251,121,35
1777984392.7255929,2,171,-850,248,121,35
1777984392.738527,2,161,-800,248,121,35
1777984392.751997,2,150,-800,248,121,35
1777984392.7651784,2,140,-800,248,121,35
1777984392.7787495,2,130,-750,250,121,35
1777984392.7918134,2,120,-750,252,121,35
1777984392.8047717,2,110,-750,255,121,35
1777984392.817682,2,98,-850,254,121,35
1777984392.8309636,2,88,-850,251,121,35
1777984392.8441703,2,76,-800,252,121,35
1777984392.857056,2,66,-850,250,121,35
1777984392.8702214,2,55,-850,247,121,35
1777984392.8846488,2,45,-800,248,121,35
1777984392.8981817,2,34,-750,250,121,35
1777984392.9115593,2,24,-750,252,121,35
1777984392.9247582,2,13,-750,255,121,35
1777984392.9379034,2,3,-800,256,121,35
1777984392.9505365,2,4087,-800,256,121,35
1777984392.9635234,2,4076,-850,252,121,35
1777984392.9765742,2,4066,-850,250,121,35
1777984392.989868,2,4055,-850,247,121,35
1777984393.0026498,2,4044,-800,248,121,35
1777984393.0160677,2,4035,-750,249,121,35
1777984393.028885,2,4025,-750,252,121,35
1777984393.0421116,2,4015,-800,252,121,35
1777984393.0550272,2,4003,-850,250,121,35
1777984393.0681605,2,3992,-850,247,121,35
1777984393.081438,2,3981,-800,248,121,35
1777984393.0948067,2,3971,-800,248,121,35
1777984393.107841,2,3960,-800,248,121,35
1777984393.1211135,2,3949,-850,245,121,35
1777984393.134213,2,3940,-700,247,121,35
1777984393.1468427,2,3930,-700,252,120,35
1777984393.159674,2,3920,-750,254,121,35
1777984393.1726418,2,3909,-850,254,121,35
1777984393.1852229,2,3899,-850,252,121,35
1777984393.1982255,2,3889,-800,252,120,35
1777984393.210853,2,3878,-800,252,121,35
1777984393.2237055,2,3868,-800,252,121,35
1777984393.2369971,2,3857,-850,249,121,35
1777984393.2501507,2,3847,-850,247,121,35
1777984393.263241,2,3837,-750,251,121,35
1777984393.2767572,2,3827,-750,254,121,35
1777984393.2899568,2,3816,-750,256,121,35
1777984393.3026576,2,3804,-800,256,121,35
1777984393.3155656,2,3794,-850,254,121,35
1777984393.3282719,2,3784,-850,251,121,35
1777984393.3416207,2,3773,-850,248,121,35
1777984393.3546524,2,3762,-800,248,121,35
1777984393.3678222,2,3751,-800,248,121,35
1777984393.3809114,2,3742,-800,248,121,35
1777984393.3937593,2,3732,-700,251,121,35
1777984393.4063811,2,3721,-700,256,121,35
1777984393.4195406,2,3710,-850,253,121,35
1777984393.4327145,2,3699,-850,250,121,35
1777984393.446063,2,3689,-850,247,121,35
1777984393.4590707,2,3678,-800,248,121,35
1777984393.4724264,2,3667,-800,248,121,35
1777984393.4857185,2,3657,-800,248,121,35
1777984393.4987319,2,3648,-750,250,121,35
1777984393.5118752,2,3638,-750,253,121,35
1777984393.5250022,2,3628,-750,256,121,35
1777984393.5383775,2,3616,-800,256,121,35
1777984393.5516348,2,3605,-850,254,121,35
1777984393.5651853,2,3595,-850,251,121,35
1777984393.5780702,2,3583,-800,252,121,35
1777984393.5911746,2,3573,-800,252,121,35
1777984393.6043193,2,3562,-800,252,121,35
1777984393.6175346,2,3552,-800,252,121,35
1777984393.6309447,2,3542,-750,253,121,35
1777984393.6439636,2,3532,-750,256,121,35
1777984393.6563725,2,3521,-800,256,121,35
1777984393.6689446,2,3509,-800,256,121,35
1777984393.682116,2,3499,-850,252,121,35
1777984393.695468,2,3488,-850,249,121,35
1777984393.7082276,2,3477,-850,247,121,35
1777984393.7205045,2,3467,-800,248,121,35
1777984393.733152,2,3457,-850,246,121,35
1777984393.7463636,2,3448,-850,243,121,35
1777984393.7596714,2,3438,-700,250,121,35
1777984393.7728894,2,3427,-800,252,121,35
1777984393.786349,2,3416,-800,252,121,35
1777984393.7995832,2,3405,-850,248,121,35
1777984393.8127322,2,3395,-800,248,121,35
1777984393.8259807,2,3383,-800,248,121,35
1777984393.8387482,2,3373,-800,248,121,35
1777984393.8519444,2,3362,-800,248,121,35
1777984393.865355,2,3354,-800,248,121,35
1777984393.8783774,2,3344,-700,254,121,35
1777984393.891301,2,3332,-800,256,121,35
1777984393.9042912,2,3321,-800,256,121,35
1777984393.9173765,2,3310,-850,253,121,35
1777984393.9303882,2,3299,-850,250,121,35
1777984393.9433987,2,3289,-850,247,121,35
1777984393.9561963,2,3278,-800,248,121,35
1777984393.969426,2,3267,-850,246,121,35
1777984393.9828982,2,3258,-850,244,121,35
1777984393.996235,2,3248,-700,249,121,35
1777984394.0090115,2,3237,-800,252,121,35
1777984394.0223334,2,3226,-800,252,121,35
1777984394.0353112,2,3215,-850,249,121,35
1777984394.0479264,2,3205,-800,248,121,35
1777984394.0597785,2,3194,-800,248,121,35
1777984394.0717342,2,3184,-850,246,121,35
1777984394.0837436,2,3174,-850,243,121,35
1777984394.0958898,2,3165,-800,244,120,35
1777984394.1082413,2,3157,-700,246,121,35
1777984394.121621,2,3148,-700,252,121,35
1777984394.1340823,2,3137,-750,254,121,35
1777984394.1468015,2,3125,-750,257,121,35
1777984394.1592634,2,3116,-850,252,121,35
1777984394.1719644,2,3105,-850,249,121,35
1777984394.1847003,2,3095,-850,247,121,35
1777984394.1978595,2,3085,-800,248,121,35
1777984394.2109575,2,3073,-800,248,121,35
1777984394.2240784,2,3064,-800,248,121,35
1777984394.2372189,2,3054,-750,251,121,35
1777984394.2505262,2,3044,-800,252,121,35
1777984394.2637763,2,3034,-800,252,121,35
1777984394.276846,2,3024,-700,258,121,35
1777984394.2900667,2,3016,-700,263,120,35
1777984394.3033557,2,3007,-700,268,120,35
1777984394.3167083,2,2997,-700,274,120,35
1777984394.3299527,2,2989,-700,279,120,35
1777984394.3426635,2,2979,-700,284,120,35
1777984394.3555174,2,2970,-650,293,120,35
1777984394.3684247,2,2961,-700,299,120,35
1777984394.8725035,1,477,0,23,120,33
1777984394.874696,2,2869,0,124,121,35
1777984394.8873818,1,477,0,23,121,34
1777984394.889146,2,2869,0,124,121,35
1777984394.9018543,1,477,0,23,121,34
1777984394.9038646,2,2869,0,124,121,35
1777984394.9174063,1,477,0,23,121,34
1777984394.919605,2,2869,0,124,121,35
1777984394.932708,1,477,0,23,121,34
1777984394.9348376,2,2869,0,124,121,35
1777984394.9480686,1,477,0,23,121,34
1777984394.9501753,2,2869,0,124,121,35
1777984394.9631245,1,477,0,23,121,34
1777984394.965207,2,2869,0,124,121,35
1777984394.9787042,1,476,0,23,121,34
1777984394.9804063,2,2869,0,124,121,35
1777984394.9929478,1,477,0,23,121,33
1777984394.9946811,2,2869,0,124,121,35
1777984395.0072522,1,477,0,23,121,34
1777984395.0089564,2,2869,0,124,121,35
1777984395.0215883,1,477,0,23,121,34
1777984395.0235178,2,2869,0,124,121,35
1777984395.0372858,1,477,0,23,121,34
1777984395.0392118,2,2869,0,124,121,35
1777984395.0524528,1,477,0,23,121,34
1777984395.0542662,2,2868,0,124,121,35
1777984395.067172,1,477,0,23,121,34
1777984395.0689578,2,2869,0,124,121,35
1777984395.081803,1,477,0,23,121,33
1777984395.0837462,2,2869,0,124,121,35
1777984395.097816,1,477,0,23,121,34
1777984395.0999184,2,2869,0,124,121,35
1777984395.113406,1,477,0,23,121,33
1777984395.115414,2,2869,0,124,121,35
1777984395.1288087,1,477,0,23,121,33
1777984395.1308753,2,2869,0,124,121,35
1777984395.1434205,1,477,0,23,121,33
1777984395.1452053,2,2869,0,124,121,35
1777984395.1586564,1,477,0,23,120,33
1777984395.1608717,2,2869,0,124,121,35
1777984395.173432,1,477,0,23,120,34
1777984395.1751351,2,2869,0,124,121,35
1777984395.1877887,1,477,0,23,121,34
1777984395.189525,2,2869,0,124,121,35
1777984395.2023098,1,477,0,23,121,34
1777984395.2040114,2,2869,0,124,121,35
1777984395.2171147,1,477,0,23,121,33
1777984395.2187848,2,2869,0,124,121,35
1777984395.231567,1,477,0,23,121,34
1777984395.2337005,2,2869,0,124,121,35
1777984395.2469738,1,477,0,23,121,33
1777984395.2496517,2,2869,0,124,121,35
1777984395.263386,1,477,0,23,121,34
1777984395.265565,2,2869,0,124,121,35
1777984395.2789028,1,477,0,23,121,34
1777984395.2806668,2,2869,0,124,121,35
1777984395.2932184,1,477,0,23,121,34
1777984395.2950962,2,2869,0,124,121,35
1777984395.309038,1,477,0,23,121,34
1777984395.3112009,2,2869,0,124,121,35
1777984395.324201,1,477,0,23,121,33
1777984395.3259375,2,2869,0,124,121,35
1777984395.3384688,1,477,0,23,120,34
1777984395.3401868,2,2869,0,124,121,35
1777984395.3531754,1,477,0,23,121,34
1777984395.354932,2,2869,0,124,121,35
1777984395.3679729,1,477,0,23,121,34
1777984395.3697648,2,2869,0,124,121,35
1777984395.3827612,1,477,0,23,121,33
1777984395.384492,2,2869,0,124,120,35
1777984395.397208,1,477,0,23,121,34
1777984395.399085,2,2869,0,124,121,36
1777984395.412722,1,477,0,23,121,33
1777984395.414808,2,2869,0,124,121,35
1777984395.4275181,1,477,0,23,120,34
1777984395.4297721,2,2869,0,124,121,35
1777984395.442622,1,477,0,23,120,34
1777984395.4445102,2,2869,0,124,121,35
1777984395.4579666,1,477,0,23,120,34
1777984395.4602027,2,2869,0,124,121,35
1777984395.4727495,1,477,0,23,121,34
1777984395.4745493,2,2869,0,124,121,35
1777984395.488192,1,477,0,23,121,33
1777984395.4902165,2,2869,0,124,121,35
1777984395.5030231,1,477,0,23,121,34
1777984395.5049317,2,2868,-50,122,121,35
1777984395.5177815,1,477,0,23,121,34
1777984395.519494,2,2869,-50,119,121,35
1777984395.5322149,1,477,0,23,121,33
1777984395.5344326,2,2869,50,123,121,35
1777984395.5474708,1,477,0,23,121,34
1777984395.5496366,2,2869,0,124,121,35
1777984395.5635307,1,477,0,23,121,34
1777984395.5653727,2,2868,-50,121,121,35
1777984395.577804,1,477,0,23,121,34
1777984395.5794942,2,2869,-50,119,121,35
1777984395.5920243,1,477,0,23,121,34
1777984395.5937421,2,2868,50,123,121,35
1777984395.6063793,1,477,0,23,121,34
1777984395.6081493,2,2868,-50,121,121,35
1777984395.6207025,1,477,0,23,121,34
1777984395.6224122,2,2868,0,120,121,35
1777984395.6349876,1,477,0,23,121,34
1777984395.6366937,2,2868,0,120,121,35
1777984395.649198,1,477,0,23,121,34
1777984395.6509356,2,2868,0,120,121,35
1777984395.6636102,1,477,0,23,121,34
1777984395.6654675,2,2867,0,120,121,35
1777984395.6787732,1,477,0,23,121,33
1777984395.680835,2,2867,-50,118,121,35
1777984395.6947749,1,477,0,23,121,34
1777984395.6968372,2,2865,-50,115,121,35
1777984395.709947,1,477,0,23,121,34
1777984395.7120516,2,2863,-100,108,121,35
1777984395.7255807,1,477,0,23,121,34
1777984395.7274926,2,2862,-100,102,121,35
1777984395.739972,1,477,0,23,121,34
1777984395.741697,2,2860,-150,95,121,35
1777984395.7547636,1,477,0,23,121,34
1777984395.7572927,2,2858,-150,86,121,35
1777984395.7702897,1,477,0,23,121,34
1777984395.7724285,2,2856,-150,77,121,35
1777984395.7855542,1,477,0,23,121,34
1777984395.7875056,2,2854,-100,70,121,35
1777984395.8006024,1,477,0,23,121,34
1777984395.8031573,2,2852,-150,62,121,35
1777984395.8167903,1,477,0,23,121,34
1777984395.8188078,2,2850,-150,53,121,35
1777984395.832217,1,477,0,23,121,34
1777984395.8345895,2,2848,-150,43,121,35
1777984395.848321,1,477,0,23,121,34
1777984395.8508546,2,2847,-100,37,121,35
1777984395.864309,1,477,0,23,121,34
1777984395.8666759,2,2845,-50,33,121,35
1777984395.8801508,1,477,0,23,121,33
1777984395.8821888,2,2844,-100,28,121,35
1777984395.894949,1,477,0,23,121,34
1777984395.8967876,2,2843,-100,22,121,35
1777984395.9100487,1,477,0,23,121,34
1777984395.9127846,2,2843,-50,20,121,35
1777984395.9258597,1,477,0,23,121,33
1777984395.9280863,2,2843,0,20,121,35
1777984395.9418116,1,477,0,23,121,34
1777984395.9445667,2,2843,0,20,121,35
1777984395.9575138,1,477,0,23,121,34
1777984395.959554,2,2843,0,20,121,35
1777984395.9721744,1,477,0,23,121,33
1777984395.974033,2,2843,0,20,121,35
1777984395.9877822,1,477,0,23,121,34
1777984395.9903722,2,2843,0,20,121,35
1777984396.003595,1,477,0,23,121,33
1777984396.0054302,2,2843,-50,17,121,35
1777984396.0183966,1,477,0,23,121,34
1777984396.0201528,2,2843,50,17,121,35
1777984396.0331826,1,477,0,23,121,34
1777984396.035118,2,2842,50,20,121,35
1777984396.0485282,1,477,0,23,121,33
1777984396.0510366,2,2843,-50,0,121,35
1777984396.064512,1,477,0,23,121,34
1777984396.0665255,2,2842,50,18,121,35
1777984396.078993,1,477,0,23,121,34
1777984396.0806882,2,2842,0,20,121,35
1777984396.0933309,1,477,0,23,121,34
1777984396.0949862,2,2842,0,20,121,35
1777984396.107415,1,477,0,23,121,34
1777984396.1091502,2,2842,0,20,121,35
1777984396.1217813,1,477,0,23,121,34
1777984396.123753,2,2842,-50,17,121,35
1777984396.136508,1,477,0,23,121,34
1777984396.13844,2,2842,0,0,121,35
1777984396.1515758,1,477,0,23,121,33
1777984396.1534672,2,2842,0,0,121,35
1777984396.166669,1,477,0,23,121,33
1777984396.1687484,2,2842,0,0,121,35
1777984396.181416,1,477,0,23,121,34
1777984396.1830468,2,2842,0,0,121,35
1777984396.1955633,1,477,0,23,121,34
1777984396.1972754,2,2842,0,0,121,35
1777984396.2100646,1,477,0,23,121,34
1777984396.2118862,2,2842,0,0,121,35
1777984396.2254267,1,477,0,23,121,33
1777984396.2274234,2,2842,0,0,121,35
1777984396.239998,1,477,0,23,121,34
1777984396.241768,2,2842,0,0,121,35
1777984396.255309,1,477,0,23,121,33
1777984396.2583158,2,2843,0,17,121,35
1777984396.272408,1,477,0,23,121,33
1777984396.2744834,2,2842,50,20,121,35
1777984396.2874508,1,477,0,23,121,34
1777984396.2896464,2,2843,-50,0,121,35
1777984396.3025744,1,477,0,23,121,34
1777984396.304633,2,2842,0,0,121,35
1777984396.3179495,1,477,0,23,121,34
1777984396.3199263,2,2843,0,0,121,35
1777984396.3335392,1,477,0,23,121,33
1777984396.3355987,2,2842,0,0,121,35
1777984396.348894,1,477,0,23,121,34
1777984396.3515353,2,2842,0,0,121,35
1777984396.3645825,1,477,0,23,121,34
1777984396.366577,2,2842,0,0,121,35
1777984396.379749,1,477,0,23,121,33
1777984396.3818445,2,2842,0,0,121,35
1777984396.3948073,1,477,0,23,121,33
1777984396.3970513,2,2842,0,17,121,35
1777984396.4106405,1,477,0,23,121,34
1777984396.412885,2,2842,50,20,121,35
1777984396.4266858,1,477,0,23,121,34
1777984396.4290614,2,2842,0,20,121,35
1777984396.4422228,1,477,0,23,121,34
1777984396.4442153,2,2842,-50,17,121,35
1777984396.4572535,1,477,0,23,121,34
1777984396.4591732,2,2842,0,0,121,35
1777984396.4723895,1,477,0,23,121,34
1777984396.4744606,2,2842,0,0,121,35
1777984396.48738,1,477,0,23,121,33
1777984396.4893587,2,2842,0,0,121,35
1777984396.5024307,1,477,0,23,121,34
1777984396.5047085,2,2842,0,0,121,35
1777984396.5180275,1,477,0,23,121,34
1777984396.51993,2,2842,0,0,121,35
1777984396.5333812,1,477,0,23,121,34
1777984396.5354736,2,2842,0,0,121,35
1777984396.548738,1,477,0,23,121,33
1777984396.5512674,2,2842,0,0,121,35
1777984396.5645308,1,477,0,23,121,34
1777984396.566573,2,2842,0,0,121,35
1777984396.579606,1,477,0,23,121,33
1777984396.5818083,2,2842,0,0,121,35
1777984396.5952396,1,477,0,23,121,34
1777984396.5977113,2,2842,0,0,121,35
1777984396.611513,1,477,0,23,121,34
1777984396.614083,2,2842,0,0,121,35
1777984396.6276007,1,477,0,23,121,33
1777984396.6295943,2,2842,0,0,121,35
1777984396.6434214,1,477,0,23,121,34
1777984396.6459112,2,2842,0,0,121,35
1777984396.659864,1,477,0,23,121,34
1777984396.6623092,2,2842,0,0,121,35
1777984396.6755292,1,477,0,23,121,34
1777984396.6775835,2,2842,0,0,121,35
1777984396.6913514,1,477,0,23,121,33
1777984396.6937847,2,2842,0,0,121,35
1777984396.707645,1,477,0,23,121,34
1777984396.7101371,2,2842,0,0,121,35
1777984396.7232904,1,477,0,23,121,34
1777984396.725234,2,2842,0,0,121,35
1777984396.7382593,1,477,0,23,121,34
1777984396.7402077,2,2842,0,0,121,35
1777984396.7532685,1,477,0,23,121,33
1777984396.755225,2,2842,0,0,121,35
1777984396.7681956,1,477,0,23,121,34
1777984396.7701657,2,2842,0,0,121,35
1777984396.782866,1,477,0,23,121,33
1777984396.7845411,2,2842,0,0,121,35
1777984396.797167,1,477,0,23,121,34
1777984396.7989619,2,2842,0,0,121,35
1777984396.8118072,1,477,0,23,121,34
1777984396.8139365,2,2842,0,0,121,35
1777984396.8273563,1,477,0,23,121,34
1777984396.829156,2,2842,0,0,121,35
1777984396.8418252,1,477,0,23,121,33
1777984396.8439298,2,2842,0,0,121,35
1777984396.857604,1,477,0,23,121,34
1777984396.859775,2,2842,0,0,121,35
1777984396.8728197,1,477,0,23,121,33
1777984396.8749573,2,2842,0,0,121,35
1777984396.8875406,1,477,0,23,121,34
1777984396.889229,2,2842,0,0,121,35
1777984396.9019032,1,477,0,23,121,33
1777984396.9037025,2,2842,0,0,121,35
1777984396.916633,1,477,0,23,121,34
1777984396.9187355,2,2842,0,0,121,35
1777984396.9315352,1,477,0,23,121,34
1777984396.933597,2,2842,0,0,121,35
1777984396.9468627,1,477,0,23,121,34
1777984396.9493072,2,2842,0,0,121,35
1777984396.9628747,1,477,0,23,121,33
1777984396.9647765,2,2842,0,0,121,35
1777984396.977647,1,477,0,23,121,34
1777984396.9797046,2,2842,0,0,121,35
1777984396.9929771,1,477,0,23,121,34
1777984396.995674,2,2842,0,0,121,35
1777984397.009928,1,477,0,23,121,34
1777984397.0121193,2,2842,0,0,121,35
1777984397.0249696,1,477,0,23,121,34
1777984397.0272613,2,2842,0,0,121,35
1777984397.0414338,1,477,0,23,121,34
1777984397.0436876,2,2842,0,0,121,35
1777984397.0568213,1,477,0,23,121,34
1777984397.0587764,2,2842,0,0,121,35
1777984397.0717819,1,477,0,23,121,34
1777984397.0739517,2,2842,0,0,121,35
1777984397.087053,1,477,0,23,121,34
1777984397.089285,2,2842,0,0,121,35
1777984397.1027327,1,477,0,23,121,34
1777984397.1045537,2,2842,0,0,121,35
1777984397.117364,1,477,0,23,121,34
1777984397.1192303,2,2842,0,0,121,35
1777984397.132842,1,477,0,23,121,33
1777984397.135001,2,2842,0,0,121,35
1777984397.1486282,1,477,0,23,121,33
1777984397.1506538,2,2842,0,0,121,35
1777984397.1643686,1,477,0,23,121,34
1777984397.1664946,2,2842,0,0,121,35
1777984397.1799192,1,477,0,23,121,34
1777984397.1827219,2,2843,0,0,121,35
1777984397.1966484,1,477,0,23,121,34
1777984397.1991196,2,2843,50,18,121,35
1777984397.212897,1,477,0,23,121,34
1777984397.2148798,2,2844,50,21,121,35
1777984397.2282214,1,477,0,23,121,34
1777984397.2305048,2,2844,50,24,121,35
1777984397.2444162,1,477,0,23,121,34
1777984397.2464924,2,2844,0,24,121,35
1777984397.2596262,1,477,0,23,121,33
1777984397.2616808,2,2844,0,24,121,35
1777984397.274293,1,477,0,23,121,34
1777984397.2759554,2,2844,0,24,121,35
1777984397.2884853,1,477,0,23,121,33
1777984397.2901802,2,2844,0,24,121,35
1777984397.302976,1,476,0,23,121,34
1777984397.3047123,2,2844,0,24,121,35
1777984397.3173888,1,477,0,23,121,34
1777984397.3190594,2,2844,0,24,121,35
1777984397.3319566,1,477,0,23,121,34
1777984397.3340843,2,2844,0,24,121,35
1777984397.3473542,1,477,0,23,121,34
1777984397.349326,2,2844,0,24,121,35
1777984397.3619704,1,477,0,23,121,33
1777984397.363814,2,2844,0,24,121,35
1777984397.3763058,1,477,0,23,121,34
1777984397.3779886,2,2844,0,24,121,35
1777984397.3904397,1,477,0,23,121,34
1777984397.3921545,2,2844,0,24,121,35
1777984397.4047186,1,477,0,23,121,33
1777984397.4064772,2,2844,0,24,121,35
1777984397.4197395,1,477,0,23,121,34
1777984397.4217606,2,2844,0,24,121,35
1777984397.4343975,1,477,0,23,121,34
1777984397.436065,2,2844,-50,22,121,35
1777984397.4491088,1,477,0,23,121,33
1777984397.451264,2,2843,-50,19,121,35
1777984397.4641306,1,477,0,23,121,34
1777984397.4665754,2,2843,0,20,121,35
1777984397.479918,1,477,0,23,121,34
1777984397.482315,2,2843,0,20,121,34
1777984397.4955573,1,477,0,23,121,33
1777984397.4976807,2,2843,0,20,121,35
1777984397.5126321,1,477,0,23,121,34
1777984397.515278,2,2843,0,20,121,35
1777984397.528602,1,477,0,23,121,34
1777984397.53094,2,2843,0,20,121,35
1777984397.5449748,1,477,0,23,121,34
1777984397.5472727,2,2843,0,20,121,35
1777984397.5602672,1,477,0,23,121,34
1777984397.5625515,2,2843,0,20,121,35
1777984397.5754845,1,477,0,23,121,34
1777984397.5775707,2,2843,0,20,121,35
1777984397.590485,1,477,0,23,121,34
1777984397.5925407,2,2843,0,20,121,35
1777984397.6061296,1,477,0,23,121,34
1777984397.609014,2,2843,0,20,121,35
1777984397.6230652,1,477,0,23,121,34
1777984397.6253242,2,2843,0,20,121,35
1777984397.6391778,1,477,0,23,121,34
1777984397.6416528,2,2843,0,20,121,35
1777984397.6546028,1,477,0,23,121,34
1777984397.6565611,2,2843,0,20,121,35
1777984397.6707141,1,477,0,23,121,34
1777984397.6733897,2,2843,0,20,121,35
1777984397.686837,1,477,0,23,121,34
1777984397.6888704,2,2843,0,20,121,35
1777984397.702375,1,477,0,23,121,34
1777984397.704224,2,2843,0,20,121,35
1777984397.717497,1,477,0,23,121,33
1777984397.7197554,2,2843,0,20,121,35
1777984397.7334194,1,477,0,23,121,34
1777984397.7358751,2,2844,50,22,121,35
1777984397.7496297,1,477,0,23,121,34
1777984397.7521744,2,2844,0,24,121,35
1777984397.7653046,1,477,0,23,121,34
1777984397.76738,2,2844,0,24,121,35
1777984397.7808485,1,477,0,23,121,34
1777984397.782722,2,2844,0,24,121,35
1777984397.7956579,1,477,0,23,121,33
1777984397.797863,2,2844,0,24,121,35
1777984397.8116815,1,477,0,23,121,34
1777984397.814135,2,2844,0,24,121,35
1777984397.8276262,1,477,0,23,121,34
1777984397.8298626,2,2844,0,24,121,35
1777984397.8435266,1,477,0,23,121,34
1777984397.8454738,2,2844,0,24,121,35
1777984397.8584926,1,477,0,23,121,34
1777984397.8610768,2,2844,0,24,121,35
1777984397.8747466,1,477,0,23,121,33
1777984397.8772674,2,2844,0,24,121,35
1777984397.8902988,1,477,0,23,121,34
1777984397.8927264,2,2844,0,24,121,35
1777984397.906007,1,477,0,23,121,34
1777984397.9081666,2,2844,0,24,121,35
1777984397.9214919,1,477,0,23,121,33
1777984397.923306,2,2844,0,24,121,35
1777984397.9364715,1,477,0,23,121,34
1777984397.9386978,2,2844,0,24,121,35
1777984397.9520817,1,477,0,23,121,34
1777984397.9542758,2,2844,0,24,121,35
1777984397.9676523,1,477,0,23,121,34
1777984397.9698484,2,2844,0,24,121,35
1777984397.9833422,1,477,0,23,121,34
1777984397.9854577,2,2844,0,24,121,35
1777984397.9982133,1,477,0,23,121,34
1777984397.9999511,2,2844,0,24,121,35
1777984398.0128055,1,477,0,23,121,34
1777984398.0148492,2,2844,0,24,121,35
1777984398.0273352,1,477,0,23,121,34
1777984398.0296202,2,2844,0,24,121,35
1777984398.0436068,1,477,0,23,121,34
1777984398.0459335,2,2844,0,24,121,35
1777984398.0590825,1,477,0,23,121,34
1777984398.0616481,2,2844,0,24,121,35
1777984398.0744443,1,477,0,23,121,34
1777984398.0761716,2,2844,0,24,121,35
1777984398.088784,1,477,0,23,121,34
1777984398.090549,2,2843,-50,22,121,35
1777984398.103022,1,477,0,23,121,34
1777984398.1047587,2,2843,-50,19,121,35
1777984398.117405,1,477,0,23,121,34
1777984398.1191719,2,2843,0,20,121,35
1777984398.131567,1,477,0,23,121,34
1777984398.133312,2,2843,0,20,121,35
1777984398.1457832,1,477,0,23,121,34
1777984398.1474652,2,2843,0,20,121,35
1777984398.1600416,1,477,0,23,121,34
1777984398.1618578,2,2842,0,20,121,35
1777984398.1744032,1,477,0,23,121,34
1777984398.1760724,2,2843,0,20,121,35
1777984398.1891801,1,477,0,23,121,34
1777984398.191172,2,2843,0,20,121,35
1777984398.204232,1,477,0,23,121,34
1777984398.2067776,2,2843,0,20,121,35
1777984398.2202723,1,477,0,23,121,34
1777984398.2228456,2,2843,0,20,121,35
1777984398.2368436,1,477,0,23,121,34
1777984398.2390268,2,2843,-50,0,121,35
1777984398.252888,1,477,0,23,121,34
1777984398.2548087,2,2843,0,0,121,35
1777984398.2678275,1,477,0,23,121,34
1777984398.269888,2,2842,0,0,121,35
1777984398.2834373,1,477,0,23,121,33
1777984398.2851887,2,2842,0,0,121,35
1777984398.2980876,1,477,0,23,121,34
1777984398.2998035,2,2842,50,19,121,35
1777984398.312514,1,477,0,23,121,34
1777984398.3143628,2,2842,-50,17,121,35
1777984398.328115,1,477,0,23,121,34
1777984398.330016,2,2842,0,0,121,35
1777984398.3425686,1,477,0,23,121,34
1777984398.3444517,2,2842,0,0,121,35
1777984398.3576965,1,477,0,23,121,34
1777984398.3597379,2,2843,50,19,121,35
1777984398.3724058,1,477,0,23,121,33
1777984398.374072,2,2843,0,20,121,35
1777984398.3866959,1,477,0,23,121,34
1777984398.389525,2,2842,-50,18,121,35
1777984398.402212,1,477,0,23,121,33
1777984398.403996,2,2843,-50,17,121,35
1777984398.4169497,1,477,0,23,121,34
1777984398.418853,2,2842,50,19,121,35
1777984398.4322631,1,477,0,23,121,34
1777984398.4342406,2,2843,-50,17,121,35
1777984398.447374,1,477,0,23,121,34
1777984398.4496355,2,2842,0,0,121,35
1777984398.463588,1,477,0,23,121,34
1777984398.4657657,2,2842,0,0,121,35
1777984398.4789944,1,477,0,23,121,34
1777984398.4810007,2,2842,0,0,121,35
1777984398.494094,1,477,0,23,121,34
1777984398.4962,2,2842,0,0,121,35
1777984398.509839,1,477,0,23,121,34
1777984398.512362,2,2842,0,0,121,35
1777984398.526656,1,477,0,23,121,34
1777984398.529654,2,2842,0,0,121,35
1777984398.542521,1,477,0,23,121,34
1777984398.5446768,2,2842,0,0,121,35
1777984398.558798,1,477,0,23,121,34
1777984398.5609262,2,2842,50,19,121,35
1777984398.57393,1,477,0,23,121,34
1777984398.5758338,2,2842,-50,17,121,35
1777984398.5884035,1,477,0,23,121,34
1777984398.5900686,2,2843,50,17,121,35
1777984398.602549,1,477,0,23,121,34
1777984398.604281,2,2842,50,20,121,35
1777984398.6167965,1,477,0,23,121,34
1777984398.6185126,2,2843,-50,0,121,35
1777984398.6310003,1,477,0,23,121,34
1777984398.6327155,2,2842,0,0,121,35
1777984398.645442,1,477,0,23,121,34
1777984398.6470656,2,2843,50,17,121,35
1777984398.659809,1,477,0,23,121,34
1777984398.6620252,2,2842,50,20,121,35
1777984398.674674,1,477,0,23,121,33
1777984398.6764002,2,2842,0,20,121,35
1777984398.6894717,1,477,0,23,121,34
1777984398.6914217,2,2843,-50,18,121,35
1777984398.704668,1,477,0,23,121,34
1777984398.7067802,2,2843,-50,17,121,35
1777984398.7206933,1,477,0,23,121,34
1777984398.7233827,2,2843,50,20,121,35
1777984398.73738,1,477,0,23,121,34
1777984398.7399344,2,2843,0,20,121,35
1777984398.753306,1,477,0,23,121,34
1777984398.7553658,2,2842,-50,17,121,35
1777984398.7690804,1,477,0,23,121,33
1777984398.771609,2,2843,0,0,121,35
1777984398.784638,1,477,0,23,121,34
1777984398.7865856,2,2843,0,17,121,35
1777984398.7996826,1,477,0,23,121,34
1777984398.80197,2,2843,50,20,121,35
1777984398.8157284,1,477,0,23,121,34
1777984398.8176804,2,2842,0,20,121,35
1777984398.83032,1,477,0,23,121,34
1777984398.832331,2,2842,0,20,121,35
1777984398.8455472,1,477,0,23,121,34
1777984398.8478892,2,2842,-50,18,121,35
1777984398.8608253,1,477,0,23,121,34
1777984398.8628547,2,2842,-50,17,121,35
1777984398.8754742,1,477,0,23,121,34
1777984398.8772197,2,2842,50,19,121,35
1777984398.889921,1,477,0,23,121,34
1777984398.8917944,2,2842,-50,17,121,35
1777984398.9052136,1,477,0,23,121,34
1777984398.9077652,2,2842,0,0,121,35
1777984398.9208636,1,477,0,23,121,34
1777984398.9228883,2,2842,0,0,121,35
1777984398.9358199,1,477,0,23,121,34
1777984398.9377108,2,2842,0,0,121,35
1777984398.9507241,1,477,0,23,121,34
1777984398.9526894,2,2842,0,0,121,35
1777984398.9650416,1,477,0,23,121,34
1777984398.9667237,2,2842,0,0,121,35
1777984398.979321,1,477,0,23,121,34
1777984398.9813333,2,2842,0,0,121,35
1777984398.9947057,1,477,0,23,121,33
1777984398.9971826,2,2842,0,0,121,35
1777984399.009995,1,477,0,23,121,34
1777984399.0119236,2,2842,0,0,121,35
1777984399.0249212,1,477,0,23,121,34
1777984399.0280123,2,2842,0,0,121,35
1777984399.041934,1,477,0,23,121,33
1777984399.0443792,2,2842,0,0,121,35
1777984399.057771,1,477,0,23,121,34
1777984399.0603485,2,2842,0,0,121,35
1777984399.0748084,1,477,0,23,121,34
1777984399.0771465,2,2842,0,0,121,35
1777984399.09026,1,477,0,23,121,34
1777984399.0920882,2,2842,0,0,121,35
1777984399.1056745,1,477,0,23,121,33
1777984399.1080444,2,2842,0,0,121,35
1777984399.1216922,1,477,0,23,121,33
1777984399.1242657,2,2842,0,0,121,35
1777984399.1373172,1,477,0,23,121,34
1777984399.1393273,2,2842,0,0,121,35
1777984399.153023,1,477,0,23,121,34
1777984399.1552281,2,2842,0,0,121,35
1777984399.1683571,1,477,0,23,121,33
1777984399.170549,2,2842,0,0,121,35
1777984399.1830773,1,477,0,23,121,33
1777984399.1847684,2,2842,0,0,121,35
1777984399.1981664,1,477,0,23,121,34
1777984399.1999826,2,2843,0,0,121,35
1777984399.212781,1,477,0,23,121,33
1777984399.2149582,2,2842,0,0,121,35
1777984399.2289994,1,477,0,23,121,34
1777984399.2315545,2,2842,0,0,121,35
1777984399.245081,1,477,0,23,121,34
1777984399.2472959,2,2842,0,0,121,35
1777984399.2608538,1,477,0,23,121,34
1777984399.2628326,2,2842,0,0,121,35
1777984399.2760432,1,477,0,23,121,34
1777984399.2782366,2,2842,0,0,121,35
1777984399.2918007,1,477,0,23,121,34
1777984399.293955,2,2842,0,0,121,35
1777984399.3078456,1,477,0,23,121,34
1777984399.3103826,2,2842,0,0,121,35
1777984399.3241994,1,477,0,23,121,34
1777984399.326507,2,2842,0,0,121,35
1777984399.3396857,1,477,0,23,121,34
1777984399.3420165,2,2843,0,0,121,35
1777984399.3552828,1,477,0,23,121,33
1777984399.357271,2,2842,0,0,121,35
1777984399.3703017,1,477,0,23,121,34
1777984399.3723679,2,2842,0,0,121,35
1777984399.3859687,1,477,0,23,121,34
1777984399.3880239,2,2842,0,0,121,35
1777984399.4014974,1,477,0,23,121,33
1777984399.4034762,2,2842,0,0,121,35
1777984399.416834,1,477,0,23,121,34
1777984399.4189308,2,2842,0,0,121,35
1777984399.4323146,1,477,0,23,121,34
1777984399.4342449,2,2842,0,0,121,36
1777984399.4475062,1,477,0,23,121,34
1777984399.4494789,2,2842,0,0,121,35
1777984399.462659,1,477,0,23,121,34
1777984399.465219,2,2842,0,0,121,35
1777984399.4788496,1,477,0,23,121,34
1777984399.4808517,2,2842,0,0,121,35
1777984399.4943204,1,477,0,23,121,34
1777984399.4966133,2,2842,0,0,121,35
1777984399.510322,1,477,0,23,121,34
1777984399.512956,2,2842,0,0,121,35
1777984399.5260963,1,477,0,23,121,34
1777984399.5287154,2,2842,0,0,121,35
1777984399.5423164,1,477,0,23,121,34
1777984399.544457,2,2842,0,0,121,35
1777984399.5572855,1,477,0,23,121,34
1777984399.559225,2,2842,0,0,121,35
1777984399.5728712,1,477,0,23,121,34
1777984399.5749915,2,2842,0,0,121,35
1777984399.5877903,1,477,0,23,121,34
1777984399.5897532,2,2843,0,0,121,35
1777984399.6029897,1,477,0,23,121,34
1777984399.6055205,2,2842,0,0,121,35
1777984399.618663,1,477,0,23,121,34
1777984399.620455,2,2842,0,0,121,35
1777984399.6334875,1,477,0,23,121,34
1777984399.6354084,2,2843,0,0,121,35
1777984399.6479807,1,477,0,23,121,34
1777984399.6497068,2,2842,0,0,121,35
1777984399.6628447,1,477,0,23,121,34
1777984399.6645353,2,2842,0,0,121,35
1777984399.6772442,1,477,0,23,121,34
1777984399.6791224,2,2842,0,0,121,35
1777984399.6927578,1,477,0,23,121,34
1777984399.6948996,2,2842,0,0,121,35
1777984399.707423,1,477,0,23,121,34
1777984399.709182,2,2842,0,0,121,35
1777984399.7218192,1,477,0,23,121,33
1777984399.723817,2,2842,0,0,121,35
1777984399.7375274,1,477,0,23,121,33
1777984399.7394493,2,2842,0,0,121,35
1777984399.7520196,1,477,0,23,121,34
1777984399.7537334,2,2842,0,0,121,35
1777984399.7662652,1,477,0,23,121,34
1777984399.7679806,2,2842,0,0,121,35
1777984399.780528,1,477,0,23,121,34
1777984399.7823398,2,2842,0,0,121,35
1777984399.7950215,1,477,0,23,121,34
1777984399.7967525,2,2842,0,0,121,35
1777984399.8100033,1,477,0,23,121,34
1777984399.8122602,2,2842,0,0,121,35
1777984399.825664,1,477,0,23,121,34
1777984399.827889,2,2842,0,0,121,35
1777984399.8419366,1,477,0,23,121,33
1777984399.8444092,2,2842,0,0,121,35
1777984399.8579168,1,477,0,23,121,34
1777984399.8604817,2,2842,0,0,121,35
1777984399.8748477,1,477,0,23,121,34
1777984399.8770678,2,2843,50,20,121,35
1777984399.8902097,1,477,0,23,121,34
1777984399.8923318,2,2842,-50,0,121,35
1777984399.9054735,1,477,0,23,121,34
1777984399.9073982,2,2842,0,0,121,35
1777984399.9207833,1,477,0,23,121,34
1777984399.9229894,2,2842,0,0,121,35
1777984399.9368346,1,477,0,23,121,34
1777984399.939286,2,2842,0,0,121,35
1777984399.952128,1,477,0,23,121,33
1777984399.9540515,2,2842,0,0,121,35
1777984399.9665256,1,477,0,23,121,33
1777984399.9685726,2,2842,0,0,121,35
1777984399.9813533,1,477,0,23,121,34
1777984399.983252,2,2842,0,0,121,35
1777984399.9965732,1,477,0,23,121,33
1777984399.998794,2,2842,0,0,121,35
1777984400.0128756,1,477,0,23,121,34
1777984400.015025,2,2842,0,0,121,35
1777984400.0287018,1,477,0,23,121,34
1777984400.0311754,2,2842,0,0,121,35
1777984400.045547,1,477,0,23,121,33
1777984400.0481863,2,2842,0,0,121,35
1777984400.0616884,1,477,0,23,121,34
1777984400.0643272,2,2842,50,17,121,35
1777984400.077904,1,477,0,23,121,34
1777984400.0798883,2,2842,50,21,121,35
1777984400.0929532,1,477,0,23,121,33
1777984400.0954204,2,2842,-50,0,121,35
1777984400.1080108,1,477,0,23,121,34
1777984400.1097374,2,2842,0,0,121,35
1777984400.1222682,1,477,0,23,121,34
1777984400.1239781,2,2842,0,0,121,35
1777984400.1364572,1,477,0,23,121,34
1777984400.138178,2,2842,0,0,121,35
1777984400.1505606,1,477,0,23,121,34
1777984400.1522815,2,2842,0,0,121,35
1777984400.1648102,1,477,0,23,121,34
1777984400.1665077,2,2842,0,0,121,36
1777984400.1790009,1,477,0,23,121,34
1777984400.1808336,2,2842,0,0,121,35
1777984400.193294,1,477,0,23,121,34
1777984400.195091,2,2842,0,0,121,35
1777984400.208559,1,477,0,23,121,33
1777984400.2107418,2,2842,0,0,121,35
1777984400.2232935,1,477,0,23,121,33
1777984400.225047,2,2842,0,0,121,35
1777984400.2383063,1,477,0,23,121,33
1777984400.2406836,2,2842,0,0,121,35
1777984400.25404,1,477,0,23,121,33
1777984400.2557583,2,2842,0,0,121,35
1777984400.2683177,1,477,0,23,121,34
1777984400.2699995,2,2842,0,0,121,35
1777984400.2828493,1,477,0,23,121,33
1777984400.2845716,2,2842,0,0,121,35
1777984400.2972736,1,477,0,23,121,33
1777984400.298978,2,2842,0,0,121,35
1777984400.3117664,1,477,0,23,121,34
1777984400.3137348,2,2842,0,0,121,35
1777984400.327372,1,477,0,23,121,34
1777984400.3296208,2,2842,0,0,121,35
1777984400.3434772,1,477,0,23,121,34
1777984400.3453403,2,2842,0,0,121,35
1777984400.3583016,1,477,0,23,121,33
1777984400.3606634,2,2842,0,0,121,35
1777984400.3732424,1,477,0,23,121,33
1777984400.3749614,2,2842,0,0,121,35
1777984400.3874676,1,477,0,23,121,34
1777984400.3892534,2,2842,0,0,121,35
1777984400.4020922,1,477,0,23,121,34
1777984400.404143,2,2842,0,0,121,35
1777984400.4177306,1,477,0,23,121,34
1777984400.4197257,2,2842,0,0,121,35
1777984400.4330304,1,477,0,23,121,34
1777984400.435126,2,2842,0,0,121,35
1777984400.4485433,1,477,0,23,121,34
1777984400.4505012,2,2842,0,0,121,35
1777984400.464041,1,477,0,23,121,34
1777984400.4662645,2,2842,0,0,121,35
1777984400.4797997,1,477,0,23,121,34
1777984400.4820404,2,2842,0,0,121,35
1777984400.4951928,1,477,0,23,121,34
1777984400.4968657,2,2842,0,0,121,35
1777984400.509536,1,477,0,23,121,34
1777984400.5113807,2,2842,0,0,121,35
1777984400.5250568,1,477,0,23,121,34
1777984400.5270429,2,2842,0,0,121,35
1777984400.5395718,1,477,0,23,121,34
1777984400.541262,2,2842,0,0,121,35
1777984400.553794,1,477,0,23,121,33
1777984400.5555062,2,2842,0,0,121,35
1777984400.568496,1,477,0,23,121,34
1777984400.5704358,2,2842,0,0,121,35
1777984400.5841234,1,477,0,23,121,33
1777984400.5860746,2,2842,0,0,121,35
1777984400.5990086,1,477,0,23,121,34
1777984400.600999,2,2842,0,0,121,35
1777984400.6147313,1,477,0,23,121,34
1777984400.6165187,2,2842,0,0,121,35
1777984400.6297026,1,477,0,23,121,33
1777984400.631598,2,2842,0,0,121,35
1777984400.6451073,1,477,0,23,121,34
1777984400.6473198,2,2842,0,0,121,35
1777984400.66103,1,477,0,23,121,33
1777984400.6635456,2,2842,0,0,121,35
1777984400.6769638,1,477,0,23,121,34
1777984400.6794467,2,2842,0,0,121,35
1777984400.6924047,1,477,0,23,121,34
1777984400.6947885,2,2842,0,0,121,35
1777984400.7089016,1,477,0,23,121,34
1777984400.7109358,2,2842,0,0,121,35
1777984400.7243543,1,477,0,23,121,34
1777984400.7266846,2,2842,0,0,121,35
1777984400.7403967,1,477,0,23,121,34
1777984400.742829,2,2842,0,0,121,35
1777984400.756372,1,477,0,23,121,34
1777984400.7586057,2,2842,0,0,121,35
1777984400.7717905,1,477,0,23,121,34
1777984400.773965,2,2842,0,0,121,35
1777984400.786558,1,477,0,23,121,34
1777984400.7886055,2,2842,0,0,121,35
1777984400.8016472,1,477,0,23,121,34
1777984400.8036587,2,2842,0,0,121,35
1777984400.8167677,1,477,0,23,121,34
1777984400.8194897,2,2842,0,0,121,35
1777984400.8329349,1,477,0,23,121,34
1777984400.8349993,2,2842,0,0,121,35
1777984400.8483453,1,477,0,23,121,34
1777984400.850093,2,2842,0,0,121,35
1777984400.8628995,1,477,0,23,121,34
1777984400.864845,2,2842,0,0,121,35
1777984400.8781798,1,477,0,23,121,34
1777984400.8801935,2,2842,0,0,121,35
1777984400.8930209,1,477,0,23,121,34
1777984400.8949647,2,2842,0,0,121,35
1777984400.9075127,1,477,0,23,121,34
1777984400.9094646,2,2842,0,0,121,35
1777984400.9230862,1,477,0,23,121,34
1777984400.9250169,2,2842,0,0,121,35
1777984400.93747,1,477,0,23,121,34
1777984400.9391856,2,2842,0,0,121,35
1777984400.951598,1,477,0,23,121,34
1777984400.9532905,2,2842,0,0,121,35
1777984400.9657543,1,477,0,23,121,33
1777984400.967465,2,2842,0,0,121,35
1777984400.9801183,1,477,0,23,121,34
1777984400.9818642,2,2842,0,0,121,35
1777984400.9944885,1,477,0,23,121,34
1777984400.9962678,2,2842,0,0,121,35
1777984401.009106,1,477,0,23,121,34
1777984401.0111914,2,2842,0,0,121,35
1777984401.0245247,1,477,0,23,121,34
1777984401.0267026,2,2842,0,0,121,35
1777984401.0404844,1,477,0,23,121,34
1777984401.0431054,2,2842,0,0,121,35
1777984401.0566475,1,477,0,23,121,34
1777984401.0590296,2,2842,0,0,121,35
1777984401.0730476,1,477,0,23,121,34
1777984401.0756423,2,2842,0,0,121,35
1777984401.0886347,1,477,0,23,121,34
1777984401.0905023,2,2842,0,0,121,35
1777984401.103999,1,477,0,23,121,34
1777984401.1066213,2,2842,0,0,121,35
1777984401.1204276,1,477,0,23,121,33
1777984401.1226704,2,2842,0,0,121,35
1777984401.1360688,1,477,0,23,121,34
1777984401.1384146,2,2842,0,0,121,35
1777984401.1524131,1,477,0,23,121,34
1777984401.154677,2,2842,0,0,121,35
1777984401.1677492,1,477,0,23,121,34
1777984401.1698625,2,2842,0,0,121,35
1777984401.1834023,1,477,0,23,121,34
1777984401.1855075,2,2842,0,0,121,35
1777984401.1991322,1,477,0,23,121,34
1777984401.2013664,2,2842,0,0,121,35
1777984401.2147598,1,477,0,23,121,34
1777984401.2169845,2,2842,0,0,121,35
1777984401.230053,1,477,0,23,121,34
1777984401.2321024,2,2842,0,0,121,35
1777984401.245621,1,477,0,23,121,34
1777984401.247573,2,2842,0,0,121,35
1777984401.2608714,1,477,0,23,121,34
1777984401.2633848,2,2842,0,0,121,35
1777984401.2774994,1,477,0,23,121,34
1777984401.279511,2,2842,0,0,121,35
1777984401.2926624,1,477,0,23,121,33
1777984401.2949138,2,2842,0,0,121,35
1777984401.308851,1,477,0,23,121,34
1777984401.3116763,2,2842,0,0,121,35
1777984401.3260355,1,477,0,23,121,34
1777984401.3278823,2,2842,0,0,121,35
1777984401.3409922,1,477,0,23,121,34
1777984401.3431053,2,2842,0,0,121,35
1777984401.3567288,1,477,0,23,121,34
1777984401.3592796,2,2842,0,0,121,35
1777984401.3725283,1,477,0,23,121,34
1777984401.3746178,2,2842,0,0,121,35
1777984401.3876903,1,477,0,23,121,34
1777984401.3897977,2,2842,0,0,121,35
1777984401.4036257,1,477,0,23,121,34
1777984401.405695,2,2842,0,0,121,35
1777984401.418418,1,477,0,23,121,33
1777984401.4207008,2,2842,0,0,121,35
1777984401.4344854,1,477,0,23,121,34
1777984401.4366612,2,2842,0,0,121,35
1777984401.4500759,1,477,0,23,121,34
1777984401.4519165,2,2842,0,0,121,35
1777984401.4649115,1,477,0,23,121,34
1777984401.4670734,2,2842,0,0,121,35
1777984401.480584,1,477,0,23,121,34
1777984401.4830835,2,2842,0,0,121,35
1777984401.4962082,1,477,0,23,121,34
1777984401.4980836,2,2842,0,0,121,35
1777984401.5112236,1,477,0,23,121,34
1777984401.5132685,2,2843,0,0,121,35
1777984401.5265028,1,477,0,23,121,34
1777984401.5287292,2,2842,50,19,121,35
1777984401.5426369,1,477,0,23,121,34
1777984401.5450833,2,2842,-50,0,121,35
1777984401.558602,1,477,0,23,121,34
1777984401.5611074,2,2842,0,0,121,35
1777984401.5743737,1,477,0,23,121,34
1777984401.5760715,2,2842,0,0,121,35
1777984401.5887372,1,477,0,23,121,34
1777984401.5905023,2,2842,0,0,121,35
1777984401.6030767,1,477,0,23,121,34
1777984401.604771,2,2842,0,0,121,35
1777984401.61805,1,477,0,23,121,34
1777984401.6203592,2,2842,0,0,121,35
1777984401.6339402,1,477,0,23,121,34
1777984401.635983,2,2842,0,0,121,35
1777984401.6488807,1,477,0,23,121,34
1777984401.6505492,2,2842,0,0,121,35
1777984401.6632764,1,477,0,23,121,34
1777984401.665726,2,2842,0,0,121,35
1777984401.6792676,1,477,0,23,121,34
1777984401.6813543,2,2842,0,0,121,35
1777984401.6953077,1,477,0,23,121,34
1777984401.6975198,2,2842,0,0,121,35
1777984401.7102866,1,477,0,23,121,33
1777984401.7130072,2,2842,0,0,121,35
1777984401.7266524,1,477,0,23,121,34
1777984401.7287223,2,2842,0,0,121,35
1777984401.741982,1,477,0,23,121,33
1777984401.7437036,2,2842,0,0,121,35
1777984401.756888,1,477,0,23,121,34
1777984401.7587507,2,2842,0,0,121,36
1777984401.771849,1,477,0,23,121,34
1777984401.7738845,2,2842,0,0,121,35
1777984401.7869778,1,477,0,23,121,34
1777984401.7895615,2,2842,0,0,121,35
1777984401.8026998,1,477,0,23,121,33
1777984401.8048408,2,2842,0,0,121,35
1777984401.818825,1,477,0,23,121,33
1777984401.821279,2,2842,0,0,121,35
1777984401.8341115,1,477,0,23,121,33
1777984401.8360505,2,2842,0,0,121,35
1777984401.8493538,1,477,0,23,121,33
1777984401.8516247,2,2842,0,0,121,35
1777984401.864728,1,477,0,23,121,34
1777984401.8667245,2,2842,0,0,121,35
1777984401.8801365,1,477,0,23,121,34
1777984401.882538,2,2842,0,0,121,35
1777984401.8960984,1,477,0,23,121,33
1777984401.8980289,2,2843,0,0,121,35
1777984401.911314,1,477,0,23,121,34
1777984401.9138722,2,2842,0,0,121,35
1777984401.9274676,1,477,0,23,121,34
1777984401.9299922,2,2842,0,0,121,35
1777984401.943584,1,477,0,23,121,34
1777984401.9460354,2,2842,0,0,121,35
1777984401.9590795,1,477,0,23,121,33
1777984401.9608536,2,2842,0,0,121,35
1777984401.9734435,1,477,0,23,121,33
1777984401.975113,2,2842,0,0,121,35
1777984401.9877038,1,477,0,23,121,34
1777984401.989423,2,2842,0,0,121,35
1777984402.0022843,1,477,0,23,121,34
1777984402.0045006,2,2842,0,0,121,35
1777984402.0170555,1,477,0,23,121,34
1777984402.0188062,2,2843,0,0,121,35
1777984402.0314941,1,477,0,23,121,34
1777984402.0336053,2,2843,50,17,121,35
1777984402.0473711,1,477,0,23,121,34
1777984402.049257,2,2842,50,20,121,35
1777984402.061982,1,477,0,23,121,34
1777984402.0641108,2,2842,-50,0,121,35
1777984402.0781233,1,477,0,23,121,34
1777984402.0803707,2,2842,0,0,121,35
1777984402.0934157,1,477,0,23,121,34
1777984402.0952797,2,2842,0,0,121,35
1777984402.1088507,1,477,0,23,121,34
1777984402.1112385,2,2842,0,0,121,35
1777984402.1239114,1,477,0,23,121,34
1777984402.1257217,2,2842,0,0,121,35
1777984402.1383164,1,477,0,23,121,34
1777984402.1400297,2,2842,0,0,121,35
1777984402.1525369,1,477,0,23,121,34
1777984402.1542501,2,2842,0,0,121,35
1777984402.1667604,1,477,0,23,121,34
1777984402.168473,2,2842,0,0,121,35
1777984402.1816216,1,477,0,23,121,34
1777984402.1835294,2,2842,0,0,121,35
1777984402.1961126,1,477,0,23,121,34
1777984402.198189,2,2842,0,0,121,35
1777984402.210723,1,477,0,23,121,33
1777984402.2125354,2,2842,0,0,121,35
1777984402.2250752,1,477,0,23,121,33
1777984402.227903,2,2842,0,0,121,35
1777984402.240821,1,477,0,23,121,33
1777984402.243569,2,2842,0,0,121,35
1777984402.2567863,1,477,0,23,121,34
1777984402.259397,2,2842,0,0,121,35
1777984402.2725675,1,477,0,23,121,34
1777984402.2745223,2,2842,0,0,121,35
1777984402.2876177,1,477,0,23,121,34
1777984402.289501,2,2842,0,0,121,35
1777984402.302944,1,477,0,23,121,33
1777984402.305203,2,2842,0,0,121,35
1777984402.3189986,1,477,0,23,121,34
1777984402.3214028,2,2842,0,0,121,35
1777984402.3347123,1,477,0,23,121,34
1777984402.3374264,2,2842,0,0,121,35
1777984402.3513515,1,477,0,23,121,34
1777984402.3537076,2,2842,0,0,121,35
1777984402.3672926,1,477,0,23,121,33
1777984402.3690593,2,2842,0,0,121,35
1777984402.382618,1,477,0,23,121,34
1777984402.3852258,2,2842,0,0,121,35
1777984402.3990324,1,477,0,23,121,34
1777984402.4017763,2,2842,0,0,121,35
1777984402.4156964,1,477,0,23,121,34
1777984402.4180613,2,2842,0,0,121,35
1777984402.4308927,1,477,0,23,121,34
1777984402.4328249,2,2842,0,0,121,35
1777984402.4461591,1,477,0,23,121,34
1777984402.4486454,2,2842,0,0,121,35
1777984402.4619231,1,477,0,23,121,34
1777984402.4639165,2,2842,0,0,121,35
1777984402.4770231,1,477,0,23,121,33
1777984402.4792516,2,2842,0,0,121,35
1777984402.492222,1,477,0,23,121,34
1777984402.4942966,2,2842,0,0,121,35
1777984402.507388,1,477,0,23,121,34
1777984402.509887,2,2842,0,0,121,35
1777984402.5230856,1,477,0,23,121,34
1777984402.5257387,2,2842,0,0,121,35
1777984402.5390766,1,477,0,23,121,34
1777984402.5416346,2,2842,0,0,121,35
1777984402.5547812,1,477,0,23,121,34
1777984402.5568404,2,2842,0,0,121,35
1777984402.5699666,1,477,0,23,121,34
1777984402.5718808,2,2842,0,0,121,35
1777984402.5847957,1,477,0,23,121,34
1777984402.586761,2,2842,0,0,121,35
1777984402.6000953,1,477,0,23,121,34
1777984402.6029415,2,2843,0,0,121,35
1777984402.616373,1,477,0,23,121,34
1777984402.6187384,2,2842,0,0,121,35
1777984402.6325252,1,477,0,23,121,34
1777984402.6345088,2,2842,0,0,121,35
1777984402.6477075,1,477,0,23,121,34
1777984402.6501834,2,2842,0,0,121,35
1777984402.663761,1,477,0,23,121,34
1777984402.6664786,2,2842,0,0,121,35
1777984402.6800292,1,477,0,23,121,34
1777984402.6826665,2,2842,0,0,121,35
1777984402.696577,1,477,0,23,121,34
1777984402.699203,2,2842,0,0,121,35
1777984402.7131627,1,477,0,23,121,34
1777984402.7153976,2,2842,0,0,121,35
1777984402.728512,1,477,0,23,121,34
1777984402.730693,2,2842,0,0,121,35
1777984402.7438362,1,477,0,23,121,34
1777984402.7460957,2,2842,0,0,121,35
1777984402.7599568,1,477,0,23,121,34
1777984402.7625182,2,2842,0,0,121,35
1777984402.7767835,1,477,0,23,121,34
1777984402.7794828,2,2842,0,0,121,35
1777984402.7926214,1,477,0,23,121,34
1777984402.7945065,2,2842,0,0,121,35
1777984402.8072143,1,477,0,23,121,34
1777984402.8088796,2,2842,0,0,121,35
1777984402.8213248,1,477,0,23,121,34
1777984402.8230603,2,2842,0,0,121,35
1777984402.8355272,1,477,0,23,121,34
1777984402.837283,2,2842,0,0,121,35
1777984402.849963,1,477,0,23,121,34
1777984402.85195,2,2842,0,0,121,35
1777984402.8650134,1,477,0,23,121,34
1777984402.8669224,2,2842,0,0,121,35
1777984402.8800004,1,477,0,23,121,34
1777984402.8823743,2,2842,0,0,121,35
1777984402.8956156,1,477,0,23,121,34
1777984402.8981104,2,2842,0,0,121,35
1777984402.91191,1,477,0,23,121,34
1777984402.9138703,2,2842,0,0,121,35
1777984402.9273527,1,477,0,23,121,33
1777984402.9298625,2,2842,0,0,121,35
1777984402.9429967,1,477,0,23,121,34
1777984402.9450412,2,2842,0,0,121,35
1777984402.9576979,1,477,0,23,121,34
1777984402.9594514,2,2842,0,0,121,35
1777984402.9720676,1,477,0,23,121,34
1777984402.9737613,2,2842,0,0,121,35
1777984402.9866755,1,477,0,23,121,34
1777984402.9885619,2,2842,0,0,121,35
1777984403.0018907,1,477,0,23,121,34
1777984403.0044997,2,2842,0,0,121,35
1777984403.0176578,1,477,0,23,121,34
1777984403.019634,2,2842,0,0,121,35
1777984403.0326805,1,477,0,23,121,34
1777984403.0345132,2,2842,0,0,121,35
1777984403.0475614,1,477,0,23,121,34
1777984403.0498781,2,2842,0,0,121,35
1777984403.0626333,1,477,0,23,121,34
1777984403.0646482,2,2842,0,0,121,35
1777984403.0777516,1,477,0,23,121,34
1777984403.079862,2,2842,0,0,121,35
1777984403.0928476,1,477,0,23,121,34
1777984403.094968,2,2843,0,0,121,35
1777984403.1090498,1,477,0,23,121,33
1777984403.1112196,2,2842,0,0,121,35
1777984403.1247218,1,477,0,23,121,34
1777984403.1269212,2,2842,0,0,121,35
1777984403.1409514,1,477,0,23,121,34
1777984403.1433787,2,2843,0,0,121,35
1777984403.1564026,1,477,0,23,121,34
1777984403.1582644,2,2842,0,0,121,35
1777984403.1713908,1,477,0,23,121,34
1777984403.1733968,2,2842,0,0,121,35
1777984403.1862726,1,477,0,23,121,34
1777984403.188927,2,2842,0,0,121,35
1777984403.2024503,1,477,0,23,121,34
1777984403.2044547,2,2842,0,0,121,35
1777984403.2181432,1,477,0,23,121,34
1777984403.220212,2,2842,0,0,121,35
1777984403.2332222,1,477,0,23,121,34
1777984403.2350657,2,2842,50,18,121,35
1777984403.2485223,1,477,0,23,121,34
1777984403.2505736,2,2842,-50,18,121,35
1777984403.2637224,1,477,0,23,121,34
1777984403.2657087,2,2842,-50,17,121,35
1777984403.2784388,1,477,0,23,121,34
1777984403.2806613,2,2842,0,0,121,35
1777984403.2945344,1,477,0,23,121,34
1777984403.2970934,2,2842,0,0,121,35
1777984403.3105488,1,477,0,23,121,34
1777984403.3125563,2,2842,0,0,121,35
1777984403.325365,1,477,0,23,121,34
1777984403.3273919,2,2842,0,0,121,35
1777984403.3406239,1,477,0,23,121,34
1777984403.3423996,2,2842,0,0,121,35
1777984403.3554232,1,477,0,23,121,34
1777984403.3573925,2,2842,0,0,121,35
1777984403.3702989,1,477,0,23,121,34
1777984403.3722906,2,2842,0,0,121,35
1777984403.3853402,1,477,0,23,121,34
1777984403.3874924,2,2842,0,0,121,35
1777984403.4002788,1,477,0,23,121,34
1777984403.4021046,2,2842,0,0,121,35
1777984403.4150162,1,477,0,23,121,34
1777984403.4171212,2,2842,0,0,121,35
1777984403.430479,1,477,0,23,121,34
1777984403.4327323,2,2842,0,0,121,35
1777984403.4460716,1,477,0,23,121,34
1777984403.447761,2,2842,0,0,121,35
1777984403.460514,1,477,0,23,121,33
1777984403.4624922,2,2842,0,0,121,35
1777984403.4758303,1,477,-50,20,121,34
1777984403.4777777,2,2842,0,0,121,35
1777984403.4904957,1,477,50,21,121,34
1777984403.4923809,2,2842,0,0,121,35
1777984403.50554,1,477,50,24,121,34
1777984403.5076454,2,2842,0,0,121,35
1777984403.5207033,1,477,0,23,121,34
1777984403.5232048,2,2842,0,0,121,35
1777984403.5369012,1,477,0,23,121,33
1777984403.5397007,2,2842,0,0,121,35
1777984403.552874,1,477,0,23,121,33
1777984403.5549583,2,2842,0,0,121,35
1777984403.5675962,1,477,0,23,121,34
1777984403.569651,2,2842,0,0,121,35
1777984403.5825067,1,477,0,23,121,34
1777984403.5846424,2,2842,0,0,121,35
1777984403.5974646,1,477,0,23,121,34
1777984403.599583,2,2842,0,0,121,35
1777984403.6134355,1,477,0,23,121,34
1777984403.6152627,2,2842,0,0,121,35
1777984403.6287963,1,477,0,23,121,34
1777984403.6306186,2,2842,0,0,121,35
1777984403.6436968,1,477,0,23,121,34
1777984403.6456769,2,2842,0,0,121,35
1777984403.6588533,1,477,0,23,121,34
1777984403.6609788,2,2842,0,0,121,35
1777984403.6748068,1,477,0,23,121,34
1777984403.6769578,2,2842,0,0,121,35
1777984403.6903012,1,477,0,23,121,34
1777984403.6921806,2,2842,0,0,121,35
1777984403.7050352,1,477,0,23,121,34
1777984403.7069066,2,2842,0,0,121,35
1777984403.7197845,1,477,0,23,121,34
1777984403.721886,2,2842,0,0,121,35
1777984403.7346864,1,477,0,23,121,34
1777984403.736491,2,2842,0,0,121,35
1777984403.7495186,1,477,0,23,121,34
1777984403.751691,2,2842,0,0,121,35
1777984403.765097,1,477,0,23,121,33
1777984403.7671335,2,2842,0,0,121,35
1777984403.7804756,1,477,0,23,121,34
1777984403.782755,2,2842,0,0,121,35
1777984403.7967625,1,477,0,23,121,34
1777984403.7993824,2,2842,0,0,121,35
1777984403.8130574,1,477,0,23,121,34
1777984403.8156152,2,2842,0,0,121,35
1777984403.8293006,1,477,0,23,121,34
1777984403.8316243,2,2842,0,0,121,35
1777984403.8446612,1,477,0,23,121,34
1777984403.8469703,2,2842,0,0,121,35
1777984403.8607278,1,477,0,23,121,33
1777984403.8631551,2,2842,0,0,121,35
1777984403.8764184,1,477,0,23,121,34
1777984403.8785863,2,2842,0,0,121,35
1777984403.8922756,1,477,0,23,121,34
1777984403.894814,2,2842,0,0,121,35
1777984403.90871,1,477,0,23,121,34
1777984403.9113755,2,2842,0,0,121,35
1777984403.925323,1,477,0,23,121,34
1777984403.9275134,2,2842,0,0,121,35
1777984403.9406686,1,477,0,23,121,34
1777984403.9427023,2,2842,0,0,121,35
1777984403.9558117,1,477,-50,20,121,34
1777984403.957924,2,2842,0,0,121,35
1777984403.9708745,1,477,50,21,121,34
1777984403.9726999,2,2842,0,0,121,35
1777984403.9855978,1,477,0,23,121,33
1777984403.987553,2,2842,0,0,121,35
1777984404.0000951,1,477,0,23,121,33
1777984404.0018096,2,2842,0,0,121,35
1777984404.014324,1,477,0,23,121,34
1777984404.0160406,2,2842,0,0,121,35
1777984404.0286555,1,477,0,23,121,34
1777984404.0303702,2,2842,0,0,121,35
1777984404.0436091,1,477,0,23,121,34
1777984404.0453181,2,2842,0,0,121,35
1777984404.057928,1,477,0,23,121,34
1777984404.0596144,2,2842,0,0,121,35
1777984404.07225,1,477,0,23,121,34
1777984404.0740125,2,2842,0,0,121,35
1777984404.0868893,1,477,0,23,121,34
1777984404.0888693,2,2842,0,0,121,35
1777984404.1017022,1,477,0,23,121,34
1777984404.1035388,2,2842,0,0,121,35
1777984404.1160865,1,477,0,23,121,34
1777984404.1179988,2,2843,0,0,121,35
1777984404.1312423,1,477,0,23,121,34
1777984404.1332202,2,2842,0,0,121,35
1777984404.145777,1,477,0,23,121,34
1777984404.1474884,2,2842,0,0,121,36
1777984404.1599884,1,477,0,23,121,34
1777984404.1616235,2,2842,0,0,121,35
1777984404.1740396,1,477,0,23,121,34
1777984404.1758626,2,2842,0,0,121,35
1777984404.1887462,1,477,0,23,121,34
1777984404.190445,2,2842,0,0,121,35
1777984404.2028816,1,477,0,23,121,34
1777984404.2046568,2,2842,0,0,121,35
1777984404.2174513,1,477,0,23,121,34
1777984404.2198002,2,2842,0,0,121,35
1777984404.2334993,1,477,0,23,121,34
1777984404.2356596,2,2842,0,0,121,35
1777984404.2490942,1,477,0,23,121,34
1777984404.2516658,2,2842,0,0,121,35
1777984404.2659457,1,477,0,23,121,34
1777984404.2687056,2,2842,0,0,121,35
1777984404.282131,1,477,0,23,121,34
1777984404.284553,2,2842,0,0,121,35
1777984404.2981648,1,477,0,23,121,34
1777984404.300372,2,2842,0,0,121,35
1777984404.3136961,1,477,0,23,121,34
1777984404.3161292,2,2842,0,0,121,35
1777984404.3298,1,477,0,23,121,34
1777984404.332382,2,2842,0,0,121,35
1777984404.3453763,1,477,0,23,121,34
1777984404.3470848,2,2842,0,0,121,35
1777984404.3607461,1,477,0,23,121,34
1777984404.3632553,2,2842,0,0,121,35
1777984404.3763573,1,477,0,23,121,34
1777984404.3783526,2,2842,0,0,121,35
1777984404.3916872,1,477,0,23,121,34
1777984404.394354,2,2842,0,0,121,35
1777984404.4079444,1,477,0,23,121,34
1777984404.4106472,2,2842,0,0,121,35
1777984404.4241621,1,477,0,23,121,33
1777984404.4271657,2,2842,0,0,121,35
1777984404.440805,1,477,0,23,121,34
1777984404.4435415,2,2842,0,0,121,35
1777984404.4571326,1,477,0,23,121,34
1777984404.45905,2,2842,0,0,121,35
1777984404.4722345,1,477,0,23,121,33
1777984404.4743114,2,2842,0,0,121,35
1777984404.487737,1,477,0,23,121,34
1777984404.4902074,2,2842,0,0,121,35
1777984404.5035064,1,477,0,23,121,34
1777984404.505935,2,2842,0,0,121,35
1777984404.5193963,1,477,0,23,121,34
1777984404.521852,2,2842,0,0,121,35
1777984404.5349371,1,477,0,23,121,34
1777984404.5373025,2,2842,0,0,121,35
1777984404.5503387,1,477,0,23,121,34
1777984404.553171,2,2842,0,0,121,35
1777984404.5668592,1,477,0,23,121,34
1777984404.5692046,2,2842,0,0,121,35
1777984404.5824957,1,477,0,23,121,34
1777984404.5847938,2,2842,0,0,121,35
1777984404.597928,1,477,0,23,121,34
1777984404.5996077,2,2842,0,0,121,35
1777984404.6130893,1,477,0,23,121,34
1777984404.6154487,2,2842,0,0,121,35
1777984404.629506,1,477,0,23,121,33
1777984404.6316547,2,2842,0,0,121,35
1777984404.6450965,1,477,0,23,121,34
1777984404.6476111,2,2842,0,0,121,35
1777984404.6614711,1,477,0,23,121,34
1777984404.6639462,2,2842,0,0,121,35
1777984404.6768098,1,477,0,23,121,34
1777984404.678901,2,2842,0,0,121,35
1777984404.6921356,1,477,0,23,121,34
1777984404.6942384,2,2842,0,0,121,35
1777984404.7070076,1,477,0,23,121,33
1777984404.7090604,2,2842,0,0,121,35
1777984404.7223785,1,477,0,23,121,34
1777984404.7245097,2,2842,0,0,121,35
1777984404.7379916,1,477,0,23,121,34
1777984404.7400239,2,2842,0,0,121,35
1777984404.7537487,1,477,0,23,121,33
1777984404.7557755,2,2842,0,0,121,35
1777984404.7683308,1,477,0,23,121,34
1777984404.7700236,2,2842,0,0,121,35
1777984404.7826853,1,477,0,23,121,34
1777984404.7847338,2,2842,0,0,121,35
1777984404.797291,1,477,0,23,121,34
1777984404.7993016,2,2842,0,0,121,35
1777984404.8118129,1,477,0,23,121,34
1777984404.8135455,2,2842,0,0,121,35
1777984404.8263025,1,477,0,23,121,34
1777984404.828539,2,2842,0,0,121,35
1777984404.8417203,1,477,0,23,121,34
1777984404.8437212,2,2842,0,0,121,35
1777984404.8562818,1,477,0,23,121,34
1777984404.8579721,2,2842,0,0,121,35
1777984404.870506,1,477,0,23,121,34
1777984404.8722298,2,2842,0,0,121,35
1777984404.8847754,1,477,0,23,121,34
1777984404.8864937,2,2842,0,0,121,35
1777984404.8993893,1,477,0,23,121,34
1777984404.901077,2,2842,0,0,121,35
1777984404.913789,1,477,0,23,121,34
1777984404.9160357,2,2842,0,0,121,35
1777984404.9290783,1,477,0,23,121,34
1777984404.9313438,2,2842,0,0,121,35
1777984404.9444852,1,477,0,23,121,34
1777984404.946564,2,2842,0,0,121,35
1777984404.9594715,1,477,0,23,121,34
1777984404.9611309,2,2842,0,0,121,35
1777984404.9737144,1,477,0,23,121,34
1777984404.9753876,2,2842,0,0,121,35
1777984404.9883325,1,477,0,23,121,34
1777984404.990469,2,2842,0,0,121,35
1777984405.0036812,1,477,0,23,121,34
1777984405.0062785,2,2842,0,0,121,35
1777984405.0193157,1,477,0,23,121,34
1777984405.0210605,2,2842,0,0,121,35
1777984405.0347202,1,477,0,23,121,34
1777984405.0367217,2,2842,0,0,121,35
1777984405.049934,1,477,0,23,121,34
1777984405.0525908,2,2842,0,0,121,35
1777984405.0661948,1,477,0,23,121,34
1777984405.0689905,2,2842,0,0,121,35
1777984405.083062,1,477,0,23,121,34
1777984405.0853548,2,2842,0,0,121,35
1777984405.0984883,1,477,0,23,121,34
1777984405.1005287,2,2842,0,0,121,35
1777984405.1136045,1,477,0,23,121,34
1777984405.1156552,2,2842,0,0,121,35
1777984405.128426,1,477,0,23,121,34
1777984405.1307302,2,2842,0,0,121,35
1777984405.1441047,1,477,0,23,121,34
1777984405.1464224,2,2842,0,0,121,35
1777984405.160017,1,477,0,23,121,34
1777984405.1622827,2,2842,0,0,121,35
1777984405.1751897,1,477,0,23,121,34
1777984405.1772301,2,2842,0,0,121,35
1777984405.189866,1,477,0,23,121,34
1777984405.1915777,2,2842,0,0,121,35
1777984405.2041245,1,477,0,23,121,34
1777984405.2058218,2,2842,0,0,121,35
1777984405.2188618,1,477,0,23,121,34
1777984405.22093,2,2842,0,0,121,35
1777984405.2339334,1,477,0,23,121,34
1777984405.235871,2,2842,0,0,121,35
1777984405.2489185,1,477,0,23,121,34
1777984405.250834,2,2842,0,0,121,36
1777984405.2639518,1,477,0,23,121,34
1777984405.2658637,2,2842,0,0,121,35
1777984405.2787924,1,477,0,23,121,34
1777984405.281018,2,2842,0,0,121,35
1777984405.2938213,1,477,0,23,121,34
1777984405.2960763,2,2842,0,0,121,35
1777984405.3097968,1,477,0,23,121,34
1777984405.3118804,2,2842,0,0,121,35
1777984405.3249698,1,477,0,23,121,34
1777984405.3270812,2,2842,0,0,121,35
1777984405.3407447,1,477,0,23,121,34
1777984405.3427422,2,2842,0,0,120,35
1777984405.355827,1,477,0,23,121,34
1777984405.3576887,2,2842,0,0,121,35
1777984405.3713796,1,477,0,23,121,34
1777984405.373253,2,2842,0,0,121,35
1777984405.386344,1,477,0,23,121,34
1777984405.3886437,2,2842,0,0,121,35
1777984405.4014559,1,477,0,23,121,34
1777984405.403584,2,2842,0,0,121,35
1777984405.4170978,1,477,0,23,121,34
1777984405.418883,2,2842,0,0,121,35
1777984405.4315948,1,477,0,23,121,34
1777984405.4337204,2,2842,0,0,121,35
1777984405.4469938,1,477,0,23,121,34
1777984405.4492264,2,2842,0,0,121,35
1777984405.4621572,1,477,0,23,121,34
1777984405.4644337,2,2842,0,0,121,35
1777984405.478266,1,477,0,23,121,34
1777984405.480696,2,2842,0,0,121,35
1777984405.4942408,1,477,0,23,121,34
1777984405.4968963,2,2842,0,0,121,35
1777984405.5103667,1,477,0,23,121,33
1777984405.512897,2,2842,0,0,121,35
1777984405.5265088,1,477,0,23,121,34
1777984405.5289245,2,2842,0,0,121,35
1777984405.5423198,1,477,0,23,121,34
1777984405.5448315,2,2842,0,0,121,35
1777984405.5586767,1,477,0,23,121,34
1777984405.5610626,2,2842,0,0,121,35
1777984405.574006,1,477,0,23,121,34
1777984405.5760589,2,2842,0,0,121,35
1777984405.589202,1,477,0,23,121,34
1777984405.5916622,2,2842,0,0,121,35
1777984405.6045823,1,477,0,23,121,34
1777984405.6065586,2,2842,0,0,121,35
1777984405.6197867,1,477,0,23,121,34
1777984405.6217465,2,2842,0,0,121,35
1777984405.6351526,1,477,0,23,121,34
1777984405.6376472,2,2842,0,0,121,35
1777984405.6517293,1,477,0,23,121,34
1777984405.6543212,2,2842,0,0,121,35
1777984405.6672404,1,477,0,23,121,34
1777984405.6696584,2,2842,0,0,121,35
1777984405.682987,1,477,0,23,121,34
1777984405.6851556,2,2842,0,0,121,35
1777984405.6991005,1,477,0,23,121,34
1777984405.7013102,2,2842,0,0,121,35
1777984405.7143564,1,477,0,23,121,34
1777984405.7164135,2,2842,0,0,121,35
1777984405.729342,1,477,0,23,121,34
1777984405.7316551,2,2842,0,0,121,35
1777984405.745176,1,477,0,23,121,34
1777984405.7475545,2,2842,0,0,121,35
1777984405.7612865,1,477,0,23,121,34
1777984405.764104,2,2842,0,0,121,35
1777984405.7771425,1,477,0,23,121,34
1777984405.779244,2,2842,0,0,121,35
1777984405.7927547,1,477,0,23,121,34
1777984405.79471,2,2842,0,0,121,35
1777984405.8076847,1,477,0,23,121,34
1777984405.8102586,2,2842,0,0,121,35
1777984405.8241503,1,477,0,23,121,34
1777984405.8262224,2,2842,0,0,121,35
1777984405.8392024,1,477,0,23,121,34
1777984405.84163,2,2842,0,0,121,35
1777984405.8543863,1,477,0,23,121,34
1777984405.856028,2,2842,0,0,121,35
1777984405.8691103,1,477,0,23,121,34
1777984405.871118,2,2842,0,0,121,35
1777984405.88433,1,477,0,23,121,34
1777984405.8863,2,2842,0,0,121,35
1777984405.8998735,1,477,0,23,121,34
1777984405.9026551,2,2842,0,0,121,35
1777984405.916038,1,477,0,23,121,34
1777984405.9187994,2,2842,0,0,121,35
1777984405.932861,1,477,0,23,121,34
1777984405.934898,2,2842,0,0,121,35
1777984405.9483285,1,477,0,23,121,33
1777984405.9507937,2,2842,0,0,121,35
1777984405.9647398,1,476,0,23,121,34
1777984405.9669282,2,2842,0,0,121,35
1777984405.9802206,1,477,0,23,121,34
1777984405.9824736,2,2842,0,0,121,35
1777984405.9952705,1,477,0,23,121,34
1777984405.9975338,2,2842,0,0,121,35
1777984406.0102115,1,477,0,23,121,34
1777984406.0122652,2,2842,0,0,121,35
1777984406.0250194,1,477,0,23,121,34
1777984406.0272598,2,2842,0,0,121,35
1777984406.0403702,1,477,0,23,121,34
1777984406.0420358,2,2842,0,0,121,35
1777984406.0547292,1,477,0,23,121,34
1777984406.0565639,2,2842,0,0,121,35
1777984406.069839,1,477,0,23,121,34
1777984406.0722756,2,2842,0,0,121,35
1777984406.084956,1,477,0,23,121,33
1777984406.087367,2,2842,0,0,121,35
1777984406.1014564,1,477,0,23,121,34
1777984406.1050804,2,2842,0,0,121,35
1777984406.119115,1,477,0,23,121,33
1777984406.12112,2,2842,0,0,121,35
1777984406.1340377,1,477,0,23,121,34
1777984406.1360402,2,2842,0,0,121,35
1777984406.1487994,1,477,0,23,121,33
1777984406.1505213,2,2842,0,0,121,35
1777984406.1632035,1,477,0,23,121,34
1777984406.164862,2,2842,0,0,121,35
1777984406.1775043,1,477,0,23,121,34
1777984406.179292,2,2842,0,17,121,35
1777984406.1920211,1,477,0,23,121,34
1777984406.193846,2,2842,0,23,121,35
1777984406.2069056,1,477,0,23,121,34
1777984406.20918,2,2842,0,34,121,35
1777984406.221746,1,477,0,23,121,34
1777984406.2234654,2,2842,0,49,121,35
1777984406.2365584,1,477,0,23,121,34
1777984406.2383654,2,2842,0,69,121,35
1777984406.2509031,1,477,0,23,121,34
1777984406.2525852,2,2844,0,91,121,35
1777984406.2652414,1,477,0,23,121,34
1777984406.267001,2,2847,100,110,121,35
1777984406.2795975,1,477,0,23,121,34
1777984406.2814288,2,2850,200,131,121,35
1777984406.2947578,1,477,0,23,121,34
1777984406.2969263,2,2855,300,152,121,35
1777984406.3095138,1,477,0,23,121,34
1777984406.3112338,2,2860,300,176,121,35
1777984406.3242192,1,477,0,23,121,34
1777984406.326766,2,2867,400,196,121,35
1777984406.339691,1,477,0,23,121,34
1777984406.3420603,2,2875,450,220,121,35
1777984406.3550415,1,477,0,23,121,34
1777984406.3578346,2,2885,600,244,121,35
1777984406.3719773,1,477,0,23,121,33
1777984406.3742173,2,2898,750,267,121,35
1777984406.3875077,1,477,0,23,121,34
1777984406.3900082,2,2910,750,287,120,35
1777984406.4042308,1,477,0,23,121,34
1777984406.406438,2,2925,800,312,120,35
1777984406.4197135,1,477,0,23,121,34
1777984406.42205,2,2940,900,331,120,35
1777984406.435887,1,477,0,23,121,34
1777984406.4382272,2,2957,1050,338,120,35
1777984406.4514709,1,477,0,23,121,34
1777984406.4541302,2,2973,1000,340,121,35
1777984406.467758,1,477,0,23,121,34
1777984406.470493,2,2991,1000,337,120,35
1777984406.4839895,1,477,0,23,121,34
1777984406.486508,2,3008,1100,321,121,35
1777984406.4999354,1,477,0,23,121,34
1777984406.5022335,2,3025,1100,302,121,35
1777984406.5159924,1,477,0,23,121,34
1777984406.518146,2,3042,1050,280,121,35
1777984406.5314221,1,477,0,23,121,34
1777984406.533526,2,3056,900,259,121,35
1777984406.546489,1,477,0,23,121,34
1777984406.5484636,2,3068,900,238,121,35
1777984406.5611095,1,477,0,23,121,33
1777984406.562916,2,3079,800,220,121,35
1777984406.5753422,1,477,0,23,121,34
1777984406.577111,2,3089,750,200,121,35
1777984406.5899296,1,477,0,23,121,34
1777984406.5920017,2,3099,750,178,121,35
1777984406.6054318,1,477,0,23,121,33
1777984406.607477,2,3108,650,155,121,35
1777984406.6207252,1,477,0,23,121,34
1777984406.6226578,2,3117,600,132,121,35
1777984406.635477,1,477,0,23,121,34
1777984406.6374624,2,3123,450,109,121,35
1777984406.650361,1,477,0,23,121,34
1777984406.6524444,2,3128,400,86,121,35
1777984406.6654072,1,477,0,23,121,34
1777984406.6676433,2,3133,400,61,121,35
1777984406.6815464,1,477,0,23,121,34
1777984406.683585,2,3136,250,45,121,35
1777984406.6970491,1,477,0,23,121,34
1777984406.6993525,2,3138,150,35,121,35
1777984406.7123137,1,477,0,23,121,34
1777984406.7149765,2,3139,100,27,121,35
1777984406.728156,1,477,0,23,121,34
1777984406.7302635,2,3139,100,19,121,35
1777984406.7436614,1,477,0,23,121,34
1777984406.745718,2,3139,0,20,121,35
1777984406.7592373,1,477,0,23,121,34
1777984406.7614534,2,3139,0,20,121,35
1777984406.7743528,1,477,0,23,121,34
1777984406.776587,2,3139,0,20,121,35
1777984406.7902308,1,477,0,23,121,34
1777984406.79248,2,3139,0,20,121,35
1777984406.8064232,1,477,0,23,121,34
1777984406.808794,2,3139,0,20,121,35
1777984406.8225129,1,477,0,23,121,34
1777984406.824835,2,3139,0,20,121,35
1777984406.838961,1,477,0,23,121,34
1777984406.840988,2,3139,0,20,121,35
1777984406.8546662,1,477,0,23,121,34
1777984406.85696,2,3139,0,20,121,35
1777984406.8700137,1,477,0,23,121,33
1777984406.871913,2,3139,0,20,121,35
1777984406.8859687,1,477,0,23,121,34
1777984406.88813,2,3139,0,20,121,35
1777984406.9017746,1,477,0,23,121,33
1777984406.9041893,2,3139,0,20,121,35
1777984406.9179773,1,477,0,23,121,34
1777984406.9207842,2,3139,0,20,121,35
1777984406.9350576,1,477,0,23,121,34
1777984406.9374447,2,3139,0,20,121,35
1777984406.95113,1,477,0,23,121,34
1777984406.9533174,2,3139,0,20,121,35
1777984406.966972,1,477,0,23,121,34
1777984406.969203,2,3139,0,20,121,35
1777984406.9831512,1,477,0,23,121,34
1777984406.9856048,2,3139,0,18,121,35
1777984406.9993181,1,477,0,23,121,34
1777984407.0016322,2,3139,0,21,121,35
1777984407.0155168,1,477,0,23,121,34
1777984407.0176737,2,3139,0,33,121,35
1777984407.0313482,1,477,0,23,121,34
1777984407.0340185,2,3138,-50,49,121,35
1777984407.0477908,1,477,0,23,121,34
1777984407.050085,2,3139,-50,68,121,35
1777984407.0638237,1,477,0,23,121,34
1777984407.0661507,2,3137,50,103,121,35
1777984407.0795856,1,477,0,23,121,34
1777984407.0820131,2,3134,-100,127,121,35
1777984407.0956051,1,477,0,23,121,34
1777984407.097745,2,3128,-300,149,121,35
1777984407.1114476,1,477,0,23,121,34
1777984407.1135218,2,3121,-400,169,121,35
1777984407.1264274,1,477,0,23,121,34
1777984407.1283455,2,3114,-400,190,121,35
1777984407.1422024,1,477,0,23,121,34
1777984407.144482,2,3105,-500,210,121,35
1777984407.158225,1,477,0,23,121,34
1777984407.1604815,2,3095,-600,229,121,35
1777984407.174524,1,477,0,23,121,34
1777984407.1769972,2,3085,-600,256,121,35
1777984407.1908805,1,477,0,23,121,34
1777984407.1930773,2,3072,-750,281,121,35
1777984407.2069669,1,477,0,23,121,34
1777984407.2094262,2,3059,-750,306,120,35
1777984407.2228992,1,477,0,23,121,33
1777984407.225429,2,3044,-800,332,120,35
1777984407.2390504,1,477,0,23,121,34
1777984407.2414863,2,3027,-950,348,121,35
1777984407.2554376,1,477,0,23,121,34
1777984407.2578826,2,3010,-1100,356,120,35
1777984407.2717638,1,477,0,23,121,34
1777984407.2740936,2,2990,-1100,362,121,35
1777984407.2879028,1,477,0,23,121,34
1777984407.2902713,2,2971,-1200,366,120,35
1777984407.304314,1,477,0,23,121,34
1777984407.3066065,2,2953,-1200,366,121,35
1777984407.320428,1,477,0,23,121,34
1777984407.3226645,2,2932,-1150,370,121,35
1777984407.336263,1,477,0,23,121,34
1777984407.3383765,2,2914,-1200,370,121,35
1777984407.352064,1,477,0,23,121,34
1777984407.3549275,2,2894,-1250,368,121,35
1777984407.3682172,1,477,0,23,121,34
1777984407.3705223,2,2874,-1200,366,121,35
1777984407.3843155,1,477,0,23,121,34
1777984407.386696,2,2855,-1200,366,121,35
1777984407.400234,1,477,0,23,121,34
1777984407.4028265,2,2836,-1150,370,121,35
1777984407.4165578,1,477,0,23,121,34
1777984407.4191947,2,2817,-1200,370,121,34
1777984407.4332836,1,477,0,23,121,34
1777984407.4360034,2,2796,-1200,365,121,35
1777984407.4498105,1,477,0,23,121,34
1777984407.452163,2,2776,-1200,355,120,35
1777984407.4660852,1,477,0,23,121,34
1777984407.468416,2,2758,-1200,339,121,35
1777984407.4822147,1,477,0,23,121,34
1777984407.484521,2,2739,-1150,321,121,35
1777984407.4984348,1,477,0,23,121,34
1777984407.5010664,2,2722,-1150,299,121,35
1777984407.5149074,1,477,0,23,121,34
1777984407.5171473,2,2705,-1050,275,121,35
1777984407.5313175,1,477,0,23,121,33
1777984407.5336573,2,2689,-1000,250,121,35
1777984407.5472987,1,477,0,23,121,34
1777984407.5497327,2,2676,-850,226,121,35
1777984407.563663,1,477,0,23,121,34
1777984407.5659838,2,2663,-850,200,121,35
1777984407.5798926,1,477,0,23,121,34
1777984407.5821989,2,2652,-750,178,121,35
1777984407.5962157,1,477,0,23,121,34
1777984407.5984828,2,2642,-650,156,121,35
1777984407.6128023,1,477,0,23,121,34
1777984407.6153514,2,2634,-550,132,121,35
1777984407.6293414,1,477,0,23,121,33
1777984407.6317604,2,2627,-500,106,121,35
1777984407.6457655,1,477,0,23,121,34
1777984407.6481698,2,2621,-350,81,121,35
1777984407.6617737,1,477,0,23,121,34
1777984407.6641805,2,2616,-350,59,121,35
1777984407.678006,1,477,0,23,121,34
1777984407.68043,2,2613,-250,38,121,35
1777984407.694401,1,477,0,23,121,34
1777984407.6967206,2,2612,-100,22,121,35
1777984407.7107294,1,477,0,23,121,34
1777984407.7130268,2,2611,-100,30,121,35
1777984407.7269642,1,477,0,23,121,34
1777984407.729236,2,2611,0,54,121,35
1777984407.7430189,1,477,0,23,121,34
1777984407.7453349,2,2612,0,79,121,35
1777984407.7593017,1,477,0,23,121,34
1777984407.7616808,2,2614,50,106,121,35
1777984407.7752297,1,477,0,23,121,34
1777984407.777751,2,2617,150,131,121,35
1777984407.7919683,1,477,0,23,121,33
1777984407.7943897,2,2622,250,159,121,35
1777984407.8081908,1,477,0,23,121,34
1777984407.8108652,2,2630,450,182,121,35
1777984407.8247573,1,477,0,23,121,34
1777984407.8273969,2,2638,500,203,121,35
1777984407.8411174,1,477,0,23,121,34
1777984407.8437703,2,2649,500,230,121,35
1777984407.8573968,1,477,0,23,121,34
1777984407.8597307,2,2660,600,252,121,35
1777984407.8729384,1,477,0,23,121,33
1777984407.8750794,2,2671,700,273,121,35
1777984407.8882928,1,477,0,23,121,34
1777984407.8900335,2,2683,750,298,120,35
1777984407.9027512,1,477,0,23,120,34
1777984407.904942,2,2695,750,323,120,35
1777984407.9180794,1,477,0,23,121,34
1777984407.9203649,2,2710,900,339,120,35
1777984407.9340563,1,477,0,23,121,34
1777984407.9365368,2,2727,950,355,121,35
1777984407.9503982,1,477,0,23,121,34
1777984407.9526284,2,2746,1150,362,121,35
1777984407.9661388,1,477,0,23,121,34
1777984407.9684649,2,2764,1150,365,120,35
1777984407.9822211,1,477,0,23,121,34
1777984407.984365,2,2782,1150,368,121,35
1777984407.9972134,1,477,0,23,121,34
1777984407.9992132,2,2799,1100,375,121,35
1777984408.0122716,1,477,0,23,121,34
1777984408.0141747,2,2818,1200,375,121,35
1777984408.027394,1,477,0,23,121,34
1777984408.0293322,2,2837,1200,375,121,35
1777984408.042367,1,477,0,23,121,34
1777984408.0445318,2,2855,1200,375,120,35
1777984408.058049,1,477,0,23,121,34
1777984408.060402,2,2874,1250,371,121,35
1777984408.0735247,1,477,0,23,121,33
1777984408.075631,2,2892,1150,375,121,35
1777984408.0890934,1,477,0,23,121,34
1777984408.0914888,2,2911,1200,375,121,35
1777984408.1046426,1,477,0,23,121,34
1777984408.1071155,2,2930,1250,374,121,35
1777984408.1199331,1,477,0,23,121,34
1777984408.1216414,2,2950,1250,366,121,35
1777984408.1344693,1,477,0,23,121,34
1777984408.1366878,2,2967,1250,355,121,35
1777984408.150075,1,477,0,23,121,34
1777984408.1524448,2,2985,1150,342,121,35
1777984408.1652923,1,477,0,23,121,34
1777984408.1670678,2,3002,1100,329,121,35
1777984408.1795788,1,477,0,23,121,34
1777984408.1812835,2,3018,1100,313,121,35
1777984408.1938016,1,477,0,23,121,34
1777984408.1954753,2,3033,1150,291,121,35
1777984408.207887,1,477,0,23,121,34
1777984408.2096338,2,3047,1050,267,121,35
1777984408.222536,1,477,0,23,121,34
1777984408.224451,2,3060,1050,242,121,35
1777984408.2376702,1,477,0,23,121,34
1777984408.2396066,2,3072,850,226,121,35
1777984408.2525668,1,477,0,23,121,34
1777984408.2545745,2,3083,750,209,121,35
1777984408.2680767,1,477,0,23,121,34
1777984408.2703516,2,3094,700,189,121,35
1777984408.283969,1,477,0,23,121,34
1777984408.2859116,2,3103,650,166,121,35
1777984408.2989788,1,477,0,23,121,34
1777984408.3009255,2,3112,650,140,121,35
1777984408.3139884,1,477,0,23,121,34
1777984408.315922,2,3119,550,117,121,35
1777984408.3289857,1,477,0,23,121,34
1777984408.3309534,2,3125,450,93,121,35
1777984408.3439834,1,477,0,23,121,34
1777984408.3459086,2,3130,350,70,121,35
1777984408.3590364,1,477,0,23,121,33
1777984408.3610163,2,3134,350,47,121,35
1777984408.3745306,1,477,0,23,121,34
1777984408.3768423,2,3136,200,37,121,35
1777984408.3907523,1,477,0,23,121,34
1777984408.3931808,2,3137,150,26,121,35
1777984408.4069736,1,477,0,23,121,34
1777984408.4092627,2,3138,0,23,121,35
1777984408.422806,1,477,0,23,121,34
1777984408.4249103,2,3138,50,22,121,35
1777984408.4388127,1,477,0,23,121,34
1777984408.4414084,2,3138,50,19,121,35
1777984408.4548063,1,477,0,23,121,33
1777984408.4570847,2,3138,0,19,121,35
1777984408.4708564,1,477,0,23,121,33
1777984408.4729927,2,3138,0,19,121,35
1777984408.4868138,1,477,0,23,121,34
1777984408.4891436,2,3138,0,19,121,35
1777984408.5028427,1,477,0,23,121,34
1777984408.505072,2,3138,0,18,121,36
1777984408.5188193,1,477,0,23,121,33
1777984408.5211709,2,3138,0,17,121,35
1777984408.534542,1,477,0,23,121,34
1777984408.5366263,2,3138,0,17,121,35
1777984408.5496826,1,477,0,23,121,34
1777984408.5516512,2,3138,0,17,121,35
1777984408.5655859,1,477,0,23,121,34
1777984408.5681136,2,3138,0,17,121,35
1777984408.581987,1,477,0,23,121,34
1777984408.5842545,2,3138,0,17,121,35
1777984408.5974824,1,477,0,23,121,34
1777984408.5993629,2,3138,0,17,121,35
1777984408.6125731,1,477,0,23,121,34
1777984408.614766,2,3138,0,17,121,35
1777984408.6276207,1,477,0,23,121,34
1777984408.6295917,2,3138,0,17,121,35
1777984408.642127,1,477,0,23,121,34
1777984408.6439002,2,3138,0,17,121,35
1777984408.6567068,1,477,0,23,121,34
1777984408.6584868,2,3138,0,17,121,35
1777984408.6710815,1,477,0,23,121,34
1777984408.6729474,2,3138,0,17,121,35
1777984408.6858118,1,477,0,23,121,34
1777984408.6876385,2,3138,0,22,121,35
1777984408.7003896,1,477,0,23,121,34
1777984408.702262,2,3138,0,32,121,35
1777984408.7151275,1,477,0,23,121,34
1777984408.7173028,2,3138,0,46,121,35
1777984408.729842,1,477,0,23,121,34
1777984408.7321124,2,3138,0,66,121,35
1777984408.7448702,1,477,0,23,121,34
1777984408.7465575,2,3137,0,90,121,35
1777984408.7591116,1,477,0,23,121,34
1777984408.7608044,2,3135,0,116,121,35
1777984408.773334,1,477,0,23,121,34
1777984408.775076,2,3131,-150,136,121,35
1777984408.787579,1,477,0,23,121,34
1777984408.7893054,2,3126,-350,152,121,35
1777984408.8017802,1,477,0,23,121,34
1777984408.8035321,2,3119,-400,170,121,35
1777984408.8160274,1,477,0,23,121,33
1777984408.8177633,2,3113,-400,190,121,35
1777984408.8302708,1,477,0,23,121,34
1777984408.8319352,2,3105,-500,210,121,35
1777984408.8444037,1,477,0,23,121,33
1777984408.846124,2,3096,-600,228,121,35
1777984408.8586674,1,477,0,23,121,33
1777984408.8603323,2,3086,-600,249,121,35
1777984408.8728194,1,477,0,23,121,34
1777984408.8745282,2,3076,-650,270,120,35
1777984408.8871887,1,477,0,23,121,34
1777984408.8888686,2,3065,-800,289,121,35
1777984408.9017622,1,477,0,23,121,34
1777984408.9040668,2,3052,-800,313,120,35
1777984408.9174263,1,477,0,23,121,34
1777984408.9197693,2,3037,-800,337,120,35
1777984408.9330857,1,477,0,23,121,34
1777984408.9352767,2,3019,-1000,347,121,35
1777984408.9487674,1,477,-50,21,121,34
1777984408.9510052,2,3002,-1100,354,121,35
1777984408.964428,1,477,50,21,121,34
1777984408.9666486,2,2983,-1100,360,121,35
1777984408.9800847,1,477,50,24,121,34
1777984408.9821997,2,2966,-1150,365,120,35
1777984408.9961374,1,477,0,23,121,34
1777984408.9986546,2,2947,-1150,369,121,35
1777984409.0122693,1,477,0,23,121,34
1777984409.0146115,2,2927,-1150,372,121,35
1777984409.0276585,1,477,0,23,121,34
1777984409.0296228,2,2908,-1300,366,121,35
1777984409.0432432,1,477,0,23,121,34
1777984409.0454433,2,2889,-1200,364,121,35
1777984409.0592413,1,477,0,23,121,34
1777984409.061523,2,2871,-1200,364,121,35
1777984409.0751188,1,477,0,23,121,34
1777984409.077427,2,2852,-1200,364,121,35
1777984409.0912323,1,477,0,23,121,34
1777984409.0934386,2,2832,-1150,368,121,35
1777984409.106907,1,477,0,23,121,34
1777984409.1090875,2,2812,-1250,365,121,35
1777984409.1228218,1,477,0,23,121,34
1777984409.125011,2,2793,-1200,364,121,35
1777984409.1388752,1,477,0,23,121,34
1777984409.1410909,2,2775,-1200,364,121,35
1777984409.1550424,1,477,0,23,121,34
1777984409.1573422,2,2757,-1200,364,121,35
1777984409.1710608,1,477,0,23,121,34
1777984409.1733656,2,2737,-1100,371,120,35
1777984409.186899,1,477,0,23,121,34
1777984409.1887796,2,2716,-1300,366,121,35
1777984409.2016833,1,477,0,23,121,34
1777984409.2041008,2,2698,-1200,364,121,35
1777984409.2178748,1,477,0,23,121,34
1777984409.2201836,2,2678,-1200,364,121,35
1777984409.233964,1,477,0,23,121,34
1777984409.2361536,2,2660,-1200,364,121,35
1777984409.2498102,1,477,0,23,121,34
1777984409.2520614,2,2641,-1150,367,121,35
1777984409.2655396,1,477,0,23,121,34
1777984409.2676933,2,2621,-1250,365,121,35
1777984409.2811024,1,477,0,23,121,34
1777984409.2832038,2,2602,-1200,364,121,35
1777984409.2965832,1,477,0,23,121,34
1777984409.2987626,2,2583,-1200,364,121,35
1777984409.3125477,1,477,0,23,121,34
1777984409.3148155,2,2566,-1200,364,121,35
1777984409.3282402,1,477,0,23,121,34
1777984409.3303201,2,2548,-1100,370,120,35
1777984409.3440928,1,477,0,23,121,34
1777984409.34664,2,2527,-1250,370,120,35
1777984409.360039,1,477,0,23,121,34
1777984409.3619604,2,2508,-1250,366,121,35
1777984409.375787,1,477,0,23,121,34
1777984409.3780956,2,2489,-1250,363,121,35
1777984409.3918684,1,477,0,23,121,34
1777984409.393934,2,2471,-1200,364,120,35
1777984409.4069982,1,477,0,23,121,34
1777984409.4089308,2,2452,-1150,367,121,35
1777984409.4220304,1,477,0,23,121,34
1777984409.423974,2,2433,-1200,368,121,35
1777984409.437008,1,477,0,23,121,34
1777984409.4389484,2,2415,-1200,368,121,35
1777984409.452046,1,477,0,23,121,34
1777984409.4540253,2,2396,-1250,364,121,35
1777984409.4671106,1,477,0,23,121,34
1777984409.469055,2,2379,-1200,364,121,35
1777984409.4820936,1,477,0,23,121,34
1777984409.4841945,2,2361,-1150,366,121,35
1777984409.4973762,1,477,0,23,121,34
1777984409.4993124,2,2343,-1200,368,121,35
1777984409.512386,1,477,0,23,121,34
1777984409.514343,2,2326,-1200,368,120,35
1777984409.5273986,1,477,0,23,121,33
1777984409.5293462,2,2307,-1200,368,121,35
1777984409.542379,1,477,0,23,121,34
1777984409.5443797,2,2288,-1200,368,121,35
1777984409.5574062,1,477,0,23,121,34
1777984409.559407,2,2270,-1200,368,121,35
1777984409.5724034,1,477,0,23,121,34
1777984409.5743463,2,2253,-1200,368,121,35
1777984409.5873945,1,477,0,23,121,34
1777984409.5893505,2,2234,-1150,371,120,35
1777984409.6024163,1,477,0,23,121,34
1777984409.6043782,2,2216,-1250,370,121,35
1777984409.6173995,1,477,0,23,121,34
1777984409.6193275,2,2197,-1250,367,121,35
1777984409.632406,1,477,0,23,121,34
1777984409.6343257,2,2180,-1250,364,121,35
1777984409.6474164,1,477,0,23,121,34
1777984409.649377,2,2162,-1150,362,121,35
1777984409.6628435,1,477,0,23,121,34
1777984409.6651664,2,2142,-1250,352,121,35
1777984409.6787977,1,477,0,23,121,34
1777984409.6808054,2,2123,-1150,337,121,35
1777984409.694557,1,477,0,23,121,34
1777984409.6969185,2,2106,-1150,321,121,35
1777984409.7102423,1,477,0,23,121,34
1777984409.712465,2,2089,-1150,298,121,35
1777984409.7259915,1,477,0,23,121,34
1777984409.7281885,2,2074,-1000,281,121,35
1777984409.7417867,1,477,0,23,121,34
1777984409.7442958,2,2059,-950,261,121,35
1777984409.7578251,1,477,0,23,121,34
1777984409.760133,2,2045,-900,238,121,35
1777984409.7736592,1,477,0,23,121,34
1777984409.7761168,2,2032,-900,213,121,35
1777984409.7896855,1,477,0,23,121,34
1777984409.7915483,2,2020,-850,185,121,35
1777984409.8044448,1,477,0,23,121,34
1777984409.8067312,2,2011,-700,165,121,35
1777984409.8203378,1,477,0,23,121,34
1777984409.822763,2,2002,-550,141,121,35
1777984409.8364813,1,477,0,23,121,34
1777984409.8387873,2,1994,-500,118,121,35
1777984409.85291,1,477,0,23,121,34
1777984409.8552587,2,1989,-500,93,121,35
1777984409.8687925,1,477,0,23,121,34
1777984409.8711898,2,1984,-350,73,121,35
1777984409.8850765,1,477,0,23,121,34
1777984409.887391,2,1980,-250,55,121,35
1777984409.9009695,1,477,0,23,121,34
1777984409.9032228,2,1979,-150,45,121,35
1777984409.9167182,1,477,0,23,121,34
1777984409.9190555,2,1977,-100,36,121,35
1777984409.9328327,1,477,0,23,121,34
1777984409.9350822,2,1976,-100,30,121,35
1777984409.949152,1,477,0,23,121,34
1777984409.9514914,2,1976,-50,27,121,35
1777984409.9651668,1,477,0,23,121,34
1777984409.9676166,2,1976,0,27,121,35
1777984409.981104,1,477,0,23,121,34
1777984409.9833448,2,1976,0,27,121,35
1777984409.9968762,1,477,0,23,121,34
1777984409.99943,2,1976,0,27,121,35
1777984410.0130684,1,477,0,23,121,34
1777984410.0156426,2,1976,0,27,121,35
1777984410.0293312,1,477,0,23,121,34
1777984410.0316133,2,1976,0,27,121,35
1777984410.0449264,1,477,0,23,121,34
1777984410.0472412,2,1976,0,27,121,35
1777984410.0608773,1,477,0,23,121,34
1777984410.0630157,2,1976,0,27,121,35
1777984410.0767047,1,477,0,23,121,34
1777984410.0790126,2,1976,0,27,121,35
1777984410.0927558,1,477,0,23,121,34
1777984410.0950227,2,1976,0,27,121,35
1777984410.108837,1,477,0,23,121,34
1777984410.1112125,2,1976,0,27,121,35
1777984410.1245382,1,477,0,23,121,34
1777984410.1268198,2,1976,0,27,121,35
1777984410.1415386,1,477,0,23,121,34
1777984410.1438558,2,1976,0,27,121,35
1777984410.1576455,1,477,0,23,121,34
1777984410.1598568,2,1976,0,27,121,35
1777984410.1733797,1,477,0,23,121,33
1777984410.175646,2,1976,0,27,121,35
1777984410.1881278,1,477,0,23,121,34
1777984410.1898742,2,1976,0,27,121,35
1777984410.2023535,1,477,0,23,121,34
1777984410.204097,2,1976,0,27,121,35
1777984410.2165806,1,477,0,23,121,34
1777984410.2183206,2,1976,0,27,121,35
1777984410.2308273,1,477,0,23,121,34
1777984410.2325509,2,1976,0,27,121,35
1777984410.2450285,1,477,0,23,121,34
1777984410.2466788,2,1976,0,27,121,35
1777984410.2597346,1,477,0,23,121,34
1777984410.2618532,2,1976,0,27,121,35
1777984410.2755618,1,477,0,23,121,34
1777984410.2778695,2,1976,0,27,121,35
1777984410.2909846,1,477,0,23,121,34
1777984410.2932339,2,1976,0,27,121,35
1777984410.3071241,1,477,0,23,121,34
1777984410.309412,2,1976,0,27,121,35
1777984410.3232434,1,477,0,23,121,34
1777984410.3254864,2,1976,0,27,121,35
1777984410.3392303,1,477,0,23,121,34
1777984410.341553,2,1976,0,27,121,35
1777984410.3548257,1,477,0,23,121,34
1777984410.3576355,2,1976,0,27,121,35
1777984410.3709595,1,477,0,23,121,34
1777984410.3734958,2,1976,0,25,121,35
1777984410.3867476,1,477,0,23,121,34
1777984410.3890135,2,1976,0,19,121,35
1777984410.402618,1,477,0,23,121,34
1777984410.4050457,2,1976,0,25,121,35
1777984410.417831,1,477,0,23,121,34
1777984410.4195502,2,1976,0,41,121,35
1777984410.4321845,1,477,0,23,121,34
1777984410.4339914,2,1976,0,61,121,35
1777984410.447822,1,477,0,23,121,34
1777984410.4499824,2,1977,0,89,121,35
1777984410.46269,1,477,0,23,121,34
1777984410.4645631,2,1979,100,110,121,38
1777984410.4779637,1,477,0,23,121,34
1777984410.48051,2,1983,200,136,121,35
1777984410.4936473,1,477,0,23,121,34
1777984410.495736,2,1988,300,161,120,35
1777984410.5091825,1,477,0,23,121,34
1777984410.511586,2,1994,300,188,120,35
1777984410.5250452,1,477,0,23,121,34
1777984410.527425,2,2003,400,212,121,35
1777984410.540659,1,477,0,23,121,34
1777984410.5427008,2,2013,600,232,121,35
1777984410.5554495,1,477,0,23,121,34
1777984410.55732,2,2023,650,252,121,35
1777984410.5708025,1,477,0,23,121,34
1777984410.5732372,2,2035,650,276,120,35
1777984410.586645,1,477,0,23,121,34
1777984410.5886962,2,2048,800,294,120,35
1777984410.6021516,1,477,0,23,121,34
1777984410.604692,2,2062,850,315,120,35
1777984410.6176279,1,477,0,23,120,34
1777984410.6196907,2,2077,900,334,120,35
1777984410.6326947,1,477,0,23,121,34
1777984410.6347222,2,2092,1000,350,120,35
1777984410.6472998,1,477,0,23,121,34
1777984410.649293,2,2107,1000,362,120,35
1777984410.6623657,1,477,0,23,121,34
1777984410.6641564,2,2124,1100,367,121,35
1777984410.6773927,1,477,0,23,121,34
1777984410.679293,2,2144,1200,369,120,35
1777984410.6921756,1,477,0,23,121,34
1777984410.694348,2,2161,1200,369,121,35
1777984410.7076416,1,477,0,23,121,34
1777984410.7096863,2,2180,1200,369,121,35
1777984410.7231827,1,477,0,23,121,34
1777984410.7254333,2,2199,1150,372,121,35
1777984410.738789,1,477,0,23,121,34
1777984410.7409585,2,2217,1250,370,121,35
1777984410.7545123,1,477,0,23,121,34
1777984410.756705,2,2237,1250,367,121,35
1777984410.7699556,1,477,0,23,121,34
1777984410.772115,2,2256,1250,364,121,35
1777984410.7856112,1,477,0,23,121,34
1777984410.7878354,2,2273,1150,369,121,35
1777984410.8014317,1,477,0,23,121,34
1777984410.803992,2,2292,1150,372,121,35
1777984410.8176954,1,477,0,23,121,34
1777984410.8198972,2,2312,1200,373,121,35
1777984410.833488,1,477,0,23,121,34
1777984410.835748,2,2331,1250,371,121,35
1777984410.8490186,1,477,0,23,121,34
1777984410.8515792,2,2351,1250,368,121,35
1777984410.8651907,1,477,0,23,121,34
1777984410.8673446,2,2370,1200,369,121,35
1777984410.8804302,1,477,0,23,121,34
1777984410.882388,2,2388,1150,372,121,35
1777984410.8954356,1,477,0,23,121,34
1777984410.897581,2,2406,1200,373,121,35
1777984410.9110956,1,477,0,23,121,34
1777984410.9133465,2,2425,1250,372,121,35
1777984410.9265099,1,477,0,23,121,34
1777984410.9289415,2,2444,1250,368,121,35
1777984410.9427083,1,477,0,23,121,34
1777984410.9445748,2,2464,1200,369,121,35
1777984410.9578972,1,477,0,23,121,34
1777984410.960238,2,2481,1200,369,121,35
1777984410.9739099,1,477,0,23,121,34
1777984410.9756932,2,2499,1150,371,121,35
1777984410.9885788,1,477,0,23,121,34
1777984410.9905581,2,2517,1150,374,121,35
1777984411.004095,1,477,0,23,121,34
1777984411.0063365,2,2537,1200,373,121,35
1777984411.0188968,1,477,0,23,121,34
1777984411.0206075,2,2555,1200,373,121,35
1777984411.0337605,1,477,0,23,121,34
1777984411.0359006,2,2573,1250,371,121,35
1777984411.0484154,1,477,0,23,121,34
1777984411.0500813,2,2589,1250,368,121,35
1777984411.0626962,1,477,0,23,121,34
1777984411.0644066,2,2607,1100,376,120,35
1777984411.077431,1,477,0,23,121,34
1777984411.0791852,2,2624,1250,374,121,35
1777984411.0920599,1,477,0,23,121,34
1777984411.09379,2,2643,1250,371,121,35
1777984411.1067436,1,477,0,23,121,34
1777984411.1085114,2,2661,1250,368,121,35
1777984411.1213577,1,477,0,23,121,34
1777984411.1232328,2,2679,1200,369,120,35
1777984411.136263,1,477,0,23,121,34
1777984411.1385906,2,2696,1150,371,121,35
1777984411.1516654,1,477,0,23,121,34
1777984411.1533558,2,2714,1200,373,121,35
1777984411.1663377,1,477,0,23,121,34
1777984411.1682847,2,2733,1200,373,121,35
1777984411.1815813,1,477,0,23,121,34
1777984411.18375,2,2752,1250,369,121,35
1777984411.1974616,1,477,0,23,121,34
1777984411.1997375,2,2770,1200,369,121,35
1777984411.212928,1,477,0,23,121,34
1777984411.2149286,2,2787,1150,371,120,35
1777984411.22801,1,477,0,23,121,34
1777984411.2299592,2,2806,1150,374,121,35
1777984411.2429097,1,477,0,23,121,34
1777984411.2447693,2,2824,1200,373,121,35
1777984411.2575574,1,477,0,23,121,34
1777984411.259511,2,2842,1200,373,121,35
1777984411.272889,1,477,0,23,121,34
1777984411.2749739,2,2861,1250,371,121,35
1777984411.2884598,1,477,0,23,121,34
1777984411.2907236,2,2879,1250,368,121,35
1777984411.3049812,1,477,0,23,121,34
1777984411.3071344,2,2899,1150,373,121,35
1777984411.3208766,1,477,0,23,121,34
1777984411.3232388,2,2918,1150,376,121,35
1777984411.3371382,1,477,0,23,121,34
1777984411.339594,2,2938,1300,371,121,35
1777984411.3527012,1,477,0,23,121,34
1777984411.3547428,2,2959,1250,362,121,35
1777984411.3674426,1,477,0,23,121,34
1777984411.3695831,2,2975,1250,351,121,35
1777984411.3824203,1,477,0,23,121,34
1777984411.3843722,2,2992,1100,345,121,35
1777984411.3981586,1,477,0,23,121,34
1777984411.4004815,2,3011,1200,327,121,35
1777984411.4134521,1,477,0,23,121,34
1777984411.415305,2,3028,1100,308,121,35
1777984411.4281847,1,477,0,23,121,34
1777984411.4300048,2,3044,1100,287,121,35
1777984411.4430995,1,477,0,23,121,34
1777984411.4450533,2,3058,1100,261,121,35
1777984411.4580874,1,477,0,23,121,34
1777984411.4600387,2,3070,900,244,121,35
1777984411.4730482,1,477,0,23,121,34
1777984411.4749937,2,3081,800,224,121,35
1777984411.4873836,1,477,0,23,121,34
1777984411.4890885,2,3092,800,204,121,35
1777984411.5016694,1,477,0,23,121,34
1777984411.5033844,2,3101,750,183,121,35
1777984411.515922,1,477,0,23,121,34
1777984411.5176375,2,3111,650,164,121,35
1777984411.5301433,1,477,0,23,121,34
1777984411.531859,2,3119,550,142,121,35
1777984411.5444174,1,477,0,23,121,34
1777984411.5460913,2,3126,550,120,121,35
1777984411.5587227,1,477,0,23,121,34
1777984411.5607615,2,3132,500,96,121,37
1777984411.5738904,1,477,0,23,121,34
1777984411.5763578,2,3137,400,71,121,35
1777984411.5891793,1,477,0,23,121,34
1777984411.5918915,2,3141,250,51,121,35
1777984411.6055505,1,477,0,23,121,34
1777984411.6076365,2,3143,250,34,121,35
1777984411.620644,1,477,0,23,121,34
1777984411.623087,2,3144,100,31,121,35
1777984411.6364381,1,477,0,23,121,34
1777984411.638808,2,3144,50,27,121,35
1777984411.6526089,1,477,0,23,121,34
1777984411.6554034,2,3144,0,26,121,35
1777984411.6698833,1,477,0,23,121,34
1777984411.6726918,2,3144,0,26,121,36
1777984411.686109,1,477,0,23,121,34
1777984411.6888359,2,3144,0,26,121,35
1777984411.7019618,1,477,0,23,121,34
1777984411.7040381,2,3144,0,26,121,35
1777984411.7171917,1,477,0,23,121,34
1777984411.7197542,2,3144,0,26,121,35
1777984411.7326913,1,477,0,23,121,34
1777984411.7347164,2,3144,0,26,121,35
1777984411.7491097,1,477,0,23,121,34
1777984411.7513587,2,3144,0,26,121,35
1777984411.7652059,1,477,0,23,121,34
1777984411.7669082,2,3144,0,26,121,35
1777984411.7798438,1,477,0,23,121,34
1777984411.7817097,2,3144,0,26,121,35
1777984411.7953646,1,477,0,23,121,34
1777984411.7973444,2,3144,0,26,121,35
1777984411.8110607,1,477,0,23,121,34
1777984411.8130808,2,3144,0,26,121,35
1777984411.826206,1,477,0,23,121,34
1777984411.8290157,2,3144,0,26,121,35
1777984411.8429232,1,477,0,23,121,34
1777984411.845067,2,3144,0,26,121,35
1777984411.8585565,1,477,0,23,121,34
1777984411.8609672,2,3144,0,26,121,35
1777984411.874816,1,477,0,23,121,34
1777984411.8773737,2,3144,0,26,121,35
1777984411.891235,1,477,0,23,121,34
1777984411.8935192,2,3144,0,26,121,35
1777984411.906961,1,477,0,23,121,34
1777984411.9094155,2,3144,0,26,121,35
1777984411.922858,1,477,0,23,121,34
1777984411.925287,2,3144,0,26,121,35
1777984411.9389155,1,477,0,23,121,34
1777984411.9411979,2,3144,0,26,121,35
1777984411.9548666,1,477,0,23,121,34
1777984411.9571342,2,3144,0,26,121,35
1777984411.9708679,1,477,0,23,121,34
1777984411.973339,2,3144,0,26,121,35
1777984411.9868934,1,477,0,23,121,34
1777984411.9890509,2,3144,0,26,121,35
1777984412.0027966,1,477,0,23,121,34
1777984412.0052218,2,3144,0,26,121,35
1777984412.0182178,1,477,0,23,121,34
1777984412.0206347,2,3144,0,26,121,35
1777984412.0340457,1,477,0,23,121,34
1777984412.0360274,2,3144,0,26,121,35
1777984412.0490537,1,477,0,23,121,34
1777984412.0510106,2,3144,0,26,121,34
1777984412.0641131,1,477,0,23,121,34
1777984412.066199,2,3144,0,26,121,35
1777984412.0794246,1,477,0,23,121,34
1777984412.081409,2,3144,0,26,121,35
1777984412.0945377,1,477,0,23,121,34
1777984412.0968187,2,3144,0,26,121,35
1777984412.1101708,1,477,0,23,121,34
1777984412.1122687,2,3144,0,26,121,35
1777984412.1254187,1,477,0,22,121,34
1777984412.1273704,2,3144,0,26,121,35
1777984412.1404064,1,477,0,21,121,34
1777984412.142498,2,3144,0,26,121,35
1777984412.1559038,1,477,0,21,121,34
1777984412.1581793,2,3144,0,26,121,35
1777984412.1713977,1,477,0,21,121,34
1777984412.1747906,2,3144,0,26,121,35
1777984412.1891096,1,477,0,21,121,34
1777984412.1915183,2,3144,0,26,121,35
1777984412.204318,1,477,0,21,121,34
1777984412.2060711,2,3144,0,26,121,35
1777984412.2187028,1,477,0,21,121,34
1777984412.2203898,2,3144,0,26,121,35
1777984412.2330735,1,477,0,21,121,34
1777984412.235072,2,3144,0,26,121,35
1777984412.2478704,1,477,0,21,121,34
1777984412.2496095,2,3144,0,26,121,35
1777984412.2619765,1,477,0,21,121,34
1777984412.263674,2,3144,0,26,121,35
1777984412.2763546,1,477,0,21,121,34
1777984412.2781806,2,3144,0,26,121,35
1777984412.2910502,1,477,0,21,121,34
1777984412.2928581,2,3144,0,26,121,35
1777984412.3058345,1,477,0,19,121,34
1777984412.3079233,2,3144,0,26,121,35
1777984412.321829,1,477,0,18,121,34
1777984412.3238952,2,3144,0,26,121,35
1777984412.3373218,1,477,0,30,121,34
1777984412.339652,2,3144,0,26,121,35
1777984412.3531547,1,477,0,44,121,33
1777984412.3554332,2,3144,0,26,121,35
1777984412.369151,1,477,0,68,121,34
1777984412.3714566,2,3144,0,26,121,35
1777984412.3853984,1,478,0,95,121,34
1777984412.3879142,2,3144,0,26,121,35
1777984412.4020476,1,481,50,122,121,34
1777984412.40459,2,3144,0,26,121,35
1777984412.4171252,1,485,200,147,121,34
1777984412.4189444,2,3144,0,26,121,35
1777984412.432519,1,490,300,170,121,33
1777984412.4349086,2,3144,0,26,121,35
1777984412.448172,1,496,400,195,121,34
1777984412.4500651,2,3144,0,26,121,35
1777984412.4636147,1,504,400,219,121,34
1777984412.4660738,2,3144,0,26,121,35
1777984412.478627,1,512,500,244,121,34
1777984412.4803417,2,3144,0,26,121,35
1777984412.493531,1,523,650,265,121,34
1777984412.495207,2,3144,0,26,121,35
1777984412.5081422,1,534,700,286,121,34
1777984412.5098212,2,3144,0,26,121,35
1777984412.5226562,1,545,700,309,121,34
1777984412.5245748,2,3144,0,26,121,35
1777984412.5380964,1,559,850,329,121,34
1777984412.5401256,2,3144,0,26,121,35
1777984412.5529485,1,575,900,347,121,34
1777984412.5552197,2,3144,0,26,121,35
1777984412.5688844,1,590,1050,362,121,34
1777984412.570733,2,3144,0,26,121,35
1777984412.5836468,1,608,1050,371,121,34
1777984412.5855849,2,3144,0,26,121,35
1777984412.5992615,1,625,1100,376,120,34
1777984412.6010442,2,3144,0,26,120,35
1777984412.6135309,1,643,1200,377,121,34
1777984412.6153016,2,3144,0,26,121,35
1777984412.6281073,1,660,1200,377,121,34
1777984412.6298468,2,3144,0,26,121,35
1777984412.6429415,1,678,1200,377,121,34
1777984412.6450253,2,3144,0,26,121,35
1777984412.6587148,1,697,1200,377,121,34
1777984412.6614797,2,3144,0,26,121,35
1777984412.6745954,1,717,1200,377,121,34
1777984412.6765337,2,3144,0,26,121,35
1777984412.6891391,1,736,1250,375,121,34
1777984412.690836,2,3144,0,26,121,35
1777984412.7038014,1,753,1250,372,121,34
1777984412.7060974,2,3144,0,26,121,35
1777984412.718983,1,772,1200,373,121,34
1777984412.7211041,2,3144,0,26,121,35
1777984412.7344203,1,790,1250,370,121,34
1777984412.7370913,2,3144,0,26,121,35
1777984412.74989,1,809,1200,369,121,34
1777984412.7518811,2,3144,0,26,121,35
1777984412.7658257,1,827,1200,370,121,34
1777984412.7679994,2,3144,0,26,121,35
1777984412.780973,1,847,1150,373,121,34
1777984412.7828968,2,3144,0,26,121,35
1777984412.7962284,1,865,1250,369,121,34
1777984412.7980833,2,3144,0,26,121,35
1777984412.8113868,1,883,1200,369,121,34
1777984412.8133702,2,3144,0,26,121,35
1777984412.8268738,1,901,1200,369,121,34
1777984412.8287067,2,3144,0,26,121,35
1777984412.842358,1,920,1200,369,121,34
1777984412.8443742,2,3144,0,26,121,35
1777984412.8578193,1,938,1200,369,121,34
1777984412.8604398,2,3144,0,26,121,35
1777984412.8733263,1,959,1200,369,121,34
1777984412.875358,2,3144,0,26,121,35
1777984412.8884587,1,977,1200,369,121,34
1777984412.8907115,2,3144,0,26,121,35
1777984412.9041686,1,994,1200,369,121,34
1777984412.9067593,2,3144,0,26,121,35
1777984412.9196312,1,1013,1150,373,121,34
1777984412.9215786,2,3144,0,26,121,35
1777984412.9340878,1,1031,1200,373,121,34
1777984412.935845,2,3144,0,26,121,35
1777984412.9483984,1,1048,1250,371,121,34
1777984412.9501019,2,3144,0,26,121,35
1777984412.962577,1,1065,1250,368,121,34
1777984412.964294,2,3144,0,26,121,35
1777984412.9767098,1,1083,1200,369,121,34
1777984412.9783955,2,3144,0,26,121,35
1777984412.990861,1,1100,1150,371,121,34
1777984412.992568,2,3144,0,26,121,35
1777984413.0050762,1,1117,1250,371,121,34
1777984413.0067809,2,3144,0,26,121,35
1777984413.0191858,1,1133,1250,369,121,34
1777984413.020889,2,3144,0,26,121,35
1777984413.0334303,1,1152,1200,369,121,34
1777984413.035104,2,3144,0,26,121,35
1777984413.0475793,1,1169,1200,369,121,34
1777984413.0492961,2,3144,0,26,121,35
1777984413.061808,1,1186,1200,369,121,33
1777984413.0635796,2,3144,0,26,121,35
1777984413.0761724,1,1203,1200,369,121,34
1777984413.0779042,2,3144,0,26,121,35
1777984413.0906835,1,1220,1200,369,121,34
1777984413.0928998,2,3144,0,26,121,35
1777984413.1066654,1,1239,1250,367,121,34
1777984413.1085796,2,3144,0,26,121,35
1777984413.1213925,1,1258,1250,364,121,34
1777984413.1236317,2,3144,0,26,121,35
1777984413.137187,1,1276,1200,365,121,34
1777984413.1402044,2,3144,0,26,121,35
1777984413.1529644,1,1296,1200,365,121,33
1777984413.1550915,2,3144,0,26,121,35
1777984413.1689906,1,1315,1150,367,121,34
1777984413.1709373,2,3144,0,26,120,35
1777984413.1852405,1,1334,1250,367,121,34
1777984413.188047,2,3144,0,26,121,35
1777984413.2010372,1,1355,1250,364,121,34
1777984413.203098,2,3144,0,26,121,35
1777984413.216523,1,1372,1200,365,120,34
1777984413.2186706,2,3144,0,26,121,35
1777984413.2319555,1,1392,1200,365,121,34
1777984413.2340927,2,3144,0,26,121,35
1777984413.2477863,1,1410,1200,365,121,34
1777984413.2498848,2,3144,0,26,121,35
1777984413.2624078,1,1429,1200,365,121,34
1777984413.264123,2,3144,0,26,121,35
1777984413.2770855,1,1446,1250,361,121,34
1777984413.2788525,2,3144,0,26,121,35
1777984413.2918007,1,1464,1200,361,121,34
1777984413.294184,2,3144,0,26,121,35
1777984413.3081007,1,1482,1200,361,121,34
1777984413.3110764,2,3144,0,26,121,35
1777984413.3246784,1,1502,1150,362,121,34
1777984413.3275054,2,3144,0,26,121,35
1777984413.3413324,1,1522,1150,366,121,34
1777984413.3433428,2,3144,0,26,121,35
1777984413.3561523,1,1541,1200,365,121,34
1777984413.3583803,2,3144,0,26,121,35
1777984413.3717635,1,1560,1200,365,121,33
1777984413.3739083,2,3144,0,26,121,35
1777984413.3865314,1,1578,1200,365,121,34
1777984413.388205,2,3144,0,26,121,35
1777984413.4010544,1,1596,1200,365,121,34
1777984413.403174,2,3144,0,26,121,35
1777984413.4158175,1,1613,1200,365,121,34
1777984413.4177284,2,3144,0,26,121,35
1777984413.4308577,1,1630,1200,365,121,34
1777984413.4328825,2,3144,0,26,121,35
1777984413.446511,1,1650,1200,365,121,34
1777984413.4485886,2,3144,0,26,121,35
1777984413.461277,1,1667,1200,365,121,34
1777984413.4635253,2,3144,0,26,121,35
1777984413.4765391,1,1685,1200,365,121,34
1777984413.4782257,2,3144,0,26,121,35
1777984413.4910533,1,1703,1200,365,121,34
1777984413.4931965,2,3144,0,26,121,35
1777984413.5064297,1,1722,1200,365,121,34
1777984413.508301,2,3144,0,26,121,35
1777984413.521068,1,1740,1200,365,121,34
1777984413.5232277,2,3144,0,26,121,35
1777984413.5365472,1,1758,1250,361,121,34
1777984413.5385962,2,3144,0,26,121,35
1777984413.5513818,1,1776,1150,364,121,34
1777984413.5537262,2,3144,0,26,121,35
1777984413.5665264,1,1795,1200,365,121,34
1777984413.5687778,2,3144,0,26,121,35
1777984413.5816655,1,1813,1200,365,121,34
1777984413.58397,2,3144,0,26,121,35
1777984413.596968,1,1830,1200,365,121,34
1777984413.599218,2,3144,0,26,121,35
1777984413.6131394,1,1850,1200,365,121,34
1777984413.6153073,2,3144,0,26,121,35
1777984413.6279469,1,1869,1150,367,121,34
1777984413.6303709,2,3144,0,26,121,35
1777984413.6433744,1,1886,1200,369,121,34
1777984413.645749,2,3144,0,26,121,35
1777984413.658937,1,1904,1200,369,121,34
1777984413.66156,2,3144,0,26,121,35
1777984413.6752262,1,1925,1200,369,120,34
1777984413.6776032,2,3144,0,26,121,35
1777984413.6915274,1,1944,1250,366,121,33
1777984413.693888,2,3144,0,26,121,35
1777984413.7074778,1,1963,1150,367,121,34
1777984413.7101512,2,3144,0,26,121,35
1777984413.7241385,1,1982,1200,369,121,34
1777984413.7262006,2,3144,0,26,121,35
1777984413.7389934,1,2001,1200,369,121,34
1777984413.741187,2,3144,0,26,121,35
1777984413.7544281,1,2020,1200,369,121,34
1777984413.7564054,2,3144,0,26,121,35
1777984413.7690828,1,2037,1200,369,121,34
1777984413.770927,2,3144,0,26,121,35
1777984413.7842455,1,2056,1200,369,121,34
1777984413.7863991,2,3144,0,26,121,35
1777984413.7992358,1,2075,1200,369,121,34
1777984413.8011343,2,3144,0,26,121,35
1777984413.814705,1,2092,1200,369,121,34
1777984413.8171098,2,3144,0,26,121,35
1777984413.8296404,1,2111,1200,369,121,34
1777984413.831578,2,3144,0,26,121,35
1777984413.8454597,1,2129,1200,369,121,34
1777984413.847767,2,3144,0,26,121,35
1777984413.8613758,1,2148,1200,369,121,34
1777984413.8634012,2,3144,0,26,121,35
1777984413.877012,1,2167,1200,369,121,34
1777984413.8791778,2,3144,0,26,121,35
1777984413.8920557,1,2186,1200,369,121,34
1777984413.893707,2,3144,0,26,121,35
1777984413.9061906,1,2203,1200,364,121,34
1777984413.9079158,2,3144,0,26,121,35
1777984413.9206612,1,2221,1200,357,121,34
1777984413.9225006,2,3144,0,26,121,35
1777984413.935822,1,2238,1200,345,121,34
1777984413.9379506,2,3144,0,26,121,35
1777984413.9512436,1,2256,1200,326,121,34
1777984413.953425,2,3144,0,26,121,35
1777984413.9663672,1,2273,1100,308,121,34
1777984413.968144,2,3144,0,26,121,35
1777984413.980648,1,2288,1050,289,121,34
1777984413.982408,2,3144,0,26,121,35
1777984413.9950116,1,2302,1050,269,121,34
1777984413.9966903,2,3144,0,26,121,35
1777984414.0093386,1,2317,1000,247,121,34
1777984414.0110974,2,3144,0,26,121,35
1777984414.0236983,1,2329,900,224,121,34
1777984414.0253944,2,3144,0,26,121,35
1777984414.0378876,1,2340,900,200,121,34
1777984414.0396316,2,3144,0,26,121,35
1777984414.0521026,1,2350,750,183,121,34
1777984414.0538576,2,3144,0,26,121,35
1777984414.066387,1,2358,650,162,121,34
1777984414.0683122,2,3144,0,26,121,35
1777984414.0808728,1,2366,600,142,121,34
1777984414.0825753,2,3144,0,26,121,35
1777984414.0954776,1,2373,600,116,121,34
1777984414.0972118,2,3144,0,26,121,35
1777984414.1098332,1,2379,450,99,121,34
1777984414.1115818,2,3144,0,26,121,35
1777984414.1243684,1,2384,400,77,121,34
1777984414.1261144,2,3144,0,26,121,35
1777984414.138932,1,2388,400,54,121,37
1777984414.1416667,2,3144,0,26,121,35
1777984414.1559556,1,2391,250,40,121,34
1777984414.1579986,2,3144,0,26,121,35
1777984414.1709728,1,2393,150,31,121,34
1777984414.172751,2,3144,0,26,121,35
1777984414.1856427,1,2394,100,25,121,34
1777984414.1877732,2,3144,0,26,121,35
1777984414.2008903,1,2394,50,18,121,34
1777984414.2027898,2,3144,0,26,121,35
1777984414.2155867,1,2394,50,17,121,34
1777984414.2173052,2,3144,0,26,121,35
1777984414.2297337,1,2394,0,0,121,34
1777984414.2313817,2,3144,0,26,121,35
1777984414.2438722,1,2394,0,0,121,34
1777984414.2455797,2,3144,0,26,121,35
1777984414.2579668,1,2394,0,0,121,34
1777984414.2596736,2,3144,0,26,121,35
1777984414.2721398,1,2394,0,0,121,34
1777984414.2738545,2,3144,0,26,121,35
1777984414.2864082,1,2394,0,0,121,34
1777984414.2881255,2,3144,0,26,121,35
1777984414.3006523,1,2394,0,0,121,34
1777984414.302505,2,3144,0,26,121,35
1777984414.3162117,1,2394,0,0,121,34
1777984414.3183138,2,3144,0,26,121,35
1777984414.3308253,1,2394,0,0,121,34
1777984414.3325834,2,3144,0,26,121,35
1777984414.3456926,1,2394,0,0,121,34
1777984414.3474092,2,3144,0,26,121,35
1777984414.359916,1,2394,0,0,121,34
1777984414.3616436,2,3144,0,26,121,35
1777984414.3744438,1,2394,0,0,121,34
1777984414.376484,2,3144,0,26,121,36
1777984414.3892357,1,2394,0,17,121,34
1777984414.3909066,2,3144,0,26,121,35
1777984414.4036708,1,2394,0,22,121,34
1777984414.405585,2,3144,0,26,121,35
1777984414.4191232,1,2394,0,33,121,34
1777984414.4212058,2,3144,0,26,121,35
1777984414.4339302,1,2393,0,48,121,34
1777984414.4358034,2,3144,0,26,121,35
1777984414.4492362,1,2393,-50,64,121,34
1777984414.4513023,2,3144,0,26,121,35
1777984414.4651988,1,2392,-50,86,121,34
1777984414.467453,2,3144,0,26,121,35
1777984414.4806914,1,2390,-100,112,121,34
1777984414.4827929,2,3144,0,26,121,35
1777984414.4964454,1,2387,-100,139,121,34
1777984414.4983525,2,3144,0,26,121,35
1777984414.5116255,1,2382,-200,164,121,34
1777984414.5136697,2,3144,0,26,121,35
1777984414.5267184,1,2376,-350,187,121,34
1777984414.5286314,2,3144,0,26,121,35
1777984414.542323,1,2368,-450,210,121,34
1777984414.5443122,2,3144,0,26,121,35
1777984414.5574074,1,2360,-450,234,121,34
1777984414.5594206,2,3144,0,26,121,35
1777984414.5724514,1,2350,-550,257,121,33
1777984414.5745487,2,3144,0,26,121,35
1777984414.587872,1,2339,-650,279,120,33
1777984414.5901785,2,3144,0,26,121,35
1777984414.6037378,1,2326,-750,303,121,34
1777984414.6060405,2,3144,0,26,121,35
1777984414.6188195,1,2312,-900,324,121,34
1777984414.6207445,2,3144,0,26,121,35
1777984414.6337929,1,2297,-900,342,121,34
1777984414.6357343,2,3144,0,26,121,35
1777984414.6487184,1,2281,-1050,350,121,34
1777984414.6506655,2,3144,0,26,121,35
1777984414.6638317,1,2265,-1050,359,121,34
1777984414.6658113,2,3144,0,26,121,35
1777984414.6787536,1,2248,-1100,367,121,34
1777984414.6806593,2,3144,0,26,121,35
1777984414.6934843,1,2230,-1100,373,120,34
1777984414.6956222,2,3144,0,26,121,35
1777984414.708563,1,2212,-1150,375,121,34
1777984414.7107446,2,3144,0,26,121,35
1777984414.724153,1,2194,-1250,373,121,34
1777984414.7261596,2,3144,0,26,120,35
1777984414.739173,1,2176,-1200,372,121,34
1777984414.7416313,2,3144,0,26,121,35
1777984414.755508,1,2157,-1200,372,121,34
1777984414.7577467,2,3144,0,26,121,35
1777984414.770808,1,2138,-1200,372,121,34
1777984414.7727816,2,3144,0,26,121,35
1777984414.78676,1,2120,-1200,372,121,34
1777984414.7887838,2,3144,0,26,121,35
1777984414.8020566,1,2100,-1200,372,121,34
1777984414.8042347,2,3144,0,26,121,35
1777984414.817934,1,2081,-1200,372,121,34
1777984414.8202894,2,3144,0,26,121,35
1777984414.83369,1,2062,-1200,372,121,34
1777984414.835887,2,3144,0,26,121,35
1777984414.8495464,1,2042,-1200,372,121,34
1777984414.8517747,2,3144,0,26,121,35
1777984414.8647716,1,2023,-1200,372,121,34
1777984414.8667243,2,3144,0,26,121,35
1777984414.8797455,1,2005,-1250,370,121,34
1777984414.8819287,2,3144,0,26,121,35
1777984414.8951101,1,1986,-1250,367,121,34
1777984414.8971038,2,3144,0,26,121,35
1777984414.9105356,1,1968,-1200,368,121,34
1777984414.912715,2,3144,0,26,121,35
1777984414.926228,1,1949,-1200,368,121,33
1777984414.928371,2,3144,0,26,121,35
1777984414.9413836,1,1930,-1200,368,121,34
1777984414.9433792,2,3144,0,26,121,35
1777984414.9562716,1,1912,-1200,368,121,34
1777984414.9588423,2,3144,0,26,121,35
1777984414.9725132,1,1894,-1200,368,121,34
1777984414.9746034,2,3144,0,26,121,35
1777984414.9871712,1,1875,-1200,368,121,34
1777984414.988874,2,3144,0,26,121,35
1777984415.0017905,1,1858,-1200,368,121,34
1777984415.003735,2,3144,0,26,121,35
1777984415.0170789,1,1840,-1200,368,121,34
1777984415.0191185,2,3144,0,26,121,35
1777984415.032419,1,1821,-1200,368,121,34
1777984415.0351949,2,3144,0,26,121,35
1777984415.0484567,1,1801,-1200,368,121,34
1777984415.0503967,2,3144,0,26,121,35
1777984415.0640125,1,1783,-1250,365,121,34
1777984415.0663202,2,3144,0,26,121,35
1777984415.078843,1,1764,-1150,366,121,34
1777984415.0805905,2,3144,0,26,121,35
1777984415.0936244,1,1746,-1150,369,121,34
1777984415.0953643,2,3144,0,26,121,35
1777984415.1080806,1,1729,-1200,368,121,34
1777984415.1098127,2,3144,0,26,121,35
1777984415.1227365,1,1711,-1250,365,121,34
1777984415.124851,2,3144,0,26,121,35
1777984415.138196,1,1693,-1200,364,121,34
1777984415.1399243,2,3144,0,26,121,35
1777984415.1524966,1,1675,-1200,364,121,34
1777984415.1543834,2,3144,0,26,121,35
1777984415.1675444,1,1657,-1150,367,121,34
1777984415.1699955,2,3144,0,26,121,35
1777984415.1831255,1,1640,-1200,368,121,34
1777984415.1850338,2,3144,0,26,121,35
1777984415.198092,1,1621,-1200,363,121,34
1777984415.200101,2,3144,0,26,121,35
1777984415.2130303,1,1602,-1200,355,121,34
1777984415.214966,2,3144,0,26,121,35
1777984415.22842,1,1584,-1250,337,121,34
1777984415.2304866,2,3144,0,26,121,35
1777984415.2439954,1,1567,-1150,322,121,34
1777984415.2461214,2,3144,0,26,121,35
1777984415.2598917,1,1550,-1100,303,121,34
1777984415.2619224,2,3144,0,26,121,35
1777984415.2752569,1,1533,-1050,284,121,34
1777984415.277455,2,3144,0,26,121,35
1777984415.2906158,1,1519,-1050,259,121,34
1777984415.2930737,2,3144,0,26,121,35
1777984415.3066857,1,1504,-950,238,121,34
1777984415.3086312,2,3144,0,26,121,35
1777984415.3219628,1,1491,-850,216,121,33
1777984415.3243814,2,3144,0,26,121,35
1777984415.3384504,1,1479,-750,191,121,34
1777984415.3410304,2,3144,0,26,121,35
1777984415.3552399,1,1469,-650,168,121,34
1777984415.3576527,2,3144,0,26,121,35
1777984415.370697,1,1459,-650,142,121,34
1777984415.3727596,2,3144,0,26,121,35
1777984415.3865328,1,1452,-600,119,121,34
1777984415.388869,2,3144,0,26,121,35
1777984415.4019668,1,1445,-450,95,121,34
1777984415.4043038,2,3144,0,26,121,35
1777984415.4184923,1,1440,-350,72,121,34
1777984415.4206927,2,3144,0,26,121,35
1777984415.4337752,1,1436,-350,52,121,33
1777984415.4357119,2,3144,0,26,121,35
1777984415.4487352,1,1434,-250,32,121,34
1777984415.4507356,2,3144,0,26,121,35
1777984415.463955,1,1432,-150,18,121,34
1777984415.4667416,2,3144,0,26,121,35
1777984415.480814,1,1432,-50,39,121,33
1777984415.4831586,2,3144,0,26,121,35
1777984415.496383,1,1433,50,59,121,34
1777984415.4985933,2,3144,0,26,121,35
1777984415.5126204,1,1434,50,81,121,34
1777984415.5147374,2,3144,0,26,121,35
1777984415.5282924,1,1436,50,107,121,34
1777984415.5304077,2,3144,0,26,121,35
1777984415.5434697,1,1439,150,132,121,34
1777984415.5454264,2,3144,0,26,121,35
1777984415.558707,1,1444,250,157,121,34
1777984415.5607316,2,3144,0,26,121,35
1777984415.5737333,1,1450,400,181,121,34
1777984415.5754657,2,3144,0,26,121,35
1777984415.5888553,1,1457,400,204,121,34
1777984415.5912368,2,3144,0,26,121,35
1777984415.6051838,1,1466,500,226,121,34
1777984415.607555,2,3144,0,26,121,35
1777984415.620615,1,1476,550,252,121,34
1777984415.6227715,2,3144,0,26,121,35
1777984415.6369686,1,1487,700,277,121,34
1777984415.6394029,2,3144,0,26,121,35
1777984415.6527448,1,1501,700,300,120,34
1777984415.6553102,2,3144,0,26,121,35
1777984415.6694167,1,1515,850,322,121,34
1777984415.6716964,2,3144,0,26,121,35
1777984415.6846712,1,1531,900,341,120,34
1777984415.6867352,2,3144,0,26,121,35
1777984415.6999204,1,1547,1050,351,121,34
1777984415.7021248,2,3144,0,26,121,35
1777984415.716052,1,1564,1050,361,121,34
1777984415.7184622,2,3144,0,26,121,35
1777984415.7314742,1,1582,1050,370,121,34
1777984415.7335048,2,3144,0,26,121,35
1777984415.7466223,1,1600,1150,371,121,34
1777984415.7486687,2,3144,0,26,121,35
1777984415.7616718,1,1618,1150,374,121,34
1777984415.7637448,2,3144,0,26,121,35
1777984415.7770252,1,1637,1250,373,121,34
1777984415.7790341,2,3144,0,26,121,35
1777984415.7924457,1,1656,1250,371,121,34
1777984415.7944012,2,3144,0,26,121,35
1777984415.8073866,1,1674,1200,371,121,34
1777984415.809436,2,3144,0,26,121,35
1777984415.8223042,1,1692,1200,371,121,34
1777984415.8250418,2,3144,0,26,121,35
1777984415.8385289,1,1712,1200,371,121,34
1777984415.8408985,2,3144,0,26,121,35
1777984415.854827,1,1732,1250,370,121,34
1777984415.856808,2,3144,0,26,121,35
1777984415.8704596,1,1751,1250,367,121,34
1777984415.8727114,2,3144,0,26,121,35
1777984415.886785,1,1770,1250,363,121,34
1777984415.8890853,2,3144,0,26,121,35
1777984415.9021723,1,1789,1200,363,121,34
1777984415.9048553,2,3144,0,26,121,35
1777984415.9186466,1,1809,1150,366,121,34
1777984415.9209542,2,3144,0,26,121,35
1777984415.9340012,1,1828,1250,366,121,33
1777984415.9359457,2,3144,0,26,121,35
1777984415.9488595,1,1846,1250,363,121,34
1777984415.9507198,2,3144,0,26,121,35
1777984415.9636767,1,1864,1150,367,121,34
1777984415.9657218,2,3144,0,26,121,35
1777984415.9783518,1,1881,1200,367,121,34
1777984415.9801025,2,3144,0,26,121,35
1777984415.9925609,1,1899,1200,367,121,34
1777984415.994193,2,3144,0,26,121,35
1777984416.0072024,1,1916,1200,367,121,34
1777984416.009647,2,3144,0,26,121,35
1777984416.0231574,1,1935,1200,367,121,34
1777984416.025721,2,3144,0,26,121,35
1777984416.039189,1,1954,1200,367,121,34
1777984416.0414364,2,3144,0,26,121,35
1777984416.0550787,1,1973,1200,367,121,34
1777984416.0572073,2,3144,0,26,121,35
1777984416.070036,1,1991,1200,367,121,34
1777984416.0719287,2,3144,0,26,121,35
1777984416.0846128,1,2009,1150,371,121,34
1777984416.0864701,2,3144,0,26,121,35
1777984416.0995018,1,2027,1250,369,121,34
1777984416.1013985,2,3144,0,26,121,35
1777984416.1144278,1,2045,1200,363,121,34
1777984416.1164112,2,3144,0,26,121,35
1777984416.1292121,1,2063,1200,355,121,33
1777984416.131298,2,3144,0,26,121,35
1777984416.1441383,1,2080,1150,345,121,34
1777984416.146079,2,3144,0,26,121,35
1777984416.1589005,1,2096,1150,331,121,34
1777984416.1610048,2,3144,0,26,121,35
1777984416.174654,1,2114,1150,310,121,34
1777984416.176746,2,3144,0,26,121,35
1777984416.1902063,1,2130,1150,287,121,34
1777984416.193127,2,3144,0,26,121,35
1777984416.2069738,1,2147,1050,263,121,34
1777984416.2091055,2,3144,0,26,121,35
1777984416.2221138,1,2161,950,241,121,34
1777984416.2241435,2,3144,0,26,121,35
1777984416.2365737,1,2173,850,221,121,34
1777984416.2383213,2,3144,0,26,121,35
1777984416.2507315,1,2184,800,199,121,34
1777984416.252425,2,3144,0,26,121,35
1777984416.2648542,1,2193,800,174,121,34
1777984416.2665925,2,3144,0,26,121,35
1777984416.2791796,1,2202,650,155,121,34
1777984416.280901,2,3144,0,26,121,35
1777984416.2937226,1,2210,550,133,121,35
1777984416.2956572,2,3144,0,26,121,35
1777984416.3088093,1,2217,550,112,121,34
1777984416.3109176,2,3144,0,26,121,35
1777984416.324534,1,2222,500,85,121,34
1777984416.3267145,2,3144,0,26,121,35
1777984416.3397636,1,2227,300,67,121,34
1777984416.3418186,2,3144,0,26,121,35
1777984416.3548436,1,2230,300,47,121,34
1777984416.3569179,2,3144,0,26,121,35
1777984416.3708217,1,2233,150,26,121,34
1777984416.3735018,2,3144,0,26,121,35
1777984416.3867085,1,2234,150,28,121,34
1777984416.3887897,2,3144,0,26,121,35
1777984416.4026654,1,2233,50,48,121,34
1777984416.404881,2,3144,0,26,121,35
1777984416.4180338,1,2233,-50,65,121,34
1777984416.4199147,2,3144,0,26,121,35
1777984416.4331474,1,2232,-50,90,121,34
1777984416.4350572,2,3144,0,26,121,35
1777984416.4484756,1,2229,-50,116,121,34
1777984416.4509687,2,3144,0,26,121,35
1777984416.4646811,1,2225,-150,142,122,34
1777984416.4666042,2,3144,0,26,121,35
1777984416.4791412,1,2220,-250,166,121,34
1777984416.4808557,2,3144,0,26,121,35
1777984416.4934356,1,2215,-400,187,121,34
1777984416.4951293,2,3144,0,26,121,35
1777984416.5076299,1,2208,-400,211,121,34
1777984416.5093503,2,3144,0,26,121,35
1777984416.5218887,1,2200,-450,234,121,34
1777984416.5236003,2,3144,0,26,121,35
1777984416.5363889,1,2190,-600,254,121,34
1777984416.5382333,2,3144,0,26,121,35
1777984416.5515277,1,2179,-700,276,121,34
1777984416.5534298,2,3144,0,26,121,35
1777984416.5661983,1,2167,-700,299,121,34
1777984416.5679212,2,3144,0,26,120,35
1777984416.5804622,1,2154,-850,317,121,34
1777984416.5821235,2,3144,0,26,120,35
1777984416.5946894,1,2142,-900,334,120,34
1777984416.5964708,2,3144,0,26,121,35
1777984416.6100826,1,2126,-1000,349,121,34
1777984416.6118739,2,3144,0,26,120,35
1777984416.624564,1,2110,-1000,361,121,34
1777984416.6262279,2,3144,0,26,121,35
1777984416.6388552,1,2092,-1100,366,121,34
1777984416.6405613,2,3144,0,26,121,35
1777984416.6533072,1,2076,-1150,370,121,34
1777984416.6551554,2,3144,0,26,121,35
1777984416.6681654,1,2059,-1150,373,121,34
1777984416.670603,2,3144,0,26,121,35
1777984416.6836557,1,2041,-1150,376,121,34
1777984416.6856134,2,3144,0,26,121,35
1777984416.6993084,1,2023,-1200,376,121,34
1777984416.7011,2,3144,0,26,121,35
1777984416.7137907,1,2003,-1250,373,121,34
1777984416.7156737,2,3144,0,26,121,35
1777984416.7289743,1,1985,-1200,372,121,34
1777984416.7316213,2,3144,0,26,121,35
1777984416.7452056,1,1965,-1200,372,121,34
1777984416.7472007,2,3144,0,26,121,35
1777984416.760427,1,1948,-1200,372,121,34
1777984416.762427,2,3144,0,26,121,35
1777984416.7754831,1,1928,-1200,372,121,34
1777984416.7774048,2,3144,0,26,121,35
1777984416.79057,1,1909,-1250,366,121,34
1777984416.792743,2,3144,0,26,121,35
1777984416.8061981,1,1892,-1250,354,121,34
1777984416.8087234,2,3144,0,26,121,35
1777984416.8225827,1,1873,-1200,340,121,34
1777984416.8245018,2,3144,0,26,121,35
1777984416.8378923,1,1855,-1150,324,121,34
1777984416.840305,2,3144,0,26,121,35
1777984416.8537717,1,1838,-1100,305,121,34
1777984416.8558908,2,3144,0,26,121,35
1777984416.8688135,1,1822,-1050,285,121,34
1777984416.87128,2,3144,0,26,121,35
1777984416.8849149,1,1806,-1050,259,121,34
1777984416.8874073,2,3144,0,26,121,35
1777984416.900484,1,1792,-950,237,121,34
1777984416.9025931,2,3144,0,26,121,35
1777984416.9166107,1,1779,-850,214,121,34
1777984416.9190876,2,3144,0,26,121,35
1777984416.9321856,1,1767,-800,189,121,34
1777984416.934322,2,3144,0,26,121,35
1777984416.9481525,1,1758,-600,166,121,34
1777984416.9503944,2,3144,0,26,121,35
1777984416.9634604,1,1749,-600,145,121,34
1777984416.9654646,2,3144,0,26,121,35
1777984416.9790747,1,1741,-600,118,121,34
1777984416.9810967,2,3144,0,26,121,35
1777984416.9940004,1,1735,-450,96,121,34
1777984416.995816,2,3144,0,26,121,35
1777984417.0089962,1,1730,-350,74,121,34
1777984417.0110297,2,3144,0,26,121,35
1777984417.0246155,1,1726,-350,53,121,34
1777984417.0267308,2,3144,0,26,121,35
1777984417.039349,1,1723,-250,38,121,34
1777984417.0410903,2,3144,0,26,121,35
1777984417.0536141,1,1722,-150,30,121,34
1777984417.0553305,2,3144,0,26,121,35
1777984417.0680597,1,1721,-50,24,121,34
1777984417.0697339,2,3144,0,26,121,35
1777984417.0822134,1,1719,-50,21,121,34
1777984417.0839643,2,3144,0,26,121,35
1777984417.0965776,1,1719,-100,17,121,34
1777984417.0983734,2,3144,0,26,121,35
1777984417.1115444,1,1719,0,18,121,34
1777984417.1136646,2,3144,0,26,121,35
1777984417.126338,1,1719,0,18,121,34
1777984417.1280057,2,3144,0,26,121,35
1777984417.140611,1,1719,0,18,121,34
1777984417.1423297,2,3144,0,26,121,35
1777984417.155013,1,1719,0,18,121,34
1777984417.157192,2,3144,0,26,121,35
1777984417.1707418,1,1719,0,18,121,34
1777984417.1729376,2,3144,0,26,121,35
1777984417.1856978,1,1719,0,18,121,34
1777984417.1876082,2,3144,0,26,121,35
1777984417.2009296,1,1719,0,18,121,34
1777984417.203509,2,3144,0,26,121,35
1777984417.2164948,1,1719,0,18,121,34
1777984417.218399,2,3144,0,26,121,35
1777984417.2314155,1,1719,0,18,121,34
1777984417.2333314,2,3144,0,26,121,35
1777984417.2459946,1,1719,0,18,121,34
1777984417.2480774,2,3144,0,26,121,35
1777984417.2614708,1,1719,0,18,121,34
1777984417.2638366,2,3144,0,26,121,35
1777984417.277611,1,1719,0,18,121,34
1777984417.279437,2,3144,0,26,121,35
1777984417.292199,1,1719,0,18,121,34
1777984417.2939417,2,3144,0,26,121,35
1777984417.3070416,1,1719,0,18,121,34
1777984417.3087137,2,3144,0,26,121,35
1777984417.3214428,1,1719,0,18,121,34
1777984417.3231325,2,3144,0,26,121,35
1777984417.3356845,1,1719,0,18,121,34
1777984417.3376112,2,3144,0,26,121,35
1777984417.3511848,1,1719,0,18,121,34
1777984417.353152,2,3144,0,26,121,35
1777984417.36578,1,1719,0,18,121,34
1777984417.3676772,2,3144,0,26,121,35
1777984417.3808596,1,1719,0,18,121,34
1777984417.3828833,2,3144,0,26,121,35
1777984417.3956733,1,1719,0,18,121,34
1777984417.3979578,2,3144,0,26,121,35
1777984417.4104736,1,1719,0,18,121,34
1777984417.4121575,2,3144,0,26,121,35
1777984417.425341,1,1719,0,18,121,34
1777984417.4269955,2,3144,0,26,121,35
1777984417.4398818,1,1719,0,18,121,34
1777984417.4416053,2,3144,0,26,121,35
1777984417.4544017,1,1719,0,18,121,34
1777984417.4562626,2,3144,0,26,121,35
1777984417.469734,1,1719,0,18,121,34
1777984417.4717505,2,3144,0,26,121,35
1777984417.4858797,1,1719,0,18,121,34
1777984417.487847,2,3144,0,26,121,35
1777984417.5014546,1,1719,0,18,121,34
1777984417.5037906,2,3144,0,26,121,35
1777984417.5176833,1,1719,0,18,121,34
1777984417.5196073,2,3144,0,26,121,35
1777984417.5323129,1,1719,0,18,121,34
1777984417.5343862,2,3144,0,26,121,35
1777984417.5477593,1,1719,0,18,121,34
1777984417.5496128,2,3144,0,26,121,35
1777984417.5622067,1,1719,0,18,121,34
1777984417.564055,2,3144,0,26,121,35
1777984417.5771666,1,1719,0,18,121,34
1777984417.5794697,2,3144,0,26,121,35
1777984417.5921414,1,1719,0,18,121,33
1777984417.5938358,2,3144,0,26,121,35
1777984417.6066198,1,1719,0,18,121,34
1777984417.6083345,2,3144,0,26,121,35
1777984417.6210244,1,1719,0,18,121,34
1777984417.6231194,2,3144,0,26,121,35
1777984417.636576,1,1719,0,18,121,34
1777984417.638465,2,3144,0,26,121,35
1777984417.6512845,1,1719,0,18,121,34
1777984417.6534746,2,3144,0,26,121,35
1777984417.6665115,1,1719,0,18,121,34
1777984417.6686766,2,3144,0,26,121,35
1777984417.6823373,1,1719,0,18,121,34
1777984417.6841846,2,3144,0,26,121,35
1777984417.6967053,1,1719,0,18,121,34
1777984417.698414,2,3144,0,26,121,35
1777984417.7109709,1,1719,0,18,121,33
1777984417.7127936,2,3144,0,26,121,35
1777984417.7258306,1,1719,0,18,121,34
1777984417.7278914,2,3144,0,26,121,35
1777984417.7413337,1,1719,0,18,121,34
1777984417.7437317,2,3144,0,26,121,35
1777984417.7574332,1,1719,0,18,121,34
1777984417.7594047,2,3144,0,26,121,35
1777984417.772758,1,1719,0,18,121,34
1777984417.7754903,2,3144,0,26,121,35
1777984417.7888813,1,1719,0,18,121,34
1777984417.791088,2,3144,0,26,121,35
1777984417.8041894,1,1719,0,18,121,34
1777984417.8065054,2,3144,0,26,121,35
1777984417.82023,1,1719,0,18,121,34
1777984417.823074,2,3144,0,26,121,35
1777984417.836603,1,1719,0,18,121,34
1777984417.8387046,2,3144,0,26,121,35
1777984417.851865,1,1719,0,18,121,34
1777984417.854035,2,3144,0,26,121,35
1777984417.8672755,1,1719,0,18,121,34
1777984417.8694472,2,3144,0,26,121,35
1777984417.8827372,1,1719,0,18,121,34
1777984417.8849607,2,3144,0,26,121,35
1777984417.898324,1,1719,0,18,121,34
1777984417.9004223,2,3144,0,26,121,35
1777984417.9129052,1,1719,0,18,121,34
1777984417.9145756,2,3144,0,26,121,35
1777984417.9272685,1,1719,0,18,121,34
1777984417.929171,2,3144,0,26,121,35
1777984417.9426682,1,1719,0,18,121,34
1777984417.9447663,2,3144,0,26,121,35
1777984417.958276,1,1719,0,18,121,34
1777984417.9604757,2,3144,0,26,121,35
1777984417.9730747,1,1719,0,18,121,34
1777984417.9749537,2,3144,0,26,121,35
1777984417.9875863,1,1719,0,18,121,34
1777984417.9892802,2,3144,0,26,121,35
1777984418.0017238,1,1719,0,18,121,34
1777984418.0034263,2,3144,0,26,121,35
1777984418.0159056,1,1719,0,18,121,34
1777984418.0176425,2,3144,0,26,121,35
1777984418.0301774,1,1719,0,18,121,34
1777984418.0318632,2,3144,0,26,121,35
1777984418.0444498,1,1719,0,18,121,33
1777984418.0461693,2,3144,0,26,121,35
1777984418.0586724,1,1719,0,18,121,34
1777984418.0603914,2,3144,0,26,121,35
1777984418.0729377,1,1719,0,18,121,34
1777984418.074653,2,3144,0,26,121,35
1777984418.0875764,1,1719,0,18,121,34
1777984418.089438,2,3144,0,26,121,35
1777984418.1027713,1,1719,0,18,121,33
1777984418.1047735,2,3144,0,26,121,35
1777984418.1176584,1,1719,0,18,121,34
1777984418.119656,2,3144,0,26,121,35
1777984418.1326516,1,1719,0,18,121,34
1777984418.1346283,2,3144,0,26,121,35
1777984418.1474679,1,1719,0,18,121,34
1777984418.1494784,2,3144,0,26,121,35
1777984418.1625624,1,1719,0,18,121,34
1777984418.1646037,2,3144,0,26,121,35
1777984418.177411,1,1719,0,18,121,34
1777984418.1793802,2,3144,0,26,121,35
1777984418.1923375,1,1719,0,18,121,34
1777984418.1944053,2,3144,0,26,121,35
1777984418.2074642,1,1719,0,18,121,34
1777984418.2094114,2,3144,0,26,121,35
1777984418.2224188,1,1719,0,18,121,34
1777984418.2244985,2,3144,0,26,121,35
1777984418.2369397,1,1719,0,18,121,34
1777984418.2387285,2,3144,0,26,121,35
1777984418.2513616,1,1719,0,18,121,34
1777984418.2530048,2,3144,0,26,121,35
1777984418.2654123,1,1719,0,18,121,34
1777984418.2671428,2,3144,0,26,121,35
1777984418.279622,1,1719,0,18,121,34
1777984418.2813444,2,3144,0,26,121,35
1777984418.2937787,1,1719,0,18,121,34
1777984418.2954443,2,3144,0,26,121,35
1777984418.3079667,1,1719,0,18,121,34
1777984418.3096762,2,3144,0,26,121,35
1777984418.3225555,1,1719,0,18,121,34
1777984418.3244958,2,3144,0,26,121,35
1777984418.3374114,1,1719,0,18,121,34
1777984418.3394468,2,3144,0,26,121,35
1777984418.3524442,1,1719,0,18,121,34
1777984418.3544014,2,3144,0,26,121,35
1777984418.367236,1,1719,0,18,121,34
1777984418.3694272,2,3144,0,26,121,35
1777984418.3828185,1,1719,0,18,121,34
1777984418.3846931,2,3144,0,26,121,35
1777984418.397412,1,1719,0,18,121,33
1777984418.399233,2,3144,0,26,121,35
1777984418.4126823,1,1719,0,18,121,34
1777984418.4146929,2,3144,0,26,121,35
1777984418.4273353,1,1719,0,18,121,34
1777984418.4293423,2,3144,0,26,121,35
1777984418.442362,1,1719,0,18,121,34
1777984418.444118,2,3144,0,26,121,35
1777984418.4571576,1,1719,0,18,121,33
1777984418.458927,2,3144,0,26,121,35
1777984418.4717565,1,1719,0,18,121,34
1777984418.4734216,2,3144,0,26,121,35
1777984418.486044,1,1719,0,18,121,34
1777984418.4879706,2,3144,0,26,121,35
1777984418.5011146,1,1719,0,18,121,34
1777984418.5030408,2,3144,0,26,121,35
1777984418.5162113,1,1719,0,18,121,34
1777984418.5184722,2,3144,0,26,121,35
1777984418.5315158,1,1719,0,18,121,34
1777984418.5334232,2,3144,0,26,121,35
1777984418.5469716,1,1719,0,18,121,34
1777984418.5489004,2,3144,0,26,121,35
1777984418.5614808,1,1719,0,18,121,34
1777984418.5631642,2,3144,0,26,121,35
1777984418.5765123,1,1719,0,18,121,34
1777984418.5782092,2,3144,0,26,121,35
1777984418.591703,1,1719,0,18,121,34
1777984418.5937185,2,3144,0,26,121,35
1777984418.6071825,1,1719,0,18,121,34
1777984418.6093953,2,3144,0,26,121,35
1777984418.622904,1,1719,50,0,121,34
1777984418.6247294,2,3144,0,26,121,35
1777984418.638202,1,1719,50,18,121,34
1777984418.640872,2,3144,0,26,121,35
1777984418.6549513,1,1719,-50,18,121,34
1777984418.6572123,2,3144,0,26,121,35
1777984418.6705172,1,1719,0,18,121,34
1777984418.6727962,2,3144,0,26,121,35
1777984418.686622,1,1719,0,18,121,34
1777984418.6891682,2,3144,0,26,121,35
1777984418.7028787,1,1719,0,18,121,34
1777984418.7051728,2,3144,0,26,121,35
1777984418.7182095,1,1719,0,18,121,34
1777984418.7208548,2,3144,0,26,121,35
1777984418.7345083,1,1719,0,18,121,34
1777984418.7368927,2,3144,0,26,121,35
1777984418.7504966,1,1719,0,18,121,34
1777984418.7527623,2,3144,0,26,121,35
1777984418.766954,1,1719,0,18,121,34
1777984418.7694225,2,3144,0,26,121,35
1777984418.7824366,1,1719,0,18,121,33
1777984418.7844057,2,3144,0,26,121,35
1777984418.798094,1,1719,0,18,121,34
1777984418.800443,2,3144,0,26,121,35
1777984418.8129761,1,1719,0,18,121,34
1777984418.8148148,2,3144,0,26,121,35
1777984418.8280694,1,1719,0,18,121,34
1777984418.8302028,2,3144,0,26,121,35
1777984418.8436637,1,1719,0,18,121,34
1777984418.8453994,2,3144,0,26,121,35
1777984418.8582358,1,1719,0,18,121,34
1777984418.859949,2,3144,0,26,121,35
1777984418.8726344,1,1719,0,18,121,34
1777984418.8743463,2,3144,0,26,121,35
1777984418.8869052,1,1719,0,18,121,34
1777984418.8886204,2,3144,0,26,121,35
1777984418.901269,1,1719,0,19,121,34
1777984418.9031458,2,3144,0,26,121,35
1777984418.9162455,1,1719,0,25,121,34
1777984418.918735,2,3144,0,26,121,35
1777984418.9313548,1,1719,0,35,121,34
1777984418.9330268,2,3144,0,26,121,35
1777984418.9455864,1,1719,0,49,121,34
1777984418.947356,2,3144,0,26,121,35
1777984418.9597666,1,1720,0,68,121,34
1777984418.9614246,2,3144,0,26,121,35
1777984418.9740324,1,1721,0,90,121,34
1777984418.9759827,2,3144,0,26,121,35
1777984418.9890058,1,1724,150,107,121,34
1777984418.9909189,2,3144,0,26,121,35
1777984419.0043364,1,1727,200,128,121,34
1777984419.006668,2,3144,0,26,121,35
1777984419.0196002,1,1732,300,149,121,34
1777984419.0216393,2,3144,0,26,121,35
1777984419.0341556,1,1738,300,173,121,34
1777984419.0360324,2,3144,0,26,121,35
1777984419.0493562,1,1745,400,194,121,34
1777984419.0512521,2,3144,0,26,121,35
1777984419.0644958,1,1753,500,216,121,34
1777984419.066349,2,3144,0,26,121,35
1777984419.0790443,1,1762,550,238,121,34
1777984419.0809846,2,3144,0,26,121,35
1777984419.093971,1,1772,550,265,121,34
1777984419.0958297,2,3144,0,26,121,35
1777984419.1090536,1,1783,700,285,121,34
1777984419.1110988,2,3144,0,26,121,35
1777984419.1239157,1,1797,850,305,121,34
1777984419.1258273,2,3144,0,26,121,35
1777984419.139152,1,1810,900,325,121,34
1777984419.1410851,2,3144,0,26,121,35
1777984419.1541343,1,1826,900,344,121,34
1777984419.1566625,2,3144,0,26,121,35
1777984419.1703117,1,1843,1000,355,121,34
1777984419.1724398,2,3144,0,26,121,35
1777984419.1851916,1,1860,1100,362,121,34
1777984419.1870627,2,3144,0,26,121,35
1777984419.2000675,1,1877,1100,368,121,34
1777984419.2019753,2,3144,0,26,121,35
1777984419.2145903,1,1894,1100,373,121,34
1777984419.2163928,2,3144,0,26,121,35
1777984419.2294214,1,1911,1200,372,121,34
1777984419.2314975,2,3144,0,26,121,35
1777984419.2449973,1,1930,1200,372,121,34
1777984419.246962,2,3144,0,26,121,35
1777984419.2594602,1,1948,1200,372,121,33
1777984419.2611341,2,3144,0,26,121,35
1777984419.2736495,1,1965,1200,372,121,34
1777984419.2754018,2,3144,0,26,121,35
1777984419.2880669,1,1983,1200,372,121,34
1777984419.2908635,2,3144,0,26,121,35
1777984419.3045921,1,2001,1200,372,121,34
1777984419.30682,2,3144,0,26,121,35
1777984419.3200777,1,2021,1200,372,121,34
1777984419.3218603,2,3144,0,26,121,35
1777984419.3346753,1,2039,1200,372,121,34
1777984419.3366323,2,3144,0,26,121,35
1777984419.3498688,1,2057,1250,368,121,34
1777984419.351765,2,3144,0,26,121,35
1777984419.3643572,1,2075,1200,368,121,34
1777984419.3660574,2,3144,0,26,121,35
1777984419.3792794,1,2092,1150,370,121,34
1777984419.381986,2,3144,0,26,121,35
1777984419.3955967,1,2112,1150,373,121,34
1777984419.397836,2,3144,0,26,121,35
1777984419.4115884,1,2132,1250,368,121,34
1777984419.4140444,2,3144,0,26,121,35
1777984419.4273176,1,2150,1200,368,121,34
1777984419.4294436,2,3144,0,26,121,35
1777984419.4432042,1,2170,1150,371,121,34
1777984419.445489,2,3144,0,26,121,35
1777984419.4590895,1,2188,1200,372,121,34
1777984419.4609697,2,3144,0,26,121,35
1777984419.474096,1,2207,1200,368,121,34
1777984419.4759734,2,3144,0,26,121,35
1777984419.4895844,1,2226,1250,356,121,34
1777984419.4917476,2,3144,0,26,121,35
1777984419.5054758,1,2245,1200,341,121,34
1777984419.5076642,2,3144,0,26,121,35
1777984419.5208027,1,2263,1150,325,121,34
1777984419.5233395,2,3144,0,26,121,35
1777984419.5373847,1,2280,1100,305,121,34
1777984419.5399203,2,3144,0,26,121,35
1777984419.552859,1,2296,1100,282,121,34
1777984419.5549755,2,3144,0,26,121,35
1777984419.5681527,1,2311,1050,259,121,34
1777984419.5705013,2,3144,0,26,121,35
1777984419.5837865,1,2326,950,235,121,34
1777984419.5857675,2,3144,0,26,121,35
1777984419.598464,1,2338,850,212,121,34
1777984419.6001606,2,3144,0,26,121,35
1777984419.6127555,1,2349,850,189,121,34
1777984419.614627,2,3144,0,26,121,35
1777984419.627852,1,2358,700,170,121,34
1777984419.6297097,2,3144,0,26,121,35
1777984419.6424434,1,2367,600,151,121,34
1777984419.6441562,2,3144,0,26,121,35
1777984419.6571615,1,2374,550,129,118,33
1777984419.6589005,2,3144,0,26,121,35
1777984419.6716652,1,2381,550,105,121,34
1777984419.6734042,2,3144,0,26,121,35
1777984419.6859891,1,2386,400,87,121,34
1777984419.687834,2,3144,0,26,121,35
1777984419.7011611,1,2390,350,66,121,34
1777984419.7030342,2,3144,0,26,121,35
1777984419.7156675,1,2394,250,48,121,34
1777984419.7174313,2,3144,0,26,121,35
1777984419.729992,1,2396,250,34,121,34
1777984419.7317371,2,3144,0,26,121,35
1777984419.744187,1,2397,100,29,121,34
1777984419.7459102,2,3144,0,26,121,35
1777984419.758465,1,2399,100,23,121,34
1777984419.7601848,2,3144,0,26,121,35
1777984419.7727592,1,2399,100,17,121,34
1777984419.7744586,2,3144,0,26,121,35
1777984419.7871156,1,2399,50,17,121,34
1777984419.7892807,2,3144,0,26,121,35
1777984419.8022335,1,2398,0,17,121,34
1777984419.8041532,2,3144,0,26,121,35
1777984419.8167684,1,2398,-50,17,121,34
1777984419.818625,2,3144,0,26,121,35
1777984419.8317454,1,2398,-50,19,121,34
1777984419.833724,2,3144,0,26,121,35
1777984419.8462062,1,2398,0,19,121,34
1777984419.8479118,2,3144,0,26,121,35
1777984419.860492,1,2398,0,19,121,34
1777984419.8622122,2,3144,0,26,121,35
1777984419.8755546,1,2398,0,19,121,33
1777984419.877489,2,3144,0,26,121,35
1777984419.890055,1,2398,0,19,121,34
1777984419.89174,2,3144,0,26,121,35
1777984419.9051538,1,2398,0,19,121,34
1777984419.9072227,2,3144,0,26,121,35
1777984419.9201295,1,2398,0,19,121,34
1777984419.9223056,2,3144,0,26,121,35
1777984419.9357824,1,2398,0,19,121,34
1777984419.9377408,2,3144,0,26,121,35
1777984419.9503622,1,2398,0,19,122,34
1777984419.9520373,2,3144,0,26,121,35
1777984419.9645886,1,2398,0,19,120,34
1777984419.9664059,2,3144,0,26,121,35
1777984419.980022,1,2398,0,19,121,34
1777984419.9826133,2,3144,0,26,121,35
1777984419.9957721,1,2398,0,19,121,34
1777984419.997654,2,3144,0,26,121,35
1777984420.0108438,1,2398,0,19,121,34
1777984420.0131087,2,3144,0,26,121,35
1777984420.0259798,1,2398,0,19,121,34
1777984420.027693,2,3144,0,26,121,35
1777984420.0401614,1,2398,0,19,121,34
1777984420.04186,2,3144,0,26,121,35
1777984420.0547223,1,2398,0,19,121,34
1777984420.056702,2,3144,0,26,121,35
1777984420.0694792,1,2398,0,19,121,34
1777984420.0714161,2,3144,0,26,121,35
1777984420.0843847,1,2398,0,19,121,34
1777984420.0868683,2,3144,0,26,121,35
1777984420.1001067,1,2398,0,19,121,34
1777984420.102127,2,3144,0,26,121,35
1777984420.115406,1,2398,0,19,121,34
1777984420.117426,2,3144,0,26,121,35
1777984420.1307805,1,2398,0,19,121,34
1777984420.1328318,2,3144,0,26,121,35
1777984420.1469896,1,2398,0,19,121,34
1777984420.1497412,2,3144,0,26,121,35
1777984420.1638336,1,2398,0,19,121,34
1777984420.1662683,2,3144,0,26,121,35
1777984420.1794245,1,2398,0,19,121,34
1777984420.1816964,2,3144,0,26,121,35
1777984420.1949184,1,2398,0,19,121,34
1777984420.1973977,2,3144,0,26,121,35
1777984420.2111661,1,2398,0,19,121,34
1777984420.2136884,2,3144,0,26,121,35
1777984420.2271037,1,2398,0,19,121,34
1777984420.2294767,2,3144,0,26,121,35
1777984420.2431605,1,2398,0,19,121,34
1777984420.2457187,2,3144,0,26,121,35
1777984420.2594724,1,2398,0,19,121,34
1777984420.2612627,2,3144,0,26,121,35
1777984420.2737372,1,2398,0,19,121,34
1777984420.2754114,2,3144,0,26,121,35
1777984420.2878814,1,2398,0,19,121,34
1777984420.2896328,2,3144,0,26,121,35
1777984420.3021085,1,2398,0,19,121,34
1777984420.3038695,2,3144,0,26,121,35
1777984420.3162942,1,2398,0,19,121,34
1777984420.31817,2,3144,0,26,121,35
1777984420.3312628,1,2398,0,19,121,34
1777984420.3331244,2,3144,0,26,121,35
1777984420.3466914,1,2398,0,19,121,34
1777984420.3491735,2,3144,0,26,121,35
1777984420.3617425,1,2398,0,19,121,34
1777984420.363463,2,3144,0,26,121,35
1777984420.375916,1,2398,0,19,121,34
1777984420.3776379,2,3144,0,26,121,35
1777984420.3910522,1,2398,0,19,121,34
1777984420.3931122,2,3144,0,26,121,35
1777984420.4060056,1,2398,0,19,121,34
1777984420.4079118,2,3144,0,26,121,35
1777984420.4211185,1,2398,0,19,121,34
1777984420.4234982,2,3144,0,26,121,35
1777984420.4367042,1,2398,0,19,121,34
1777984420.438658,2,3144,0,26,121,35
1777984420.4520626,1,2398,0,19,121,34
1777984420.4542363,2,3144,0,26,121,35
1777984420.4676874,1,2398,0,19,121,34
1777984420.4698157,2,3144,0,26,121,35
1777984420.483667,1,2398,0,19,121,34
1777984420.4857798,2,3144,0,26,121,35
1777984420.4991243,1,2398,0,19,121,34
1777984420.5013814,2,3144,0,26,121,35
1777984420.515425,1,2398,0,19,121,34
1777984420.5179403,2,3144,0,26,121,35
1777984420.531737,1,2398,0,19,121,34
1777984420.5341492,2,3144,0,26,121,35
1777984420.547591,1,2398,0,19,121,34
1777984420.5499911,2,3144,0,26,121,35
1777984420.564017,1,2398,0,19,121,34
1777984420.566402,2,3144,0,26,121,35
1777984420.579154,1,2398,0,19,121,34
1777984420.5810406,2,3144,0,26,121,35
1777984420.5940347,1,2398,0,19,121,34
1777984420.596097,2,3144,0,26,121,35
1777984420.6095572,1,2398,0,19,121,34
1777984420.611443,2,3144,0,26,121,35
1777984420.624508,1,2398,0,19,121,34
1777984420.6263893,2,3144,0,26,121,35
1777984420.6396253,1,2398,0,19,121,34
1777984420.6417272,2,3144,0,26,121,35
1777984420.6552086,1,2398,0,19,121,34
1777984420.6573682,2,3144,0,26,121,35
1777984420.6708992,1,2398,0,19,121,34
1777984420.673178,2,3144,0,26,121,35
1777984420.6868026,1,2398,0,19,121,34
1777984420.6891575,2,3144,0,26,121,35
1777984420.7023144,1,2398,0,19,121,34
1777984420.70461,2,3144,0,26,121,35
1777984420.7182753,1,2398,0,19,121,34
1777984420.7204137,2,3144,0,26,121,35
1777984420.7335148,1,2398,0,19,121,34
1777984420.7360666,2,3144,0,26,121,35
1777984420.7500515,1,2398,0,19,121,34
1777984420.7527194,2,3144,0,26,121,35
1777984420.7663777,1,2398,0,19,121,34
1777984420.768536,2,3144,0,26,121,35
1777984420.782263,1,2398,0,19,121,34
1777984420.7847977,2,3144,0,26,121,35
1777984420.7980165,1,2398,0,19,121,34
1777984420.8001168,2,3144,0,26,121,35
1777984420.8135886,1,2398,0,19,121,34
1777984420.8157642,2,3144,0,26,121,35
1777984420.8298335,1,2398,0,19,121,34
1777984420.8324509,2,3144,0,26,121,35
1777984420.8454394,1,2398,0,17,121,34
1777984420.8475177,2,3144,0,26,121,35
1777984420.8604448,1,2398,0,19,121,34
1777984420.8624308,2,3144,0,26,121,35
1777984420.875437,1,2398,0,30,121,34
1777984420.8774395,2,3144,0,26,121,35
1777984420.8908358,1,2398,0,46,121,34
1777984420.8927016,2,3144,0,26,121,35
1777984420.9060245,1,2397,0,66,121,34
1777984420.9080436,2,3144,0,26,121,35
1777984420.9216568,1,2397,-50,86,121,34
1777984420.9236693,2,3144,0,26,121,35
1777984420.9372034,1,2396,0,117,121,34
1777984420.9389246,2,3144,0,26,121,35
1777984420.9514747,1,2393,-200,143,121,34
1777984420.9531953,2,3144,0,26,121,35
1777984420.9656975,1,2388,-200,168,121,34
1777984420.9674172,2,3144,0,26,121,35
1777984420.9800897,1,2382,-350,187,121,34
1777984420.98198,2,3144,0,26,121,35
1777984420.994829,1,2374,-450,209,121,34
1777984420.9967506,2,3144,0,26,121,35
1777984421.0098011,1,2366,-600,227,121,34
1777984421.0116956,2,3144,0,26,121,35
1777984421.0245442,1,2356,-600,247,121,34
1777984421.0266154,2,3144,0,26,121,35
1777984421.0396383,1,2345,-650,267,121,34
1777984421.0415514,2,3144,0,26,121,35
1777984421.0551238,1,2333,-750,290,121,34
1777984421.05769,2,3144,0,26,121,35
1777984421.0707493,1,2319,-850,312,121,34
1777984421.0728176,2,3144,0,26,121,35
1777984421.085794,1,2305,-850,334,121,34
1777984421.0876963,2,3144,0,26,120,35
1777984421.100807,1,2289,-1000,344,121,34
1777984421.1027691,2,3144,0,26,121,35
1777984421.1160827,1,2273,-1050,353,121,34
1777984421.1180713,2,3144,0,26,121,35
1777984421.131015,1,2256,-1100,361,121,34
1777984421.132958,2,3144,0,26,121,35
1777984421.1461127,1,2239,-1100,367,121,34
1777984421.148016,2,3144,0,26,121,35
1777984421.1611366,1,2220,-1150,369,121,34
1777984421.1630633,2,3144,0,26,121,35
1777984421.1766512,1,2202,-1150,372,121,34
1777984421.178827,2,3144,0,26,121,35
1777984421.1928332,1,2183,-1250,371,121,34
1777984421.194718,2,3144,0,26,121,35
1777984421.2080705,1,2164,-1250,368,121,34
1777984421.2100587,2,3144,0,26,121,35
1777984421.2233622,1,2146,-1200,369,121,34
1777984421.2254493,2,3144,0,26,121,35
1777984421.2388794,1,2128,-1150,373,121,34
1777984421.240819,2,3144,0,26,121,35
1777984421.25406,1,2108,-1200,373,121,34
1777984421.2567787,2,3144,0,26,121,35
1777984421.2701318,1,2089,-1250,372,121,34
1777984421.272234,2,3144,0,26,121,35
1777984421.2849672,1,2071,-1250,369,121,34
1777984421.2871037,2,3144,0,26,121,35
1777984421.3002057,1,2053,-1200,369,121,34
1777984421.3027086,2,3144,0,26,121,35
1777984421.3164263,1,2034,-1200,369,121,34
1777984421.3187313,2,3144,0,26,121,35
1777984421.3321517,1,2014,-1200,369,121,34
1777984421.3340898,2,3144,0,26,121,35
1777984421.3481157,1,1995,-1200,369,121,34
1777984421.3502307,2,3144,0,26,121,35
1777984421.3633199,1,1975,-1250,365,121,34
1777984421.3653688,2,3144,0,26,121,35
1777984421.377927,1,1958,-1150,369,121,34
1777984421.3796475,2,3144,0,26,121,35
1777984421.3922489,1,1941,-1200,369,121,34
1777984421.394375,2,3144,0,26,121,35
1777984421.407723,1,1923,-1200,369,121,34
1777984421.409791,2,3144,0,26,121,35
1777984421.4230514,1,1904,-1200,369,121,34
1777984421.425091,2,3144,0,26,121,35
1777984421.4385884,1,1885,-1250,366,121,34
1777984421.4406333,2,3144,0,26,121,35
1777984421.4541879,1,1866,-1200,365,121,34
1777984421.4566753,2,3144,0,26,121,35
1777984421.470489,1,1847,-1150,367,121,34
1777984421.4729054,2,3144,0,26,121,35
1777984421.4863868,1,1828,-1150,370,121,34
1777984421.4884107,2,3144,0,26,121,35
1777984421.5015104,1,1810,-1200,369,121,34
1777984421.5038936,2,3144,0,26,121,35
1777984421.517763,1,1790,-1250,366,121,34
1777984421.5199666,2,3144,0,26,121,35
1777984421.5330222,1,1771,-1200,365,121,34
1777984421.535109,2,3144,0,26,121,35
1777984421.548374,1,1753,-1200,365,121,34
1777984421.5505145,2,3144,0,26,121,35
1777984421.564627,1,1734,-1200,365,121,34
1777984421.5667906,2,3144,0,26,121,35
1777984421.5797536,1,1715,-1200,365,121,34
1777984421.581772,2,3144,0,26,121,35
1777984421.594712,1,1696,-1200,365,121,34
1777984421.5968604,2,3144,0,26,121,35
1777984421.6108744,1,1677,-1200,365,121,34
1777984421.6132977,2,3144,0,26,121,35
1777984421.6262205,1,1658,-1200,365,121,34
1777984421.628033,2,3144,0,26,121,35
1777984421.6412013,1,1640,-1200,365,121,34
1777984421.6431851,2,3144,0,26,121,35
1777984421.656341,1,1622,-1200,365,121,34
1777984421.658405,2,3144,0,26,121,35
1777984421.6715546,1,1604,-1200,365,121,34
1777984421.6735146,2,3144,0,26,121,35
1777984421.6869607,1,1586,-1250,364,121,34
1777984421.688902,2,3144,0,26,121,35
1777984421.7021441,1,1567,-1250,361,121,34
1777984421.7046256,2,3144,0,26,121,35
1777984421.7178957,1,1548,-1150,365,121,34
1777984421.7204807,2,3144,0,26,121,35
1777984421.7335181,1,1528,-1200,365,121,34
1777984421.7357638,2,3144,0,26,121,35
1777984421.7495859,1,1510,-1250,364,121,34
1777984421.751775,2,3144,0,26,121,35
1777984421.7648714,1,1491,-1250,360,121,34
1777984421.7671082,2,3144,0,26,121,36
1777984421.7802584,1,1473,-1200,361,121,34
1777984421.7824998,2,3144,0,26,121,35
1777984421.7961204,1,1454,-1200,361,121,34
1777984421.7987456,2,3144,0,26,121,35
1777984421.812109,1,1434,-1150,364,121,34
1777984421.814233,2,3144,0,26,121,35
1777984421.8283849,1,1415,-1250,364,121,34
1777984421.8304126,2,3144,0,26,121,35
1777984421.843508,1,1395,-1250,361,121,34
1777984421.845328,2,3144,0,26,121,35
1777984421.8604364,1,1375,-1200,361,121,34
1777984421.862446,2,3144,0,26,121,35
1777984421.8763006,1,1358,-1200,361,121,34
1777984421.8789053,2,3144,0,26,121,35
1777984421.8921916,1,1337,-1200,361,121,34
1777984421.894172,2,3144,0,26,121,35
1777984421.9071417,1,1319,-1200,361,121,34
1777984421.9091394,2,3144,0,26,121,35
1777984421.9228213,1,1301,-1200,361,121,34
1777984421.9247668,2,3144,0,26,121,35
1777984421.93798,1,1282,-1200,361,121,34
1777984421.9399085,2,3144,0,26,121,35
1777984421.9532237,1,1264,-1200,361,121,34
1777984421.9556105,2,3144,0,26,121,35
1777984421.9689403,1,1245,-1150,363,121,34
1777984421.9715745,2,3144,0,26,121,35
1777984421.9842398,1,1226,-1150,366,121,34
1777984421.9862077,2,3144,0,26,121,35
1777984421.9989645,1,1209,-1200,365,121,34
1777984422.000757,2,3144,0,26,121,35
1777984422.0135753,1,1191,-1250,362,121,34
1777984422.0154624,2,3144,0,26,121,35
1777984422.0282235,1,1173,-1150,363,121,34
1777984422.0300791,2,3144,0,26,121,35
1777984422.0433252,1,1157,-1150,366,121,34
1777984422.0454667,2,3144,0,26,121,35
1777984422.0584955,1,1137,-1200,365,121,34
1777984422.0604463,2,3144,0,26,121,35
1777984422.0734937,1,1119,-1250,362,121,34
1777984422.0754502,2,3144,0,26,121,35
1777984422.0890071,1,1101,-1200,361,121,34
1777984422.0909657,2,3144,0,26,121,35
1777984422.1035461,1,1082,-1200,361,121,34
1777984422.1052327,2,3144,0,26,121,35
1777984422.117768,1,1066,-1150,365,121,34
1777984422.1194563,2,3144,0,26,121,35
1777984422.1319072,1,1049,-1200,365,121,33
1777984422.133604,2,3144,0,26,121,35
1777984422.1464567,1,1032,-1200,365,121,34
1777984422.1484249,2,3144,0,26,121,35
1777984422.1617677,1,1014,-1200,365,121,34
1777984422.16368,2,3144,0,26,121,35
1777984422.1764731,1,995,-1200,365,121,34
1777984422.1784894,2,3144,0,26,121,35
1777984422.1920407,1,977,-1200,365,121,34
1777984422.1945126,2,3144,0,26,121,35
1777984422.2074509,1,958,-1150,367,121,34
1777984422.2094862,2,3144,0,26,121,35
1777984422.2229276,1,940,-1150,370,121,33
1777984422.2253058,2,3144,0,26,121,35
1777984422.2393992,1,921,-1250,365,121,34
1777984422.2413821,2,3144,0,26,121,35
1777984422.2544978,1,901,-1200,365,121,34
1777984422.2569392,2,3144,0,26,121,35
1777984422.2700682,1,882,-1200,365,121,34
1777984422.272063,2,3144,0,26,121,35
1777984422.284737,1,864,-1200,365,121,34
1777984422.2865095,2,3144,0,26,121,35
1777984422.2989893,1,848,-1200,365,121,34
1777984422.3006876,2,3144,0,26,121,35
1777984422.3131657,1,830,-1200,365,121,33
1777984422.3148806,2,3144,0,26,121,35
1777984422.3273768,1,813,-1200,365,121,34
1777984422.329034,2,3144,0,26,121,35
1777984422.3418295,1,796,-1200,365,121,34
1777984422.343692,2,3144,0,26,121,35
1777984422.3565104,1,779,-1200,365,121,34
1777984422.3584423,2,3144,0,26,121,35
1777984422.371527,1,761,-1150,368,121,34
1777984422.373864,2,3144,0,26,121,35
1777984422.3876116,1,742,-1250,367,121,34
1777984422.3899283,2,3144,0,26,121,35
1777984422.4037378,1,722,-1200,365,121,34
1777984422.405784,2,3144,0,26,121,35
1777984422.4187155,1,703,-1200,365,121,34
1777984422.4204376,2,3144,0,26,121,35
1777984422.4332705,1,685,-1200,365,121,34
1777984422.4351087,2,3144,0,26,121,35
1777984422.4485433,1,668,-1200,365,121,34
1777984422.4508078,2,3144,0,26,121,35
1777984422.4635339,1,649,-1200,365,121,34
1777984422.4654372,2,3144,0,26,121,35
1777984422.4779274,1,630,-1200,365,121,34
1777984422.479645,2,3144,0,26,121,35
1777984422.4920428,1,614,-1250,362,121,34
1777984422.4937575,2,3144,0,26,121,35
1777984422.5062833,1,597,-1150,359,121,34
1777984422.5079904,2,3144,0,26,121,35
1777984422.5211816,1,581,-1150,354,121,34
1777984422.5234864,2,3144,0,26,121,35
1777984422.5369422,1,562,-1200,339,121,34
1777984422.5390666,2,3144,0,26,121,35
1777984422.5521884,1,544,-1150,325,121,34
1777984422.5546052,2,3144,0,26,121,35
1777984422.56861,1,526,-1150,303,121,34
1777984422.5711257,2,3144,0,26,121,35
1777984422.5845199,1,509,-1050,281,121,34
1777984422.5864148,2,3144,0,26,121,35
1777984422.5996168,1,495,-1050,257,121,34
1777984422.6018631,2,3144,0,26,121,35
1777984422.6159472,1,481,-950,236,121,34
1777984422.618069,2,3144,0,26,121,35
1777984422.631672,1,467,-850,214,121,34
1777984422.633941,2,3144,0,26,121,35
1777984422.6480978,1,455,-800,189,121,34
1777984422.6500933,2,3144,0,26,121,35
1777984422.6631484,1,445,-650,165,121,34
1777984422.6650705,2,3144,0,26,121,35
1777984422.6787794,1,436,-650,141,121,34
1777984422.680977,2,3144,0,26,121,35
1777984422.6950235,1,428,-600,115,121,34
1777984422.6973054,2,3144,0,26,121,35
1777984422.7102182,1,422,-400,96,121,34
1777984422.7120821,2,3144,0,26,121,35
1777984422.7252145,1,417,-350,77,121,34
1777984422.727263,2,3144,0,26,121,35
1777984422.740437,1,413,-350,54,121,34
1777984422.743064,2,3144,0,26,121,35
1777984422.756186,1,410,-250,41,121,34
1777984422.758232,2,3144,0,26,121,35
1777984422.7714472,1,409,-150,31,121,34
1777984422.7734604,2,3144,0,26,121,35
1777984422.787107,1,408,-100,24,121,34
1777984422.789034,2,3144,0,26,121,35
1777984422.8026836,1,408,0,21,121,34
1777984422.8050714,2,3144,0,26,121,35
1777984422.8192651,1,408,0,21,121,34
1777984422.8217096,2,3144,0,26,121,35
1777984422.834981,1,408,0,21,121,34
1777984422.8373442,2,3144,0,26,121,35
1777984422.850777,1,407,-50,18,121,34
1777984422.8526795,2,3144,0,26,121,35
1777984422.866343,1,406,-50,17,121,34
1777984422.8687122,2,3144,0,26,121,35
1777984422.8820555,1,406,0,19,121,33
1777984422.8847861,2,3144,0,26,121,35
1777984422.898834,1,406,0,19,121,34
1777984422.9008112,2,3144,0,26,121,35
1777984422.9138448,1,406,0,19,121,34
1777984422.9157658,2,3144,0,26,121,35
1777984422.9287808,1,406,0,19,121,34
1777984422.930801,2,3144,0,26,121,35
1777984422.9437304,1,406,0,19,121,34
1777984422.945836,2,3144,0,26,121,35
1777984422.958859,1,406,0,19,121,34
1777984422.9607344,2,3144,0,26,121,35
1777984422.973304,1,406,0,19,121,34
1777984422.9750404,2,3144,0,26,121,35
1777984422.987822,1,406,0,19,121,34
1777984422.9894583,2,3144,0,26,121,35
1777984423.0020285,1,406,0,19,121,34
1777984423.003927,2,3144,0,26,121,35
1777984423.0173194,1,406,0,19,121,34
1777984423.0195768,2,3144,0,26,121,35
1777984423.032523,1,406,0,19,121,34
1777984423.0344892,2,3144,0,26,121,35
1777984423.048129,1,406,0,19,121,34
1777984423.0501673,2,3144,0,26,121,35
1777984423.0631838,1,406,0,19,121,34
1777984423.06495,2,3144,0,26,121,35
1777984423.077907,1,406,0,19,121,34
1777984423.0797148,2,3144,0,26,121,35
1777984423.0921426,1,406,0,19,121,34
1777984423.0939214,2,3144,0,26,121,35
1777984423.1070948,1,406,0,19,121,34
1777984423.1091228,2,3144,0,26,121,35
1777984423.1227314,1,406,0,19,121,34
1777984423.124663,2,3144,0,26,121,35
1777984423.1381345,1,406,0,19,121,34
1777984423.140072,2,3144,0,26,121,35
1777984423.1528418,1,406,0,19,121,34
1777984423.1547172,2,3144,0,26,121,35
1777984423.167967,1,406,0,19,121,34
1777984423.1701236,2,3144,0,26,121,35
1777984423.1830409,1,406,0,19,121,34
1777984423.184777,2,3144,0,26,121,35
1777984423.197297,1,406,0,19,121,34
1777984423.1989958,2,3144,0,26,121,35
1777984423.2116795,1,406,0,19,121,34
1777984423.2135649,2,3145,0,26,121,35
1777984423.226812,1,406,0,19,121,34
1777984423.2287884,2,3144,0,26,121,35
1777984423.2416701,1,406,0,19,121,34
1777984423.243385,2,3144,0,26,121,35
1777984423.2558787,1,406,0,19,121,34
1777984423.2577052,2,3144,0,26,121,35
1777984423.270954,1,406,0,19,121,34
1777984423.2729378,2,3144,0,26,121,35
1777984423.2858353,1,406,0,19,121,34
1777984423.2880187,2,3144,0,26,121,35
1777984423.3006709,1,406,0,19,121,34
1777984423.3032246,2,3144,0,26,121,35
1777984423.317135,1,406,0,19,121,34
1777984423.3193865,2,3144,0,26,121,35
1777984423.3330357,1,406,0,19,121,34
1777984423.3351274,2,3144,0,26,121,35
1777984423.348341,1,406,0,19,121,34
1777984423.3502448,2,3144,0,26,121,35
1777984423.3640459,1,406,0,19,121,34
1777984423.366051,2,3144,0,26,121,35
1777984423.3789778,1,406,0,19,121,34
1777984423.3806858,2,3144,0,26,121,35
1777984423.3931983,1,406,0,19,121,34
1777984423.3950038,2,3144,0,26,121,35
1777984423.4083567,1,406,0,19,121,34
1777984423.4105368,2,3144,0,26,121,35
1777984423.4236078,1,406,0,19,121,34
1777984423.4256845,2,3144,0,26,121,35
1777984423.4390206,1,406,0,19,121,34
1777984423.441017,2,3144,0,26,121,35
1777984423.453777,1,406,0,19,121,34
1777984423.4554646,2,3144,0,26,121,35
1777984423.4687033,1,406,0,19,121,34
1777984423.4704912,2,3144,0,26,121,35
1777984423.4832764,1,406,0,19,121,34
1777984423.4849825,2,3144,0,26,121,35
1777984423.497814,1,406,0,19,121,34
1777984423.4997263,2,3144,0,26,121,35
1777984423.5130904,1,406,0,19,121,34
1777984423.5152302,2,3144,0,26,121,35
1777984423.5279188,1,406,0,19,121,34
1777984423.529614,2,3144,0,26,121,35
1777984423.5425925,1,406,0,19,121,34
1777984423.5447361,2,3144,0,26,121,36
1777984423.5578847,1,406,0,19,121,33
1777984423.5598388,2,3144,0,26,121,35
1777984423.572805,1,406,0,19,121,34
1777984423.5746915,2,3144,0,26,121,35
1777984423.5879486,1,406,0,19,121,34
1777984423.589803,2,3144,0,26,121,35
1777984423.603151,1,406,0,19,121,34
1777984423.6050239,2,3144,0,26,121,35
1777984423.6180692,1,406,0,19,121,34
1777984423.6200483,2,3144,0,26,121,35
1777984423.632678,1,406,0,19,121,34
1777984423.6343937,2,3144,0,26,121,35
1777984423.6474118,1,406,0,19,121,34
1777984423.649388,2,3144,0,26,121,35
1777984423.6621525,1,406,0,19,121,34
1777984423.6638944,2,3144,0,26,121,35
1777984423.6772761,1,406,0,19,121,34
1777984423.679519,2,3144,0,26,121,35
1777984423.6927059,1,406,0,19,121,34
1777984423.6949875,2,3144,0,26,121,35
1777984423.7084866,1,406,0,19,121,34
1777984423.7111022,2,3144,0,26,121,35
1777984423.7241986,1,406,0,19,121,34
1777984423.7261455,2,3144,0,26,121,35
1777984423.7394228,1,406,0,19,121,34
1777984423.741354,2,3144,0,26,121,35
1777984423.7544603,1,406,0,19,121,34
1777984423.756416,2,3144,0,26,121,35
1777984423.7694995,1,406,0,19,121,34
1777984423.7712722,2,3144,0,26,121,35
1777984423.784114,1,406,0,19,121,34
1777984423.7860296,2,3144,0,26,121,35
1777984423.7986555,1,406,0,19,121,34
1777984423.8003051,2,3144,0,26,121,35
1777984423.8130896,1,406,0,19,121,34
1777984423.814807,2,3144,0,26,121,35
1777984423.8280523,1,406,0,20,121,34
1777984423.8300633,2,3144,0,26,121,35
1777984423.8437557,1,406,0,21,121,34
1777984423.8456304,2,3144,0,26,121,35
1777984423.8583908,1,406,0,21,121,34
1777984423.8606677,2,3144,0,26,121,35
1777984423.8748796,1,406,0,21,121,34
1777984423.8769636,2,3144,0,26,121,35
1777984423.8907833,1,406,0,21,121,34
1777984423.8929577,2,3144,0,26,121,35
1777984423.9070067,1,406,0,21,121,34
1777984423.9091024,2,3144,0,26,121,35
1777984423.9222052,1,406,0,21,121,34
1777984423.9245043,2,3144,0,26,121,35
1777984423.9370825,1,406,0,21,121,34
1777984423.9387746,2,3144,0,26,121,35
1777984423.9517071,1,406,0,21,121,34
1777984423.9534194,2,3144,0,26,121,35
1777984423.9659052,1,406,0,21,121,34
1777984423.9676247,2,3144,0,26,121,35
1777984423.980319,1,406,0,21,121,34
1777984423.9825456,2,3144,0,26,121,35
1777984423.9958236,1,406,0,21,121,34
1777984423.9979436,2,3144,0,26,121,35
1777984424.011084,1,406,0,21,121,34
1777984424.013012,2,3144,0,26,121,35
1777984424.0261526,1,406,0,21,121,34
1777984424.0283499,2,3144,0,26,121,35
1777984424.0409822,1,406,0,21,121,34
1777984424.0426967,2,3144,0,26,121,34
1777984424.0551775,1,406,0,21,121,33
1777984424.0568268,2,3144,0,26,121,35
1777984424.0694036,1,406,0,21,121,33
1777984424.0710764,2,3144,0,26,121,35
1777984424.08347,1,406,0,21,121,34
1777984424.0852134,2,3144,0,26,121,34
1777984424.097679,1,406,0,21,121,34
1777984424.0993927,2,3144,0,26,121,35
1777984424.1119428,1,406,0,21,121,34
1777984424.1137002,2,3144,0,26,121,35
1777984424.1263132,1,406,0,21,121,34
1777984424.1284947,2,3144,0,26,121,35
1777984424.1421561,1,406,0,21,121,34
1777984424.1445262,2,3144,0,26,121,35
1777984424.1583593,1,406,0,21,121,34
1777984424.1610847,2,3144,0,26,121,35
1777984424.1744962,1,406,0,21,121,34
1777984424.176505,2,3144,0,26,121,35
1777984424.1900163,1,406,0,21,121,34
1777984424.1922915,2,3144,0,26,121,35
1777984424.206034,1,406,0,21,121,34
1777984424.2087164,2,3144,0,26,121,35
1777984424.2225904,1,406,0,21,121,34
1777984424.2245703,2,3144,0,26,121,35
1777984424.2377336,1,406,0,21,121,34
1777984424.2395823,2,3144,0,26,121,35
1777984424.2527611,1,406,0,21,121,34
1777984424.254523,2,3144,0,26,121,35
1777984424.2674038,1,406,0,21,121,34
1777984424.2692876,2,3144,0,26,121,35
1777984424.282448,1,406,0,21,121,34
1777984424.284527,2,3144,0,26,121,35
1777984424.2969956,1,406,0,21,121,34
1777984424.29873,2,3144,0,26,121,35
1777984424.3110964,1,406,0,21,121,34
1777984424.3127553,2,3144,0,26,121,35
1777984424.3252172,1,406,0,21,121,34
1777984424.3269393,2,3144,0,26,121,35
1777984424.3397074,1,406,0,21,121,34
1777984424.3417344,2,3144,0,26,121,35
1777984424.3548229,1,406,0,21,121,34
1777984424.3567283,2,3144,0,26,121,35
1777984424.3699925,1,406,0,21,121,34
1777984424.3722155,2,3144,0,26,121,35
1777984424.385461,1,406,0,21,121,34
1777984424.3872,2,3144,0,26,121,35
1777984424.3997521,1,406,0,21,122,34
1777984424.401499,2,3144,0,26,121,35
1777984424.4142966,1,406,0,21,121,34
1777984424.4162161,2,3144,0,26,121,35
1777984424.4287436,1,406,0,21,121,34
1777984424.4304495,2,3144,0,26,121,35
1777984424.4430525,1,406,0,21,121,34
1777984424.4447415,2,3144,0,26,121,35
1777984424.4576762,1,406,0,21,121,34
1777984424.4594066,2,3144,0,26,121,35
1777984424.4722278,1,406,0,21,121,34
1777984424.473953,2,3144,0,26,121,35
1777984424.4870272,1,406,0,21,121,34
1777984424.488754,2,3144,0,26,121,35
1777984424.5015385,1,406,0,21,121,34
1777984424.5033963,2,3144,0,26,121,35
1777984424.515975,1,406,0,21,121,34
1777984424.517668,2,3144,0,26,121,35
1777984424.5304809,1,406,0,21,121,34
1777984424.532195,2,3144,0,26,121,35
1777984424.5449824,1,406,0,21,121,34
1777984424.5468302,2,3144,0,26,121,35
1777984424.5600405,1,406,0,21,121,34
1777984424.562213,2,3144,0,26,121,35
1777984424.5746772,1,406,0,21,121,34
1777984424.576408,2,3144,0,26,121,35
1777984424.5890095,1,406,0,21,121,34
1777984424.5909648,2,3144,0,26,121,35
1777984424.6044552,1,406,0,21,121,34
1777984424.6064236,2,3144,0,26,121,35
1777984424.6195652,1,406,0,21,121,34
1777984424.6212738,2,3144,0,26,121,35
1777984424.63378,1,406,0,21,121,34
1777984424.6354752,2,3144,0,26,121,35
1777984424.6479678,1,406,0,21,121,34
1777984424.6496704,2,3144,0,26,121,35
1777984424.6623192,1,406,0,21,121,34
1777984424.6641517,2,3144,0,26,121,35
1777984424.6773217,1,406,0,21,121,34
1777984424.6796737,2,3144,0,26,121,35
1777984424.6929545,1,406,0,21,121,34
1777984424.6951478,2,3144,0,26,121,35
1777984424.7081826,1,406,0,21,121,34
1777984424.709902,2,3144,0,26,121,35
1777984424.7229576,1,406,0,21,121,34
1777984424.7247224,2,3144,0,26,121,35
1777984424.737767,1,406,0,21,121,34
1777984424.739483,2,3144,0,26,121,35
1777984424.7520342,1,406,0,21,121,33
1777984424.7537758,2,3144,0,26,121,35
1777984424.7662356,1,406,0,21,121,34
1777984424.7680163,2,3144,0,26,121,35
1777984424.78128,1,406,0,21,121,34
1777984424.783272,2,3144,0,26,121,35
1777984424.7959182,1,406,0,21,121,34
1777984424.7976248,2,3144,0,26,121,35
1777984424.8107305,1,406,0,21,121,34
1777984424.8128304,2,3144,0,26,121,35
1777984424.826175,1,406,0,21,121,34
1777984424.8284235,2,3144,0,26,121,35
1777984424.8420215,1,406,0,21,121,34
1777984424.8444965,2,3144,0,26,121,35
1777984424.858189,1,406,0,21,121,34
1777984424.8601682,2,3144,0,26,121,35
1777984424.8734417,1,406,0,21,121,34
1777984424.8754807,2,3144,0,26,121,35
1777984424.8885562,1,406,0,21,121,34
1777984424.8908198,2,3144,0,26,121,35
1777984424.903837,1,406,0,21,121,34
1777984424.9057803,2,3144,0,26,121,35
1777984424.9195533,1,406,0,21,121,34
1777984424.9220393,2,3144,0,26,121,35
1777984424.9354758,1,406,0,21,121,34
1777984424.9374444,2,3144,0,26,121,35
1777984424.9513059,1,406,0,21,121,34
1777984424.9537747,2,3144,0,26,121,35
1777984424.967526,1,406,0,21,121,34
1777984424.9698057,2,3144,0,26,121,35
1777984424.9831116,1,406,0,21,121,34
1777984424.984788,2,3144,0,26,121,35
1777984424.997309,1,406,0,21,121,34
1777984424.9990218,2,3144,0,26,121,35
1777984425.0115027,1,406,0,21,121,34
1777984425.0132074,2,3144,0,26,121,35
1777984425.0257158,1,406,0,21,121,34
1777984425.027473,2,3144,0,26,121,35
1777984425.03998,1,406,0,21,121,34
1777984425.0417354,2,3144,0,26,121,35
1777984425.0542567,1,406,0,21,122,34
1777984425.0560203,2,3144,0,26,121,35
1777984425.0685272,1,406,0,21,121,34
1777984425.0703354,2,3144,0,26,121,35
1777984425.082909,1,406,0,21,121,34
1777984425.0846918,2,3144,0,26,121,35
1777984425.0972652,1,406,0,21,121,34
1777984425.0990188,2,3144,0,26,121,35
1777984425.111528,1,406,0,21,121,34
1777984425.1132383,2,3144,0,26,121,35
1777984425.1257675,1,406,0,21,121,34
1777984425.127512,2,3144,0,26,121,35
1777984425.1399703,1,406,0,21,121,34
1777984425.1416893,2,3144,0,26,121,35
1777984425.1542985,1,406,0,21,121,34
1777984425.1560097,2,3144,0,26,121,35
1777984425.1685476,1,406,0,21,121,34
1777984425.1702566,2,3144,0,26,121,35
1777984425.182746,1,406,0,21,121,34
1777984425.1844547,2,3144,0,26,121,35
1777984425.1969576,1,406,0,21,121,34
1777984425.1986816,2,3144,0,26,121,35
1777984425.2112358,1,406,0,21,121,34
1777984425.2129529,2,3144,0,26,121,35
1777984425.2255454,1,406,0,21,121,34
1777984425.2272005,2,3144,0,26,121,35
1777984425.2397351,1,406,0,21,121,34
1777984425.2414546,2,3144,0,26,121,35
1777984425.2539601,1,406,0,21,121,34
1777984425.2556748,2,3144,0,26,121,35
1777984425.268639,1,406,0,21,121,34
1777984425.2708821,2,3144,0,26,121,35
1777984425.2843447,1,406,0,21,121,34
1777984425.2860525,2,3144,0,26,121,35
1777984425.298793,1,406,0,21,121,34
1777984425.3005075,2,3144,0,26,121,35
1777984425.3129878,1,406,0,21,121,34
1777984425.314728,2,3144,0,26,121,35
1777984425.3272142,1,406,0,21,121,34
1777984425.3289042,2,3144,0,26,121,35
1777984425.341842,1,406,0,21,121,34
1777984425.343862,2,3144,0,26,121,35
1777984425.3567624,1,406,0,21,121,34
1777984425.3587992,2,3144,0,26,121,35
1777984425.3717904,1,406,0,21,121,34
1777984425.3736813,2,3144,0,26,121,35
1777984425.3861747,1,406,0,21,121,34
1777984425.3879027,2,3144,0,26,121,35
1777984425.400541,1,406,0,21,121,34
1777984425.4026113,2,3144,0,26,121,35
1777984425.415468,1,406,0,21,121,34
1777984425.4174733,2,3144,0,26,121,35
1777984425.4308205,1,406,0,21,121,34
1777984425.4327822,2,3144,0,26,121,35
1777984425.4457898,1,406,0,21,121,34
1777984425.4478629,2,3144,0,26,121,35
1777984425.4612732,1,406,0,21,121,34
1777984425.4635434,2,3144,0,26,121,35
1777984425.4760337,1,406,0,21,121,34
1777984425.4777613,2,3144,0,26,121,35
1777984425.4902968,1,406,0,21,121,34
1777984425.4920487,2,3144,0,26,121,35
1777984425.504541,1,406,0,21,121,33
1777984425.5063467,2,3144,0,26,121,35
1777984425.519895,1,406,0,21,121,34
1777984425.5222673,2,3144,0,26,121,35
1777984425.5355349,1,406,0,21,121,34
1777984425.537331,2,3144,0,26,121,35
1777984425.550399,1,406,0,21,121,34
1777984425.5527158,2,3144,0,26,121,35
1777984425.566377,1,406,0,21,121,34
1777984425.5684156,2,3144,0,26,121,35
1777984425.58123,1,406,0,21,121,34
1777984425.5831485,2,3144,0,26,121,35
1777984425.5959527,1,406,0,21,121,34
1777984425.597905,2,3144,0,26,121,35
1777984425.6109004,1,406,0,21,121,34
1777984425.6130533,2,3144,0,26,121,35
1777984425.6263845,1,406,0,21,121,34
1777984425.6282425,2,3144,0,26,121,35
1777984425.6411579,1,406,0,21,121,34
1777984425.642907,2,3144,0,26,121,35
1777984425.6556077,1,406,0,21,121,34
1777984425.6574907,2,3144,0,26,121,35
1777984425.6700916,1,406,0,21,121,34
1777984425.6719058,2,3144,0,26,121,35
1777984425.6846404,1,406,0,21,121,34
1777984425.686414,2,3144,0,26,121,35
1777984425.6990778,1,406,0,21,121,34
1777984425.700767,2,3144,0,26,121,35
1777984425.7135198,1,406,0,21,121,34
1777984425.7152736,2,3144,0,26,121,35
1777984425.7284048,1,406,0,21,121,34
1777984425.7301846,2,3144,0,26,121,35
1777984425.743093,1,406,0,21,121,34
1777984425.7448092,2,3144,0,26,121,35
1777984425.7575698,1,406,0,21,121,34
1777984425.7592363,2,3144,0,26,121,35
1777984425.772188,1,406,0,21,121,34
1777984425.7739444,2,3144,0,26,121,35
1777984425.7865448,1,406,0,21,121,34
1777984425.788242,2,3144,0,26,121,35
1777984425.801036,1,406,0,21,121,34
1777984425.803094,2,3144,0,26,121,35
1777984425.816158,1,406,0,21,121,34
1777984425.8182642,2,3144,0,26,121,35
1777984425.8317118,1,406,0,21,121,34
1777984425.834038,2,3144,0,26,121,35
1777984425.847613,1,406,0,21,121,34
1777984425.8495133,2,3144,0,26,121,35
1777984425.8620045,1,406,0,21,121,34
1777984425.8637056,2,3144,0,26,121,35
1777984425.8762343,1,406,0,21,121,34
1777984425.87796,2,3144,0,26,121,35
1777984425.8905187,1,406,0,21,121,34
1777984425.8922136,2,3144,0,26,121,36
1777984425.904717,1,406,0,21,121,34
1777984425.90646,2,3144,0,26,121,35
1777984425.9192247,1,406,0,21,121,34
1777984425.921569,2,3144,0,26,121,35
1777984425.9356525,1,406,0,21,121,34
1777984425.9378498,2,3144,0,26,121,35
1777984425.9511614,1,406,0,21,121,34
1777984425.9530537,2,3144,0,26,121,35
1777984425.9661825,1,406,0,21,121,34
1777984425.9684002,2,3144,0,26,121,35
1777984425.9820824,1,406,0,21,121,34
1777984425.9843419,2,3144,0,26,121,35
1777984425.9973855,1,406,0,21,121,34
1777984425.999306,2,3144,0,26,121,35
1777984426.0120323,1,406,0,21,121,34
1777984426.0137367,2,3144,0,26,121,35
1777984426.0268586,1,406,0,21,121,34
1777984426.0289984,2,3144,0,26,121,35
1777984426.0421336,1,406,0,21,121,34
1777984426.0439718,2,3144,0,26,121,35
1777984426.0565195,1,406,0,21,121,34
1777984426.0581982,2,3144,0,26,121,35
1777984426.071551,1,406,0,21,121,34
1777984426.073323,2,3144,0,26,121,35
1777984426.0865326,1,406,0,21,121,34
1777984426.0883563,2,3144,0,26,121,35
1777984426.1014743,1,406,0,21,121,34
1777984426.103383,2,3144,0,26,121,35
1777984426.1161668,1,406,0,21,121,34
1777984426.117911,2,3144,0,26,121,35
1777984426.13047,1,406,0,21,121,34
1777984426.132185,2,3144,0,26,121,35
1777984426.1447225,1,406,0,21,121,34
1777984426.1464627,2,3144,0,26,121,35
1777984426.1590207,1,406,0,21,121,34
1777984426.1607344,2,3144,0,26,121,35
1777984426.1732512,1,406,0,21,121,34
1777984426.1749876,2,3144,0,25,121,35
1777984426.1875184,1,406,0,21,121,34
1777984426.18926,2,3144,0,20,121,35
1777984426.2018,1,406,0,21,121,34
1777984426.203529,2,3144,0,22,121,35
1777984426.2160454,1,406,0,21,121,34
1777984426.2177937,2,3144,0,36,121,35
1777984426.2302902,1,406,0,21,121,34
1777984426.2320147,2,3144,0,53,121,35
1777984426.244522,1,406,0,21,121,34
1777984426.2462313,2,3144,0,75,121,36
1777984426.2588017,1,406,0,21,121,34
1777984426.260515,2,3143,0,102,121,35
1777984426.2730215,1,406,0,21,121,34
1777984426.2747102,2,3140,-100,126,121,35
1777984426.287171,1,406,0,21,121,34
1777984426.2889116,2,3136,-250,148,121,35
1777984426.301435,1,406,0,21,121,34
1777984426.3031847,2,3130,-250,173,121,35
1777984426.3157084,1,406,0,21,121,34
1777984426.3174226,2,3123,-400,189,121,35
1777984426.329924,1,406,0,21,121,34
1777984426.3316455,2,3114,-500,207,121,35
1777984426.3440564,1,406,0,21,121,34
1777984426.3458054,2,3106,-600,226,120,35
1777984426.35823,1,406,0,21,121,34
1777984426.3599627,2,3096,-600,247,121,35
1777984426.3725452,1,406,0,21,121,34
1777984426.3744135,2,3086,-700,266,121,35
1777984426.387091,1,406,0,21,121,34
1777984426.3891103,2,3074,-800,285,120,35
1777984426.4020069,1,406,0,21,121,34
1777984426.4039688,2,3062,-800,308,121,35
1777984426.4170063,1,406,0,21,121,34
1777984426.4187455,2,3048,-800,332,120,35
1777984426.4312832,1,406,0,21,121,34
1777984426.4331686,2,3033,-950,345,120,35
1777984426.4462702,1,406,0,21,121,34
1777984426.4485536,2,3016,-1100,354,120,35
1777984426.4617367,1,406,0,21,121,34
1777984426.4637685,2,2998,-1100,360,121,35
1777984426.476923,1,406,0,21,121,34
1777984426.4793801,2,2980,-1150,363,121,35
1777984426.4934845,1,406,0,21,121,34
1777984426.4957318,2,2961,-1200,362,121,35
1777984426.5089266,1,406,0,21,121,34
1777984426.511136,2,2944,-1100,368,121,35
1777984426.524732,1,406,0,21,121,34
1777984426.5266123,2,2923,-1250,369,121,35
1777984426.5399773,1,406,0,21,121,34
1777984426.5421586,2,2903,-1250,366,121,35
1777984426.5561018,1,406,0,21,121,34
1777984426.5584028,2,2884,-1250,362,121,35
1777984426.5719254,1,406,0,21,121,34
1777984426.5741065,2,2866,-1200,362,121,35
1777984426.5867796,1,406,0,21,121,34
1777984426.5887172,2,2849,-1100,367,120,35
1777984426.6019418,1,406,0,21,121,34
1777984426.6041553,2,2830,-1250,369,121,35
1777984426.6178167,1,406,0,21,121,34
1777984426.6198804,2,2811,-1250,366,120,35
1777984426.6332107,1,406,0,21,121,34
1777984426.6355097,2,2792,-1200,366,121,35
1777984426.6489763,1,406,0,21,121,34
1777984426.6517105,2,2774,-1200,366,121,35
1777984426.6653464,1,406,0,21,121,34
1777984426.6678605,2,2755,-1150,368,121,35
1777984426.681615,1,406,0,21,121,34
1777984426.6835592,2,2734,-1250,369,121,35
1777984426.6965003,1,406,0,21,121,34
1777984426.6983821,2,2715,-1250,366,121,35
1777984426.7121224,1,406,0,21,121,34
1777984426.7144785,2,2696,-1250,363,121,35
1777984426.7275672,1,406,0,21,121,34
1777984426.7292082,2,2678,-1200,362,121,35
1777984426.7416952,1,406,0,21,121,34
1777984426.7434258,2,2663,-1100,365,121,35
1777984426.7561502,1,406,0,21,121,34
1777984426.7578092,2,2644,-1100,371,121,35
1777984426.7702494,1,406,0,21,121,34
1777984426.771962,2,2627,-1250,367,121,35
1777984426.7845814,1,406,0,21,121,34
1777984426.786444,2,2610,-1250,364,121,35
1777984426.8001847,1,406,0,21,121,34
1777984426.8024065,2,2591,-1250,364,121,35
1777984426.8153698,1,406,0,21,121,34
1777984426.8175735,2,2574,-1150,367,120,35
1777984426.8311667,1,406,0,21,121,34
1777984426.833528,2,2555,-1150,370,121,35
1777984426.8476965,1,406,0,21,121,34
1777984426.8501577,2,2534,-1200,370,121,35
1777984426.863678,1,406,0,21,121,34
1777984426.8654191,2,2514,-1250,369,121,35
1777984426.8787973,1,406,0,21,121,34
1777984426.881178,2,2496,-1250,365,121,35
1777984426.8941834,1,406,0,21,121,34
1777984426.8961415,2,2479,-1250,362,121,35
1777984426.9097729,1,406,0,21,121,34
1777984426.912304,2,2459,-1100,369,120,35
1777984426.9259038,1,406,0,21,121,34
1777984426.9284737,2,2440,-1200,370,121,35
1777984426.9423573,1,406,0,21,121,34
1777984426.944325,2,2420,-1250,369,121,35
1777984426.9571443,1,406,0,21,121,34
1777984426.9591842,2,2401,-1250,366,120,35
1777984426.973272,1,406,0,21,121,34
1777984426.9759252,2,2381,-1200,366,121,35
1777984426.9900177,1,406,0,21,121,34
1777984426.9921465,2,2362,-1200,366,121,35
1777984427.0056894,1,406,0,21,121,34
1777984427.0077522,2,2344,-1200,366,121,35
1777984427.0213065,1,406,0,21,121,34
1777984427.023298,2,2325,-1200,366,121,35
1777984427.0369318,1,406,0,21,121,34
1777984427.03902,2,2306,-1200,366,121,35
1777984427.0521975,1,406,0,21,121,34
1777984427.0541553,2,2288,-1200,366,120,35
1777984427.067206,1,406,0,21,121,34
1777984427.069307,2,2271,-1150,369,121,35
1777984427.0822408,1,406,0,21,121,34
1777984427.0841026,2,2253,-1200,370,121,35
1777984427.0971615,1,406,0,21,121,34
1777984427.0991879,2,2234,-1200,370,121,35
1777984427.1126933,1,406,0,21,121,34
1777984427.1153042,2,2214,-1200,370,121,35
1777984427.128537,1,406,0,21,121,34
1777984427.1305816,2,2195,-1250,367,121,35
1777984427.1437273,1,406,0,21,121,34
1777984427.1457253,2,2177,-1200,366,121,35
1777984427.1589277,1,406,0,21,121,34
1777984427.1608033,2,2159,-1200,361,121,35
1777984427.1741672,1,406,0,21,121,34
1777984427.1765537,2,2140,-1200,353,121,35
1777984427.190405,1,406,0,21,121,34
1777984427.1925645,2,2120,-1200,336,121,35
1777984427.2062922,1,406,0,21,121,34
1777984427.2089458,2,2102,-1200,316,121,35
1777984427.2219841,1,406,0,21,121,34
1777984427.2239058,2,2086,-1050,298,121,35
1777984427.2370307,1,406,0,21,121,34
1777984427.2390554,2,2071,-1050,279,121,35
1777984427.2520084,1,406,0,21,121,34
1777984427.254294,2,2057,-950,262,121,35
1777984427.2680929,1,406,0,21,121,34
1777984427.270063,2,2043,-950,238,121,35
1777984427.2831786,1,406,0,21,121,34
1777984427.2851026,2,2031,-850,215,121,35
1777984427.2984567,1,406,0,21,121,34
1777984427.30081,2,2020,-750,192,121,35
1777984427.3144479,1,406,0,21,121,34
1777984427.3174133,2,2009,-750,165,121,35
1777984427.3309212,1,406,0,21,121,34
1777984427.3329945,2,2000,-650,140,121,35
1777984427.3463247,1,406,0,21,121,34
1777984427.3491917,2,1992,-500,120,121,35
1777984427.3629692,1,406,0,21,121,34
1777984427.3658311,2,1987,-400,98,121,35
1777984427.379618,1,406,0,21,121,34
1777984427.3821232,2,1982,-300,75,121,35
1777984427.3960114,1,406,0,21,121,34
1777984427.3986654,2,1979,-300,56,121,35
1777984427.4117908,1,406,0,21,121,34
1777984427.4141207,2,1976,-200,45,121,35
1777984427.4279583,1,406,0,21,121,34
1777984427.4304368,2,1974,-150,35,121,35
1777984427.4441664,1,406,0,21,121,34
1777984427.4464748,2,1974,-50,30,121,35
1777984427.4596813,1,406,0,21,121,34
1777984427.461813,2,1973,-50,27,121,35
1777984427.4759285,1,406,0,21,121,34
1777984427.478216,2,1973,-50,24,121,35
1777984427.4920325,1,406,0,21,121,34
1777984427.494102,2,1974,0,25,121,35
1777984427.506586,1,406,0,21,121,34
1777984427.5084877,2,1973,0,25,121,35
1777984427.5217946,1,406,0,21,121,34
1777984427.5243695,2,1974,50,27,121,35
1777984427.537362,1,406,0,21,121,34
1777984427.5392268,2,1974,0,29,121,35
1777984427.5523748,1,406,0,21,121,34
1777984427.5549738,2,1974,0,29,121,35
1777984427.5684292,1,406,0,21,121,34
1777984427.5706189,2,1973,-50,25,121,35
1777984427.5844648,1,406,0,21,121,34
1777984427.5866942,2,1974,0,25,121,35
1777984427.6001186,1,406,0,21,121,34
1777984427.602464,2,1974,50,27,121,35
1777984427.6158192,1,406,0,21,121,34
1777984427.6174827,2,1973,50,30,121,35
1777984427.6302352,1,406,0,21,121,34
1777984427.6324723,2,1973,-50,25,121,35
1777984427.6458774,1,406,0,21,121,34
1777984427.6482272,2,1973,0,25,121,35
1777984427.6610703,1,406,0,21,121,34
1777984427.6629965,2,1973,0,25,121,35
1777984427.676227,1,406,0,21,121,34
1777984427.6781573,2,1973,0,25,121,35
1777984427.691799,1,406,0,21,121,34
1777984427.6940198,2,1973,0,25,121,35
1777984427.7076387,1,406,0,21,121,34
1777984427.7097046,2,1973,0,25,121,35
1777984427.7223682,1,406,0,21,121,34
1777984427.7240517,2,1973,0,25,121,35
1777984427.736536,1,406,0,21,121,34
1777984427.7382646,2,1973,0,25,121,35
1777984427.7510304,1,406,0,21,121,34
1777984427.753083,2,1973,0,25,121,35
1777984427.765826,1,406,0,21,121,34
1777984427.7677648,2,1973,0,25,121,35
1777984427.7809334,1,406,0,21,121,34
1777984427.782994,2,1973,0,25,121,35
1777984427.7963967,1,406,0,21,121,34
1777984427.798492,2,1973,0,25,121,35
1777984427.8110383,1,406,0,21,121,34
1777984427.8129077,2,1973,0,25,121,35
1777984427.8262193,1,406,0,21,121,34
1777984427.8280742,2,1974,0,25,121,35
1777984427.8412406,1,406,0,21,121,34
1777984427.8434722,2,1974,0,25,121,35
1777984427.856621,1,406,0,21,121,34
1777984427.8585796,2,1974,50,26,121,35
1777984427.871618,1,406,0,21,121,34
1777984427.8744617,2,1974,50,29,121,35
1777984427.8884373,1,406,0,21,121,34
1777984427.8907516,2,1973,0,29,121,35
1777984427.9038439,1,406,0,21,121,34
1777984427.905813,2,1973,0,29,121,35
1777984427.9191797,1,406,0,21,121,34
1777984427.9215372,2,1973,0,29,121,35
1777984427.9342203,1,406,0,21,121,34
1777984427.9360769,2,1973,0,29,121,35
1777984427.9491544,1,406,0,21,121,34
1777984427.9515023,2,1974,-50,25,121,35
1777984427.9640176,1,406,0,21,121,34
1777984427.965792,2,1973,50,28,121,35
1777984427.9785314,1,406,0,21,121,34
1777984427.9802513,2,1973,-50,27,121,35
1777984427.9927979,1,406,0,21,121,34
1777984427.9945056,2,1974,-50,24,121,35
1777984428.0070374,1,406,0,21,121,34
1777984428.008738,2,1974,0,25,121,35
1777984428.021261,1,406,0,21,121,34
1777984428.022976,2,1973,0,25,121,35
1777984428.0362575,1,406,0,21,121,34
1777984428.0379908,2,1973,0,25,121,35
1777984428.0510254,1,406,0,21,121,34
1777984428.0527601,2,1973,0,25,121,35
1777984428.065546,1,406,0,21,121,34
1777984428.0672715,2,1974,0,25,121,35
1777984428.0797756,1,406,0,21,121,34
1777984428.0815327,2,1974,0,25,121,35
1777984428.0939813,1,406,0,21,121,34
1777984428.0956995,2,1973,0,25,121,35
1777984428.1082745,1,406,0,21,121,34
1777984428.1099873,2,1973,0,25,121,35
1777984428.1225054,1,406,0,21,121,34
1777984428.1242194,2,1973,0,25,120,35
1777984428.136739,1,406,0,21,121,34
1777984428.1385305,2,1974,50,26,121,35
1777984428.1509762,1,406,0,21,121,34
1777984428.1527061,2,1973,50,29,121,35
1777984428.1652522,1,406,0,21,121,34
1777984428.1669786,2,1973,0,29,121,35
1777984428.1798131,1,406,0,21,121,34
1777984428.1821866,2,1974,-50,27,121,35
1777984428.196041,1,406,0,21,121,34
1777984428.1983593,2,1973,0,25,121,35
1777984428.211827,1,406,0,21,121,34
1777984428.2144086,2,1973,0,25,121,35
1777984428.2278924,1,406,0,21,121,34
1777984428.2303362,2,1974,0,25,121,35
1777984428.2430234,1,406,0,21,121,34
1777984428.2448468,2,1973,0,25,121,35
1777984428.2581272,1,406,0,21,121,34
1777984428.2602947,2,1973,0,25,121,35
1777984428.2741947,1,406,0,21,121,34
1777984428.2768693,2,1973,0,25,121,35
1777984428.2910767,1,406,0,21,121,34
1777984428.2931082,2,1974,0,23,121,35
1777984428.3061564,1,406,0,21,121,34
1777984428.3079789,2,1973,0,17,121,35
1777984428.3207102,1,406,0,21,121,34
1777984428.322483,2,1974,0,26,121,35
1777984428.3349857,1,406,0,21,121,34
1777984428.3367033,2,1974,50,39,121,35
1777984428.3492327,1,406,0,21,121,34
1777984428.3510027,2,1974,50,55,121,35
1777984428.36372,1,406,0,21,121,34
1777984428.3655462,2,1974,0,79,121,35
1777984428.37918,1,406,0,21,121,34
1777984428.381799,2,1976,50,108,121,35
1777984428.3944924,1,406,0,21,121,34
1777984428.3964283,2,1979,200,134,121,35
1777984428.4091563,1,406,0,21,121,34
1777984428.4110653,2,1984,200,160,121,35
1777984428.4237838,1,406,0,21,121,34
1777984428.4255416,2,1990,350,178,121,35
1777984428.438,1,406,0,21,121,34
1777984428.439699,2,1997,450,200,121,35
1777984428.4529216,1,406,0,21,121,34
1777984428.4547164,2,2006,450,221,121,35
1777984428.4697247,1,406,0,21,121,34
1777984428.4716742,2,2017,550,248,121,35
1777984428.4844155,1,406,0,21,121,34
1777984428.4861176,2,2028,700,263,120,35
1777984428.4989197,1,406,0,21,121,34
1777984428.5008113,2,2039,750,284,121,35
1777984428.5146923,1,406,0,21,121,34
1777984428.5169318,2,2053,850,306,120,35
1777984428.5298848,1,406,0,21,121,34
1777984428.532505,2,2066,850,328,120,35
1777984428.546159,1,406,0,21,121,34
1777984428.548629,2,2083,900,348,120,35
1777984428.561285,1,406,0,21,121,34
1777984428.5631845,2,2099,1000,360,121,35
1777984428.5761614,1,406,0,21,121,34
1777984428.5780473,2,2116,1150,366,120,35
1777984428.5908487,1,406,0,21,121,34
1777984428.5927303,2,2134,1150,369,121,35
1777984428.6053414,1,406,0,21,121,34
1777984428.6071339,2,2151,1200,368,120,35
1777984428.620777,1,406,0,21,121,33
1777984428.6232758,2,2170,1200,368,121,35
1777984428.6363044,1,406,0,21,121,34
1777984428.638736,2,2187,1150,370,121,35
1777984428.6523628,1,406,0,21,121,34
1777984428.654551,2,2207,1200,372,121,35
1777984428.6677153,1,406,0,21,121,34
1777984428.6699557,2,2226,1200,372,121,35
1777984428.6835523,1,406,0,21,121,34
1777984428.6857917,2,2246,1250,369,121,35
1777984428.6988516,1,406,0,21,121,34
1777984428.7008374,2,2263,1200,368,121,35
1777984428.7141507,1,406,0,21,121,34
1777984428.7165213,2,2282,1150,370,121,35
1777984428.730002,1,406,0,21,121,34
1777984428.7317655,2,2301,1150,373,121,35
1777984428.7442713,1,406,0,21,121,34
1777984428.746127,2,2318,1200,372,121,35
1777984428.7597296,1,406,0,21,121,34
1777984428.7617886,2,2336,1200,372,121,35
1777984428.7744627,1,406,0,21,121,34
1777984428.7762191,2,2354,1200,372,121,35
1777984428.7890291,1,406,0,21,121,34
1777984428.790739,2,2372,1200,372,121,35
1777984428.8034008,1,406,0,21,121,34
1777984428.8052933,2,2389,1200,372,120,35
1777984428.8185756,1,406,0,21,121,34
1777984428.8205538,2,2407,1200,372,121,35
1777984428.8335233,1,406,0,21,121,34
1777984428.8352678,2,2426,1200,372,121,35
1777984428.8479328,1,406,0,21,121,34
1777984428.8496754,2,2444,1200,372,121,35
1777984428.862268,1,406,0,21,121,34
1777984428.8639917,2,2461,1250,369,121,35
1777984428.8769412,1,406,0,21,121,34
1777984428.878973,2,2478,1200,368,121,35
1777984428.8915474,1,406,0,21,121,34
1777984428.8932726,2,2495,1100,370,120,35
1777984428.9067194,1,406,0,21,121,34
1777984428.908913,2,2513,1100,377,121,35
1777984428.9221973,1,406,0,21,121,34
1777984428.924587,2,2532,1200,376,120,35
1777984428.937875,1,406,0,21,121,34
1777984428.939859,2,2551,1250,373,121,35
1777984428.9533014,1,406,0,21,121,34
1777984428.9554439,2,2571,1200,372,121,35
1777984428.968079,1,406,0,21,121,34
1777984428.9697874,2,2587,1200,372,121,35
1777984428.9823148,1,406,0,21,121,34
1777984428.9840457,2,2604,1150,375,121,35
1777984428.996574,1,406,0,21,121,34
1777984428.9982743,2,2621,1200,376,121,35
1777984429.0108962,1,406,0,21,121,34
1777984429.0127816,2,2640,1250,375,121,35
1777984429.0260673,1,406,0,21,121,34
1777984429.0282829,2,2659,1250,372,121,35
1777984429.0411081,1,406,0,21,121,34
1777984429.0427883,2,2676,1250,369,121,35
1777984429.055475,1,406,0,21,121,34
1777984429.057191,2,2693,1150,370,121,35
1777984429.0698745,1,406,0,21,121,34
1777984429.07182,2,2711,1150,372,121,35
1777984429.0843241,1,406,0,21,121,34
1777984429.086224,2,2728,1200,372,121,35
1777984429.0995924,1,406,0,21,121,34
1777984429.1016486,2,2748,1250,369,121,35
1777984429.1150389,1,406,0,21,121,34
1777984429.1172204,2,2766,1200,368,120,35
1777984429.1306689,1,406,0,21,121,34
1777984429.1327531,2,2783,1100,371,121,35
1777984429.1468139,1,406,0,21,121,34
1777984429.14912,2,2802,1100,377,120,35
1777984429.1627305,1,406,0,21,121,34
1777984429.1648512,2,2822,1200,376,121,35
1777984429.1775339,1,406,0,21,121,34
1777984429.179275,2,2841,1250,373,121,35
1777984429.1923444,1,406,0,21,121,34
1777984429.1941872,2,2859,1200,372,121,35
1777984429.2068818,1,406,0,21,121,34
1777984429.2086148,2,2875,1200,372,121,35
1777984429.2217493,1,406,0,21,121,34
1777984429.2236679,2,2892,1200,372,121,35
1777984429.2367544,1,406,0,21,121,34
1777984429.2388165,2,2911,1150,375,121,35
1777984429.2517135,1,406,0,21,121,34
1777984429.2538204,2,2931,1250,374,121,35
1777984429.2671638,1,406,0,21,121,34
1777984429.2690597,2,2950,1250,366,121,35
1777984429.2818458,1,406,0,21,121,34
1777984429.283571,2,2968,1250,355,121,35
1777984429.2960386,1,406,0,21,121,34
1777984429.2977467,2,2983,1150,344,121,35
1777984429.31064,1,406,0,21,121,34
1777984429.3128548,2,3000,1150,330,121,35
1777984429.3265107,1,406,0,21,121,34
1777984429.3286045,2,3018,1150,309,121,35
1777984429.3415053,1,406,0,21,121,34
1777984429.3432739,2,3034,1100,290,121,35
1777984429.3565674,1,406,0,21,121,34
1777984429.3588655,2,3049,1050,265,121,35
1777984429.3730059,1,406,0,21,121,34
1777984429.375095,2,3063,900,242,121,35
1777984429.3887284,1,406,0,21,121,34
1777984429.3910787,2,3074,750,221,121,35
1777984429.405028,1,406,0,21,121,34
1777984429.406921,2,3087,750,200,121,35
1777984429.4198425,1,406,0,21,121,34
1777984429.4217224,2,3096,700,181,121,35
1777984429.4345264,1,406,0,21,121,34
1777984429.4362736,2,3105,650,158,121,35
1777984429.448753,1,406,0,21,121,34
1777984429.4506104,2,3113,600,134,121,35
1777984429.4643044,1,406,0,21,121,34
1777984429.4667008,2,3120,600,104,121,35
1777984429.4793525,1,406,0,21,121,34
1777984429.4812286,2,3126,400,86,121,35
1777984429.4942787,1,406,0,21,121,34
1777984429.496383,2,3130,350,64,121,35
1777984429.5092978,1,406,0,21,121,34
1777984429.5114145,2,3133,200,47,121,35
1777984429.5253305,1,406,0,21,121,34
1777984429.5278933,2,3136,200,34,121,35
1777984429.5412924,1,406,0,21,121,34
1777984429.5433936,2,3137,150,25,121,35
1777984429.5565932,1,406,0,21,121,34
1777984429.5587926,2,3137,50,22,121,35
1777984429.5729299,1,406,0,21,121,34
1777984429.5751808,2,3137,0,21,121,35
1777984429.5887704,1,406,0,21,121,34
1777984429.5909038,2,3137,0,21,121,34
1777984429.6044297,1,406,0,21,121,34
1777984429.6064687,2,3137,0,21,121,35
1777984429.619169,1,406,0,21,121,34
1777984429.6210678,2,3137,0,21,121,35
1777984429.634717,1,406,0,21,121,34
1777984429.6367147,2,3137,0,21,121,35
1777984429.6495652,1,406,0,21,121,34
1777984429.651518,2,3137,0,21,121,35
1777984429.6647959,1,406,0,21,121,34
1777984429.6670876,2,3137,0,21,121,35
1777984429.6805851,1,406,0,21,121,34
1777984429.6822495,2,3137,0,21,121,35
1777984429.6950061,1,406,0,21,121,34
1777984429.6967154,2,3137,0,21,121,35
1777984429.7097468,1,406,0,21,121,34
1777984429.7116435,2,3137,0,21,121,35
1777984429.7248015,1,406,0,21,121,34
1777984429.7268684,2,3137,0,21,121,35
1777984429.7405386,1,406,0,21,121,33
1777984429.7426836,2,3137,0,21,121,35
1777984429.7553406,1,406,0,21,121,34
1777984429.7572298,2,3137,0,21,121,35
1777984429.770617,1,406,0,21,121,34
1777984429.772925,2,3137,0,21,121,35
1777984429.7864442,1,406,0,21,121,34
1777984429.788495,2,3137,0,21,120,35
1777984429.8019664,1,406,0,21,121,34
1777984429.804158,2,3137,0,21,121,35
1777984429.8167276,1,406,0,21,121,34
1777984429.8184445,2,3137,0,21,121,35
1777984429.831632,1,406,0,21,121,34
1777984429.8339853,2,3137,0,21,121,35
1777984429.847954,1,406,0,21,121,34
1777984429.8501744,2,3137,0,21,121,35
1777984429.863314,1,406,0,21,121,34
1777984429.8654022,2,3137,0,21,121,35
1777984429.8784397,1,406,0,21,121,34
1777984429.8804228,2,3137,0,19,121,35
1777984429.8934212,1,406,0,21,121,34
1777984429.8955715,2,3137,0,19,121,35
1777984429.9088323,1,406,0,21,121,34
1777984429.910547,2,3137,0,19,121,35
1777984429.9233804,1,406,0,21,121,34
1777984429.9250681,2,3137,0,19,121,36
1777984429.938151,1,406,0,21,121,34
1777984429.9403274,2,3137,0,19,121,35
1777984429.9536107,1,406,0,21,121,34
1777984429.9557507,2,3137,0,19,121,35
1777984429.9697034,1,406,0,21,121,34
1777984429.9718292,2,3137,0,19,121,35
1777984429.9850004,1,406,0,21,121,34
1777984429.987172,2,3137,0,19,121,35
1777984430.0000927,1,406,0,21,121,34
1777984430.0019913,2,3137,0,19,121,35
1777984430.0147285,1,406,0,21,121,34
1777984430.0164523,2,3137,0,19,121,35
1777984430.0291095,1,406,0,21,121,34
1777984430.031032,2,3137,0,19,121,36
1777984430.0451086,1,406,0,21,121,34
1777984430.0473397,2,3137,0,19,121,35
1777984430.0609853,1,406,0,21,121,34
1777984430.0630982,2,3137,0,19,121,35
1777984430.0755641,1,406,0,21,121,34
1777984430.0772336,2,3137,0,19,121,35
1777984430.0907166,1,406,0,21,121,34
1777984430.0931246,2,3137,0,19,121,35
1777984430.1059444,1,406,0,21,121,34
1777984430.1078343,2,3137,0,19,121,35
1777984430.1209505,1,406,0,21,121,34
1777984430.1229537,2,3137,0,19,120,35
1777984430.1361609,1,406,0,21,121,34
1777984430.138098,2,3137,0,19,121,35
1777984430.1509159,1,406,0,21,121,34
1777984430.152694,2,3137,0,19,121,35
1777984430.1660833,1,406,0,21,121,34
1777984430.168016,2,3137,0,19,121,35
1777984430.1807404,1,406,0,21,121,34
1777984430.182455,2,3137,0,19,121,35
1777984430.1954412,1,406,0,21,121,34
1777984430.1974726,2,3137,0,19,121,35
1777984430.2106743,1,406,0,21,121,34
1777984430.2124736,2,3137,0,19,121,35
1777984430.2251878,1,406,0,21,121,34
1777984430.2270925,2,3137,0,19,121,35
1777984430.2404304,1,406,0,21,121,34
1777984430.2431638,2,3137,0,19,121,35
1777984430.2563074,1,406,0,21,121,34
1777984430.25841,2,3137,0,19,121,35
1777984430.2712674,1,406,0,21,121,34
1777984430.273627,2,3137,0,19,121,35
1777984430.286988,1,406,0,21,121,34
1777984430.289422,2,3137,0,17,121,36
1777984430.3029823,1,406,0,21,121,34
1777984430.3052351,2,3137,0,21,121,35
1777984430.318158,1,406,0,21,121,34
1777984430.3200128,2,3137,0,33,121,35
1777984430.3327234,1,406,0,21,121,34
1777984430.3344586,2,3137,0,48,121,35
1777984430.3470187,1,406,0,21,121,34
1777984430.3487277,2,3137,0,67,121,36
1777984430.3612435,1,406,0,21,121,34
1777984430.3629982,2,3136,0,91,121,35
1777984430.3755264,1,406,0,21,121,34
1777984430.3772137,2,3133,-100,112,121,35
1777984430.3897214,1,406,0,21,121,34
1777984430.3914998,2,3129,-250,130,121,35
1777984430.4040065,1,406,0,21,121,34
1777984430.4056807,2,3124,-250,150,121,35
1777984430.4182963,1,406,0,21,121,34
1777984430.420001,2,3118,-350,169,121,35
1777984430.4329388,1,406,0,21,121,34
1777984430.4348845,2,3111,-450,189,121,35
1777984430.4474564,1,406,0,21,121,33
1777984430.4491127,2,3102,-500,209,121,35
1777984430.4615343,1,406,0,21,121,34
1777984430.4633055,2,3094,-500,231,120,35
1777984430.476713,1,406,0,21,121,34
1777984430.4788969,2,3084,-600,255,121,35
1777984430.49136,1,406,0,21,121,34
1777984430.493221,2,3072,-700,275,121,35
1777984430.5067327,1,406,0,21,121,34
1777984430.5087287,2,3060,-800,300,121,35
1777984430.521356,1,406,0,21,121,34
1777984430.5230532,2,3047,-800,324,120,35
1777984430.5361817,1,406,0,21,120,34
1777984430.5378654,2,3032,-900,339,120,35
1777984430.5508165,1,406,0,21,120,34
1777984430.5525289,2,3016,-1050,349,120,35
1777984430.565458,1,406,0,21,121,34
1777984430.567139,2,2999,-1150,355,120,35
1777984430.5799215,1,406,0,21,121,34
1777984430.582333,2,2982,-1150,358,121,35
1777984430.595777,1,406,0,21,121,34
1777984430.5977569,2,2964,-1150,361,121,35
1777984430.6108286,1,406,0,21,121,34
1777984430.6128857,2,2947,-1100,367,120,35
1777984430.6257565,1,406,0,21,121,34
1777984430.6277316,2,2928,-1250,368,121,35
1777984430.6407895,1,406,0,21,121,34
1777984430.6428518,2,2909,-1250,365,121,35
1777984430.6557965,1,406,0,21,121,34
1777984430.6575804,2,2891,-1250,362,121,35
1777984430.67082,1,406,0,21,121,34
1777984430.6727862,2,2874,-1150,364,121,35
1777984430.6860998,1,406,0,21,121,34
1777984430.6879938,2,2857,-1150,367,121,35
1777984430.701121,1,406,0,21,121,34
1777984430.7031758,2,2839,-1150,370,121,35
1777984430.7161322,1,406,0,21,121,34
1777984430.7181299,2,2819,-1200,369,121,35
1777984430.7312489,1,406,0,21,121,34
1777984430.733279,2,2800,-1250,367,121,35
1777984430.7460935,1,406,0,21,121,34
1777984430.7485209,2,2782,-1200,365,121,35
1777984430.7618217,1,406,0,21,121,34
1777984430.76377,2,2766,-1200,365,121,35
1777984430.7774632,1,406,0,21,121,34
1777984430.7796504,2,2746,-1150,370,121,35
1777984430.7925353,1,406,0,21,121,34
1777984430.7942533,2,2727,-1200,369,121,35
1777984430.8067627,1,406,0,21,121,34
1777984430.808635,2,2709,-1250,367,121,35
1777984430.8217576,1,406,0,21,121,34
1777984430.8242857,2,2691,-1250,364,120,35
1777984430.8378186,1,406,0,21,121,34
1777984430.8403282,2,2672,-1250,361,121,35
1777984430.8532734,1,406,0,21,121,34
1777984430.8551836,2,2655,-1150,365,121,35
1777984430.8687994,1,406,0,21,121,34
1777984430.87109,2,2635,-1150,368,121,35
1777984430.8845687,1,406,0,21,121,34
1777984430.8864598,2,2615,-1250,368,121,35
1777984430.899271,1,406,0,21,121,34
1777984430.9010139,2,2598,-1250,365,121,35
1777984430.9136205,1,406,0,21,121,34
1777984430.9155447,2,2581,-1250,362,121,35
1777984430.9288597,1,406,0,21,121,34
1777984430.9309213,2,2564,-1100,367,121,35
1777984430.9448657,1,406,0,21,121,34
1777984430.9476235,2,2544,-1200,369,120,35
1777984430.9615622,1,406,0,21,121,34
1777984430.964134,2,2523,-1200,368,121,35
1777984430.9771988,1,406,0,21,121,34
1777984430.9795682,2,2503,-1250,365,121,35
1777984430.9931219,1,406,0,21,121,34
1777984430.995671,2,2484,-1200,365,121,35
1777984431.0084603,1,406,0,21,121,34
1777984431.0104008,2,2468,-1200,365,121,35
1777984431.0236843,1,406,0,21,121,34
1777984431.0258584,2,2449,-1200,365,121,35
1777984431.039611,1,406,0,21,121,34
1777984431.0414894,2,2430,-1200,365,121,35
1777984431.0543623,1,406,0,21,121,34
1777984431.0564299,2,2411,-1200,365,121,35
1777984431.069052,1,406,0,21,121,34
1777984431.07076,2,2394,-1200,365,121,35
1777984431.0833976,1,406,0,21,121,34
1777984431.0854394,2,2377,-1150,367,120,35
1777984431.0985036,1,406,0,21,121,34
1777984431.1004262,2,2359,-1150,370,121,35
1777984431.1135588,1,406,0,21,121,34
1777984431.115525,2,2340,-1200,369,121,35
1777984431.1284306,1,406,0,21,121,34
1777984431.1303554,2,2323,-1200,369,121,35
1777984431.1433377,1,406,0,21,121,34
1777984431.1455905,2,2304,-1250,368,121,35
1777984431.1596208,1,406,0,21,121,34
1777984431.1619315,2,2285,-1250,364,121,35
1777984431.175888,1,406,0,21,121,34
1777984431.1782107,2,2266,-1200,365,121,35
1777984431.1913702,1,406,0,21,121,34
1777984431.1932542,2,2247,-1150,369,121,35
1777984431.2059696,1,406,0,21,121,34
1777984431.2078347,2,2229,-1200,369,121,35
1777984431.220893,1,406,0,21,121,34
1777984431.2228816,2,2210,-1250,368,121,35
1777984431.2358546,1,406,0,21,121,34
1777984431.23776,2,2192,-1250,365,121,35
1777984431.2506196,1,406,0,21,121,34
1777984431.2526903,2,2176,-1200,365,121,35
1777984431.265846,1,406,0,21,121,34
1777984431.2679436,2,2156,-1200,360,121,35
1777984431.2818422,1,406,0,21,121,34
1777984431.2841575,2,2137,-1200,350,121,35
1777984431.2975914,1,406,0,21,121,34
1777984431.299625,2,2118,-1200,335,121,35
1777984431.3132317,1,406,0,21,121,34
1777984431.315375,2,2101,-1200,315,121,35
1777984431.3283637,1,406,0,21,121,34
1777984431.3303964,2,2085,-1100,297,121,35
1777984431.3435304,1,406,0,21,121,34
1777984431.3453965,2,2070,-950,280,121,35
1777984431.358191,1,406,0,21,121,34
1777984431.3602135,2,2056,-950,263,121,35
1777984431.37353,1,406,0,21,121,34
1777984431.3753548,2,2043,-950,239,121,35
1777984431.3887765,1,406,0,21,121,34
1777984431.3907566,2,2030,-900,216,121,35
1777984431.40376,1,406,0,21,121,34
1777984431.4057057,2,2019,-750,193,121,35
1777984431.41807,1,406,0,21,121,34
1777984431.4199023,2,2009,-750,171,121,34
1777984431.4329307,1,406,0,21,121,34
1777984431.4349532,2,2000,-650,150,121,35
1777984431.4489326,1,406,0,21,121,34
1777984431.4508862,2,1992,-550,128,121,35
1777984431.4642677,1,406,0,21,121,34
1777984431.4665866,2,1987,-450,105,121,35
1777984431.4801984,1,406,0,21,121,34
1777984431.4821675,2,1981,-350,83,121,35
1777984431.4953585,1,406,0,21,121,34
1777984431.497604,2,1978,-350,61,121,35
1777984431.51124,1,406,0,21,121,34
1777984431.513542,2,1975,-200,49,121,35
1777984431.5274606,1,406,0,21,121,34
1777984431.5298219,2,1973,-150,39,121,35
1777984431.543559,1,406,0,21,121,34
1777984431.5455995,2,1972,-100,32,121,35
1777984431.5589035,1,406,0,21,121,34
1777984431.5607548,2,1971,-100,27,121,35
1777984431.5739715,1,406,0,21,121,34
1777984431.5758483,2,1970,-50,24,121,36
1777984431.5889516,1,406,0,21,121,34
1777984431.5912535,2,1970,-50,21,121,35
1777984431.6049469,1,406,0,21,121,34
1777984431.6076243,2,1970,0,20,121,35
1777984431.6206074,1,406,0,21,121,34
1777984431.622542,2,1970,0,20,121,35
1777984431.6358974,1,406,0,21,121,34
1777984431.6381228,2,1970,0,20,121,35
1777984431.651602,1,406,0,21,121,34
1777984431.6538477,2,1970,0,20,121,35
1777984431.6673563,1,406,0,21,121,34
1777984431.6694806,2,1970,0,20,121,35
1777984431.6831212,1,406,0,21,121,34
1777984431.685091,2,1970,0,20,121,35
1777984431.6983426,1,406,0,21,121,34
1777984431.7002437,2,1970,0,20,121,35
1777984431.7135193,1,406,0,21,121,34
1777984431.715216,2,1970,0,20,121,35
1777984431.7281504,1,406,0,21,121,34
1777984431.7299721,2,1970,0,20,121,36
1777984431.7425158,1,406,0,21,121,34
1777984431.744879,2,1970,0,20,121,35
1777984431.7587273,1,406,0,21,121,34
1777984431.7609046,2,1970,0,20,121,35
1777984431.774286,1,406,0,21,121,34
1777984431.776228,2,1970,0,20,121,35
1777984431.7892137,1,406,0,21,121,34
1777984431.7914028,2,1970,0,20,121,35
1777984431.8052936,1,406,0,21,121,34
1777984431.8073022,2,1970,0,20,121,35
1777984431.820415,1,406,0,21,121,34
1777984431.8224685,2,1970,0,20,121,35
1777984431.8351295,1,406,0,21,121,34
1777984431.8372912,2,1970,0,20,121,35
1777984431.8511853,1,406,0,21,121,34
1777984431.8532803,2,1970,0,20,121,35
1777984431.8665662,1,406,0,21,121,34
1777984431.8685915,2,1970,0,20,121,35
1777984431.8820152,1,406,0,21,121,34
1777984431.8841817,2,1970,0,20,121,35
1777984431.8974507,1,406,0,21,121,34
1777984431.8995109,2,1970,0,20,121,35
1777984431.9128463,1,406,0,21,121,34
1777984431.9149952,2,1970,0,20,121,35
1777984431.9290204,1,406,0,21,121,34
1777984431.9319744,2,1970,0,20,121,35
1777984431.9455314,1,406,0,21,121,34
1777984431.9474983,2,1970,0,20,121,35
1777984431.960129,1,406,0,21,121,34
1777984431.9620388,2,1970,0,20,121,35
1777984431.9760487,1,406,0,21,121,34
1777984431.978368,2,1970,0,20,121,35
1777984431.9923513,1,406,0,21,121,34
1777984431.9948957,2,1970,0,20,121,35
1777984432.0086973,1,406,0,21,121,34
1777984432.0108252,2,1970,0,20,121,35
1777984432.0240862,1,406,0,21,121,34
1777984432.0260317,2,1970,0,20,121,35
1777984432.0388935,1,406,0,21,121,34
1777984432.0410838,2,1970,0,20,121,35
1777984432.0545104,1,406,0,21,121,34
1777984432.0568578,2,1970,0,20,121,35
1777984432.0703151,1,406,0,21,121,34
1777984432.0727043,2,1970,0,20,121,35
1777984432.0867221,1,406,0,21,121,34
1777984432.0887077,2,1970,0,20,121,35
1777984432.101633,1,406,0,21,121,34
1777984432.1037745,2,1970,0,20,121,35
1777984432.1165555,1,406,0,21,121,34
1777984432.1182928,2,1970,0,20,121,35
1777984432.1308281,1,406,0,21,121,33
1777984432.1325467,2,1970,0,18,121,35
1777984432.1452444,1,406,0,21,121,34
1777984432.1469624,2,1970,0,19,121,35
1777984432.1597776,1,406,0,21,121,34
1777984432.1616917,2,1970,0,29,121,35
1777984432.1743035,1,406,0,21,121,34
1777984432.1762877,2,1970,0,43,121,35
1777984432.1902907,1,406,0,21,121,34
1777984432.1926906,2,1970,0,65,121,35
1777984432.2066288,1,406,0,21,121,34
1777984432.2085469,2,1971,0,90,121,35
1777984432.2215466,1,406,0,21,121,34
1777984432.223472,2,1973,100,115,121,35
1777984432.2359726,1,406,0,21,121,34
1777984432.2381492,2,1977,100,138,121,35
1777984432.2521436,1,406,0,21,121,34
1777984432.2546926,2,1983,250,163,121,35
1777984432.2677703,1,406,0,21,121,34
1777984432.2697778,2,1989,400,183,121,35
1777984432.283101,1,406,0,21,121,34
1777984432.28548,2,1997,400,206,121,35
1777984432.2993844,1,406,0,21,121,34
1777984432.3017976,2,2007,600,230,120,35
1777984432.3151667,1,406,0,21,121,34
1777984432.3173983,2,2018,600,251,121,35
1777984432.3313093,1,406,0,21,121,34
1777984432.3341136,2,2029,650,276,120,35
1777984432.3468835,1,406,0,21,121,34
1777984432.3485498,2,2043,800,293,121,35
1777984432.3619752,1,406,0,21,121,34
1777984432.3637097,2,2057,850,315,120,35
1777984432.3767948,1,406,0,21,121,34
1777984432.3787796,2,2071,950,333,120,36
1777984432.391337,1,406,0,21,121,34
1777984432.393163,2,2085,950,348,120,35
1777984432.4060073,1,406,0,21,121,34
1777984432.407851,2,2101,1000,359,120,35
1777984432.420864,1,406,0,21,121,34
1777984432.4228551,2,2118,1100,367,120,35
1777984432.4357643,1,406,0,21,121,34
1777984432.438113,2,2136,1200,370,121,35
1777984432.4518933,1,406,0,21,121,34
1777984432.4544404,2,2155,1200,370,121,35
1777984432.4679127,1,406,0,21,121,34
1777984432.4698105,2,2174,1200,370,121,35
1777984432.4829314,1,406,0,21,121,34
1777984432.4848874,2,2192,1200,370,120,35
1777984432.4978929,1,406,0,21,121,34
1777984432.499893,2,2211,1200,370,121,35
1777984432.5127902,1,406,0,21,121,34
1777984432.514844,2,2229,1200,370,121,35
1777984432.5280926,1,406,0,21,121,34
1777984432.5303924,2,2248,1250,366,121,35
1777984432.5433717,1,406,0,21,121,34
1777984432.5454538,2,2266,1150,369,120,35
1777984432.5586607,1,406,0,21,121,34
1777984432.5607145,2,2283,1150,372,121,35
1777984432.5741515,1,406,0,21,121,34
1777984432.575997,2,2303,1150,373,121,35
1777984432.5895193,1,406,0,21,121,34
1777984432.5913992,2,2321,1250,370,121,35
1777984432.6049466,1,406,0,21,121,34
1777984432.6073616,2,2339,1200,370,121,35
1777984432.62129,1,406,0,21,121,34
1777984432.62382,2,2359,1200,370,121,35
1777984432.63688,1,406,0,21,121,34
1777984432.6387792,2,2378,1200,370,121,35
1777984432.6521585,1,406,0,21,121,34
1777984432.654187,2,2396,1200,370,121,35
1777984432.667349,1,406,0,21,121,34
1777984432.669601,2,2415,1150,374,121,35
1777984432.6830742,1,406,0,21,121,34
1777984432.6857507,2,2434,1250,371,120,35
1777984432.6997566,1,406,0,21,121,34
1777984432.702225,2,2454,1200,370,121,35
1777984432.7153263,1,406,0,21,121,34
1777984432.7176504,2,2474,1200,370,121,35
1777984432.731546,1,406,0,21,121,34
1777984432.7340298,2,2492,1200,370,121,35
1777984432.747101,1,406,0,21,121,34
1777984432.7491314,2,2510,1150,374,120,35
1777984432.7620206,1,406,0,21,121,34
1777984432.7640483,2,2529,1200,374,121,35
1777984432.7769938,1,406,0,21,121,34
1777984432.7791486,2,2548,1250,372,121,35
1777984432.7926314,1,406,0,21,121,34
1777984432.7951198,2,2566,1250,364,120,35
1777984432.8090606,1,406,0,21,121,34
1777984432.811443,2,2585,1200,355,121,35
1777984432.8244355,1,406,0,21,121,34
1777984432.826553,2,2602,1100,347,121,35
1777984432.840485,1,406,0,21,121,34
1777984432.8429291,2,2621,1150,330,121,35
1777984432.856307,1,406,0,21,121,34
1777984432.8582213,2,2638,1150,308,121,35
1777984432.871546,1,406,0,21,121,34
1777984432.8738894,2,2655,1150,281,121,35
1777984432.8872702,1,406,0,21,121,34
1777984432.8891943,2,2669,1050,259,121,35
1777984432.9025555,1,406,0,21,121,34
1777984432.905199,2,2683,900,238,121,35
1777984432.9186723,1,406,0,21,121,34
1777984432.9209688,2,2695,800,217,121,35
1777984432.9346871,1,406,0,21,121,34
1777984432.9371588,2,2707,750,193,121,35
1777984432.9502108,1,406,0,21,121,34
1777984432.9525301,2,2717,750,168,121,35
1777984432.96595,1,406,0,21,121,34
1777984432.9677906,2,2726,650,144,121,35
1777984432.9806604,1,406,0,21,121,34
1777984432.9829757,2,2733,550,121,121,35
1777984432.9961548,1,406,0,21,121,34
1777984432.9980416,2,2740,450,98,121,35
1777984433.0113466,1,406,0,21,121,34
1777984433.0130854,2,2745,450,70,121,35
1777984433.025631,1,406,0,21,121,34
1777984433.0273285,2,2748,350,53,121,35
1777984433.0405207,1,406,0,21,121,34
1777984433.0423298,2,2751,150,43,121,35
1777984433.0548062,1,406,0,21,121,34
1777984433.056785,2,2752,150,35,121,35
1777984433.070333,1,406,0,21,121,34
1777984433.0725462,2,2753,150,25,121,35
1777984433.0854445,1,406,0,21,121,34
1777984433.088017,2,2753,50,24,121,35
1777984433.1018827,1,406,0,21,121,34
1777984433.104144,2,2753,0,23,121,35
1777984433.1177874,1,406,0,21,121,34
1777984433.1197963,2,2753,0,23,121,35
1777984433.1326394,1,406,0,21,121,34
1777984433.1343417,2,2753,0,23,121,35
1777984433.1473482,1,406,0,21,121,33
1777984433.1493971,2,2753,0,23,121,35
1777984433.1619859,1,406,0,21,121,34
1777984433.1638682,2,2753,0,23,121,35
1777984433.1771715,1,406,0,21,121,34
1777984433.1791344,2,2753,0,23,121,35
1777984433.1918757,1,406,0,21,121,34
1777984433.1938727,2,2753,0,23,121,35
1777984433.2070272,1,406,0,21,121,34
1777984433.208901,2,2753,0,23,121,35
1777984433.221707,1,406,0,21,121,34
1777984433.2237117,2,2753,0,23,121,35
1777984433.236998,1,406,0,21,121,34
1777984433.2393262,2,2753,0,23,121,35
1777984433.2526622,1,406,0,21,121,34
1777984433.2548192,2,2754,0,23,121,35
1777984433.268126,1,406,0,21,121,34
1777984433.2707083,2,2754,0,23,121,35
1777984433.2846224,1,406,0,21,121,34
1777984433.2869656,2,2753,0,23,121,35
1777984433.3007276,1,406,0,21,121,34
1777984433.3031824,2,2753,0,23,121,35
1777984433.3172798,1,406,0,21,121,34
1777984433.3197186,2,2753,0,23,121,35
1777984433.3331547,1,406,0,21,121,34
1777984433.3350334,2,2753,0,23,121,35
1777984433.3482451,1,406,0,21,121,34
1777984433.3502827,2,2753,0,23,121,35
1777984433.3628323,1,406,0,21,121,34
1777984433.364554,2,2753,0,23,121,35
1777984433.3773127,1,406,0,21,121,34
1777984433.3793814,2,2753,0,23,121,35
1777984433.3920338,1,406,0,21,121,34
1777984433.3938699,2,2753,0,23,121,35
1777984433.4067924,1,406,0,21,121,34
1777984433.408715,2,2753,0,23,121,35
1777984433.42178,1,406,0,21,121,34
1777984433.423631,2,2754,0,23,121,35
1777984433.4365568,1,406,0,21,121,34
1777984433.4385943,2,2753,0,23,121,35
1777984433.45126,1,406,0,21,121,34
1777984433.453193,2,2754,50,22,121,35
1777984433.4661155,1,406,0,21,121,34
1777984433.468101,2,2753,50,19,121,35
1777984433.481469,1,406,0,21,121,34
1777984433.4836879,2,2753,-50,23,121,35
1777984433.4977636,1,406,0,21,121,34
1777984433.5002654,2,2753,50,21,121,35
1777984433.5141127,1,406,0,21,121,34
1777984433.5167205,2,2753,-50,21,121,35
1777984433.5303307,1,406,0,21,121,34
1777984433.5323837,2,2753,0,23,121,35
1777984433.5455213,1,406,0,21,121,34
1777984433.5475464,2,2753,0,23,121,35
1777984433.5607874,1,406,0,21,121,34
1777984433.5630615,2,2753,0,23,121,35
1777984433.5768409,1,406,0,21,121,34
1777984433.5796943,2,2753,0,23,121,35
1777984433.5937243,1,406,0,21,121,34
1777984433.5962322,2,2753,0,23,121,35
1777984433.610367,1,406,0,21,121,34
1777984433.61242,2,2753,0,23,121,35
1777984433.625375,1,406,0,21,121,34
1777984433.6274352,2,2754,0,23,121,35
1777984433.6405509,1,406,0,21,121,34
1777984433.643078,2,2753,0,23,121,35
1777984433.6568217,1,406,0,21,121,34
1777984433.6593091,2,2753,0,23,121,35
1777984433.673227,1,406,0,21,121,34
1777984433.6758265,2,2753,0,23,121,35
1777984433.6890504,1,406,0,21,121,34
1777984433.6911542,2,2753,0,23,121,35
1777984433.70377,1,406,0,21,121,34
1777984433.7058744,2,2753,0,23,121,35
1777984433.7193353,1,406,0,21,121,34
1777984433.7219715,2,2753,0,23,121,35
1777984433.735993,1,406,0,21,121,34
1777984433.738521,2,2753,0,23,121,35
1777984433.7517173,1,406,0,21,121,34
1777984433.75371,2,2753,0,23,121,35
1777984433.7663183,1,406,0,21,121,34
1777984433.768193,2,2753,0,23,121,35
1777984433.7819965,1,406,0,21,121,34
1777984433.7846346,2,2753,0,23,121,35
1777984433.797715,1,406,0,21,121,34
1777984433.7996304,2,2753,0,23,121,35
1777984433.81301,1,406,0,21,121,34
1777984433.8152668,2,2753,0,23,121,35
1777984433.8290799,1,406,0,21,121,34
1777984433.831097,2,2753,0,23,121,35
1777984433.8442569,1,406,0,21,121,34
1777984433.8462646,2,2753,0,23,121,35
1777984433.8594332,1,406,0,21,121,34
1777984433.8615997,2,2753,0,23,121,35
1777984433.8748348,1,406,0,21,121,34
1777984433.8771572,2,2753,0,23,121,35
1777984433.8911276,1,406,0,21,121,34
1777984433.893871,2,2753,0,23,121,35
1777984433.9069455,1,406,0,21,121,34
1777984433.9089518,2,2753,0,23,121,35
1777984433.921987,1,406,0,21,121,34
1777984433.9241214,2,2753,0,23,121,35
1777984433.9375231,1,406,0,21,121,34
1777984433.939608,2,2753,0,23,121,35
1777984433.952475,1,406,0,21,121,34
1777984433.9542131,2,2753,0,23,121,35
1777984433.9672205,1,406,0,21,121,34
1777984433.96906,2,2753,0,23,121,35
1777984433.9822776,1,406,0,21,120,34
1777984433.9848447,2,2753,0,23,121,35
1777984433.9973826,1,406,0,21,121,34
1777984433.9990876,2,2753,0,23,121,35
1777984434.011864,1,406,0,21,121,34
1777984434.014015,2,2753,0,23,121,35
1777984434.0273652,1,406,0,21,121,34
1777984434.029224,2,2753,0,23,121,35
1777984434.0429778,1,406,0,21,121,34
1777984434.045161,2,2753,0,23,121,35
1777984434.0586746,1,406,0,21,121,34
1777984434.0603843,2,2753,0,23,121,35
1777984434.0735216,1,406,0,21,121,33
1777984434.07541,2,2753,0,23,121,35
1777984434.0882902,1,406,0,21,121,34
1777984434.0900447,2,2753,0,23,121,35
1777984434.1027684,1,406,0,21,121,34
1777984434.1043882,2,2753,0,23,121,35
1777984434.1176043,1,406,0,21,121,34
1777984434.1194384,2,2753,0,23,121,35
1777984434.1328804,1,406,0,21,121,34
1777984434.1349475,2,2753,0,23,121,35
1777984434.1486552,1,406,0,21,121,34
1777984434.1507688,2,2753,0,23,121,35
1777984434.1635501,1,406,0,21,121,34
1777984434.1660004,2,2753,0,23,121,35
1777984434.1794221,1,406,0,21,121,34
1777984434.1815262,2,2753,0,23,121,35
1777984434.1945128,1,406,0,21,121,34
1777984434.196484,2,2753,0,23,121,35
1777984434.2099767,1,406,0,21,121,34
1777984434.2122393,2,2753,0,23,121,35
1777984434.2251983,1,406,0,21,121,34
1777984434.2270918,2,2753,0,23,121,35
1777984434.240219,1,406,0,21,121,34
1777984434.2421293,2,2753,0,23,121,35
1777984434.255437,1,406,0,21,121,34
1777984434.2575586,2,2753,0,23,121,35
1777984434.270091,1,406,0,21,121,34
1777984434.2717824,2,2753,0,23,121,35
1777984434.2843359,1,406,0,21,121,34
1777984434.2861173,2,2753,0,23,121,35
1777984434.2997391,1,406,0,21,121,34
1777984434.302296,2,2753,0,23,121,35
1777984434.3157945,1,406,0,21,121,34
1777984434.3177922,2,2754,0,23,121,35
1777984434.3310618,1,406,0,21,121,34
1777984434.3334577,2,2753,0,23,121,35
1777984434.3468652,1,406,0,21,121,34
1777984434.3496423,2,2753,0,23,121,35
1777984434.3624854,1,406,0,21,121,34
1777984434.364277,2,2753,0,23,121,35
1777984434.3768122,1,406,0,21,121,34
1777984434.378515,2,2753,0,23,121,35
1777984434.3910902,1,406,0,21,121,34
1777984434.3931582,2,2753,0,23,121,35
1777984434.4055917,1,406,0,21,121,34
1777984434.4073105,2,2753,0,23,121,35
1777984434.4201539,1,406,0,21,121,34
1777984434.4218423,2,2753,0,23,121,35
1777984434.4343896,1,406,0,21,121,34
1777984434.4360888,2,2753,0,23,121,35
1777984434.4485376,1,406,0,21,121,34
1777984434.4502764,2,2753,0,23,121,35
1777984434.4627912,1,406,0,21,121,34
1777984434.4645123,2,2753,0,23,121,35
1777984434.4771514,1,406,0,21,121,34
1777984434.4788666,2,2753,0,23,121,35
1777984434.4913106,1,406,0,21,121,34
1777984434.4930081,2,2753,0,23,121,35
1777984434.5054982,1,406,0,21,121,34
1777984434.5071585,2,2753,0,23,121,35
1777984434.5197666,1,406,0,21,121,34
1777984434.521535,2,2753,0,23,121,35
1777984434.5340343,1,406,0,21,121,34
1777984434.535756,2,2753,0,23,121,35
1777984434.5484912,1,406,0,21,121,34
1777984434.5502706,2,2753,0,23,121,35
1777984434.5627565,1,406,0,21,121,34
1777984434.564402,2,2753,0,23,121,35
1777984434.5768633,1,406,0,21,121,34
1777984434.5786233,2,2753,0,23,121,35
1777984434.591704,1,406,0,21,121,34
1777984434.5938494,2,2753,0,23,121,35
1777984434.6074123,1,406,0,21,121,34
1777984434.6095138,2,2753,0,23,121,35
1777984434.6220436,1,406,0,21,121,34
1777984434.6237652,2,2753,0,23,121,35
1777984434.6365569,1,406,0,21,121,34
1777984434.6383886,2,2753,0,23,121,35
1777984434.6520042,1,406,0,21,121,34
1777984434.654149,2,2753,0,23,121,35
1777984434.6667993,1,406,0,21,121,34
1777984434.668513,2,2753,0,23,121,35
1777984434.6810946,1,406,0,21,121,34
1777984434.6828196,2,2753,0,23,121,35
1777984434.6952934,1,406,0,21,121,34
1777984434.6969876,2,2753,0,23,121,35
1777984434.7096589,1,406,0,21,121,34
1777984434.7115269,2,2753,0,23,121,35
1777984434.7247891,1,406,0,21,121,34
1777984434.7267222,2,2753,0,23,121,35
1777984434.7392662,1,406,0,21,121,34
1777984434.7409887,2,2753,0,23,121,35
1777984434.7535985,1,406,0,21,121,34
1777984434.7553186,2,2753,0,23,121,35
1777984434.7678447,1,406,0,21,121,34
1777984434.7695663,2,2753,0,23,121,35
1777984434.7822838,1,406,0,21,121,34
1777984434.7841032,2,2754,0,23,121,35
1777984434.7975323,1,406,0,21,121,34
1777984434.7999284,2,2753,0,23,121,35
1777984434.813763,1,406,0,21,121,34
1777984434.815955,2,2753,0,23,121,35
1777984434.829232,1,406,0,21,121,34
1777984434.8310146,2,2753,0,23,121,35
1777984434.8439798,1,406,0,21,121,34
1777984434.8462124,2,2753,0,23,121,35
1777984434.860163,1,406,0,21,121,34
1777984434.8623948,2,2753,0,23,121,35
1777984434.8754692,1,406,0,21,121,34
1777984434.8773315,2,2754,0,23,121,35
1777984434.8903375,1,406,0,21,121,34
1777984434.8924518,2,2753,0,23,121,35
1777984434.905842,1,406,0,21,121,33
1777984434.9080229,2,2753,0,23,121,35
1777984434.9223597,1,406,0,21,121,34
1777984434.9246264,2,2753,0,23,121,35
1777984434.9384437,1,406,0,21,121,34
1777984434.9403777,2,2753,0,23,121,35
1777984434.9541202,1,406,0,21,121,34
1777984434.9561331,2,2753,0,23,121,35
1777984434.9691322,1,406,0,21,121,34
1777984434.9712243,2,2753,0,23,121,35
1777984434.984735,1,406,0,21,121,34
1777984434.9869778,2,2753,0,23,121,35
1777984435.000479,1,406,0,21,121,34
1777984435.0023909,2,2753,0,23,121,35
1777984435.0148883,1,406,0,21,121,33
1777984435.0165677,2,2753,0,23,121,35
1777984435.0289936,1,406,0,21,121,34
1777984435.0308018,2,2753,0,23,121,35
1777984435.0438752,1,406,0,21,121,34
1777984435.0458548,2,2753,0,23,121,35
1777984435.0594752,1,406,0,21,121,34
1777984435.0617404,2,2753,0,23,121,35
1777984435.0747302,1,406,0,21,121,34
1777984435.0767105,2,2753,0,23,121,35
1777984435.0899734,1,406,0,21,121,34
1777984435.0921526,2,2753,0,23,121,35
1777984435.1060553,1,406,0,21,121,34
1777984435.107764,2,2753,0,23,121,35
1777984435.1203501,1,406,0,21,121,34
1777984435.1220477,2,2753,0,23,121,35
1777984435.1346552,1,406,0,21,121,34
1777984435.1364233,2,2753,0,23,121,35
1777984435.1496441,1,406,0,21,121,34
1777984435.151975,2,2753,0,23,121,35
1777984435.1648738,1,406,0,21,121,34
1777984435.1665947,2,2753,0,23,121,35
1777984435.1794345,1,406,0,21,121,34
1777984435.1814613,2,2753,0,23,121,35
1777984435.1953142,1,406,0,21,121,34
1777984435.197863,2,2753,50,20,121,35
1777984435.211278,1,406,0,21,121,34
1777984435.213201,2,2753,-50,22,121,35
1777984435.2259696,1,406,0,21,121,34
1777984435.227892,2,2753,0,23,121,35
1777984435.2410421,1,406,0,21,121,34
1777984435.243033,2,2753,0,23,121,35
1777984435.255732,1,406,0,21,121,34
1777984435.2578938,2,2753,0,23,121,35
1777984435.2715664,1,406,0,22,121,34
1777984435.2736669,2,2753,0,23,121,35
1777984435.2870092,1,406,0,28,121,34
1777984435.2889013,2,2753,0,23,121,35
1777984435.301327,1,406,0,39,121,34
1777984435.303047,2,2753,0,23,121,35
1777984435.316288,1,406,0,54,121,34
1777984435.3182104,2,2753,0,23,121,35
1777984435.331607,1,406,0,74,121,34
1777984435.3338764,2,2753,0,23,121,35
1777984435.347512,1,408,100,96,121,34
1777984435.3495,2,2754,0,23,121,35
1777984435.362611,1,412,100,120,121,33
1777984435.3645759,2,2753,0,23,121,35
1777984435.3775854,1,415,200,141,121,34
1777984435.379633,2,2753,0,23,121,35
1777984435.3934836,1,421,300,162,121,34
1777984435.3955834,2,2753,0,23,121,35
1777984435.4089947,1,427,400,185,121,34
1777984435.4111998,2,2753,0,23,121,35
1777984435.4249399,1,435,400,207,121,34
1777984435.427372,2,2753,0,23,121,35
1777984435.4409862,1,445,500,232,121,34
1777984435.4431696,2,2753,0,23,121,35
1777984435.4566212,1,456,600,253,121,34
1777984435.4584253,2,2753,0,23,121,35
1777984435.4714015,1,467,700,274,121,34
1777984435.4733803,2,2753,0,23,121,35
1777984435.4870336,1,479,800,296,121,34
1777984435.488745,2,2753,0,23,121,35
1777984435.5013669,1,493,800,318,121,34
1777984435.5031142,2,2753,0,23,121,35
1777984435.5157545,1,506,900,335,121,34
1777984435.5175176,2,2753,0,23,121,35
1777984435.5301547,1,522,950,350,121,34
1777984435.5318477,2,2753,0,23,121,36
1777984435.5445404,1,537,1100,360,121,34
1777984435.5462875,2,2753,0,23,121,35
1777984435.5589812,1,553,1100,366,121,34
1777984435.5607586,2,2753,0,23,121,35
1777984435.573701,1,571,1150,369,121,34
1777984435.5756521,2,2753,0,23,121,35
1777984435.5887046,1,588,1200,370,121,34
1777984435.591153,2,2753,0,23,121,35
1777984435.6046727,1,607,1150,371,121,34
1777984435.6068847,2,2753,0,23,121,35
1777984435.6198068,1,625,1150,374,121,34
1777984435.6219416,2,2753,0,23,121,35
1777984435.6352117,1,645,1200,374,121,34
1777984435.6370695,2,2753,0,23,121,35
1777984435.6497416,1,664,1250,371,121,34
1777984435.651497,2,2753,0,23,121,35
1777984435.66424,1,680,1200,370,121,34
1777984435.6662421,2,2753,0,23,121,35
1777984435.678828,1,698,1200,370,121,34
1777984435.6805575,2,2753,0,23,121,35
1777984435.693109,1,715,1200,370,121,34
1777984435.6947944,2,2753,0,23,121,35
1777984435.7072594,1,733,1200,370,121,34
1777984435.70901,2,2753,0,23,121,35
1777984435.7220173,1,750,1200,370,121,34
1777984435.723897,2,2753,0,23,121,35
1777984435.7368581,1,769,1250,366,121,34
1777984435.7389202,2,2753,0,23,121,35
1777984435.7519553,1,787,1200,366,121,34
1777984435.7538047,2,2753,0,23,121,35
1777984435.7671344,1,805,1200,366,121,34
1777984435.769194,2,2753,0,23,121,35
1777984435.7823513,1,823,1200,366,121,34
1777984435.7842948,2,2753,0,23,121,35
1777984435.7979665,1,841,1150,370,121,34
1777984435.7997768,2,2753,0,23,121,35
1777984435.8125055,1,860,1250,366,121,34
1777984435.8141718,2,2753,0,23,121,35
1777984435.826608,1,876,1200,366,121,34
1777984435.8284278,2,2753,0,23,121,35
1777984435.8409927,1,894,1200,366,121,34
1777984435.8428428,2,2753,0,23,121,35
1777984435.8561022,1,912,1200,366,121,34
1777984435.8581524,2,2753,0,23,121,35
1777984435.8710916,1,930,1150,369,121,34
1777984435.8728843,2,2753,0,23,121,35
1777984435.8855877,1,948,1200,370,121,34
1777984435.8873625,2,2753,0,23,121,35
1777984435.8998907,1,965,1200,370,121,34
1777984435.90161,2,2753,0,23,121,35
1777984435.914436,1,982,1250,366,121,34
1777984435.9163408,2,2753,0,23,121,36
1777984435.929681,1,999,1150,368,121,34
1777984435.9317849,2,2753,0,23,121,35
1777984435.9451518,1,1018,1200,370,121,34
1777984435.9470553,2,2753,0,23,121,35
1777984435.9599442,1,1037,1200,370,121,34
1777984435.9617336,2,2753,0,23,121,35
1777984435.97457,1,1055,1200,370,121,34
1777984435.9765577,2,2753,0,23,121,35
1777984435.9897523,1,1073,1250,367,121,34
1777984435.9918823,2,2753,0,23,121,35
1777984436.0054553,1,1091,1150,367,121,34
1777984436.0075965,2,2753,0,23,121,35
1777984436.020364,1,1110,1150,370,121,34
1777984436.0222352,2,2753,0,23,121,35
1777984436.0351105,1,1126,1200,370,121,34
1777984436.0371575,2,2753,0,23,121,35
1777984436.049828,1,1146,1200,370,121,34
1777984436.0515628,2,2753,0,23,120,35
1777984436.06409,1,1164,1250,368,121,34
1777984436.0660758,2,2753,0,23,121,35
1777984436.078753,1,1181,1250,365,121,34
1777984436.0805035,2,2753,0,23,121,35
1777984436.0929854,1,1198,1200,366,121,34
1777984436.0946283,2,2753,0,23,121,35
1777984436.1070538,1,1215,1200,366,121,34
1777984436.1088955,2,2753,0,23,121,35
1777984436.1219316,1,1233,1200,366,121,34
1777984436.1237931,2,2753,0,23,121,35
1777984436.1365085,1,1251,1200,366,121,34
1777984436.1386826,2,2753,0,23,121,35
1777984436.1513863,1,1269,1200,366,121,34
1777984436.1532693,2,2753,50,20,121,35
1777984436.1663637,1,1286,1200,366,121,34
1777984436.1681,2,2753,-50,22,121,35
1777984436.1808405,1,1304,1200,366,121,34
1777984436.1825538,2,2753,0,23,121,35
1777984436.1951175,1,1322,1200,366,121,34
1777984436.1973197,2,2753,0,23,121,35
1777984436.2105935,1,1341,1250,363,121,34
1777984436.2123518,2,2753,0,23,121,35
1777984436.2248082,1,1358,1200,362,121,34
1777984436.2265027,2,2753,0,23,121,35
1777984436.2392087,1,1376,1200,362,121,34
1777984436.2408845,2,2753,0,23,121,35
1777984436.2533405,1,1392,1200,362,121,34
1777984436.2550578,2,2753,0,23,121,35
1777984436.2675934,1,1409,1200,362,121,34
1777984436.2692826,2,2753,0,23,121,35
1777984436.282174,1,1428,1200,362,121,34
1777984436.2840028,2,2753,0,23,121,35
1777984436.296866,1,1446,1200,362,121,34
1777984436.2986126,2,2753,0,23,121,35
1777984436.3113227,1,1462,1200,362,121,34
1777984436.3131506,2,2753,0,23,121,35
1777984436.3264563,1,1480,1200,362,121,34
1777984436.3285139,2,2753,0,23,121,35
1777984436.3412619,1,1498,1200,362,121,34
1777984436.343128,2,2753,0,23,121,35
1777984436.3563123,1,1516,1200,362,121,34
1777984436.358682,2,2753,0,23,121,35
1777984436.3711214,1,1534,1200,362,121,34
1777984436.3728383,2,2753,0,23,121,35
1777984436.385358,1,1553,1250,359,121,34
1777984436.387136,2,2753,0,23,121,35
1777984436.3996382,1,1569,1250,359,121,34
1777984436.4013295,2,2753,0,23,121,35
1777984436.4138563,1,1585,1150,362,121,34
1777984436.4157748,2,2753,0,23,121,35
1777984436.4287667,1,1603,1200,362,121,34
1777984436.4306142,2,2753,0,23,121,35
1777984436.4433558,1,1621,1200,362,121,34
1777984436.445279,2,2753,0,23,121,35
1777984436.4580412,1,1638,1200,362,121,34
1777984436.4598002,2,2753,0,23,121,35
1777984436.4726322,1,1656,1200,362,121,34
1777984436.4746764,2,2753,0,23,121,35
1777984436.488339,1,1674,1200,362,121,34
1777984436.4903529,2,2754,0,23,121,35
1777984436.5029,1,1693,1150,363,120,34
1777984436.504607,2,2753,50,21,121,35
1777984436.5170574,1,1710,1150,366,121,34
1777984436.5187902,2,2753,-50,21,121,35
1777984436.5314894,1,1727,1200,366,121,34
1777984436.5332685,2,2753,-50,24,121,35
1777984436.5460274,1,1745,1250,363,121,34
1777984436.5477507,2,2753,0,23,121,35
1777984436.5603163,1,1763,1200,362,121,34
1777984436.5620763,2,2753,0,23,121,35
1777984436.5757747,1,1780,1200,362,121,34
1777984436.5777771,2,2753,0,23,121,35
1777984436.5903232,1,1799,1200,362,121,34
1777984436.5921118,2,2753,0,23,121,35
1777984436.6052763,1,1816,1200,362,121,34
1777984436.6074288,2,2753,0,23,121,35
1777984436.6200242,1,1833,1150,363,121,34
1777984436.621851,2,2753,0,23,121,35
1777984436.6351948,1,1851,1150,366,121,34
1777984436.6372674,2,2753,0,23,121,35
1777984436.6502278,1,1869,1200,366,121,34
1777984436.6518815,2,2753,0,23,121,35
1777984436.66496,1,1887,1200,366,121,34
1777984436.6674092,2,2753,0,23,121,35
1777984436.6805527,1,1906,1150,367,121,34
1777984436.682656,2,2753,0,23,121,35
1777984436.6958745,1,1924,1150,370,121,34
1777984436.6978495,2,2753,0,23,121,35
1777984436.7113554,1,1942,1250,366,121,34
1777984436.7134182,2,2753,0,23,120,35
1777984436.7266717,1,1961,1200,366,121,34
1777984436.7285154,2,2754,0,23,121,35
1777984436.7410867,1,1979,1150,367,121,34
1777984436.7429404,2,2753,0,23,121,35
1777984436.7555914,1,1997,1150,370,121,34
1777984436.7573206,2,2753,0,23,121,35
1777984436.7697806,1,2013,1200,370,121,34
1777984436.7715147,2,2753,0,23,121,35
1777984436.784017,1,2031,1250,367,121,34
1777984436.7857444,2,2753,0,23,121,35
1777984436.7987218,1,2048,1200,366,121,34
1777984436.800798,2,2753,0,23,121,35
1777984436.8141258,1,2067,1200,366,121,34
1777984436.8166769,2,2753,0,23,121,35
1777984436.8298197,1,2085,1200,366,121,34
1777984436.8318086,2,2753,50,19,121,35
1777984436.8449376,1,2103,1150,368,121,34
1777984436.8469317,2,2753,-50,22,121,35
1777984436.8603642,1,2121,1200,370,121,34
1777984436.8627858,2,2753,0,23,121,35
1777984436.8759873,1,2141,1200,370,121,34
1777984436.877922,2,2753,0,23,121,35
1777984436.8915064,1,2159,1250,366,121,34
1777984436.8940163,2,2753,0,23,121,35
1777984436.9070632,1,2178,1150,369,121,34
1777984436.9090643,2,2753,0,23,121,35
1777984436.9222915,1,2196,1200,365,121,34
1777984436.924365,2,2753,0,23,121,35
1777984436.9374676,1,2216,1200,355,121,34
1777984436.9395828,2,2753,0,23,121,35
1777984436.952672,1,2233,1250,338,121,34
1777984436.9550803,2,2753,0,23,121,35
1777984436.9682436,1,2252,1200,320,121,34
1777984436.9705763,2,2753,0,23,121,35
1777984436.9835784,1,2268,1100,302,121,34
1777984436.986186,2,2753,0,23,121,35
1777984436.9999726,1,2284,1000,283,121,34
1777984437.002018,2,2753,0,23,121,35
1777984437.014644,1,2300,1000,262,121,34
1777984437.0165124,2,2753,0,23,121,35
1777984437.0293102,1,2313,1000,238,121,34
1777984437.031007,2,2753,0,23,121,35
1777984437.0439417,1,2325,850,217,121,34
1777984437.045742,2,2753,0,23,121,35
1777984437.0584545,1,2336,800,196,121,34
1777984437.0609887,2,2753,0,23,121,35
1777984437.0739856,1,2346,800,168,121,34
1777984437.0758471,2,2753,0,23,121,35
1777984437.0885653,1,2355,600,152,121,34
1777984437.0907524,2,2753,0,23,121,35
1777984437.1038578,1,2362,600,129,121,34
1777984437.1063416,2,2754,0,23,121,35
1777984437.1194372,1,2369,450,107,121,77
1777984437.1211574,2,2753,0,23,121,35
1777984437.1338987,1,2374,450,83,121,34
1777984437.1356115,2,2753,0,23,121,35
1777984437.1481082,1,2379,350,64,121,34
1777984437.149916,2,2753,0,23,121,35
1777984437.1623607,1,2382,250,49,121,34
1777984437.1640592,2,2753,0,23,121,35
1777984437.1766715,1,2384,150,37,121,34
1777984437.1783664,2,2753,0,23,121,35
1777984437.191161,1,2386,150,28,121,34
1777984437.1932836,2,2753,0,23,121,35
1777984437.205847,1,2387,100,22,121,34
1777984437.2075617,2,2754,50,20,121,35
1777984437.2200947,1,2387,50,19,121,34
1777984437.2218401,2,2754,-50,22,121,35
1777984437.2343454,1,2388,50,0,121,34
1777984437.2360702,2,2753,0,23,121,35
1777984437.248633,1,2388,50,18,121,34
1777984437.2503517,2,2753,0,23,121,35
1777984437.2628305,1,2388,0,18,121,34
1777984437.264924,2,2753,0,23,121,35
1777984437.2779243,1,2388,0,18,121,34
1777984437.279589,2,2753,0,23,121,35
1777984437.2924442,1,2388,0,18,121,34
1777984437.2945201,2,2753,0,23,121,35
1777984437.3073602,1,2388,0,18,121,34
1777984437.3094428,2,2753,0,23,121,35
1777984437.323258,1,2388,0,18,121,34
1777984437.3252,2,2753,50,20,121,35
1777984437.3380063,1,2388,0,18,121,34
1777984437.3401625,2,2753,0,19,121,35
1777984437.3527956,1,2388,0,18,121,34
1777984437.3545632,2,2753,0,21,121,35
1777984437.3673074,1,2388,0,18,121,34
1777984437.369013,2,2753,-50,23,121,35
1777984437.381571,1,2388,0,18,121,34
1777984437.383309,2,2753,0,23,121,35
1777984437.396073,1,2388,0,18,121,34
1777984437.3980567,2,2753,0,23,121,35
1777984437.4119098,1,2388,0,18,121,34
1777984437.4145138,2,2753,0,23,121,35
1777984437.4272025,1,2388,0,18,121,34
1777984437.4290266,2,2753,0,23,121,35
1777984437.4416468,1,2388,0,18,121,34
1777984437.443313,2,2753,0,23,121,35
1777984437.455854,1,2388,0,18,121,34
1777984437.4575646,2,2753,50,22,121,35
1777984437.470069,1,2388,0,18,121,34
1777984437.4717858,2,2753,50,19,121,35
1777984437.4844239,1,2388,0,18,121,34
1777984437.4861162,2,2753,-50,23,121,35
1777984437.4987793,1,2388,0,18,121,34
1777984437.5007474,2,2754,0,23,121,35
1777984437.5140662,1,2388,0,18,121,34
1777984437.5160873,2,2753,0,23,121,35
1777984437.5293155,1,2388,0,18,121,34
1777984437.5310788,2,2753,0,23,121,35
1777984437.5440137,1,2388,0,18,121,34
1777984437.5457864,2,2753,0,23,121,35
1777984437.558787,1,2388,0,18,121,34
1777984437.5605128,2,2753,0,23,121,35
1777984437.5732846,1,2388,0,18,121,34
1777984437.5751576,2,2753,0,23,121,35
1777984437.5889235,1,2388,0,18,121,34
1777984437.5916514,2,2754,0,23,121,35
1777984437.604677,1,2388,0,18,121,34
1777984437.6065912,2,2753,0,23,121,35
1777984437.6199894,1,2388,0,18,121,34
1777984437.622537,2,2753,0,23,121,35
1777984437.6359344,1,2388,0,18,121,34
1777984437.6378696,2,2753,0,23,121,35
1777984437.650846,1,2388,0,18,121,34
1777984437.6528642,2,2753,0,23,121,35
1777984437.6656067,1,2388,0,18,121,34
1777984437.6675735,2,2753,0,23,121,35
1777984437.6803813,1,2388,0,18,121,34
1777984437.682592,2,2753,0,23,121,35
1777984437.6957645,1,2388,0,18,121,34
1777984437.6983285,2,2753,0,23,121,35
1777984437.7113972,1,2388,0,20,121,34
1777984437.7133677,2,2753,0,23,121,35
1777984437.7263691,1,2388,0,25,121,34
1777984437.7289212,2,2753,0,23,121,35
1777984437.741521,1,2388,0,37,121,34
1777984437.743414,2,2753,50,20,121,35
1777984437.7566159,1,2387,-50,49,121,34
1777984437.758548,2,2753,-50,22,121,35
1777984437.771622,1,2387,-50,67,121,34
1777984437.7736444,2,2753,0,23,121,35
1777984437.7866774,1,2385,-50,87,121,34
1777984437.7886367,2,2753,0,23,121,35
1777984437.801569,1,2383,-50,114,121,34
1777984437.803634,2,2753,0,23,121,35
1777984437.8167133,1,2380,-250,136,121,34
1777984437.8187118,2,2753,0,23,121,35
1777984437.8319454,1,2375,-250,159,121,34
1777984437.8338718,2,2753,0,23,121,35
1777984437.8473723,1,2368,-300,184,121,34
1777984437.8496344,2,2753,0,23,121,35
1777984437.8624265,1,2361,-450,204,121,34
1777984437.864716,2,2753,0,23,121,35
1777984437.877843,1,2353,-500,226,121,34
1777984437.8799567,2,2753,0,23,121,35
1777984437.8928967,1,2343,-500,252,121,34
1777984437.8948386,2,2753,0,23,121,35
1777984437.9079585,1,2333,-600,276,121,34
1777984437.9100366,2,2753,0,23,121,35
1777984437.9230661,1,2320,-750,296,121,34
1777984437.9252722,2,2753,0,23,121,35
1777984437.938576,1,2307,-850,316,121,34
1777984437.9411883,2,2753,50,21,121,35
1777984437.9544604,1,2290,-1000,335,120,34
1777984437.9568646,2,2753,-50,21,121,35
1777984437.970984,1,2274,-1000,349,121,34
1777984437.973164,2,2753,0,23,121,35
1777984437.9862397,1,2257,-1000,361,121,34
1777984437.9881666,2,2753,0,23,121,35
1777984438.0010893,1,2240,-1100,367,121,34
1777984438.0027745,2,2753,0,23,121,35
1777984438.0153613,1,2224,-1150,371,121,34
1777984438.0170524,2,2753,0,23,121,35
1777984438.029663,1,2207,-1150,374,121,34
1777984438.0316072,2,2753,0,23,121,35
1777984438.0449414,1,2189,-1200,374,121,34
1777984438.0469077,2,2753,0,23,121,35
1777984438.0598512,1,2170,-1250,371,121,34
1777984438.0617893,2,2753,0,23,121,35
1777984438.0749984,1,2153,-1150,371,121,34
1777984438.0774224,2,2753,0,23,121,35
1777984438.090591,1,2133,-1150,374,121,34
1777984438.0933664,2,2753,0,23,121,35
1777984438.1062756,1,2114,-1200,374,121,34
1777984438.1086762,2,2753,0,23,121,35
1777984438.121962,1,2094,-1250,371,121,34
1777984438.1244345,2,2753,0,23,121,35
1777984438.137895,1,2076,-1200,370,121,34
1777984438.1405323,2,2753,0,23,121,35
1777984438.15391,1,2055,-1250,368,121,34
1777984438.1563387,2,2753,0,23,121,35
1777984438.1691573,1,2038,-1250,365,121,34
1777984438.1713872,2,2753,0,23,121,35
1777984438.1844344,1,2019,-1150,369,121,34
1777984438.186795,2,2753,0,23,121,35
1777984438.200371,1,2000,-1200,370,121,34
1777984438.2023754,2,2753,0,23,121,35
1777984438.215988,1,1981,-1250,368,121,34
1777984438.2180529,2,2753,0,23,121,35
1777984438.2310126,1,1962,-1250,365,121,34
1777984438.2332299,2,2753,0,23,121,35
1777984438.2463524,1,1944,-1150,370,121,34
1777984438.2486465,2,2753,0,23,121,35
1777984438.262039,1,1926,-1200,366,121,34
1777984438.264365,2,2753,0,23,121,35
1777984438.2780252,1,1906,-1250,358,121,34
1777984438.2804096,2,2753,0,23,121,35
1777984438.2939296,1,1888,-1150,346,121,33
1777984438.296425,2,2753,0,23,121,35
1777984438.3096483,1,1869,-1150,332,121,34
1777984438.3117068,2,2753,0,23,121,35
1777984438.3248222,1,1853,-1150,314,121,34
1777984438.3265486,2,2753,0,23,121,35
1777984438.3397455,1,1837,-1050,298,121,34
1777984438.3416328,2,2753,0,23,121,35
1777984438.3541706,1,1821,-1050,277,121,34
1777984438.3558826,2,2753,0,23,121,35
1777984438.368826,1,1808,-1050,255,121,34
1777984438.3707736,2,2753,0,23,121,35
1777984438.3837397,1,1794,-950,232,121,34
1777984438.3859959,2,2753,0,23,121,35
1777984438.3986323,1,1783,-850,208,121,34
1777984438.4020734,2,2753,0,23,121,35
1777984438.4146376,1,1771,-750,184,121,34
1777984438.4163544,2,2753,0,23,121,35
1777984438.4287984,1,1763,-750,160,121,34
1777984438.43052,2,2753,0,23,121,35
1777984438.4430087,1,1754,-600,143,121,34
1777984438.4447465,2,2753,0,23,121,35
1777984438.4571629,1,1747,-550,122,121,34
1777984438.4590743,2,2753,0,23,121,35
1777984438.4719524,1,1741,-450,99,121,34
1777984438.474077,2,2753,0,23,121,35
1777984438.4876883,1,1736,-450,74,121,34
1777984438.4895222,2,2753,0,23,121,35
1777984438.5022063,1,1732,-300,57,121,34
1777984438.5042427,2,2753,0,23,121,35
1777984438.517566,1,1729,-250,41,121,34
1777984438.5209668,2,2753,0,23,121,35
1777984438.5346437,1,1727,-150,28,121,33
1777984438.536623,2,2753,0,23,121,35
1777984438.549702,1,1726,-150,18,121,34
1777984438.5516324,2,2753,0,23,121,35
1777984438.5642295,1,1725,-50,20,121,34
1777984438.5662134,2,2753,0,23,121,35
1777984438.5792358,1,1725,-50,33,121,34
1777984438.581697,2,2753,0,23,121,35
1777984438.5953252,1,1726,50,48,121,34
1777984438.5979364,2,2753,0,23,121,34
1777984438.6111374,1,1726,0,67,121,34
1777984438.6130657,2,2753,0,23,121,35
1777984438.626203,1,1727,0,91,121,34
1777984438.6284385,2,2754,0,23,121,35
1777984438.6412861,1,1730,100,114,121,33
1777984438.643509,2,2753,50,19,121,35
1777984438.6571238,1,1734,200,137,121,34
1777984438.6590936,2,2753,-50,23,121,35
1777984438.6719184,1,1739,300,161,121,34
1777984438.6738725,2,2754,0,23,121,35
1777984438.6872916,1,1745,300,185,121,34
1777984438.689101,2,2753,0,23,121,35
1777984438.7017121,1,1753,450,204,121,34
1777984438.7038782,2,2753,0,23,121,35
1777984438.7167122,1,1761,500,226,121,34
1777984438.718935,2,2753,0,23,120,35
1777984438.7319388,1,1771,650,248,121,34
1777984438.7341561,2,2753,0,23,121,35
1777984438.7475824,1,1782,650,272,121,34
1777984438.7494402,2,2753,0,23,120,35
1777984438.7622108,1,1794,700,294,121,34
1777984438.764573,2,2753,0,23,121,35
1777984438.7780623,1,1808,850,314,121,34
1777984438.7799075,2,2753,0,23,121,35
1777984438.7923646,1,1823,950,331,121,34
1777984438.7940743,2,2753,0,23,121,35
1777984438.8066094,1,1837,950,346,121,34
1777984438.8085248,2,2753,50,22,121,35
1777984438.821135,1,1852,1000,357,121,34
1777984438.822927,2,2753,50,19,121,35
1777984438.835437,1,1869,1100,363,120,34
1777984438.8373206,2,2753,-50,22,121,35
1777984438.849952,1,1884,1100,369,121,34
1777984438.8516037,2,2753,0,23,120,35
1777984438.8643966,1,1902,1100,375,121,33
1777984438.866352,2,2753,0,23,121,35
1777984438.8793137,1,1920,1200,374,121,34
1777984438.88168,2,2753,0,23,121,35
1777984438.8946044,1,1939,1200,374,121,34
1777984438.8968356,2,2753,0,23,121,35
1777984438.909617,1,1957,1250,373,121,34
1777984438.9115243,2,2753,0,23,121,35
1777984438.924645,1,1975,1250,370,121,34
1777984438.9268029,2,2753,0,23,121,35
1777984438.940102,1,1994,1200,370,121,34
1777984438.9420884,2,2753,0,23,121,35
1777984438.955647,1,2012,1200,370,121,34
1777984438.9579017,2,2754,0,23,121,35
1777984438.9704762,1,2032,1200,370,121,34
1777984438.9725266,2,2753,0,23,120,35
1777984438.985186,1,2049,1200,366,121,34
1777984438.987152,2,2753,0,23,121,35
1777984438.9996767,1,2066,1250,354,121,34
1777984439.0013301,2,2753,0,23,121,35
1777984439.0138953,1,2083,1150,345,121,34
1777984439.0156293,2,2753,0,23,121,35
1777984439.0286136,1,2100,1150,331,121,34
1777984439.0306337,2,2753,0,23,121,35
1777984439.0446467,1,2117,1150,312,121,34
1777984439.0466566,2,2753,0,23,121,35
1777984439.0601456,1,2133,1100,290,121,34
1777984439.0631075,2,2753,0,23,121,35
1777984439.0766773,1,2149,1050,265,121,34
1777984439.0790544,2,2753,0,23,121,35
1777984439.0927262,1,2163,900,243,121,34
1777984439.094958,2,2753,0,23,121,35
1777984439.1080625,1,2177,800,221,121,33
1777984439.1104014,2,2753,0,23,121,35
1777984439.124068,1,2189,800,199,121,34
1777984439.126635,2,2753,0,23,121,35
1777984439.1400754,1,2200,750,173,121,34
1777984439.1427748,2,2753,0,23,121,35
1777984439.156463,1,2209,650,149,121,34
1777984439.1590936,2,2754,0,23,121,35
1777984439.1725101,1,2218,550,123,121,34
1777984439.175155,2,2753,0,23,121,35
1777984439.1885743,1,2225,450,97,121,34
1777984439.191041,2,2753,0,23,121,35
1777984439.2051377,1,2230,450,71,121,34
1777984439.2072883,2,2753,0,23,121,35
1777984439.2201035,1,2234,300,53,121,34
1777984439.2222261,2,2753,0,23,121,35
1777984439.2352078,1,2237,200,39,121,34
1777984439.2368855,2,2753,0,23,121,35
1777984439.2497585,1,2239,200,22,121,34
1777984439.2514105,2,2753,0,23,121,35
1777984439.2640924,1,2239,200,30,121,34
1777984439.265854,2,2753,0,23,121,35
1777984439.2784507,1,2239,0,41,121,34
1777984439.280449,2,2753,0,23,121,35
1777984439.2929144,1,2238,-50,57,121,34
1777984439.2946067,2,2753,0,23,121,35
1777984439.3071687,1,2237,-50,76,121,34
1777984439.3089051,2,2753,0,23,121,35
1777984439.3217304,1,2235,-50,100,121,34
1777984439.323913,2,2753,0,23,121,35
1777984439.3367307,1,2232,-150,123,121,34
1777984439.3389046,2,2753,0,23,121,35
1777984439.3522713,1,2228,-250,146,121,34
1777984439.3541152,2,2753,0,23,121,35
1777984439.3668768,1,2221,-400,169,121,34
1777984439.3690834,2,2753,0,23,121,35
1777984439.3818996,1,2215,-400,190,121,34
1777984439.3839593,2,2753,0,23,121,35
1777984439.3974962,1,2206,-450,215,121,34
1777984439.3993495,2,2753,0,23,121,35
1777984439.4122827,1,2197,-600,234,121,34
1777984439.414054,2,2753,0,23,121,35
1777984439.4268942,1,2186,-700,254,121,34
1777984439.4291773,2,2753,0,23,121,35
1777984439.4424264,1,2175,-700,277,121,34
1777984439.444298,2,2754,0,23,121,35
1777984439.4568126,1,2162,-750,300,121,34
1777984439.4585347,2,2753,50,20,121,35
1777984439.4713857,1,2149,-900,319,120,34
1777984439.4737206,2,2753,-50,22,121,35
1777984439.4865956,1,2134,-950,336,120,34
1777984439.4887002,2,2753,0,23,121,35
1777984439.502179,1,2119,-950,352,121,34
1777984439.5047328,2,2753,0,23,121,35
1777984439.5182803,1,2101,-1050,360,121,34
1777984439.5202672,2,2753,0,23,121,35
1777984439.5331774,1,2084,-1150,364,121,34
1777984439.535475,2,2753,0,23,121,35
1777984439.5494177,1,2065,-1150,367,121,34
1777984439.5518332,2,2753,0,23,121,35
1777984439.5652506,1,2046,-1150,371,121,34
1777984439.5671961,2,2753,0,23,121,35
1777984439.580891,1,2027,-1150,374,121,34
1777984439.5830061,2,2753,0,23,120,35
1777984439.596256,1,2007,-1200,374,121,34
1777984439.5980222,2,2753,0,23,121,35
1777984439.6112838,1,1989,-1250,371,121,33
1777984439.6130192,2,2753,0,23,121,35
1777984439.6260436,1,1971,-1200,370,121,34
1777984439.6279042,2,2753,0,23,121,35
1777984439.6406002,1,1953,-1200,370,121,34
1777984439.6427097,2,2753,0,23,121,35
1777984439.6556954,1,1936,-1200,370,121,34
1777984439.6573856,2,2753,0,23,121,35
1777984439.6701438,1,1917,-1200,370,121,34
1777984439.671863,2,2753,50,21,121,35
1777984439.684618,1,1900,-1200,368,121,34
1777984439.6863587,2,2753,-50,21,121,35
1777984439.6992793,1,1883,-1250,366,121,34
1777984439.7011623,2,2753,-50,24,121,35
1777984439.7145581,1,1865,-1200,366,121,34
1777984439.716585,2,2753,0,23,121,35
1777984439.7292998,1,1846,-1150,368,121,34
1777984439.7309356,2,2754,0,23,121,35
1777984439.7436807,1,1829,-1150,371,121,34
1777984439.745357,2,2753,0,23,121,35
1777984439.758216,1,1811,-1200,370,121,34
1777984439.7604735,2,2753,0,23,121,35
1777984439.7738793,1,1792,-1250,367,121,34
1777984439.7759662,2,2753,0,23,121,35
1777984439.7891045,1,1773,-1200,366,121,34
1777984439.7912605,2,2753,0,23,121,35
1777984439.8047318,1,1755,-1200,366,121,34
1777984439.8070266,2,2753,0,23,121,35
1777984439.820356,1,1736,-1200,366,121,34
1777984439.8226275,2,2753,0,23,121,35
1777984439.8366091,1,1716,-1200,366,121,34
1777984439.8388364,2,2753,0,23,121,35
1777984439.8524783,1,1697,-1250,363,121,34
1777984439.8545043,2,2753,0,23,121,35
1777984439.8678684,1,1679,-1200,362,121,34
1777984439.8703856,2,2753,0,23,121,35
1777984439.884076,1,1659,-1200,363,121,34
1777984439.88611,2,2753,0,23,121,35
1777984439.8996775,1,1641,-1150,366,121,34
1777984439.9023051,2,2753,0,23,121,35
1777984439.915635,1,1622,-1200,366,121,34
1777984439.9174726,2,2753,0,23,121,35
1777984439.930279,1,1603,-1250,363,121,34
1777984439.9324675,2,2753,0,23,121,35
1777984439.9455366,1,1584,-1200,362,121,34
1777984439.947474,2,2753,0,23,121,35
1777984439.9603472,1,1567,-1200,362,121,34
1777984439.9626112,2,2753,0,23,121,35
1777984439.976267,1,1549,-1150,365,121,34
1777984439.978561,2,2753,0,23,121,35
1777984439.991808,1,1529,-1200,366,121,34
1777984439.994297,2,2753,0,23,121,35
1777984440.007086,1,1509,-1250,364,121,34
1777984440.0097754,2,2753,0,23,121,35
1777984440.0223675,1,1491,-1250,361,121,34
1777984440.0240786,2,2753,0,23,121,35
1777984440.0368164,1,1473,-1200,362,121,34
1777984440.0385344,2,2753,0,23,121,35
1777984440.0510619,1,1456,-1200,362,121,34
1777984440.0528069,2,2753,0,23,121,35
1777984440.0655231,1,1440,-1200,362,121,34
1777984440.0672154,2,2753,0,23,121,35
1777984440.0796516,1,1421,-1200,362,121,34
1777984440.081367,2,2753,0,23,121,35
1777984440.0938332,1,1404,-1200,362,121,34
1777984440.095545,2,2753,0,23,121,35
1777984440.1081264,1,1388,-1250,359,121,34
1777984440.1098068,2,2753,0,23,121,35
1777984440.1224885,1,1370,-1250,357,121,34
1777984440.1246371,2,2753,0,23,121,35
1777984440.1377056,1,1352,-1150,362,121,34
1777984440.139836,2,2753,0,23,121,35
1777984440.1530309,1,1334,-1200,362,121,34
1777984440.1548707,2,2753,0,23,121,35
1777984440.1678805,1,1316,-1200,362,121,34
1777984440.169828,2,2753,0,23,121,35
1777984440.1833246,1,1298,-1200,362,121,34
1777984440.1851623,2,2753,50,22,121,35
1777984440.1984434,1,1280,-1200,362,121,34
1777984440.2003667,2,2753,50,19,121,35
1777984440.213506,1,1261,-1200,362,121,34
1777984440.2154326,2,2753,-50,23,121,35
1777984440.2281544,1,1243,-1200,362,121,34
1777984440.2304554,2,2753,0,23,121,35
1777984440.2439606,1,1225,-1200,362,121,34
1777984440.2457922,2,2753,0,23,121,35
1777984440.2585566,1,1207,-1200,362,121,34
1777984440.2604895,2,2753,0,23,121,35
1777984440.2746248,1,1189,-1200,362,121,34
1777984440.276781,2,2753,0,23,121,35
1777984440.2897925,1,1170,-1200,362,121,34
1777984440.2915447,2,2753,0,23,121,35
1777984440.3046813,1,1152,-1200,362,121,34
1777984440.3066463,2,2753,0,23,121,35
1777984440.3191876,1,1134,-1200,362,121,34
1777984440.3208673,2,2753,0,23,121,35
1777984440.3336751,1,1116,-1200,362,121,34
1777984440.3356497,2,2753,0,23,121,35
1777984440.3483546,1,1099,-1200,362,121,34
1777984440.3503265,2,2753,0,23,121,35
1777984440.3629246,1,1082,-1150,363,121,34
1777984440.3647833,2,2753,0,23,121,35
1777984440.3781962,1,1064,-1150,366,121,34
1777984440.3806956,2,2753,0,23,121,35
1777984440.3936317,1,1045,-1200,366,121,34
1777984440.3958182,2,2753,0,23,121,35
1777984440.4084203,1,1027,-1200,366,121,34
1777984440.4101214,2,2753,0,23,121,35
1777984440.4227228,1,1010,-1200,366,121,34
1777984440.4243917,2,2753,0,23,121,35
1777984440.4368787,1,992,-1200,366,121,34
1777984440.4386022,2,2753,0,23,121,35
1777984440.4511037,1,975,-1200,366,121,34
1777984440.4528103,2,2753,0,23,121,35
1777984440.4653695,1,959,-1200,366,120,34
1777984440.4670966,2,2753,0,23,121,35
1777984440.4796195,1,940,-1200,366,121,34
1777984440.4813752,2,2753,0,23,121,35
1777984440.493844,1,924,-1200,366,121,34
1777984440.495542,2,2753,0,23,121,35
1777984440.5079422,1,907,-1200,366,121,34
1777984440.509615,2,2753,0,23,121,35
1777984440.5222576,1,890,-1200,366,121,34
1777984440.523921,2,2753,0,23,121,35
1777984440.5363894,1,872,-1200,366,121,34
1777984440.5380914,2,2753,0,23,121,35
1777984440.550604,1,856,-1200,366,121,34
1777984440.5523229,2,2753,0,23,121,35
1777984440.5649047,1,838,-1200,366,121,34
1777984440.566643,2,2753,0,23,121,35
1777984440.5796454,1,820,-1200,366,121,34
1777984440.581383,2,2753,0,23,121,35
1777984440.5940723,1,804,-1200,366,121,34
1777984440.5963206,2,2753,0,23,121,35
1777984440.6091971,1,786,-1200,366,121,34
1777984440.611029,2,2753,0,23,121,35
1777984440.6247592,1,768,-1200,366,121,34
1777984440.626648,2,2753,0,23,121,35
1777984440.6392145,1,748,-1200,366,121,34
1777984440.6409307,2,2753,0,23,120,35
1777984440.653558,1,731,-1200,366,121,34
1777984440.6552224,2,2753,0,23,121,35
1777984440.668202,1,713,-1200,366,121,34
1777984440.6698985,2,2753,0,23,121,35
1777984440.682679,1,696,-1250,364,121,34
1777984440.684353,2,2753,0,23,121,35
1777984440.6968985,1,678,-1250,361,121,34
1777984440.6986184,2,2753,0,23,121,35
1777984440.7114441,1,662,-1150,365,121,34
1777984440.7133586,2,2753,0,23,121,35
1777984440.7267709,1,644,-1200,366,121,34
1777984440.7288756,2,2753,0,23,121,35
1777984440.7419894,1,624,-1250,364,120,34
1777984440.7437773,2,2753,0,23,121,35
1777984440.7564006,1,607,-1250,357,121,34
1777984440.758096,2,2753,0,23,121,35
1777984440.770653,1,590,-1200,350,121,34
1777984440.7724445,2,2753,0,23,121,35
1777984440.7855566,1,573,-1150,340,121,33
1777984440.787675,2,2753,0,23,121,35
1777984440.8012173,1,555,-1150,324,121,34
1777984440.803143,2,2753,0,23,121,35
1777984440.8159194,1,539,-1150,304,121,34
1777984440.817887,2,2753,0,23,121,35
1777984440.8308818,1,523,-1100,285,121,34
1777984440.8326573,2,2753,0,23,121,35
1777984440.8452616,1,508,-1000,266,121,34
1777984440.8472993,2,2753,0,23,121,35
1777984440.8601663,1,496,-900,245,121,34
1777984440.8625393,2,2753,0,23,121,35
1777984440.8761683,1,482,-900,221,121,34
1777984440.877937,2,2753,0,23,121,35
1777984440.8909795,1,471,-850,198,121,34
1777984440.8932016,2,2753,0,23,121,35
1777984440.9063807,1,460,-700,177,121,34
1777984440.9082768,2,2753,0,23,121,35
1777984440.9217174,1,450,-650,154,121,34
1777984440.9243681,2,2753,0,23,121,35
1777984440.9380972,1,441,-650,126,121,34
1777984440.9401774,2,2753,0,23,121,35
1777984440.9534192,1,434,-550,103,121,34
1777984440.95608,2,2753,0,23,121,35
1777984440.9695287,1,429,-400,81,121,34
1777984440.9715567,2,2754,0,23,121,35
1777984440.9840322,1,425,-300,61,121,34
1777984440.9858387,2,2753,0,23,121,35
1777984440.9985945,1,422,-300,44,121,34
1777984441.0006123,2,2753,0,23,121,35
1777984441.0137224,1,420,-200,34,121,34
1777984441.0157979,2,2753,0,23,121,35
1777984441.0289752,1,418,-150,25,121,34
1777984441.0308564,2,2753,0,23,121,35
1777984441.044083,1,418,-50,20,121,34
1777984441.0458393,2,2753,0,23,121,35
1777984441.058497,1,417,-50,17,121,34
1777984441.0604327,2,2753,0,23,121,35
1777984441.0739512,1,417,-50,17,121,34
1777984441.076322,2,2753,0,23,121,35
1777984441.0893145,1,416,-50,20,121,34
1777984441.0917017,2,2753,0,23,121,35
1777984441.1049995,1,417,0,21,121,34
1777984441.106944,2,2753,0,23,121,35
1777984441.1197083,1,417,50,19,121,34
1777984441.121396,2,2753,0,23,121,35
1777984441.13405,1,416,50,17,121,34
1777984441.1357849,2,2753,0,23,121,35
1777984441.1483326,1,417,-50,20,121,34
1777984441.1500492,2,2753,0,23,121,35
1777984441.163263,1,417,50,19,121,34
1777984441.1655593,2,2753,0,23,121,35
1777984441.1784399,1,416,0,17,121,34
1777984441.1803596,2,2753,0,23,121,35
1777984441.1934597,1,417,0,17,121,34
1777984441.195105,2,2753,0,23,121,35
1777984441.2083876,1,417,0,17,121,34
1777984441.2107556,2,2753,0,23,121,35
1777984441.2236178,1,417,-50,19,121,34
1777984441.2257867,2,2754,0,23,121,35
1777984441.2390628,1,417,50,19,121,34
1777984441.2413387,2,2753,0,23,121,35
1777984441.2538621,1,416,50,18,121,34
1777984441.2556815,2,2753,0,23,121,35
1777984441.2681882,1,417,0,19,121,34
1777984441.2700832,2,2753,0,23,121,35
1777984441.2829967,1,417,0,19,121,34
1777984441.2855086,2,2753,0,23,121,35
1777984441.2981462,1,417,0,19,121,34
1777984441.2998772,2,2753,0,23,121,35
1777984441.3123207,1,417,0,19,121,34
1777984441.3141227,2,2753,0,23,121,35
1777984441.3267305,1,416,0,19,121,34
1777984441.3284602,2,2753,0,23,121,35
1777984441.341103,1,416,0,19,121,34
1777984441.3428433,2,2753,0,23,121,35
1777984441.355989,1,416,0,19,121,34
1777984441.3580334,2,2753,0,23,121,35
1777984441.3708518,1,417,0,19,121,34
1777984441.3728318,2,2753,0,23,121,35
1777984441.38538,1,416,0,19,121,34
1777984441.387242,2,2753,0,23,121,35
1777984441.4000964,1,416,-50,20,121,34
1777984441.4019804,2,2754,0,23,121,35
1777984441.414778,1,417,-50,23,121,34
1777984441.4166574,2,2753,0,23,121,35
1777984441.4291654,1,416,0,23,121,33
1777984441.4309492,2,2753,0,23,121,35
1777984441.4434037,1,417,50,20,121,34
1777984441.4451025,2,2753,0,23,121,35
1777984441.4577086,1,417,0,19,121,34
1777984441.4593992,2,2753,0,23,121,35
1777984441.4719718,1,417,0,19,121,34
1777984441.473708,2,2753,0,23,121,35
1777984441.4864135,1,417,-50,22,121,34
1777984441.4885533,2,2754,0,23,121,35
1777984441.502003,1,417,0,23,121,34
1777984441.504262,2,2753,50,21,121,35
1777984441.517768,1,417,0,23,121,34
1777984441.5202265,2,2753,-50,21,121,35
1777984441.5340748,1,416,0,23,121,34
1777984441.536134,2,2753,0,23,121,35
1777984441.5491793,1,417,50,19,121,34
1777984441.5509381,2,2753,0,23,121,35
1777984441.5637376,1,417,-50,21,121,34
1777984441.5658484,2,2753,0,23,121,35
1777984441.5784366,1,417,50,21,121,34
1777984441.5807579,2,2753,0,23,121,35
1777984441.5942822,1,417,50,18,121,34
1777984441.596132,2,2753,0,23,121,35
1777984441.608691,1,417,0,19,121,34
1777984441.6103733,2,2753,0,23,121,35
1777984441.623264,1,416,0,19,121,34
1777984441.6254277,2,2753,0,23,121,35
1777984441.638109,1,417,0,19,121,34
1777984441.6405396,2,2753,0,23,121,35
1777984441.6533914,1,416,0,19,121,34
1777984441.655107,2,2753,0,23,121,35
1777984441.667845,1,416,0,19,121,34
1777984441.6698964,2,2753,0,23,121,35
1777984441.6830273,1,416,0,19,121,34
1777984441.685171,2,2754,0,23,121,36
1777984441.6976874,1,416,-50,20,121,34
1777984441.6993809,2,2753,0,23,121,35
1777984441.7121565,1,416,-50,23,121,34
1777984441.714533,2,2753,0,23,121,35
1777984441.7275171,1,417,0,23,121,34
1777984441.729923,2,2753,0,23,121,35
1777984441.7431738,1,416,0,23,121,33
1777984441.745057,2,2753,0,23,121,35
1777984441.7576208,1,416,0,23,121,34
1777984441.7593603,2,2753,0,23,121,35
1777984441.7719147,1,416,0,23,121,34
1777984441.7736554,2,2753,0,23,121,35
1777984441.7864938,1,416,50,19,121,34
1777984441.7884216,2,2753,0,23,121,35
1777984441.8009415,1,416,0,19,121,34
1777984441.8028655,2,2753,0,23,121,35
1777984441.815996,1,416,-50,20,121,34
1777984441.8180444,2,2753,0,23,121,35
1777984441.8312442,1,417,-50,23,121,34
1777984441.8333335,2,2753,0,23,121,35
1777984441.84656,1,417,0,23,121,34
1777984441.84845,2,2753,0,23,121,35
1777984441.8617368,1,416,50,20,121,34
1777984441.8639967,2,2753,0,23,121,35
1777984441.8766437,1,416,-50,20,121,34
1777984441.8783584,2,2753,0,23,121,35
1777984441.8912632,1,416,-50,23,121,34
1777984441.893398,2,2753,0,23,121,35
1777984441.9067526,1,417,0,23,121,34
1777984441.9086308,2,2753,0,23,121,35
1777984441.9214692,1,417,50,20,121,34
1777984441.9236512,2,2753,0,23,121,35
1777984441.9366372,1,417,0,19,121,34
1777984441.9388995,2,2753,0,23,121,35
1777984441.9514532,1,416,0,19,121,34
1777984441.9531617,2,2753,0,23,121,35
1777984441.9659226,1,416,-50,22,121,34
1777984441.9682148,2,2753,0,23,121,35
1777984441.9819522,1,417,50,20,121,34
1777984441.9840207,2,2753,0,23,121,35
1777984441.9967692,1,416,0,19,121,34
1777984441.9988039,2,2753,0,23,121,35
1777984442.0123713,1,416,0,19,121,34
1777984442.0146575,2,2753,0,23,121,35
1777984442.0279233,1,417,0,19,121,34
1777984442.0303435,2,2753,0,23,121,35
1777984442.043414,1,416,0,19,121,34
1777984442.0453894,2,2753,0,23,121,35
1777984442.0581284,1,417,0,19,121,34
1777984442.0600688,2,2753,0,23,121,35
1777984442.072728,1,417,0,19,121,34
1777984442.0748723,2,2753,0,23,121,35
1777984442.0875394,1,416,-50,22,121,34
1777984442.0896473,2,2753,0,23,121,35
1777984442.1024456,1,417,0,23,121,34
1777984442.1041834,2,2753,0,23,121,35
1777984442.1167016,1,417,50,21,121,34
1777984442.1183805,2,2753,0,23,121,35
1777984442.1311085,1,416,50,18,121,34
1777984442.1332076,2,2753,0,23,121,35
1777984442.14602,1,416,-50,22,121,34
1777984442.1479464,2,2754,0,23,121,35
1777984442.1610544,1,417,50,20,121,34
1777984442.163205,2,2753,0,23,121,35
1777984442.175861,1,417,0,19,121,34
1777984442.1776156,2,2753,0,23,121,35
1777984442.1902354,1,416,0,19,121,34
1777984442.1923826,2,2753,0,23,121,35
1777984442.2048855,1,416,-50,22,121,34
1777984442.2066324,2,2753,0,23,121,35
1777984442.2195418,1,416,0,23,121,34
1777984442.22183,2,2753,0,23,121,35
1777984442.2351837,1,416,0,23,121,34
1777984442.2372146,2,2753,0,23,121,35
1777984442.249807,1,417,0,23,121,34
1777984442.2515671,2,2753,0,23,121,35
1777984442.2641103,1,417,50,19,121,34
1777984442.2658272,2,2753,0,23,121,35
1777984442.2784007,1,417,0,19,121,34
1777984442.280111,2,2753,0,23,121,35
1777984442.2929251,1,417,0,19,121,34
1777984442.294953,2,2753,0,23,121,35
1777984442.3082278,1,416,0,19,121,34
1777984442.3108563,2,2753,0,23,121,35
1777984442.3250344,1,416,0,19,121,34
1777984442.3270328,2,2753,50,19,121,35
1777984442.3400588,1,416,0,19,121,34
1777984442.3426783,2,2753,-50,23,121,35
1777984442.3562155,1,417,0,19,121,34
1777984442.3587282,2,2753,0,23,121,35
1777984442.3714743,1,416,0,19,121,34
1777984442.3735726,2,2753,0,23,121,35
1777984442.386966,1,417,0,19,121,34
1777984442.389058,2,2753,0,23,121,35
1777984442.4028525,1,417,-50,22,121,34
1777984442.405165,2,2753,0,23,121,35
1777984442.417856,1,416,0,23,121,34
1777984442.4196393,2,2753,0,23,121,35
1777984442.4321296,1,417,0,23,121,34
1777984442.433974,2,2753,0,23,121,34
1777984442.446403,1,417,50,19,121,34
1777984442.4481077,2,2753,0,23,121,35
1777984442.4606204,1,416,-50,21,121,34
1777984442.4623568,2,2753,0,23,121,35
1777984442.4747865,1,417,50,21,121,34
1777984442.4764318,2,2753,0,23,121,35
1777984442.4891891,1,416,50,18,121,34
1777984442.4909782,2,2753,0,23,121,35
1777984442.5037456,1,416,0,19,121,34
1777984442.505439,2,2753,0,23,121,35
1777984442.518314,1,417,-50,21,121,34
1777984442.5199745,2,2753,0,23,121,35
1777984442.5332015,1,417,50,21,121,34
1777984442.5352283,2,2753,0,23,121,35
1777984442.5480049,1,416,50,18,121,34
1777984442.5497966,2,2753,0,23,121,35
1777984442.562652,1,416,-50,22,121,34
1777984442.5644557,2,2753,0,23,121,35
1777984442.5771854,1,416,50,20,121,34
1777984442.578894,2,2753,0,23,121,35
1777984442.5921013,1,416,50,20,121,34
1777984442.5948176,2,2753,0,23,121,35
1777984442.6079998,1,417,-50,23,121,34
1777984442.610062,2,2753,0,23,121,35
1777984442.6234372,1,416,0,23,121,34
1777984442.6258361,2,2753,0,23,121,35
1777984442.639594,1,417,50,20,121,34
1777984442.6418672,2,2753,0,23,121,35
1777984442.655212,1,417,-50,20,121,34
1777984442.6573164,2,2753,0,23,121,35
1777984442.67004,1,416,-50,23,121,34
1777984442.6723998,2,2753,0,23,121,35
1777984442.6853528,1,417,0,23,121,34
1777984442.6878767,2,2754,0,23,121,35
1777984442.700914,1,416,50,20,121,34
1777984442.7031472,2,2753,0,23,121,35
1777984442.716951,1,416,0,19,121,34
1777984442.7192042,2,2753,0,23,121,35
1777984442.7320743,1,416,-50,20,121,34
1777984442.7339933,2,2753,0,23,121,35
1777984442.746873,1,416,-50,23,121,34
1777984442.7491932,2,2753,0,23,121,35
1777984442.7620628,1,416,0,23,121,34
1777984442.764389,2,2753,0,23,121,35
1777984442.777798,1,416,0,23,121,34
1777984442.7806625,2,2753,0,23,121,35
1777984442.79413,1,417,50,21,121,34
1777984442.796936,2,2753,0,23,121,35
1777984442.8100004,1,417,50,18,121,34
1777984442.8119187,2,2753,0,23,121,35
1777984442.8250568,1,417,-50,23,121,34
1777984442.827085,2,2753,0,23,121,35
1777984442.8403883,1,417,0,23,121,34
1777984442.8422558,2,2753,0,23,121,35
1777984442.8551118,1,417,50,21,121,34
1777984442.856953,2,2753,0,23,121,35
1777984442.870074,1,417,50,18,121,34
1777984442.87262,2,2753,0,23,121,35
1777984442.8854992,1,416,-50,23,121,34
1777984442.8880033,2,2753,0,23,121,35
1777984442.9017093,1,417,50,19,121,34
1777984442.9041572,2,2753,0,23,121,35
1777984442.9184098,1,416,0,19,121,34
1777984442.9205525,2,2753,0,23,121,35
1777984442.9331422,1,416,-50,20,121,34
1777984442.9348865,2,2753,0,23,121,35
1777984442.9480443,1,416,-50,23,121,34
1777984442.950358,2,2753,0,23,121,35
1777984442.963911,1,416,0,23,121,34
1777984442.9658875,2,2753,0,23,121,35
1777984442.9788,1,417,0,23,121,34
1777984442.9807818,2,2754,0,23,121,35
1777984442.993481,1,417,0,23,121,34
1777984442.996024,2,2753,0,23,121,35
1777984443.0099902,1,417,0,23,121,34
1777984443.0119226,2,2753,0,23,121,35
1777984443.0249112,1,416,50,18,121,34
1777984443.0269136,2,2753,0,23,121,35
1777984443.0394104,1,417,0,19,121,34
1777984443.0411263,2,2753,0,23,121,35
1777984443.0544677,1,416,0,19,121,34
1777984443.0565245,2,2753,0,23,121,35
1777984443.0691237,1,416,0,19,121,34
1777984443.0711145,2,2753,0,23,121,35
1777984443.0851912,1,416,0,19,121,34
1777984443.087256,2,2753,0,23,121,35
1777984443.099914,1,417,-50,22,121,34
1777984443.1017926,2,2753,0,23,121,35
1777984443.114639,1,416,0,23,121,34
1777984443.1165726,2,2753,0,23,121,35
1777984443.1293497,1,416,0,21,121,34
1777984443.1310632,2,2753,0,23,121,35
1777984443.1438847,1,417,50,19,121,34
1777984443.1457076,2,2753,0,23,121,35
1777984443.158586,1,417,0,19,121,34
1777984443.160242,2,2753,0,23,121,35
1777984443.1728606,1,417,0,19,121,34
1777984443.1748943,2,2753,0,23,121,35
1777984443.1882455,1,417,0,19,121,34
1777984443.1909516,2,2753,0,23,121,35
1777984443.2048426,1,416,0,19,121,34
1777984443.207021,2,2753,0,23,121,35
1777984443.2200518,1,417,-50,22,121,34
1777984443.2223601,2,2753,0,23,121,35
1777984443.2354085,1,417,50,20,121,34
1777984443.2381084,2,2753,0,23,121,35
1777984443.2513916,1,417,-50,20,121,34
1777984443.2533321,2,2753,0,23,121,35
1777984443.266307,1,416,-50,23,121,34
1777984443.2684407,2,2753,0,23,121,35
1777984443.2818058,1,417,0,23,121,34
1777984443.2842064,2,2753,0,23,121,35
1777984443.2977068,1,416,50,20,121,34
1777984443.3002076,2,2754,50,20,121,35
1777984443.3130882,1,416,0,19,121,34
1777984443.3149536,2,2753,-50,22,121,35
1777984443.327521,1,417,0,19,121,34
1777984443.3294213,2,2753,0,23,121,35
1777984443.3426018,1,417,-50,23,121,34
1777984443.344977,2,2753,0,23,121,35
1777984443.3592288,1,416,50,19,121,34
1777984443.3613899,2,2753,0,23,121,35
1777984443.3747387,1,416,0,19,121,34
1777984443.3772857,2,2753,0,23,121,35
1777984443.3911102,1,416,-50,20,121,34
1777984443.39313,2,2753,0,23,121,35
1777984443.405911,1,416,-50,23,121,34
1777984443.407896,2,2754,0,23,121,35
1777984443.421026,1,417,50,19,121,34
1777984443.4229553,2,2754,0,23,121,35
1777984443.4357414,1,417,-50,21,121,34
1777984443.437681,2,2753,0,23,121,35
1777984443.4511154,1,417,50,21,121,34
1777984443.4531426,2,2753,0,23,121,35
1777984443.4662158,1,416,50,18,121,34
1777984443.4682233,2,2753,0,23,121,35
1777984443.4811146,1,417,-50,22,121,34
1777984443.4830422,2,2753,0,23,121,35
1777984443.4957397,1,417,50,21,121,34
1777984443.4976428,2,2753,0,23,121,35
1777984443.510381,1,417,0,25,121,34
1777984443.5121267,2,2753,0,23,121,35
1777984443.5247116,1,416,0,35,121,34
1777984443.5265017,2,2753,0,23,121,35
1777984443.539818,1,416,0,49,121,34
1777984443.5421236,2,2753,0,23,121,35
1777984443.5552008,1,417,0,69,121,34
1777984443.5572817,2,2753,0,23,121,35
1777984443.5700958,1,418,50,90,121,34
1777984443.5718644,2,2753,0,23,121,35
1777984443.5847456,1,420,50,114,121,34
1777984443.586648,2,2753,0,23,121,35
1777984443.5994372,1,424,150,136,121,34
1777984443.601345,2,2753,0,23,121,35
1777984443.6144757,1,429,300,155,121,34
1777984443.6161804,2,2753,0,23,120,35
1777984443.6290135,1,435,400,172,121,34
1777984443.6306777,2,2753,0,23,121,34
1777984443.6440492,1,442,400,192,121,34
1777984443.645921,2,2753,0,23,121,35
1777984443.6588218,1,451,450,212,121,34
1777984443.6606607,2,2753,50,19,121,35
1777984443.6733387,1,459,600,227,121,34
1777984443.6756306,2,2753,-50,22,121,35
1777984443.6886566,1,470,650,243,121,34
1777984443.6907463,2,2753,0,23,121,35
1777984443.7040172,1,481,650,261,121,34
1777984443.7059917,2,2754,0,23,121,35
1777984443.7191515,1,492,750,274,121,34
1777984443.7211115,2,2753,0,23,121,35
1777984443.7339633,1,505,800,288,121,34
1777984443.735992,2,2753,0,23,121,35
1777984443.7490969,1,518,850,303,121,34
1777984443.7511513,2,2753,0,23,121,35
1777984443.7647176,1,532,850,323,121,34
1777984443.7668147,2,2753,0,23,121,35
1777984443.7798128,1,549,950,338,121,34
1777984443.781623,2,2753,0,23,121,35
1777984443.7949302,1,564,1050,347,120,34
1777984443.796705,2,2753,0,23,121,35
1777984443.8092039,1,581,1100,355,121,34
1777984443.810994,2,2753,0,23,121,35
1777984443.8249218,1,598,1100,361,121,34
1777984443.8272712,2,2753,0,23,121,35
1777984443.8406043,1,616,1100,367,121,34
1777984443.8425145,2,2753,0,23,121,35
1777984443.8561275,1,634,1150,370,121,34
1777984443.8585935,2,2753,0,23,121,35
1777984443.8719153,1,655,1250,369,121,34
1777984443.8738854,2,2753,0,23,121,35
1777984443.886824,1,673,1200,367,121,34
1777984443.8885822,2,2753,0,23,121,35
1777984443.901793,1,691,1200,367,121,34
1777984443.9036906,2,2753,0,23,121,35
1777984443.9168909,1,709,1200,367,121,34
1777984443.9188797,2,2753,0,23,121,35
1777984443.9319308,1,727,1200,367,121,34
1777984443.9340057,2,2753,0,23,121,35
1777984443.9472208,1,745,1200,367,121,34
1777984443.9490721,2,2753,0,23,121,35
1777984443.961932,1,764,1200,367,121,34
1777984443.9641733,2,2753,0,23,121,35
1777984443.9777315,1,782,1250,364,121,34
1777984443.980155,2,2753,0,23,121,35
1777984443.9937165,1,801,1150,366,121,34
1777984443.9955065,2,2753,0,23,121,35
1777984444.0084722,1,819,1200,367,121,34
1777984444.010237,2,2753,0,23,121,35
1777984444.0230093,1,837,1200,367,121,34
1777984444.0249798,2,2753,0,23,121,35
1777984444.037493,1,855,1200,367,121,34
1777984444.0391467,2,2753,0,23,121,35
1777984444.0520213,1,872,1200,367,121,34
1777984444.054003,2,2753,0,23,121,35
1777984444.0668776,1,890,1200,367,121,34
1777984444.0688052,2,2753,0,23,121,35
1777984444.081677,1,907,1200,367,121,34
1777984444.0835762,2,2753,0,23,121,35
1777984444.0966516,1,925,1200,367,121,34
1777984444.0986168,2,2753,0,23,121,35
1777984444.1117313,1,943,1200,367,121,34
1777984444.1137176,2,2753,0,23,121,35
1777984444.1274319,1,962,1200,367,121,34
1777984444.129587,2,2753,0,23,121,35
1777984444.1427035,1,981,1200,367,121,34
1777984444.1446862,2,2753,0,23,121,35
1777984444.1582904,1,999,1200,367,121,34
1777984444.1601272,2,2753,0,23,121,35
1777984444.1727886,1,1017,1200,367,121,34
1777984444.174892,2,2753,0,23,121,35
1777984444.1883235,1,1035,1200,367,121,34
1777984444.190748,2,2753,0,23,121,35
1777984444.2040856,1,1055,1200,367,121,34
1777984444.2063532,2,2753,0,23,121,35
1777984444.2197886,1,1074,1200,367,121,34
1777984444.2223685,2,2753,0,23,121,35
1777984444.235731,1,1093,1200,367,121,34
1777984444.2383168,2,2753,0,23,121,35
1777984444.2513516,1,1112,1200,367,121,33
1777984444.253515,2,2753,0,23,121,35
1777984444.2664435,1,1130,1200,367,121,34
1777984444.2684069,2,2753,50,21,121,35
1777984444.2815373,1,1149,1200,367,121,34
1777984444.2833762,2,2753,50,18,121,35
1777984444.2967138,1,1167,1200,367,121,34
1777984444.2993174,2,2753,-50,24,121,35
1777984444.3123283,1,1186,1200,367,121,34
1777984444.3140934,2,2753,0,23,121,35
1777984444.326954,1,1204,1200,367,121,34
1777984444.3296177,2,2753,0,23,121,35
1777984444.342735,1,1223,1200,367,121,34
1777984444.3446665,2,2753,0,23,121,35
1777984444.3580456,1,1242,1250,363,121,34
1777984444.3604102,2,2753,0,23,121,35
1777984444.3733015,1,1260,1200,363,121,34
1777984444.375381,2,2753,0,23,121,35
1777984444.3892286,1,1279,1200,363,121,34
1777984444.3914583,2,2753,0,23,121,35
1777984444.404168,1,1298,1200,363,121,34
1777984444.4067278,2,2753,0,23,121,35
1777984444.4202418,1,1316,1200,363,121,34
1777984444.4221516,2,2753,0,23,121,35
1777984444.4349568,1,1336,1200,363,121,34
1777984444.4366338,2,2753,0,23,121,35
1777984444.4491043,1,1352,1200,363,121,34
1777984444.4508202,2,2753,0,23,120,35
1777984444.4632056,1,1369,1200,363,121,34
1777984444.4649582,2,2753,0,23,121,35
1777984444.477415,1,1386,1200,363,121,34
1777984444.4791315,2,2753,0,23,121,35
1777984444.491848,1,1404,1200,363,121,34
1777984444.4938533,2,2753,0,23,121,35
1777984444.507362,1,1422,1200,363,121,34
1777984444.5093865,2,2753,0,23,121,35
1777984444.52253,1,1440,1200,363,121,34
1777984444.524443,2,2753,0,23,121,35
1777984444.5382013,1,1458,1250,359,121,34
1777984444.5402994,2,2753,0,23,121,35
1777984444.5535674,1,1477,1150,362,121,34
1777984444.5558155,2,2753,0,23,121,35
1777984444.5696325,1,1497,1200,363,121,34
1777984444.57202,2,2753,0,23,121,35
1777984444.5856283,1,1516,1200,363,121,34
1777984444.587675,2,2753,0,23,121,35
1777984444.6005447,1,1535,1200,363,121,34
1777984444.6024296,2,2753,0,23,121,35
1777984444.6166134,1,1553,1250,359,121,34
1777984444.6189666,2,2753,0,23,121,35
1777984444.6328223,1,1572,1150,362,121,34
1777984444.6348808,2,2753,0,23,121,35
1777984444.6474106,1,1591,1200,363,121,34
1777984444.649343,2,2753,0,23,120,35
1777984444.6629505,1,1609,1200,363,121,34
1777984444.664933,2,2753,0,23,121,35
1777984444.6784227,1,1627,1200,363,121,34
1777984444.680639,2,2753,0,23,121,35
1777984444.694074,1,1646,1200,363,121,34
1777984444.6960807,2,2753,0,23,121,35
1777984444.7092235,1,1665,1200,363,121,34
1777984444.711789,2,2753,0,23,121,35
1777984444.726009,1,1684,1200,363,121,34
1777984444.7280886,2,2753,0,23,121,35
1777984444.7412314,1,1704,1200,363,120,34
1777984444.7434762,2,2753,0,23,121,35
1777984444.757019,1,1722,1200,363,121,34
1777984444.7591841,2,2753,0,23,121,35
1777984444.7723458,1,1741,1250,360,121,34
1777984444.7742696,2,2753,0,23,121,35
1777984444.7869678,1,1759,1150,361,121,34
1777984444.789123,2,2753,0,23,121,35
1777984444.8030105,1,1777,1200,363,121,34
1777984444.8052356,2,2753,0,23,121,35
1777984444.8183956,1,1796,1200,363,121,34
1777984444.8203049,2,2753,0,23,121,35
1777984444.8332152,1,1814,1200,363,121,34
1777984444.8354306,2,2753,0,23,121,35
1777984444.8494291,1,1833,1200,363,121,34
1777984444.8517563,2,2753,0,23,121,35
1777984444.864995,1,1852,1200,363,120,34
1777984444.86695,2,2753,0,23,121,35
1777984444.8804648,1,1870,1200,363,121,34
1777984444.8824377,2,2753,0,23,121,35
1777984444.8954349,1,1889,1150,367,121,34
1777984444.8976622,2,2753,0,23,121,35
1777984444.9111602,1,1906,1200,367,121,34
1777984444.9132001,2,2753,0,23,121,35
1777984444.926679,1,1926,1200,367,121,34
1777984444.9284377,2,2753,0,23,121,35
1777984444.9414332,1,1944,1200,367,121,34
1777984444.9431388,2,2753,0,23,121,35
1777984444.9559233,1,1962,1200,367,121,34
1777984444.9577475,2,2753,0,23,121,35
1777984444.9710147,1,1980,1200,367,121,34
1777984444.9733915,2,2753,0,23,121,35
1777984444.986697,1,1998,1200,367,121,34
1777984444.9890237,2,2753,0,23,121,35
1777984445.0028815,1,2017,1200,367,121,34
1777984445.005822,2,2753,0,23,121,35
1777984445.0187438,1,2037,1200,367,121,34
1777984445.0206492,2,2753,0,23,121,35
1777984445.0334742,1,2056,1200,367,121,34
1777984445.0353742,2,2753,0,23,121,35
1777984445.048238,1,2072,1200,367,121,34
1777984445.0499752,2,2753,0,23,121,35
1777984445.0633793,1,2090,1200,367,121,34
1777984445.0651646,2,2753,0,23,121,35
1777984445.0781755,1,2108,1200,367,121,34
1777984445.0799596,2,2753,0,23,121,35
1777984445.09302,1,2126,1200,367,121,34
1777984445.0947776,2,2753,0,23,121,35
1777984445.108467,1,2144,1200,367,121,34
1777984445.110772,2,2753,0,23,121,35
1777984445.1249382,1,2163,1200,367,121,34
1777984445.1272948,2,2754,0,23,121,35
1777984445.1403594,1,2184,1200,367,121,34
1777984445.1424046,2,2753,0,23,121,35
1777984445.1564803,1,2202,1200,363,121,34
1777984445.158426,2,2753,0,23,121,35
1777984445.171595,1,2221,1200,354,121,34
1777984445.1740665,2,2753,0,23,121,35
1777984445.1879938,1,2240,1200,339,121,34
1777984445.1905797,2,2754,0,23,121,35
1777984445.204136,1,2258,1150,322,121,34
1777984445.206568,2,2753,0,23,121,35
1777984445.2198272,1,2275,1150,300,121,34
1777984445.2218091,2,2753,0,23,121,35
1777984445.2345963,1,2292,1050,284,121,34
1777984445.236268,2,2753,0,23,121,35
1777984445.2493892,1,2306,1050,260,121,34
1777984445.2514029,2,2753,0,23,121,35
1777984445.2648108,1,2319,950,237,121,34
1777984445.267334,2,2753,0,23,121,35
1777984445.2809355,1,2332,800,212,121,34
1777984445.2833586,2,2753,0,23,121,35
1777984445.2967346,1,2345,800,188,121,34
1777984445.2991369,2,2753,0,23,121,35
1777984445.313045,1,2355,700,167,121,34
1777984445.3156466,2,2753,0,23,121,35
1777984445.3284476,1,2364,650,142,121,34
1777984445.3303797,2,2753,0,23,121,35
1777984445.3434405,1,2371,500,120,121,34
1777984445.3458092,2,2753,0,23,121,35
1777984445.3589745,1,2377,500,95,121,34
1777984445.361294,2,2753,0,23,121,35
1777984445.3749886,1,2383,400,73,121,34
1777984445.3775406,2,2753,0,23,121,35
1777984445.3908772,1,2387,300,55,121,34
1777984445.3937886,2,2753,0,23,121,35
1777984445.407346,1,2389,250,38,121,34
1777984445.4101872,2,2753,0,23,121,35
1777984445.4234214,1,2391,100,27,121,34
1777984445.4257226,2,2753,50,21,121,35
1777984445.4386716,1,2392,100,21,121,34
1777984445.4408865,2,2753,-50,21,121,35
1777984445.453516,1,2393,50,19,121,34
1777984445.4555142,2,2753,-50,24,121,35
1777984445.4685817,1,2393,50,0,121,34
1777984445.4705365,2,2753,0,23,121,35
1777984445.4835796,1,2392,0,0,121,34
1777984445.485642,2,2753,0,23,121,35
1777984445.4992092,1,2392,0,17,121,34
1777984445.5011442,2,2753,0,23,121,35
1777984445.5143905,1,2392,-50,19,121,34
1777984445.5161426,2,2753,0,23,121,35
1777984445.5287619,1,2392,0,19,121,34
1777984445.530891,2,2753,0,23,121,35
1777984445.5441487,1,2392,0,19,121,34
1777984445.546619,2,2753,0,23,121,35
1777984445.5601296,1,2392,0,19,121,34
1777984445.5630746,2,2753,0,23,121,35
1777984445.5770109,1,2392,0,19,121,34
1777984445.579351,2,2753,0,23,121,35
1777984445.5925632,1,2392,0,19,121,34
1777984445.594956,2,2753,0,23,121,35
1777984445.6084495,1,2392,0,19,121,34
1777984445.6103742,2,2753,0,23,121,35
1777984445.6235998,1,2392,0,19,121,34
1777984445.6259162,2,2753,0,23,121,35
1777984445.6398492,1,2392,0,19,121,34
1777984445.6419046,2,2753,0,23,121,35
1777984445.6551836,1,2392,0,19,121,34
1777984445.6577115,2,2753,0,23,121,35
1777984445.6713407,1,2392,0,19,121,34
1777984445.6737587,2,2753,0,23,121,35
1777984445.687519,1,2392,0,19,121,34
1777984445.6899579,2,2753,0,23,121,35
1777984445.7041733,1,2392,0,19,121,34
1777984445.7066808,2,2753,0,23,121,35
1777984445.7197804,1,2392,0,19,121,34
1777984445.7216902,2,2754,0,23,121,35
1777984445.7347672,1,2392,0,19,121,34
1777984445.7368264,2,2753,0,23,121,35
1777984445.74989,1,2392,0,19,121,34
1777984445.7520618,2,2753,0,23,121,35
1777984445.765232,1,2392,0,19,121,34
1777984445.7672238,2,2753,0,23,121,35
1777984445.7801716,1,2392,0,18,121,34
1777984445.7823522,2,2753,0,23,121,35
1777984445.7953932,1,2392,0,19,121,34
1777984445.797474,2,2753,0,23,121,35
1777984445.8104837,1,2392,0,31,121,33
1777984445.8126783,2,2754,0,23,121,35
1777984445.8255327,1,2392,-50,42,121,33
1777984445.8274717,2,2753,0,23,121,35
1777984445.8405378,1,2391,0,61,121,34
1777984445.8423865,2,2753,0,23,121,35
1777984445.8554242,1,2391,0,85,121,34
1777984445.8572562,2,2753,0,23,121,35
1777984445.8703644,1,2391,0,114,121,34
1777984445.8725286,2,2753,0,23,121,35
1777984445.8860698,1,2388,-100,141,121,34
1777984445.8886974,2,2753,0,23,121,35
1777984445.9024408,1,2382,-300,169,121,34
1777984445.9047513,2,2753,0,23,121,35
1777984445.9179018,1,2375,-400,191,121,34
1777984445.919887,2,2753,0,23,121,35
1777984445.9332974,1,2367,-400,213,121,34
1777984445.9355366,2,2753,0,23,121,35
1777984445.9483738,1,2358,-550,224,121,34
1777984445.9504325,2,2753,0,23,121,35
1777984445.9634345,1,2349,-600,233,121,34
1777984445.9653952,2,2753,0,23,121,35
1777984445.9783869,1,2338,-700,243,121,34
1777984445.9801664,2,2754,0,23,121,35
1777984445.9927032,1,2327,-700,249,121,34
1777984445.9944112,2,2753,0,23,121,35
1777984446.0072231,1,2316,-700,254,121,34
1777984446.0091028,2,2753,0,25,121,34
1777984446.022342,1,2304,-800,256,121,34
1777984446.024406,2,2753,0,31,121,35
1777984446.0373693,1,2291,-850,258,121,34
1777984446.039194,2,2753,0,43,121,35
1777984446.051879,1,2279,-850,260,121,34
1777984446.0536005,2,2754,0,57,121,35
1777984446.066254,1,2267,-800,266,121,34
1777984446.0679579,2,2754,0,77,121,35
1777984446.0808284,1,2256,-800,274,121,34
1777984446.082725,2,2756,100,95,121,35
1777984446.0956,1,2243,-800,285,121,34
1777984446.0972831,2,2759,200,115,120,61
1777984446.1098685,1,2229,-900,291,120,34
1777984446.1115947,2,2762,200,134,121,35
1777984446.124298,1,2216,-900,301,120,34
1777984446.125958,2,2768,250,155,121,35
1777984446.138474,1,2202,-950,313,120,34
1777984446.1407375,2,2773,350,177,121,36
1777984446.153957,1,2187,-950,328,121,34
1777984446.1566029,2,2780,450,200,120,35
1777984446.1702173,1,2170,-1000,340,120,34
1777984446.1721792,2,2789,450,226,120,35
1777984446.1853967,1,2155,-1050,349,120,34
1777984446.1872206,2,2799,550,248,120,35
1777984446.1997805,1,2138,-1050,358,121,34
1777984446.20187,2,2809,700,266,120,35
1777984446.2148833,1,2121,-1050,367,120,34
1777984446.2171373,2,2821,750,289,120,35
1777984446.2304976,1,2103,-1150,368,120,34
1777984446.23329,2,2835,750,312,120,35
1777984446.2464116,1,2083,-1200,368,120,34
1777984446.2484663,2,2851,950,326,120,35
1777984446.2617576,1,2065,-1200,368,120,34
1777984446.2640924,2,2866,950,342,120,35
1777984446.2771485,1,2046,-1200,368,120,34
1777984446.2797136,2,2881,1000,355,120,36
1777984446.2926571,1,2028,-1200,368,120,34
1777984446.29493,2,2899,1000,366,120,35
1777984446.3077748,1,2010,-1150,371,120,34
1777984446.310047,2,2917,1100,372,120,35
1777984446.323326,1,1991,-1250,369,121,34
1777984446.3252113,2,2936,1200,371,120,35
1777984446.3383226,1,1973,-1200,368,120,34
1777984446.3407855,2,2954,1250,364,120,35
1777984446.3541048,1,1953,-1200,368,121,34
1777984446.356644,2,2973,1100,356,120,35
1777984446.370147,1,1934,-1200,368,121,34
1777984446.372289,2,2991,1100,348,120,35
1777984446.38574,1,1916,-1200,368,121,34
1777984446.3880155,2,3008,1150,331,121,35
1777984446.4012334,1,1897,-1200,368,121,34
1777984446.4035618,2,3026,1150,309,120,35
1777984446.4168322,1,1878,-1200,368,121,34
1777984446.4195137,2,3043,1100,285,121,35
1777984446.4326842,1,1858,-1200,368,121,34
1777984446.434933,2,3058,950,261,121,35
1777984446.4480832,1,1841,-1200,368,121,34
1777984446.4498353,2,3069,950,237,121,35
1777984446.4624238,1,1823,-1200,368,121,34
1777984446.4641483,2,3081,750,225,121,35
1777984446.47665,1,1806,-1200,368,121,34
1777984446.4783483,2,3091,750,206,121,35
1777984446.4907272,1,1787,-1200,368,121,34
1777984446.492423,2,3101,750,185,121,35
1777984446.5048707,1,1770,-1250,365,121,34
1777984446.5066235,2,3110,700,161,121,35
1777984446.5191553,1,1754,-1150,366,121,34
1777984446.520971,2,3118,600,139,121,35
1777984446.5334768,1,1737,-1150,369,121,34
1777984446.53522,2,3124,500,116,121,35
1777984446.547883,1,1718,-1200,368,121,34
1777984446.5496058,2,3130,500,90,120,35
1777984446.5623102,1,1701,-1250,365,121,34
1777984446.563972,2,3135,400,69,121,35
1777984446.5765057,1,1683,-1200,364,121,34
1777984446.5784707,2,3138,250,52,121,35
1777984446.5912673,1,1667,-1200,364,121,34
1777984446.5935993,2,3140,250,38,121,35
1777984446.6074195,1,1648,-1200,364,121,34
1777984446.609968,2,3141,150,29,121,35
1777984446.6231077,1,1628,-1200,364,121,34
1777984446.6254578,2,3141,50,27,121,35
1777984446.6394937,1,1609,-1200,364,121,34
1777984446.6418047,2,3142,50,24,121,35
1777984446.6542556,1,1590,-1200,364,121,34
1777984446.6562226,2,3142,0,23,121,35
1777984446.6694229,1,1572,-1200,364,121,34
1777984446.67138,2,3142,0,23,121,35
1777984446.6844218,1,1554,-1200,364,121,34
1777984446.6867883,2,3142,0,23,121,35
1777984446.7003384,1,1535,-1200,364,121,34
1777984446.7026012,2,3142,0,23,121,35
1777984446.7159028,1,1516,-1250,362,121,34
1777984446.7184386,2,3142,0,23,121,35
1777984446.7317226,1,1497,-1250,359,121,34
1777984446.7341678,2,3142,0,23,121,35
1777984446.7475846,1,1478,-1200,360,121,34
1777984446.7494,2,3142,0,23,121,36
1777984446.7618847,1,1460,-1200,360,121,34
1777984446.7636042,2,3142,0,23,121,35
1777984446.776111,1,1443,-1150,362,121,34
1777984446.7778287,2,3142,0,23,121,35
1777984446.7902431,1,1427,-1150,364,121,34
1777984446.792146,2,3142,0,23,120,35
1777984446.804901,1,1408,-1250,360,121,34
1777984446.8070834,2,3142,0,23,121,35
1777984446.8202672,1,1390,-1200,360,121,34
1777984446.8229582,2,3142,0,23,121,35
1777984446.8368213,1,1371,-1200,360,121,34
1777984446.838897,2,3142,0,23,121,35
1777984446.8514352,1,1352,-1200,360,121,34
1777984446.8531566,2,3142,0,23,121,35
1777984446.8665342,1,1336,-1150,364,121,34
1777984446.868355,2,3142,0,23,121,35
1777984446.8813229,1,1317,-1250,361,121,34
1777984446.8833306,2,3142,0,23,121,35
1777984446.8961892,1,1299,-1200,360,121,34
1777984446.8981018,2,3142,0,23,121,35
1777984446.9114077,1,1281,-1200,360,121,34
1777984446.9134088,2,3142,0,23,121,35
1777984446.9264925,1,1262,-1150,364,121,34
1777984446.929053,2,3142,0,23,121,35
1777984446.9425943,1,1243,-1200,364,121,34
1777984446.9453118,2,3142,0,23,121,35
1777984446.9584866,1,1224,-1200,364,121,34
1777984446.9608536,2,3142,0,23,121,35
1777984446.9746234,1,1205,-1250,362,121,34
1777984446.976814,2,3142,0,23,121,35
1777984446.9900358,1,1187,-1250,359,121,34
1777984446.9924543,2,3142,0,23,121,35
1777984447.0066128,1,1168,-1200,360,121,34
1777984447.0083694,2,3142,0,23,121,35
1777984447.0212011,1,1148,-1150,363,121,34
1777984447.023405,2,3142,0,23,121,35
1777984447.0359619,1,1130,-1200,364,121,34
1777984447.037877,2,3142,0,23,121,35
1777984447.0504377,1,1112,-1200,364,121,34
1777984447.0521524,2,3142,0,23,121,35
1777984447.0647366,1,1095,-1200,364,121,33
1777984447.066396,2,3142,0,23,121,35
1777984447.0789192,1,1079,-1200,364,121,34
1777984447.0806518,2,3142,0,23,121,35
1777984447.0931194,1,1061,-1200,364,121,34
1777984447.0948713,2,3142,0,23,121,35
1777984447.1074097,1,1045,-1200,364,121,34
1777984447.1091046,2,3142,0,23,121,35
1777984447.1216338,1,1027,-1200,364,121,34
1777984447.1234238,2,3142,0,23,121,35
1777984447.1362028,1,1009,-1200,364,121,34
1777984447.1383026,2,3142,0,23,121,35
1777984447.1519368,1,992,-1200,365,121,34
1777984447.154075,2,3142,0,23,120,35
1777984447.1673667,1,973,-1150,368,121,34
1777984447.1698835,2,3142,0,23,121,35
1777984447.1834555,1,954,-1200,368,121,34
1777984447.1861985,2,3142,0,23,121,35
1777984447.200117,1,934,-1250,365,121,34
1777984447.202386,2,3142,0,23,121,35
1777984447.214849,1,915,-1200,364,121,34
1777984447.2165315,2,3142,0,23,121,35
1777984447.230074,1,898,-1200,364,121,34
1777984447.2318408,2,3142,0,23,121,35
1777984447.2451134,1,879,-1200,364,121,34
1777984447.2468715,2,3142,0,23,121,35
1777984447.2598486,1,861,-1150,367,121,34
1777984447.261617,2,3142,0,23,121,35
1777984447.274115,1,844,-1200,368,121,34
1777984447.2761674,2,3142,0,23,121,35
1777984447.2893577,1,826,-1200,368,121,34
1777984447.2910771,2,3142,0,23,121,35
1777984447.303621,1,808,-1250,364,121,34
1777984447.3053885,2,3142,0,23,121,35
1777984447.317881,1,791,-1150,366,121,34
1777984447.319609,2,3142,0,21,120,35
1777984447.332157,1,773,-1200,368,121,34
1777984447.333875,2,3142,0,17,121,35
1777984447.3467128,1,756,-1200,368,121,34
1777984447.3488505,2,3142,0,26,121,35
1777984447.3620203,1,738,-1250,364,121,34
1777984447.3639038,2,3142,0,42,121,35
1777984447.3772628,1,720,-1200,364,121,34
1777984447.379243,2,3142,0,62,121,35
1777984447.3917267,1,700,-1250,362,121,34
1777984447.3934195,2,3142,0,84,121,35
1777984447.4058344,1,684,-1250,360,121,34
1777984447.407508,2,3140,0,113,121,35
1777984447.420861,1,667,-1150,363,121,34
1777984447.4229114,2,3136,-150,134,120,35
1777984447.4354928,1,648,-1200,364,121,34
1777984447.437435,2,3131,-250,157,120,35
1777984447.4504845,1,631,-1200,364,121,34
1777984447.452447,2,3124,-450,176,120,35
1777984447.4657574,1,613,-1200,364,120,34
1777984447.467849,2,3116,-450,196,120,35
1777984447.4806957,1,594,-1200,359,120,34
1777984447.4827683,2,3108,-500,215,120,35
1777984447.4955635,1,577,-1200,351,121,34
1777984447.4973419,2,3098,-600,236,120,35
1777984447.5099316,1,560,-1200,339,121,34
1777984447.511841,2,3088,-650,256,120,35
1777984447.524397,1,543,-1150,326,121,34
1777984447.5261064,2,3077,-650,281,120,35
1777984447.5386205,1,527,-1150,308,121,34
1777984447.5403662,2,3066,-800,298,120,35
1777984447.5532858,1,513,-1050,289,121,34
1777984447.5553882,2,3052,-850,320,120,35
1777984447.5682273,1,497,-1050,268,121,34
1777984447.5700672,2,3038,-950,338,120,35
1777984447.583077,1,484,-1000,245,121,34
1777984447.585241,2,3022,-950,353,120,35
1777984447.5982504,1,471,-900,224,121,34
1777984447.600157,2,3004,-1100,358,120,35
1777984447.6129925,1,459,-800,201,121,34
1777984447.6148736,2,2987,-1150,361,121,35
1777984447.6279902,1,449,-800,177,121,34
1777984447.6297467,2,2969,-1200,363,120,35
1777984447.6429062,1,439,-700,155,121,34
1777984447.64524,2,2953,-1200,363,121,35
1777984447.6583166,1,431,-600,133,121,34
1777984447.6602414,2,2932,-1100,370,121,35
1777984447.673912,1,424,-500,110,121,34
1777984447.6762266,2,2914,-1250,368,121,35
1777984447.689558,1,419,-500,87,121,34
1777984447.6921093,2,2895,-1250,365,121,35
1777984447.7057474,1,414,-350,65,121,34
1777984447.7079124,2,2876,-1250,362,121,35
1777984447.7214541,1,410,-300,46,121,34
1777984447.724084,2,2858,-1200,363,121,35
1777984447.7378678,1,408,-150,35,121,34
1777984447.740068,2,2837,-1100,370,121,35
1777984447.7533252,1,407,-100,28,121,34
1777984447.7556875,2,2818,-1250,368,121,35
1777984447.7691152,1,405,-100,21,121,34
1777984447.7716832,2,2799,-1250,365,121,35
1777984447.7856224,1,405,-100,17,121,34
1777984447.7880607,2,2778,-1250,363,121,35
1777984447.8010223,1,404,-50,19,121,34
1777984447.8030424,2,2762,-1200,363,121,35
1777984447.8161697,1,404,0,19,121,34
1777984447.8184645,2,2743,-1100,369,121,35
1777984447.8316936,1,405,0,19,121,34
1777984447.8336177,2,2723,-1250,369,121,35
1777984447.846853,1,404,0,19,121,34
1777984447.8485038,2,2705,-1250,366,121,35
1777984447.8617454,1,405,50,0,121,34
1777984447.863685,2,2687,-1250,363,121,35
1777984447.8771675,1,404,0,0,121,34
1777984447.8795342,2,2668,-1200,363,121,35
1777984447.8925903,1,405,0,0,121,34
1777984447.8946693,2,2651,-1150,366,121,35
1777984447.908324,1,404,0,0,121,34
1777984447.9107416,2,2631,-1200,367,121,35
1777984447.9249825,1,405,0,0,121,34
1777984447.9271789,2,2610,-1200,367,121,35
1777984447.9407642,1,405,-50,19,121,34
1777984447.9432988,2,2591,-1250,363,121,35
1777984447.9569678,1,405,50,17,121,34
1777984447.959652,2,2573,-1200,363,121,35
1777984447.9730465,1,404,0,0,121,34
1777984447.9756029,2,2554,-1100,369,121,35
1777984447.989325,1,405,0,0,121,34
1777984447.992018,2,2534,-1250,369,121,35
1777984448.0052066,1,405,0,0,121,34
1777984448.0075943,2,2515,-1250,366,121,35
1777984448.0212884,1,404,-50,19,121,34
1777984448.023461,2,2495,-1250,363,121,35
1777984448.0368984,1,404,0,19,121,34
1777984448.0396445,2,2476,-1200,363,121,35
1777984448.0534785,1,405,0,19,121,34
1777984448.0558238,2,2457,-1150,366,121,35
1777984448.069095,1,404,0,19,121,34
1777984448.0712903,2,2439,-1200,367,121,35
1777984448.085559,1,405,0,19,121,34
1777984448.0880182,2,2418,-1200,367,121,35
1777984448.1011157,1,405,50,17,121,34
1777984448.1033096,2,2398,-1200,367,121,35
1777984448.117118,1,404,-50,18,121,34
1777984448.1196346,2,2379,-1200,367,121,35
1777984448.1327183,1,404,0,19,121,34
1777984448.1346588,2,2362,-1200,367,121,35
1777984448.1478202,1,405,50,18,121,34
1777984448.1500607,2,2344,-1200,367,121,35
1777984448.1637127,1,404,50,17,121,34
1777984448.165534,2,2325,-1200,367,121,35
1777984448.1788554,1,404,0,0,121,34
1777984448.181702,2,2305,-1200,367,121,35
1777984448.1952868,1,404,-50,18,121,34
1777984448.1978354,2,2286,-1200,367,121,35
1777984448.2119129,1,404,50,17,121,34
1777984448.214395,2,2266,-1150,370,121,35
1777984448.2276096,1,404,-50,17,121,34
1777984448.22984,2,2247,-1200,371,121,35
1777984448.244049,1,404,-50,20,121,34
1777984448.2465904,2,2227,-1250,370,121,35
1777984448.2601671,1,404,0,19,121,34
1777984448.2625346,2,2207,-1250,367,121,35
1777984448.2761457,1,405,0,19,121,34
1777984448.2792413,2,2188,-1250,363,121,35
1777984448.2927897,1,405,0,19,121,34
1777984448.2954156,2,2168,-1150,366,121,35
1777984448.3095133,1,404,0,19,121,34
1777984448.311979,2,2147,-1250,359,121,35
1777984448.325359,1,405,0,19,121,34
1777984448.3281047,2,2128,-1200,348,121,35
1777984448.3412936,1,405,50,17,121,34
1777984448.3438492,2,2110,-1200,332,121,35
1777984448.3579476,1,405,-50,19,121,34
1777984448.3601556,2,2091,-1150,314,121,35
1777984448.3732774,1,404,0,19,121,34
1777984448.3753855,2,2075,-1050,300,121,35
1777984448.3889368,1,405,50,18,121,34
1777984448.3911295,2,2060,-1000,281,121,35
1777984448.4039252,1,404,50,17,121,34
1777984448.406109,2,2045,-1000,261,121,35
1777984448.4189084,1,404,0,0,121,34
1777984448.4210331,2,2032,-1000,233,121,35
1777984448.4337976,1,404,0,0,121,34
1777984448.435895,2,2019,-900,212,121,35
1777984448.4491723,1,404,0,0,121,34
1777984448.4508848,2,2009,-750,188,121,35
1777984448.46347,1,404,0,0,121,34
1777984448.4652169,2,1999,-650,168,121,35
1777984448.477859,1,405,-50,19,121,34
1777984448.479514,2,1992,-650,145,121,36
1777984448.49197,1,405,0,19,121,34
1777984448.493666,2,1985,-500,129,121,35
1777984448.5061228,1,405,50,18,121,34
1777984448.507775,2,1979,-450,110,121,35
1777984448.5206814,1,405,50,17,121,34
1777984448.522549,2,1974,-450,86,121,35
1777984448.5352867,1,405,0,0,121,34
1777984448.5371213,2,1970,-300,72,121,35
1777984448.5499322,1,404,0,0,121,34
1777984448.5518541,2,1967,-250,56,121,35
1777984448.5647402,1,405,0,0,121,34
1777984448.566684,2,1965,-200,43,121,35
1777984448.57952,1,405,0,0,121,34
1777984448.5819638,2,1963,-200,31,121,35
1777984448.595776,1,405,-50,19,121,34
1777984448.598114,2,1962,-100,26,121,35
1777984448.6120024,1,405,50,17,121,34
1777984448.6142342,2,1962,-50,22,121,35
1777984448.6275465,1,405,0,0,121,34
1777984448.6296077,2,1962,0,21,121,35
1777984448.642736,1,405,0,0,121,34
1777984448.6446285,2,1962,0,21,121,35
1777984448.657215,1,405,-50,19,121,34
1777984448.659004,2,1961,0,21,121,36
1777984448.6727,1,404,50,17,121,34
1777984448.6747189,2,1962,0,21,121,35
1777984448.6879864,1,404,0,0,121,34
1777984448.6905046,2,1961,0,21,121,35
1777984448.704439,1,405,0,0,121,34
1777984448.7066813,2,1962,0,21,121,35
1777984448.7196872,1,405,-50,20,121,34
1777984448.7222025,2,1961,0,21,121,35
1777984448.735713,1,405,0,19,121,34
1777984448.7376819,2,1962,-50,17,121,35
1777984448.7508867,1,404,50,17,121,34
1777984448.7533238,2,1961,50,20,121,35
1777984448.766701,1,405,-50,17,121,34
1777984448.7688644,2,1961,-50,19,121,35
1777984448.7821548,1,405,-50,20,121,34
1777984448.7848148,2,1961,0,17,121,35
1777984448.7981615,1,405,50,17,121,34
1777984448.8005683,2,1962,0,17,121,35
1777984448.813897,1,404,0,0,121,34
1777984448.8159091,2,1962,0,17,121,35
1777984448.8292973,1,404,-50,18,121,34
1777984448.8314245,2,1962,0,17,121,35
1777984448.844883,1,405,50,18,121,34
1777984448.8467987,2,1962,0,17,121,35
1777984448.8605804,1,405,50,17,121,34
1777984448.8626552,2,1962,0,17,121,35
1777984448.8759658,1,405,0,0,121,34
1777984448.8785076,2,1961,50,22,121,35
1777984448.8912995,1,404,-50,18,121,34
1777984448.8934953,2,1961,-50,18,121,35
1777984448.906232,1,404,50,18,121,34
1777984448.9084966,2,1961,50,20,121,35
1777984448.9221616,1,405,50,17,121,34
1777984448.9247024,2,1961,-50,20,121,35
1777984448.9377403,1,405,0,0,121,34
1777984448.9396574,2,1962,-50,17,121,35
1777984448.9529858,1,405,0,0,121,34
1777984448.9555202,2,1961,0,17,121,35
1777984448.968735,1,405,-50,18,121,34
1777984448.9714222,2,1961,0,17,121,35
1777984448.9844048,1,405,50,18,121,34
1777984448.986614,2,1961,50,19,121,35
1777984448.999404,1,404,50,17,121,34
1777984449.0016372,2,1962,50,22,121,35
1777984449.015159,1,405,-50,19,121,34
1777984449.017747,2,1962,-50,17,121,35
1777984449.0305705,1,405,50,17,121,34
1777984449.0326967,2,1962,0,17,121,35
1777984449.045663,1,405,0,0,121,34
1777984449.0479493,2,1962,50,20,121,35
1777984449.0615745,1,405,0,0,121,34
1777984449.0636055,2,1961,-50,20,121,35
1777984449.0769463,1,404,0,0,121,34
1777984449.0792866,2,1961,-50,17,121,35
1777984449.092801,1,405,0,0,121,34
1777984449.09506,2,1962,0,17,121,35
1777984449.1081824,1,405,0,0,121,34
1777984449.1100562,2,1961,50,20,121,35
1777984449.1230488,1,405,0,0,121,34
1777984449.1250782,2,1961,0,21,121,35
1777984449.1380537,1,405,0,0,121,34
1777984449.1402142,2,1961,0,21,121,35
1777984449.1534111,1,404,0,0,121,34
1777984449.1554928,2,1962,-50,0,121,35
1777984449.1688688,1,405,-50,19,121,34
1777984449.1714578,2,1962,0,22,121,35
1777984449.184482,1,404,0,27,121,34
1777984449.1863291,2,1962,50,32,121,35
1777984449.199362,1,404,0,38,121,34
1777984449.2013967,2,1962,50,44,121,35
1777984449.2144463,1,405,50,49,121,34
1777984449.2163818,2,1962,0,67,121,35
1777984449.2294006,1,404,-50,71,121,34
1777984449.2314696,2,1963,0,93,121,35
1777984449.2443967,1,405,50,95,121,34
1777984449.2464092,2,1965,150,115,121,35
1777984449.259419,1,408,50,121,121,34
1777984449.261357,2,1970,150,138,121,35
1777984449.2744257,1,412,200,140,121,34
1777984449.276336,2,1974,250,161,121,35
1777984449.2893445,1,417,300,161,120,34
1777984449.2914696,2,1980,350,183,120,35
1777984449.3046062,1,424,400,181,120,34
1777984449.3070352,2,1988,450,205,120,35
1777984449.3201475,1,431,400,206,120,36
1777984449.322028,2,1997,550,230,120,35
1777984449.3355126,1,439,450,229,120,34
1777984449.3377793,2,2007,550,253,120,35
1777984449.3512666,1,450,600,251,120,34
1777984449.3532987,2,2019,650,277,120,35
1777984449.366548,1,462,750,272,120,34
1777984449.3686717,2,2032,800,295,120,35
1777984449.3824823,1,474,800,291,120,34
1777984449.3844478,2,2046,900,318,120,35
1777984449.3973575,1,487,800,315,120,34
1777984449.3993611,2,2061,900,335,120,35
1777984449.4128635,1,502,850,335,120,34
1777984449.414852,2,2076,950,350,120,35
1777984449.4282758,1,518,1000,350,120,34
1777984449.4304292,2,2092,1000,362,120,35
1777984449.4435246,1,535,1100,359,120,34
1777984449.44533,2,2110,1100,370,120,35
1777984449.4584112,1,552,1100,365,120,34
1777984449.460359,2,2128,1100,374,120,35
1777984449.4736764,1,569,1150,367,120,34
1777984449.475704,2,2146,1200,374,120,35
1777984449.4889925,1,588,1150,370,120,34
1777984449.4912663,2,2166,1250,370,120,35
1777984449.5049124,1,607,1200,371,120,34
1777984449.5072834,2,2185,1200,370,120,35
1777984449.5206585,1,626,1200,371,120,34
1777984449.5227027,2,2204,1150,371,120,35
1777984449.5357313,1,645,1200,371,120,34
1777984449.5376997,2,2222,1150,374,120,35
1777984449.5508142,1,664,1200,371,121,34
1777984449.5527928,2,2240,1250,370,120,35
1777984449.5656412,1,681,1250,369,120,34
1777984449.5672789,2,2258,1200,370,120,35
1777984449.5797076,1,699,1250,366,121,34
1777984449.581489,2,2275,1200,370,120,35
1777984449.5947714,1,716,1200,367,121,34
1777984449.5968988,2,2292,1200,370,120,36
1777984449.6097667,1,735,1200,367,120,34
1777984449.6114457,2,2310,1150,373,120,35
1777984449.624356,1,752,1200,367,120,34
1777984449.6263685,2,2329,1250,371,120,35
1777984449.6389806,1,771,1200,367,120,34
1777984449.6407259,2,2346,1200,370,120,35
1777984449.6535149,1,787,1200,367,121,34
1777984449.6552305,2,2363,1200,370,120,35
1777984449.668147,1,805,1200,367,121,34
1777984449.670704,2,2381,1200,370,120,35
1777984449.6845162,1,824,1150,369,120,34
1777984449.687084,2,2400,1150,372,120,35
1777984449.700471,1,843,1250,370,120,34
1777984449.703006,2,2420,1200,374,120,35
1777984449.7163672,1,863,1250,367,120,34
1777984449.7188575,2,2439,1200,374,120,36
1777984449.7321613,1,882,1200,367,121,34
1777984449.7343698,2,2458,1250,370,120,35
1777984449.7475278,1,901,1150,370,120,34
1777984449.7500508,2,2476,1200,370,120,35
1777984449.7634182,1,919,1250,370,120,34
1777984449.765919,2,2494,1150,372,120,35
1777984449.7791061,1,938,1250,366,120,34
1777984449.7814257,2,2514,1150,375,120,35
1777984449.7947135,1,958,1200,367,121,34
1777984449.7966156,2,2533,1150,379,120,35
1777984449.8101234,1,976,1200,367,120,34
1777984449.8120382,2,2552,1250,374,120,35
1777984449.8251219,1,995,1200,367,120,34
1777984449.8277845,2,2570,1250,371,120,35
1777984449.8411586,1,1014,1150,369,120,34
1777984449.8436866,2,2589,1150,372,120,35
1777984449.8574955,1,1033,1150,372,120,34
1777984449.859977,2,2608,1150,375,120,35
1777984449.8740015,1,1053,1250,367,120,34
1777984449.8760738,2,2629,1150,378,120,35
1777984449.8897557,1,1072,1200,367,120,34
1777984449.8919306,2,2648,1250,374,120,35
1777984449.9061632,1,1090,1150,370,120,34
1777984449.9082382,2,2669,1250,371,120,35
1777984449.921446,1,1110,1200,371,120,34
1777984449.9237342,2,2686,1150,372,120,35
1777984449.9367814,1,1129,1200,371,120,34
1777984449.9390748,2,2705,1200,374,120,35
1777984449.9520574,1,1147,1200,371,120,34
1777984449.9541347,2,2723,1200,374,120,35
1777984449.968101,1,1167,1250,368,121,34
1777984449.9702604,2,2743,1200,374,120,35
1777984449.9837923,1,1186,1200,367,120,34
1777984449.9861479,2,2763,1300,368,120,35
1777984450.0001237,1,1205,1200,367,121,34
1777984450.002637,2,2781,1100,370,120,35
1777984450.016377,1,1225,1200,367,120,34
1777984450.0182915,2,2800,1150,375,120,35
1777984450.0308812,1,1244,1250,364,120,33
1777984450.0326357,2,2818,1150,378,120,35
1777984450.0453236,1,1261,1200,363,120,34
1777984450.046999,2,2836,1250,375,120,35
1777984450.0594249,1,1278,1200,363,121,34
1777984450.0611794,2,2854,1250,372,120,35
1777984450.0737293,1,1296,1200,363,120,34
1777984450.0754912,2,2870,1250,369,120,35
1777984450.0882409,1,1312,1150,367,121,34
1777984450.0899222,2,2887,1200,370,120,35
1777984450.1023848,1,1331,1250,365,121,34
1777984450.1041234,2,2904,1150,372,120,35
1777984450.1167178,1,1348,1250,363,120,34
1777984450.1184282,2,2921,1200,374,120,35
1777984450.130898,1,1364,1200,363,121,34
1777984450.1325424,2,2940,1200,374,120,35
1777984450.145216,1,1381,1200,363,121,34
1777984450.1470075,2,2958,1300,362,120,35
1777984450.159476,1,1399,1200,363,121,34
1777984450.1611543,2,2973,1150,355,120,35
1777984450.1736698,1,1416,1200,363,120,34
1777984450.1754174,2,2990,1150,345,120,35
1777984450.1878529,1,1433,1200,363,121,34
1777984450.1895168,2,3007,1150,331,120,35
1777984450.2025335,1,1451,1250,361,121,34
1777984450.2045317,2,3023,1150,313,121,35
1777984450.2172763,1,1469,1250,358,121,34
1777984450.219166,2,3039,1050,293,121,35
1777984450.232835,1,1487,1150,364,121,34
1777984450.2349377,2,3054,1050,269,121,35
1777984450.2477098,1,1505,1200,363,121,34
1777984450.2496862,2,3067,1000,247,121,35
1777984450.2631116,1,1523,1250,361,121,34
1777984450.2653682,2,3079,800,229,121,35
1777984450.2785587,1,1543,1200,359,121,34
1777984450.2802584,2,3091,750,211,121,35
1777984450.2932293,1,1561,1200,359,121,34
1777984450.2951875,2,3101,750,189,121,35
1777984450.3081782,1,1578,1200,359,121,34
1777984450.3100216,2,3111,750,162,121,35
1777984450.3229074,1,1596,1150,362,121,34
1777984450.3247645,2,3119,600,139,121,35
1777984450.3377311,1,1614,1200,363,121,34
1777984450.3396728,2,3126,500,117,121,35
1777984450.3533142,1,1632,1200,363,121,34
1777984450.3557317,2,3132,500,90,121,35
1777984450.369335,1,1651,1200,363,121,34
1777984450.3715506,2,3137,400,67,121,35
1777984450.3854613,1,1670,1200,363,121,34
1777984450.3881423,2,3141,300,48,121,35
1777984450.401584,1,1690,1200,363,121,34
1777984450.4038525,2,3143,150,36,121,35
1777984450.4171455,1,1709,1200,363,121,34
1777984450.419013,2,3143,50,30,121,35
1777984450.43218,1,1727,1200,363,121,34
1777984450.4344285,2,3144,50,27,121,35
1777984450.4482358,1,1747,1250,360,121,34
1777984450.450263,2,3144,50,24,121,35
1777984450.4630067,1,1766,1200,359,121,34
1777984450.4650018,2,3144,0,24,121,35
1777984450.4778929,1,1783,1150,361,121,34
1777984450.4796371,2,3144,0,24,121,35
1777984450.4921587,1,1800,1150,364,121,34
1777984450.493913,2,3144,0,24,121,35
1777984450.5064566,1,1817,1200,363,121,34
1777984450.5081801,2,3144,0,24,121,35
1777984450.5206792,1,1835,1200,363,121,34
1777984450.5223932,2,3144,0,24,121,35
1777984450.534871,1,1851,1200,363,121,34
1777984450.5365326,2,3144,0,24,121,35
1777984450.5492294,1,1868,1150,367,121,34
1777984450.550932,2,3144,0,24,121,35
1777984450.563881,1,1886,1200,367,121,34
1777984450.5657861,2,3144,0,24,121,35
1777984450.580092,1,1903,1200,367,121,34
1777984450.5817692,2,3144,0,24,121,35
1777984450.5942156,1,1923,1200,367,121,34
1777984450.595906,2,3144,0,24,121,35
1777984450.6088762,1,1940,1200,367,121,34
1777984450.6107225,2,3144,0,24,121,35
1777984450.6240697,1,1958,1200,367,121,34
1777984450.6260672,2,3144,0,24,121,35
1777984450.6390288,1,1976,1200,367,121,34
1777984450.6409347,2,3144,0,24,121,35
1777984450.6543484,1,1993,1200,367,121,34
1777984450.6567388,2,3144,0,24,121,35
1777984450.67074,1,2014,1200,367,121,34
1777984450.6730716,2,3144,0,24,121,35
1777984450.686624,1,2034,1250,364,121,34
1777984450.6891756,2,3144,0,24,121,35
1777984450.7030516,1,2053,1200,363,121,34
1777984450.7051399,2,3144,0,24,121,35
1777984450.7185135,1,2072,1150,365,121,34
1777984450.7209935,2,3144,0,24,121,35
1777984450.7342606,1,2090,1150,368,121,34
1777984450.7368116,2,3144,0,24,121,35
1777984450.7501884,1,2110,1150,372,121,34
1777984450.7524917,2,3144,0,24,121,35
1777984450.7656434,1,2129,1250,368,121,34
1777984450.7676578,2,3144,0,24,121,35
1777984450.7807846,1,2147,1200,367,121,34
1777984450.7831094,2,3144,0,24,121,35
1777984450.7966263,1,2165,1200,367,121,34
1777984450.798556,2,3144,0,24,121,35
1777984450.8117049,1,2184,1200,367,121,34
1777984450.8137455,2,3144,0,24,121,35
1777984450.8273077,1,2202,1200,363,121,34
1777984450.8293233,2,3144,0,24,121,35
1777984450.8428805,1,2222,1200,355,121,34
1777984450.8448367,2,3144,0,24,121,35
1777984450.8582358,1,2240,1200,340,121,34
1777984450.8604877,2,3144,0,24,121,35
1777984450.8740823,1,2258,1200,322,121,34
1777984450.876201,2,3144,0,24,121,35
1777984450.8893788,1,2275,1150,301,121,34
1777984450.8913293,2,3144,0,24,121,35
1777984450.9044194,1,2290,1050,284,121,34
1777984450.9063435,2,3144,0,24,121,35
1777984450.9190164,1,2305,1000,264,121,34
1777984450.9211047,2,3144,0,24,121,35
1777984450.9350336,1,2319,1000,241,121,34
1777984450.9373639,2,3144,0,24,121,35
1777984450.950481,1,2332,900,216,121,34
1777984450.952722,2,3144,0,24,121,35
1777984450.9651928,1,2343,850,192,121,34
1777984450.966909,2,3144,0,24,121,35
1777984450.9797742,1,2353,700,171,121,34
1777984450.9815383,2,3144,0,24,121,35
1777984450.9943886,1,2361,600,149,121,34
1777984450.996277,2,3144,0,24,121,35
1777984451.009282,1,2369,600,126,121,34
1777984451.0112112,2,3144,0,24,121,35
1777984451.0241632,1,2375,450,109,121,34
1777984451.025957,2,3144,0,24,121,35
1777984451.0395067,1,2381,450,85,121,34
1777984451.041937,2,3144,0,24,121,35
1777984451.0550559,1,2386,300,61,121,34
1777984451.0570455,2,3144,0,24,121,35
1777984451.0700011,1,2389,300,43,121,34
1777984451.0718815,2,3144,0,24,121,35
1777984451.0856993,1,2390,150,35,121,34
1777984451.0879557,2,3144,0,24,121,35
1777984451.101048,1,2392,150,25,121,34
1777984451.1030662,2,3144,0,24,121,35
1777984451.1167772,1,2393,50,19,121,34
1777984451.1188326,2,3144,0,24,121,35
1777984451.1317909,1,2393,50,0,121,34
1777984451.133746,2,3144,0,24,121,35
1777984451.1462514,1,2394,0,17,121,34
1777984451.148018,2,3144,0,24,121,35
1777984451.1611307,1,2394,50,17,121,34
1777984451.162806,2,3144,0,24,121,35
1777984451.1763148,1,2393,-50,17,121,34
1777984451.1779945,2,3144,0,24,121,35
1777984451.1906781,1,2394,-50,18,121,34
1777984451.192493,2,3144,0,24,121,35
1777984451.205778,1,2394,50,18,121,34
1777984451.2077324,2,3144,0,24,121,35
1777984451.2208197,1,2394,-50,0,121,34
1777984451.2227209,2,3144,0,24,121,35
1777984451.2357664,1,2394,50,17,121,34
1777984451.2379959,2,3144,0,24,121,35
1777984451.2520113,1,2393,50,19,121,34
1777984451.2544787,2,3144,0,24,121,35
1777984451.268001,1,2393,0,18,121,34
1777984451.2702057,2,3144,0,24,121,35
1777984451.284391,1,2393,-50,17,121,34
1777984451.286552,2,3144,0,24,121,35
1777984451.29929,1,2394,0,17,121,34
1777984451.3009944,2,3144,0,24,121,35
1777984451.313882,1,2394,50,0,121,34
1777984451.3160832,2,3144,0,24,121,35
1777984451.3293695,1,2394,50,19,121,34
1777984451.3313277,2,3144,0,24,121,35
1777984451.3443682,1,2393,-50,17,121,34
1777984451.3462627,2,3144,0,24,121,35
1777984451.3595319,1,2393,0,17,121,34
1777984451.3616974,2,3144,0,24,121,35
1777984451.3746452,1,2394,50,17,121,34
1777984451.3767638,2,3144,0,24,121,35
1777984451.3898368,1,2393,50,19,121,34
1777984451.3918736,2,3144,0,24,121,35
1777984451.4052534,1,2394,-50,17,121,34
1777984451.4072614,2,3144,0,24,121,35
1777984451.4200478,1,2394,50,17,121,34
1777984451.4220734,2,3144,0,24,121,35
1777984451.4353135,1,2394,0,18,121,34
1777984451.4375486,2,3144,0,24,121,35
1777984451.450131,1,2394,0,18,121,34
1777984451.4520202,2,3144,0,24,121,35
1777984451.4656835,1,2394,0,18,121,34
1777984451.4680712,2,3144,0,24,121,35
1777984451.4813228,1,2394,-50,17,121,34
1777984451.4833357,2,3144,0,24,121,35
1777984451.4963505,1,2394,50,17,121,34
1777984451.4989183,2,3144,0,24,121,35
1777984451.5124674,1,2394,-50,17,121,34
1777984451.5151887,2,3144,0,24,121,35
1777984451.52929,1,2393,-50,18,121,34
1777984451.5311992,2,3144,0,24,121,35
1777984451.5448172,1,2394,0,17,121,34
1777984451.5467665,2,3144,0,24,121,35
1777984451.5602875,1,2394,50,17,121,34
1777984451.5629826,2,3144,0,24,121,35
1777984451.5758276,1,2393,-50,0,121,34
1777984451.5777202,2,3144,0,24,121,35
1777984451.5911517,1,2394,-50,18,121,34
1777984451.59311,2,3144,0,24,121,35
1777984451.6060963,1,2394,50,18,121,34
1777984451.6085124,2,3144,0,24,121,35
1777984451.6218061,1,2394,-50,17,121,34
1777984451.6238244,2,3144,0,24,121,35
1777984451.6371818,1,2394,50,18,121,34
1777984451.6393378,2,3144,0,22,121,35
1777984451.6527798,1,2393,-50,24,121,34
1777984451.6550188,2,3144,0,0,121,35
1777984451.6687276,1,2393,-50,33,121,34
1777984451.67112,2,3144,0,28,121,35
1777984451.6842422,1,2393,0,49,121,34
1777984451.6863737,2,3144,0,45,121,35
1777984451.6993968,1,2392,0,70,121,34
1777984451.7016153,2,3144,0,66,121,35
1777984451.7153475,1,2391,-50,95,121,34
1777984451.7171926,2,3144,0,93,121,35
1777984451.729944,1,2389,-50,121,121,34
1777984451.7319243,2,3141,-100,120,121,35
1777984451.7451117,1,2385,-150,145,121,34
1777984451.747467,2,3137,-100,149,121,35
1777984451.7601466,1,2380,-300,165,121,34
1777984451.7619185,2,3131,-300,167,120,35
1777984451.775113,1,2373,-400,186,121,34
1777984451.7772799,2,3124,-450,186,121,35
1777984451.790434,1,2365,-400,209,121,34
1777984451.792167,2,3115,-550,203,120,35
1777984451.8049304,1,2357,-500,230,121,34
1777984451.806919,2,3107,-550,223,120,35
1777984451.8210192,1,2347,-600,251,120,34
1777984451.823184,2,3096,-600,245,121,35
1777984451.8367887,1,2335,-700,274,120,34
1777984451.8389354,2,3084,-650,270,120,35
1777984451.8531282,1,2322,-800,296,120,34
1777984451.8555956,2,3070,-850,292,120,35
1777984451.8687632,1,2308,-800,321,120,34
1777984451.8708673,2,3058,-800,314,120,35
1777984451.883963,1,2291,-900,339,120,34
1777984451.8856697,2,3043,-800,338,120,35
1777984451.898269,1,2276,-1050,347,120,34
1777984451.9003096,2,3027,-950,352,120,35
1777984451.9138403,1,2260,-1050,356,120,34
1777984451.9159486,2,3009,-1100,360,120,35
1777984451.9285555,1,2243,-1050,366,120,34
1777984451.9305198,2,2993,-1200,363,120,35
1777984451.94387,1,2225,-1150,367,120,34
1777984451.9458048,2,2974,-1200,363,120,35
1777984451.9589124,1,2207,-1150,370,120,34
1777984451.9607465,2,2957,-1200,363,120,35
1777984451.9734817,1,2189,-1200,371,120,34
1777984451.9751666,2,2940,-1100,368,120,35
1777984451.987951,1,2171,-1200,371,120,34
1777984451.989989,2,2922,-1250,370,120,35
1777984452.0033827,1,2153,-1200,371,120,34
1777984452.0057557,2,2902,-1250,367,120,35
1777984452.0190141,1,2135,-1200,371,120,34
1777984452.021207,2,2884,-1250,363,120,35
1777984452.033879,1,2116,-1200,371,120,34
1777984452.0355492,2,2867,-1200,363,120,35
1777984452.0480397,1,2099,-1200,371,121,34
1777984452.0497217,2,2851,-1100,366,120,35
1777984452.062252,1,2082,-1250,367,120,34
1777984452.0639765,2,2832,-1100,371,120,35
1777984452.0764751,1,2064,-1200,367,121,34
1777984452.0781941,2,2815,-1250,368,120,35
1777984452.0910478,1,2047,-1150,369,120,34
1777984452.0929499,2,2797,-1200,367,120,35
1777984452.1057117,1,2029,-1150,371,120,34
1777984452.1076438,2,2780,-1200,367,120,35
1777984452.121012,1,2011,-1200,371,120,34
1777984452.123086,2,2762,-1250,363,120,35
1777984452.1365643,1,1993,-1250,368,120,34
1777984452.1387496,2,2744,-1100,369,120,35
1777984452.152155,1,1973,-1200,367,121,34
1777984452.1545093,2,2723,-1250,369,120,35
1777984452.1676567,1,1955,-1200,367,121,34
1777984452.169326,2,2704,-1250,366,120,35
1777984452.1820705,1,1936,-1200,367,120,34
1777984452.184229,2,2687,-1250,363,120,35
1777984452.1981778,1,1918,-1200,367,121,34
1777984452.2004273,2,2669,-1200,363,120,35
1777984452.2134545,1,1899,-1200,367,121,34
1777984452.215193,2,2650,-1150,366,120,35
1777984452.2280183,1,1881,-1200,367,120,34
1777984452.229722,2,2633,-1200,367,120,35
1777984452.2433128,1,1865,-1200,367,120,34
1777984452.2452917,2,2613,-1200,367,120,35
1777984452.2586937,1,1845,-1200,367,120,34
1777984452.2607262,2,2594,-1250,363,120,35
1777984452.2733722,1,1827,-1150,369,121,34
1777984452.2757401,2,2578,-1200,363,120,35
1777984452.2895608,1,1808,-1250,370,120,34
1777984452.2918434,2,2560,-1100,367,120,36
1777984452.3049414,1,1788,-1250,366,120,34
1777984452.3070388,2,2541,-1100,373,120,35
1777984452.3212285,1,1771,-1200,367,120,34
1777984452.323412,2,2520,-1200,371,120,35
1777984452.3367271,1,1750,-1200,367,121,34
1777984452.3389761,2,2501,-1250,368,120,35
1777984452.3529058,1,1731,-1200,367,121,34
1777984452.3553903,2,2481,-1200,367,120,35
1777984452.3684998,1,1711,-1250,366,120,34
1777984452.3703613,2,2464,-1150,369,120,35
1777984452.3835065,1,1693,-1250,363,120,34
1777984452.385739,2,2446,-1150,372,120,35
1777984452.3992586,1,1675,-1200,363,120,34
1777984452.4015806,2,2426,-1250,367,120,35
1777984452.4149435,1,1656,-1200,363,121,34
1777984452.4171524,2,2407,-1200,367,120,35
1777984452.4299715,1,1637,-1150,365,121,34
1777984452.4319503,2,2389,-1250,365,120,35
1777984452.445666,1,1619,-1150,368,120,34
1777984452.4484348,2,2370,-1150,364,120,35
1777984452.4622817,1,1599,-1200,367,120,34
1777984452.464847,2,2350,-1150,368,120,35
1777984452.478445,1,1579,-1250,364,120,34
1777984452.4805005,2,2331,-1200,367,120,35
1777984452.4930654,1,1561,-1200,363,120,34
1777984452.4947357,2,2314,-1200,367,120,35
1777984452.507273,1,1544,-1200,363,120,34
1777984452.5090332,2,2296,-1200,367,120,35
1777984452.5214794,1,1526,-1200,363,120,34
1777984452.5231974,2,2280,-1200,367,120,35
1777984452.5356984,1,1509,-1200,363,120,34
1777984452.537404,2,2263,-1150,370,120,35
1777984452.5501711,1,1493,-1200,363,120,34
1777984452.5520434,2,2245,-1200,371,120,35
1777984452.5651915,1,1474,-1200,363,120,34
1777984452.567263,2,2226,-1250,370,120,35
1777984452.5800524,1,1456,-1200,363,120,34
1777984452.5817626,2,2208,-1250,367,120,35
1777984452.5944219,1,1439,-1200,363,121,34
1777984452.5963306,2,2191,-1200,367,120,35
1777984452.6092198,1,1420,-1200,363,121,34
1777984452.611153,2,2173,-1200,367,120,35
1777984452.624097,1,1403,-1200,363,120,34
1777984452.6260006,2,2155,-1200,362,120,35
1777984452.6391358,1,1385,-1250,359,121,34
1777984452.6415553,2,2137,-1200,353,120,35
1777984452.6547496,1,1366,-1150,362,121,34
1777984452.65673,2,2118,-1200,338,120,35
1777984452.669952,1,1349,-1200,363,121,34
1777984452.672016,2,2101,-1200,320,120,35
1777984452.6852791,1,1329,-1200,363,121,34
1777984452.687439,2,2084,-1050,301,121,35
1777984452.700399,1,1311,-1250,359,121,34
1777984452.7022345,2,2070,-1050,283,121,35
1777984452.7151024,1,1293,-1200,359,121,34
1777984452.7172303,2,2056,-950,266,121,35
1777984452.7300677,1,1275,-1150,361,121,34
1777984452.7323155,2,2042,-950,245,121,35
1777984452.7451806,1,1257,-1150,364,121,34
1777984452.747712,2,2029,-850,222,121,35
1777984452.761481,1,1238,-1200,363,121,34
1777984452.763726,2,2017,-850,193,121,35
1777984452.7770984,1,1219,-1200,363,121,34
1777984452.7790704,2,2006,-750,172,121,35
1777984452.7921119,1,1200,-1200,363,121,34
1777984452.7940383,2,1998,-650,149,121,35
1777984452.8072004,1,1183,-1200,363,121,34
1777984452.809118,2,1991,-500,127,121,35
1777984452.822622,1,1165,-1200,363,121,34
1777984452.8254414,2,1985,-500,104,121,35
1777984452.8393915,1,1145,-1200,363,121,34
1777984452.8413644,2,1979,-400,83,121,35
1777984452.8540437,1,1125,-1200,363,121,34
1777984452.8559327,2,1976,-300,65,121,35
1777984452.8697076,1,1108,-1250,361,121,34
1777984452.8719175,2,1973,-200,51,121,35
1777984452.8850412,1,1089,-1250,358,121,34
1777984452.887042,2,1971,-150,41,121,35
1777984452.8998463,1,1071,-1150,363,121,34
1777984452.9019878,2,1970,-150,32,121,35
1777984452.9147172,1,1053,-1150,366,121,34
1777984452.9168515,2,1968,-100,26,121,35
1777984452.9308665,1,1035,-1200,367,121,34
1777984452.9336941,2,1968,-50,23,121,35
1777984452.947628,1,1014,-1250,365,121,34
1777984452.9497876,2,1968,0,21,121,35
1777984452.962532,1,995,-1250,362,121,34
1777984452.9644506,2,1968,0,21,121,35
1777984452.9769666,1,978,-1200,363,121,34
1777984452.9787052,2,1968,0,21,121,35
1777984452.9912193,1,961,-1150,365,121,34
1777984452.9929254,2,1968,0,21,121,35
1777984453.0057278,1,944,-1200,367,121,34
1777984453.0077565,2,1968,0,21,121,35
1777984453.0207286,1,926,-1200,367,121,34
1777984453.0224779,2,1968,0,21,121,35
1777984453.0349863,1,907,-1250,364,121,34
1777984453.037244,2,1968,0,21,121,35
1777984453.0513268,1,889,-1200,363,121,34
1777984453.0533953,2,1968,0,21,121,35
1777984453.066297,1,870,-1200,363,121,34
1777984453.0684426,2,1968,0,21,121,35
1777984453.0822413,1,853,-1200,363,121,34
1777984453.084261,2,1968,0,21,121,35
1777984453.0975142,1,833,-1150,367,121,33
1777984453.0994852,2,1968,0,21,121,35
1777984453.1129365,1,815,-1250,364,121,34
1777984453.1150455,2,1968,0,21,121,35
1777984453.128105,1,796,-1150,365,121,34
1777984453.1299324,2,1968,0,21,121,35
1777984453.1430573,1,778,-1150,368,121,34
1777984453.144708,2,1968,0,21,121,35
1777984453.1578307,1,762,-1200,367,121,34
1777984453.1595595,2,1968,0,21,121,35
1777984453.1722968,1,743,-1200,367,121,34
1777984453.1745255,2,1968,0,21,121,35
1777984453.188041,1,724,-1250,365,121,34
1777984453.1899445,2,1968,0,21,121,35
1777984453.2027214,1,706,-1250,358,121,34
1777984453.2047057,2,1968,0,21,121,35
1777984453.2181897,1,687,-1200,350,121,34
1777984453.2199616,2,1968,0,21,121,35
1777984453.2327578,1,670,-1200,337,121,34
1777984453.2347026,2,1968,0,21,121,35
1777984453.2483327,1,653,-1100,324,121,34
1777984453.250213,2,1968,0,21,121,35
1777984453.2627919,1,636,-1100,307,121,34
1777984453.2644918,2,1968,0,21,121,35
1777984453.2773514,1,621,-1150,285,121,34
1777984453.2792606,2,1968,0,20,121,35
1777984453.2926192,1,606,-1000,266,121,34
1777984453.2946658,2,1968,0,19,121,35
1777984453.3072329,1,593,-950,243,121,34
1777984453.3089347,2,1968,0,19,121,35
1777984453.321765,1,581,-950,220,121,34
1777984453.3238711,2,1968,0,19,121,35
1777984453.337359,1,569,-800,201,121,34
1777984453.3397987,2,1968,0,19,121,35
1777984453.3532093,1,558,-750,178,121,34
1777984453.3554294,2,1968,0,19,121,35
1777984453.3696227,1,548,-650,154,121,34
1777984453.372047,2,1968,0,19,121,35
1777984453.385369,1,539,-550,128,121,34
1777984453.3873155,2,1968,0,19,121,35
1777984453.4010136,1,533,-550,104,121,34
1777984453.402931,2,1968,0,19,121,35
1777984453.4157205,1,527,-450,82,121,34
1777984453.4175742,2,1968,0,19,121,35
1777984453.4307966,1,523,-350,60,121,34
1777984453.4331007,2,1968,0,19,121,35
1777984453.4463332,1,520,-200,43,121,34
1777984453.4480395,2,1968,0,19,121,35
1777984453.4605465,1,518,-200,31,121,34
1777984453.4624043,2,1968,0,19,121,35
1777984453.4757102,1,517,-150,23,121,34
1777984453.477976,2,1968,0,19,121,35
1777984453.4906638,1,516,0,22,121,34
1777984453.4923394,2,1968,0,19,121,35
1777984453.5053577,1,516,-50,20,121,34
1777984453.5070086,2,1968,0,19,121,35
1777984453.5197496,1,516,-50,18,121,34
1777984453.5217075,2,1968,0,19,121,35
1777984453.5348868,1,516,0,18,121,34
1777984453.5368145,2,1968,0,19,121,35
1777984453.5493212,1,516,0,18,121,34
1777984453.5511994,2,1968,0,19,121,35
1777984453.5648553,1,516,0,18,121,34
1777984453.5669434,2,1968,0,19,121,35
1777984453.5796263,1,516,0,18,121,34
1777984453.5815077,2,1968,0,19,121,35
1777984453.594724,1,516,0,18,121,34
1777984453.5969412,2,1968,0,19,121,35
1777984453.610049,1,516,0,18,121,34
1777984453.6117623,2,1968,0,19,121,35
1777984453.6242263,1,516,0,18,121,34
1777984453.6259294,2,1968,0,19,121,35
1777984453.6385942,1,516,0,18,121,34
1777984453.6405442,2,1968,0,19,121,35
1777984453.6537287,1,516,0,18,121,34
1777984453.6557734,2,1968,0,19,121,35
1777984453.668399,1,516,0,18,121,34
1777984453.6702776,2,1968,0,19,121,35
1777984453.6835968,1,516,0,18,121,34
1777984453.6854837,2,1968,0,19,121,35
1777984453.6983507,1,516,0,18,121,34
1777984453.7002983,2,1968,0,19,121,35
1777984453.7138336,1,516,0,18,121,34
1777984453.715971,2,1968,0,19,121,35
1777984453.7286553,1,516,0,18,121,34
1777984453.7309003,2,1968,0,19,121,35
1777984453.7447565,1,516,0,18,121,34
1777984453.7472343,2,1968,0,19,121,35
1777984453.760829,1,516,0,18,121,34
1777984453.7628016,2,1968,0,19,121,35
1777984453.7759519,1,516,0,18,121,34
1777984453.7778406,2,1968,0,19,121,35
1777984453.7912755,1,516,0,18,121,34
1777984453.79344,2,1968,0,19,121,35
1777984453.8070898,1,516,0,18,121,34
1777984453.8090043,2,1968,0,19,121,35
1777984453.8221345,1,516,0,18,121,34
1777984453.8244984,2,1968,0,19,121,35
1777984453.8383148,1,516,0,18,121,34
1777984453.8408031,2,1968,0,19,121,35
1777984453.8540683,1,516,0,18,121,34
1777984453.856588,2,1968,0,19,121,35
1777984453.8707132,1,516,0,18,121,34
1777984453.8728166,2,1968,0,19,121,35
1777984453.886458,1,516,0,18,121,34
1777984453.8884313,2,1968,0,19,121,35
1777984453.9018235,1,516,0,18,121,34
1777984453.9040792,2,1968,0,19,121,35
1777984453.9181287,1,516,0,18,121,34
1777984453.9204686,2,1968,0,19,121,35
1777984453.9338248,1,516,0,18,121,33
1777984453.9364953,2,1968,0,19,121,35
1777984453.9502814,1,516,0,18,121,34
1777984453.9525344,2,1968,0,19,121,35
1777984453.9665112,1,516,0,18,121,34
1777984453.9689426,2,1968,0,19,121,35
1777984453.982562,1,516,0,18,121,34
1777984453.9848387,2,1968,0,19,121,35
1777984453.999034,1,516,0,18,121,34
1777984454.0014193,2,1968,0,19,121,35
1777984454.0145063,1,516,0,18,121,34
1777984454.0170457,2,1968,0,19,121,35
1777984454.0311542,1,516,0,18,121,34
1777984454.0332336,2,1968,0,19,121,35
1777984454.0463686,1,516,0,18,121,34
1777984454.048385,2,1968,0,19,121,35
1777984454.061405,1,516,0,18,121,34
1777984454.0635989,2,1968,0,19,121,35
1777984454.0770702,1,516,0,18,121,34
1777984454.0790474,2,1968,0,19,121,35
1777984454.092366,1,516,0,18,121,34
1777984454.0947318,2,1968,0,19,121,35
1777984454.1079094,1,516,0,18,121,34
1777984454.1099095,2,1968,0,19,121,35
1777984454.1235769,1,516,0,18,121,34
1777984454.1258855,2,1968,0,19,121,35
1777984454.1397455,1,516,0,18,121,34
1777984454.1420145,2,1968,0,19,121,35
1777984454.1556978,1,516,0,18,121,34
1777984454.1578166,2,1968,0,19,121,35
1777984454.1710782,1,516,0,18,121,34
1777984454.1732342,2,1968,0,19,121,35
1777984454.1869373,1,516,0,18,121,34
1777984454.1892667,2,1968,0,19,121,35
1777984454.2021468,1,516,0,18,121,34
1777984454.2042327,2,1968,0,19,121,35
1777984454.2184253,1,516,0,18,121,34
1777984454.221051,2,1968,0,19,121,35
1777984454.2347567,1,516,0,18,121,34
1777984454.236783,2,1968,0,19,121,35
1777984454.2498202,1,516,0,18,121,34
1777984454.251745,2,1968,0,19,121,35
1777984454.2651265,1,516,0,18,121,34
1777984454.2674792,2,1968,0,19,121,35
1777984454.2804985,1,516,0,18,121,34
1777984454.2828634,2,1968,0,19,121,35
1777984454.2968345,1,516,0,18,121,34
1777984454.299349,2,1968,0,19,121,35
1777984454.3124938,1,516,0,18,121,34
1777984454.3148992,2,1968,0,19,121,35
1777984454.32856,1,516,0,18,121,34
1777984454.330836,2,1968,0,19,121,35
1777984454.344117,1,516,0,18,121,34
1777984454.346189,2,1968,0,19,121,35
1777984454.3600075,1,516,0,18,121,34
1777984454.362022,2,1968,0,19,121,35
1777984454.3758843,1,516,0,18,121,34
1777984454.3781087,2,1968,0,19,121,35
1777984454.3915336,1,516,0,18,121,34
1777984454.3937476,2,1968,0,19,121,35
1777984454.4073293,1,516,0,18,121,34
1777984454.4093037,2,1968,0,19,121,35
1777984454.422751,1,516,0,18,121,34
1777984454.4248102,2,1968,0,19,121,35
1777984454.437885,1,516,0,18,121,34
1777984454.4401286,2,1968,0,19,121,35
1777984454.4533722,1,516,0,18,121,34
1777984454.4556544,2,1968,0,19,121,35
1777984454.469708,1,516,0,18,121,34
1777984454.4720454,2,1968,0,19,121,35
1777984454.4860728,1,516,0,18,121,34
1777984454.488215,2,1968,0,19,121,35
1777984454.5017612,1,516,0,18,121,34
1777984454.5035367,2,1968,0,19,121,35
1777984454.5161994,1,516,0,18,121,34
1777984454.5179408,2,1968,0,19,121,35
1777984454.5306747,1,516,0,18,121,34
1777984454.5325224,2,1968,0,19,121,35
1777984454.545276,1,516,0,18,121,34
1777984454.5474403,2,1968,0,19,121,35
1777984454.5602007,1,516,0,18,121,34
1777984454.5620883,2,1968,0,19,121,35
1777984454.5754607,1,516,0,18,121,34
1777984454.5773695,2,1968,0,19,121,35
1777984454.590289,1,516,0,18,121,34
1777984454.5922947,2,1968,0,19,121,35
1777984454.605334,1,516,0,18,121,34
1777984454.607467,2,1968,0,19,121,35
1777984454.619982,1,516,0,18,121,34
1777984454.6217206,2,1968,0,19,121,35
1777984454.6343315,1,516,0,18,121,34
1777984454.6360826,2,1968,0,19,121,35
1777984454.6485252,1,516,0,18,121,34
1777984454.6502283,2,1968,0,19,121,35
1777984454.6627781,1,516,0,18,121,34
1777984454.664473,2,1968,0,19,121,35
1777984454.6772332,1,516,0,18,121,34
1777984454.678947,2,1968,0,19,121,35
1777984454.6918066,1,516,0,18,121,34
1777984454.6935062,2,1968,0,19,121,35
1777984454.706188,1,516,0,18,121,34
1777984454.7080483,2,1968,0,19,121,35
1777984454.7207963,1,516,0,18,121,34
1777984454.722731,2,1968,0,19,121,35
1777984454.736363,1,516,0,18,121,34
1777984454.7382703,2,1968,0,19,121,35
1777984454.7511404,1,516,0,18,121,34
1777984454.7530959,2,1968,0,19,121,35
1777984454.766494,1,516,0,18,121,34
1777984454.7685301,2,1968,0,19,121,35
1777984454.7812412,1,516,0,18,121,34
1777984454.7831285,2,1968,0,19,121,35
1777984454.7964864,1,516,0,18,121,34
1777984454.798531,2,1968,0,19,121,35
1777984454.8112915,1,516,0,18,121,33
1777984454.8132436,2,1968,0,19,121,35
1777984454.826709,1,516,0,18,121,34
1777984454.8287866,2,1968,0,19,121,35
1777984454.842137,1,516,0,18,121,34
1777984454.8439038,2,1968,0,19,121,35
1777984454.8567097,1,516,0,18,121,34
1777984454.8584821,2,1968,0,19,121,35
1777984454.8709736,1,516,0,18,121,34
1777984454.87296,2,1968,0,19,121,35
1777984454.8867157,1,516,0,18,121,34
1777984454.8889582,2,1968,0,19,121,35
1777984454.9015367,1,516,0,18,121,34
1777984454.90327,2,1968,0,19,121,35
1777984454.9160292,1,516,0,18,121,34
1777984454.9184897,2,1968,0,19,121,35
1777984454.932243,1,516,0,18,121,34
1777984454.9350302,2,1968,0,19,121,35
1777984454.9486442,1,516,0,18,121,34
1777984454.9514248,2,1968,0,19,121,35
1777984454.9648685,1,516,0,18,121,34
1777984454.9668589,2,1968,0,19,121,35
1777984454.9802294,1,516,0,18,121,34
1777984454.9826107,2,1968,0,19,121,35
1777984454.9971561,1,516,0,18,121,34
1777984454.999533,2,1968,0,19,121,35
1777984455.012744,1,516,0,18,121,34
1777984455.0147858,2,1968,0,19,121,35
1777984455.0276031,1,516,0,18,121,34
1777984455.029282,2,1968,0,19,121,35
1777984455.0419552,1,516,0,18,121,34
1777984455.0436802,2,1968,0,19,121,35
1777984455.0565698,1,516,0,18,121,34
1777984455.058691,2,1968,0,19,121,35
1777984455.0718331,1,516,0,18,121,34
1777984455.0742035,2,1968,0,19,121,35
1777984455.087457,1,516,0,18,121,34
1777984455.0898468,2,1968,0,19,121,35
1777984455.10355,1,516,0,18,121,34
1777984455.1057842,2,1968,0,19,121,35
1777984455.118747,1,516,0,18,121,34
1777984455.1206017,2,1968,0,19,121,35
1777984455.1337793,1,516,0,18,121,34
1777984455.1359112,2,1968,0,19,121,35
1777984455.1488254,1,516,0,18,121,34
1777984455.1507432,2,1968,0,19,121,35
1777984455.1640146,1,516,0,18,121,34
1777984455.1661835,2,1968,0,19,121,36
1777984455.179526,1,516,0,18,121,34
1777984455.1815147,2,1968,0,19,121,35
1777984455.1943371,1,516,0,18,121,34
1777984455.1962543,2,1968,0,19,121,35
1777984455.2095497,1,516,0,18,121,34
1777984455.2115598,2,1968,0,19,121,35
1777984455.2242103,1,516,0,18,121,34
1777984455.2259512,2,1968,0,19,121,35
1777984455.2387826,1,516,0,18,121,34
1777984455.2405043,2,1968,0,19,121,35
1777984455.2532675,1,516,0,18,121,34
1777984455.2552648,2,1968,0,19,121,35
1777984455.2687058,1,516,0,18,121,34
1777984455.2709026,2,1968,0,19,121,35
1777984455.2835019,1,516,0,18,121,34
1777984455.2856,2,1968,0,19,121,35
1777984455.299127,1,516,0,18,121,34
1777984455.3012025,2,1968,0,19,121,35
1777984455.3138552,1,516,0,18,121,34
1777984455.31573,2,1968,0,19,121,35
1777984455.3290393,1,516,0,18,121,34
1777984455.331228,2,1968,0,19,121,35
1777984455.3448231,1,516,0,18,121,34
1777984455.3467546,2,1968,0,19,121,35
1777984455.3593285,1,516,0,18,121,34
1777984455.3612282,2,1968,0,19,121,35
1777984455.3748605,1,516,0,18,121,34
1777984455.376985,2,1968,0,19,121,35
1777984455.3900073,1,516,0,18,121,34
1777984455.3917253,2,1968,0,19,121,35
1777984455.4046817,1,516,0,18,121,34
1777984455.4063509,2,1968,0,19,121,35
1777984455.4190457,1,516,0,18,121,34
1777984455.4210162,2,1968,0,19,121,35
1777984455.434231,1,516,0,18,121,34
1777984455.4362571,2,1968,0,19,121,36
1777984455.4491982,1,516,0,18,121,34
1777984455.4509537,2,1968,0,19,121,35
1777984455.463567,1,516,0,18,121,34
1777984455.465804,2,1968,0,19,121,35
1777984455.4790835,1,516,0,18,121,34
1777984455.4816775,2,1968,0,19,121,35
1777984455.4947658,1,516,0,18,121,34
1777984455.49689,2,1968,0,19,121,35
1777984455.5106056,1,516,0,18,121,34
1777984455.5127778,2,1968,0,19,121,35
1777984455.5258987,1,516,0,18,121,34
1777984455.52781,2,1968,0,19,121,35
1777984455.5412087,1,516,0,18,121,34
1777984455.5429814,2,1968,0,19,121,35
1777984455.5559616,1,516,0,18,121,34
1777984455.558034,2,1968,0,19,121,35
1777984455.5711079,1,516,0,18,121,34
1777984455.5732813,2,1968,0,19,121,35
1777984455.5865784,1,516,0,18,121,34
1777984455.5889769,2,1968,0,19,121,35
1777984455.6019988,1,516,0,18,121,33
1777984455.603961,2,1968,0,19,121,35
1777984455.6171298,1,516,0,18,121,34
1777984455.6191103,2,1968,0,19,121,35
1777984455.632417,1,516,0,18,121,34
1777984455.6344953,2,1968,0,19,121,35
1777984455.6477766,1,516,0,18,121,34
1777984455.6502216,2,1968,0,19,121,35
1777984455.662793,1,516,0,18,121,34
1777984455.6645072,2,1968,0,19,121,35
1777984455.6774366,1,516,0,18,121,34
1777984455.679288,2,1968,0,19,121,35
1777984455.6923747,1,516,0,18,121,34
1777984455.6943853,2,1968,0,19,121,35
1777984455.7079625,1,516,0,18,121,34
1777984455.7100866,2,1968,0,19,121,35
1777984455.7232034,1,516,0,18,121,34
1777984455.7253792,2,1968,0,19,121,35
1777984455.7388616,1,516,0,18,121,34
1777984455.7411513,2,1968,0,19,121,35
1777984455.754705,1,516,0,18,121,34
1777984455.7567472,2,1968,0,19,121,35
1777984455.7700584,1,516,0,18,121,34
1777984455.7726421,2,1968,0,19,121,35
1777984455.786245,1,516,0,18,121,34
1777984455.7882593,2,1968,0,19,121,35
1777984455.8014312,1,516,0,18,121,34
1777984455.8034294,2,1968,0,19,121,35
1777984455.8166952,1,516,0,18,121,34
1777984455.8188417,2,1968,0,19,121,35
1777984455.8322923,1,516,0,18,121,34
1777984455.8347578,2,1968,0,19,121,35
1777984455.8485558,1,516,0,18,121,34
1777984455.8503296,2,1968,0,19,121,35
1777984455.8631418,1,516,0,18,121,34
1777984455.865028,2,1968,0,19,121,35
1777984455.8785594,1,516,0,18,121,34
1777984455.8804862,2,1968,0,19,121,35
1777984455.8930411,1,516,0,18,121,34
1777984455.8947825,2,1968,0,19,121,35
1777984455.907611,1,516,0,18,121,34
1777984455.9092832,2,1968,0,19,121,35
1777984455.9222047,1,516,0,18,121,34
1777984455.9242609,2,1968,0,19,121,35
1777984455.9372458,1,516,0,18,121,34
1777984455.9389517,2,1968,0,19,121,35
1777984455.9516473,1,516,0,18,121,34
1777984455.9535017,2,1968,0,19,121,35
1777984455.967082,1,516,0,18,121,34
1777984455.9692047,2,1968,0,19,121,35
1777984455.9818172,1,516,0,18,121,34
1777984455.9834905,2,1968,0,19,121,36
1777984455.9959905,1,516,0,18,121,34
1777984455.9978313,2,1968,0,19,121,35
1777984456.0111833,1,516,0,18,121,34
1777984456.0131829,2,1968,0,19,121,35
1777984456.0257685,1,516,0,18,121,34
1777984456.0275118,2,1968,0,19,121,35
1777984456.0399585,1,516,0,18,121,34
1777984456.0416827,2,1968,0,19,121,35
1777984456.054035,1,516,0,18,121,34
1777984456.0557568,2,1968,0,19,121,34
1777984456.0685544,1,516,0,18,121,34
1777984456.0709438,2,1968,0,19,121,35
1777984456.084315,1,516,0,18,121,34
1777984456.0866044,2,1968,0,19,121,35
1777984456.0994387,1,516,0,18,121,34
1777984456.1012821,2,1968,0,19,121,35
1777984456.114677,1,516,0,18,121,34
1777984456.1169918,2,1968,0,19,121,35
1777984456.1304255,1,516,0,18,121,34
1777984456.1325371,2,1968,0,19,121,35
1777984456.145842,1,516,0,18,121,34
1777984456.1477349,2,1968,0,19,121,35
1777984456.1608703,1,516,0,18,121,34
1777984456.1628444,2,1968,0,19,121,35
1777984456.1758213,1,516,0,18,121,34
1777984456.1780405,2,1968,0,19,121,35
1777984456.1919618,1,516,0,18,121,34
1777984456.1940825,2,1968,0,19,121,35
1777984456.2071948,1,516,0,18,121,34
1777984456.2090375,2,1968,0,19,121,35
1777984456.2222655,1,516,0,18,121,34
1777984456.2241814,2,1968,0,19,121,35
1777984456.2376063,1,516,0,18,121,34
1777984456.2399945,2,1968,0,19,121,35
1777984456.2538617,1,516,0,18,121,34
1777984456.2560985,2,1968,0,19,121,35
1777984456.2700016,1,516,0,18,121,34
1777984456.2721455,2,1968,0,19,121,35
1777984456.2862175,1,516,0,18,121,34
1777984456.2883735,2,1968,0,19,121,35
1777984456.301509,1,516,0,18,121,34
1777984456.303765,2,1968,0,19,121,35
1777984456.3163233,1,516,0,18,121,34
1777984456.3183672,2,1968,0,19,121,35
1777984456.3316994,1,516,0,18,121,34
1777984456.333772,2,1968,0,19,121,35
1777984456.3470092,1,516,0,18,121,34
1777984456.3491144,2,1968,0,19,121,35
1777984456.3621323,1,516,0,18,121,34
1777984456.3640983,2,1968,0,19,121,35
1777984456.3772273,1,516,0,18,121,34
1777984456.3791835,2,1968,0,19,121,35
1777984456.3923569,1,516,0,18,121,34
1777984456.3945847,2,1968,0,19,121,35
1777984456.4082754,1,516,0,18,121,34
1777984456.410385,2,1968,0,19,121,35
1777984456.4234164,1,516,0,18,121,34
1777984456.4254546,2,1968,0,19,121,35
1777984456.4385695,1,516,0,18,121,34
1777984456.440981,2,1968,0,19,121,35
1777984456.4541917,1,516,0,18,121,34
1777984456.4560688,2,1968,0,19,121,35
1777984456.4692986,1,516,0,18,121,34
1777984456.4715004,2,1968,0,19,121,35
1777984456.4843428,1,516,0,18,121,34
1777984456.4860682,2,1968,0,19,121,35
1777984456.4990299,1,516,0,18,121,34
1777984456.5011454,2,1968,0,19,121,35
1777984456.5139914,1,516,0,18,121,34
1777984456.516123,2,1968,0,19,121,35
1777984456.5288768,1,516,0,18,121,34
1777984456.5305817,2,1968,0,19,121,35
1777984456.543267,1,516,0,18,121,34
1777984456.5450995,2,1968,0,19,121,35
1777984456.5579052,1,516,0,18,121,34
1777984456.559583,2,1968,0,19,121,35
1777984456.5722122,1,516,0,18,121,33
1777984456.5741076,2,1968,0,19,121,35
1777984456.5874085,1,516,0,18,121,34
1777984456.5895967,2,1968,0,19,121,35
1777984456.6030142,1,516,0,18,121,34
1777984456.6056511,2,1968,0,19,121,35
1777984456.6192122,1,516,0,18,121,34
1777984456.6210353,2,1968,0,19,121,35
1777984456.6344657,1,516,0,18,121,34
1777984456.636548,2,1968,0,19,121,35
1777984456.6500242,1,516,0,18,121,34
1777984456.652052,2,1968,0,19,121,35
1777984456.6647015,1,516,0,18,121,34
1777984456.666455,2,1968,0,19,121,35
1777984456.6793528,1,516,0,18,121,34
1777984456.6814375,2,1968,0,19,121,35
1777984456.6939769,1,516,0,18,121,34
1777984456.6956916,2,1968,0,19,121,35
1777984456.7084737,1,516,0,18,121,34
1777984456.7101922,2,1968,0,19,121,35
1777984456.7230241,1,516,0,18,121,34
1777984456.7247372,2,1968,0,19,121,35
1777984456.737998,1,516,0,18,121,34
1777984456.7400553,2,1968,0,19,121,35
1777984456.7534218,1,516,0,18,121,34
1777984456.755365,2,1968,0,19,121,35
1777984456.7679205,1,516,0,18,121,33
1777984456.7695954,2,1968,0,19,121,35
1777984456.7821379,1,516,0,18,121,34
1777984456.78382,2,1968,0,19,121,35
1777984456.7964349,1,516,0,18,121,34
1777984456.7983181,2,1968,0,19,121,35
1777984456.8115249,1,516,0,18,121,34
1777984456.8134453,2,1968,0,19,121,35
1777984456.8260012,1,516,0,18,121,34
1777984456.827766,2,1968,0,19,121,35
1777984456.840709,1,516,0,18,121,34
1777984456.8423648,2,1968,0,19,121,35
1777984456.8552089,1,516,0,18,121,34
1777984456.8569276,2,1968,0,19,121,35
1777984456.8697534,1,516,0,18,121,34
1777984456.8717146,2,1968,0,19,121,35
1777984456.886915,1,516,0,18,121,34
1777984456.8892117,2,1968,0,19,121,35
1777984456.9031348,1,516,0,18,121,34
1777984456.905578,2,1968,0,19,121,35
1777984456.919417,1,516,0,18,121,34
1777984456.9219294,2,1968,0,19,121,35
1777984456.935225,1,516,0,18,121,34
1777984456.9376059,2,1968,0,19,121,35
1777984456.9516187,1,516,0,18,121,34
1777984456.953716,2,1968,0,19,121,35
1777984456.9668608,1,516,0,18,121,34
1777984456.9692702,2,1968,0,19,121,35
1777984456.9829707,1,516,0,18,121,34
1777984456.985394,2,1968,0,19,121,35
1777984456.998192,1,516,0,18,121,34
1777984456.9999988,2,1968,0,19,121,35
1777984457.0130758,1,516,0,18,121,34
1777984457.0153909,2,1968,0,19,121,35
1777984457.0281868,1,516,0,18,121,34
1777984457.0300405,2,1968,0,19,121,35
1777984457.0439038,1,516,0,18,121,34
1777984457.0462563,2,1968,0,19,121,35
1777984457.0595455,1,516,0,18,121,34
1777984457.0618327,2,1968,0,19,121,35
1777984457.0757732,1,516,0,18,121,34
1777984457.0781138,2,1968,0,19,121,36
1777984457.091092,1,516,0,18,121,34
1777984457.092962,2,1968,0,19,121,35
1777984457.1061723,1,516,0,18,121,34
1777984457.1079288,2,1968,0,19,121,35
1777984457.120829,1,516,0,18,121,34
1777984457.1225805,2,1968,0,19,121,35
1777984457.1359615,1,516,0,18,121,34
1777984457.1378326,2,1968,0,19,121,35
1777984457.1512005,1,516,0,18,121,34
1777984457.1535232,2,1968,0,19,121,35
1777984457.1668572,1,516,0,18,121,34
1777984457.1690562,2,1968,0,19,121,35
1777984457.182711,1,516,0,18,121,34
1777984457.1847832,2,1968,0,19,121,35
1777984457.1978168,1,516,0,18,121,34
1777984457.199832,2,1968,0,19,121,35
1777984457.2137792,1,516,0,18,121,34
1777984457.2160344,2,1968,0,19,121,35
1777984457.2288709,1,516,0,18,121,34
1777984457.231046,2,1968,0,19,121,35
1777984457.244742,1,516,0,18,121,34
1777984457.2475834,2,1968,0,19,121,35
1777984457.261065,1,516,0,18,121,34
1777984457.263289,2,1968,0,19,121,35
1777984457.2769952,1,516,0,18,121,34
1777984457.2797868,2,1968,0,19,121,35
1777984457.2930722,1,516,0,18,121,34
1777984457.2954571,2,1968,0,19,121,35
1777984457.3091505,1,516,0,18,121,34
1777984457.311579,2,1968,0,19,121,35
1777984457.3249385,1,516,0,18,121,34
1777984457.3269203,2,1968,0,19,121,35
1777984457.3397675,1,516,0,18,121,34
1777984457.3417559,2,1968,0,19,121,35
1777984457.3554013,1,516,0,18,121,34
1777984457.3577054,2,1968,0,19,121,35
1777984457.371134,1,516,0,18,121,34
1777984457.373096,2,1968,0,19,121,35
1777984457.3863149,1,516,0,18,121,34
1777984457.3886695,2,1968,0,19,121,35
1777984457.402144,1,516,0,18,121,34
1777984457.404243,2,1968,0,19,121,35
1777984457.4175715,1,516,0,18,121,34
1777984457.4197035,2,1968,0,19,121,35
1777984457.433545,1,516,0,18,121,34
1777984457.4358666,2,1968,0,19,121,35
1777984457.449083,1,516,0,18,121,34
1777984457.4509656,2,1968,0,19,121,35
1777984457.4641082,1,516,0,18,121,34
1777984457.4660223,2,1968,0,19,121,35
1777984457.479165,1,516,0,18,121,34
1777984457.4809258,2,1968,0,19,121,35
1777984457.4937916,1,516,0,18,121,34
1777984457.4958425,2,1968,0,19,121,35
1777984457.5096416,1,516,0,18,121,34
1777984457.511573,2,1968,0,19,121,35
1777984457.524532,1,516,0,18,121,34
1777984457.5265968,2,1968,0,19,121,35
1777984457.540077,1,516,0,18,121,34
1777984457.5422537,2,1968,0,19,121,35
1777984457.5556588,1,516,0,18,121,34
1777984457.5575101,2,1968,0,19,121,35
1777984457.571078,1,516,0,18,121,34
1777984457.5737872,2,1968,0,19,121,35
1777984457.5870268,1,516,0,18,121,34
1777984457.589132,2,1968,0,19,121,35
1777984457.6024292,1,516,0,18,121,34
1777984457.6046379,2,1968,0,19,121,35
1777984457.6184888,1,516,0,18,121,34
1777984457.620901,2,1968,0,19,121,35
1777984457.6341202,1,516,0,18,121,34
1777984457.6362145,2,1968,0,19,121,35
1777984457.6496203,1,516,0,18,121,34
1777984457.6518557,2,1968,0,19,121,35
1777984457.6648705,1,516,0,18,121,34
1777984457.6669793,2,1968,0,19,121,35
1777984457.6798313,1,516,0,18,121,34
1777984457.6817799,2,1968,0,19,121,35
1777984457.6947646,1,516,0,18,121,34
1777984457.6965075,2,1968,0,19,121,35
1777984457.7091885,1,516,0,18,121,34
1777984457.710931,2,1968,0,19,121,35
1777984457.7237625,1,516,0,18,121,34
1777984457.7256975,2,1968,0,19,121,35
1777984457.7382858,1,516,0,18,121,34
1777984457.740026,2,1968,0,19,121,35
1777984457.752527,1,516,0,18,121,34
1777984457.7542584,2,1968,0,19,121,35
1777984457.7676105,1,516,0,18,121,34
1777984457.7695775,2,1968,0,19,121,35
1777984457.7830412,1,516,0,18,121,34
1777984457.7853487,2,1968,0,19,121,35
1777984457.79798,1,516,0,18,121,33
1777984457.7998753,2,1968,0,19,121,35
1777984457.8137798,1,516,0,18,121,34
1777984457.816079,2,1968,0,19,121,35
1777984457.829475,1,516,0,18,121,34
1777984457.831839,2,1968,0,19,121,35
1777984457.8460767,1,516,0,18,121,34
1777984457.8483691,2,1968,0,19,121,35
1777984457.8616538,1,516,0,18,121,34
1777984457.8638308,2,1968,0,19,121,35
1777984457.877719,1,516,0,18,121,34
1777984457.8801045,2,1968,0,19,121,35
1777984457.893628,1,516,0,18,121,34
1777984457.8955057,2,1968,0,19,121,35
1777984457.9084656,1,516,0,18,121,34
1777984457.9104147,2,1968,0,19,121,35
1777984457.9238124,1,516,0,18,121,34
1777984457.9257746,2,1968,0,19,121,35
1777984457.9390473,1,516,0,18,121,34
1777984457.941002,2,1968,0,19,121,35
1777984457.9540684,1,516,0,18,121,34
1777984457.9560094,2,1968,0,19,121,35
1777984457.9687738,1,516,0,18,121,34
1777984457.971021,2,1968,0,19,121,35
1777984457.9841838,1,516,0,18,121,34
1777984457.9861596,2,1968,0,19,121,35
1777984458.000103,1,516,0,18,121,34
1777984458.002266,2,1968,0,19,121,35
1777984458.0155864,1,516,0,18,121,34
1777984458.017806,2,1968,0,19,121,35
1777984458.0310936,1,516,0,18,121,34
1777984458.0330498,2,1968,0,19,121,35
1777984458.046512,1,516,0,18,121,34
1777984458.0484102,2,1968,0,19,121,35
1777984458.0618281,1,516,0,18,121,34
1777984458.0638835,2,1968,0,19,121,35
1777984458.0767868,1,516,0,18,121,34
1777984458.0785227,2,1968,0,19,121,35
1777984458.0910351,1,516,0,18,121,34
1777984458.0927262,2,1968,0,19,121,35
1777984458.1053643,1,516,0,18,121,34
1777984458.1070716,2,1968,0,19,121,35
1777984458.1195288,1,516,0,18,121,34
1777984458.1214788,2,1968,0,19,121,35
1777984458.1356127,1,516,0,18,121,34
1777984458.1379473,2,1968,0,19,121,35
1777984458.1512105,1,516,0,18,121,34
1777984458.1533778,2,1968,0,19,121,35
1777984458.1666005,1,516,0,18,121,34
1777984458.1690075,2,1968,0,19,121,35
1777984458.1822307,1,516,0,18,121,34
1777984458.184161,2,1968,0,19,121,35
1777984458.1977081,1,516,0,18,121,34
1777984458.1999235,2,1968,0,19,121,35
1777984458.213723,1,516,0,18,121,34
1777984458.2160265,2,1968,0,19,121,35
1777984458.2288573,1,516,0,18,121,34
1777984458.2308095,2,1968,0,19,121,35
1777984458.244142,1,516,0,18,121,34
1777984458.2463949,2,1968,0,19,121,35
1777984458.2600033,1,516,0,18,121,34
1777984458.2621546,2,1968,0,19,121,35
1777984458.2750888,1,516,0,18,121,34
1777984458.277104,2,1968,0,19,121,35
1777984458.2901282,1,516,0,18,121,34
1777984458.2921264,2,1968,0,19,121,35
1777984458.3052094,1,516,0,18,121,34
1777984458.3073466,2,1968,0,19,121,35
1777984458.3207211,1,516,0,18,121,34
1777984458.3224676,2,1968,0,19,121,35
1777984458.3356035,1,516,0,18,121,34
1777984458.3374503,2,1968,0,19,121,35
1777984458.3504932,1,516,0,18,121,34
1777984458.3522756,2,1968,0,19,121,35
1777984458.3656278,1,516,0,18,121,34
1777984458.3679616,2,1968,0,19,121,35
1777984458.3810613,1,516,0,18,121,34
1777984458.3830729,2,1968,0,19,121,35
1777984458.3964264,1,516,0,18,121,34
1777984458.3985317,2,1968,0,19,121,35
1777984458.4121983,1,516,0,18,121,34
1777984458.4143832,2,1968,0,19,121,35
1777984458.427126,1,516,0,18,121,34
1777984458.4295053,2,1968,0,19,121,35
1777984458.4432325,1,516,0,18,121,34
1777984458.445601,2,1968,0,19,121,35
1777984458.458814,1,516,0,18,121,34
1777984458.4607532,2,1968,0,19,121,35
1777984458.4738102,1,516,0,18,121,34
1777984458.475702,2,1968,0,19,121,35
1777984458.4886663,1,516,0,18,121,34
1777984458.4903343,2,1968,0,19,121,35
1777984458.5031495,1,516,0,18,121,34
1777984458.5048375,2,1968,0,19,121,35
1777984458.5174737,1,516,0,18,121,34
1777984458.5193348,2,1968,0,19,121,35
1777984458.5326471,1,516,0,18,121,34
1777984458.5349157,2,1968,0,19,121,35
1777984458.5476065,1,516,0,18,121,34
1777984458.5496054,2,1968,0,19,121,35
1777984458.5621939,1,516,0,18,121,34
1777984458.563834,2,1968,0,19,121,35
1777984458.57641,1,516,0,18,121,34
1777984458.578286,2,1968,0,19,121,35
1777984458.5910976,1,516,0,18,121,34
1777984458.593006,2,1968,0,19,121,35
1777984458.6059828,1,516,0,18,121,34
1777984458.607807,2,1968,0,19,121,35
1777984458.6205096,1,516,0,18,121,34
1777984458.6226528,2,1968,0,19,121,35
1777984458.635551,1,516,0,18,121,34
1777984458.6373541,2,1968,0,19,121,35
1777984458.6497695,1,516,0,18,121,34
1777984458.651477,2,1968,0,19,121,35
1777984458.6640873,1,516,0,18,121,34
1777984458.6658368,2,1968,0,19,121,35
1777984458.6788383,1,516,0,18,121,34
1777984458.6808572,2,1968,0,19,121,35
1777984458.6933386,1,516,0,18,121,34
1777984458.695407,2,1968,0,19,121,35
1777984458.7083597,1,516,0,18,121,34
1777984458.7101138,2,1968,0,19,121,35
1777984458.7230535,1,516,0,18,121,34
1777984458.7249398,2,1968,0,19,121,35
1777984458.7377603,1,516,0,18,121,34
1777984458.7396,2,1968,0,19,121,35
1777984458.7528808,1,516,0,18,121,34
1777984458.7552624,2,1968,0,19,121,35
1777984458.7689183,1,516,0,18,121,34
1777984458.7709816,2,1968,0,19,121,35
1777984458.7837744,1,516,0,18,121,34
1777984458.786078,2,1968,0,19,121,35
1777984458.799709,1,516,0,18,121,34
1777984458.802121,2,1968,0,19,121,35
1777984458.8155968,1,516,0,18,121,34
1777984458.8178396,2,1968,0,19,121,35
1777984458.8317022,1,516,0,18,121,34
1777984458.8340511,2,1968,0,19,121,35
1777984458.8468053,1,516,0,18,121,34
1777984458.8490062,2,1968,0,19,121,35
1777984458.8630643,1,516,0,18,121,34
1777984458.8651066,2,1968,0,19,121,35
1777984458.8780825,1,516,0,18,121,34
1777984458.8801882,2,1968,0,19,121,35
1777984458.8939571,1,516,0,18,121,34
1777984458.8960652,2,1968,0,19,121,35
1777984458.9099152,1,516,0,18,121,34
1777984458.9119782,2,1968,0,19,121,35
1777984458.9250848,1,516,0,18,121,34
1777984458.9273117,2,1968,0,19,121,35
1777984458.9406323,1,516,0,18,121,34
1777984458.9429328,2,1968,0,19,121,35
1777984458.9558914,1,516,0,18,121,34
1777984458.957723,2,1968,0,19,121,35
1777984458.970301,1,516,0,18,121,34
1777984458.9720306,2,1968,0,19,121,35
1777984458.9847806,1,516,0,18,121,34
1777984458.9873562,2,1968,0,19,121,35
1777984459.0004609,1,516,0,18,121,34
1777984459.0027847,2,1968,0,19,121,35
1777984459.0157917,1,516,0,18,121,34
1777984459.017785,2,1968,0,19,121,35
1777984459.0308053,1,516,0,18,121,34
1777984459.032865,2,1968,0,19,121,35
1777984459.046858,1,516,0,18,121,34
1777984459.0491965,2,1968,0,19,121,35
1777984459.0620496,1,516,0,18,121,34
1777984459.0641348,2,1968,0,19,121,35
1777984459.0770123,1,516,0,18,121,34
1777984459.0789454,2,1968,0,19,121,35
1777984459.091949,1,516,0,18,121,34
1777984459.0937672,2,1968,0,19,121,35
1777984459.1067855,1,516,0,18,121,34
1777984459.108676,2,1968,0,19,121,35
1777984459.1213546,1,516,0,18,121,34
1777984459.1233087,2,1968,0,19,121,35
1777984459.137017,1,516,0,18,121,34
1777984459.139123,2,1968,0,19,121,35
1777984459.1524236,1,516,0,18,121,34
1777984459.1543856,2,1968,0,19,121,35
1777984459.1674175,1,516,0,18,121,34
1777984459.1693313,2,1968,0,19,121,35
1777984459.182048,1,516,0,18,121,34
1777984459.183906,2,1968,0,19,121,35
1777984459.1971543,1,516,0,18,121,34
1777984459.1998434,2,1968,0,19,121,35
1777984459.2136147,1,516,0,18,121,34
1777984459.2158375,2,1968,0,19,121,35
1777984459.228794,1,516,0,18,121,34
1777984459.2308934,2,1968,0,19,121,35
1777984459.2440264,1,516,0,18,121,34
1777984459.246842,2,1968,0,19,121,35
1777984459.260119,1,516,0,18,121,34
1777984459.2620478,2,1968,0,19,121,35
1777984459.2750962,1,516,0,18,121,34
1777984459.2770333,2,1968,0,19,121,35
1777984459.2901082,1,516,0,18,121,34
1777984459.2921078,2,1968,0,19,121,35
1777984459.3048506,1,516,0,18,121,34
1777984459.3067749,2,1968,0,19,121,35
1777984459.3202295,1,516,0,18,121,34
1777984459.3224761,2,1968,0,19,121,35
1777984459.335716,1,516,0,18,121,34
1777984459.3377237,2,1968,0,19,121,35
1777984459.350406,1,516,0,18,121,34
1777984459.3522406,2,1968,0,19,121,35
1777984459.36574,1,516,0,18,121,34
1777984459.368125,2,1968,0,19,121,35
1777984459.380626,1,516,0,18,121,34
1777984459.3824463,2,1968,0,19,121,35
1777984459.3959613,1,516,0,18,121,34
1777984459.3985457,2,1968,0,19,121,35
1777984459.4123578,1,516,0,18,121,34
1777984459.4146013,2,1968,0,19,121,35
1777984459.4286299,1,516,0,18,121,34
1777984459.43117,2,1968,0,19,121,35
1777984459.4445682,1,516,0,18,121,34
1777984459.4466288,2,1968,0,19,121,35
1777984459.4599638,1,516,0,18,121,34
1777984459.4627013,2,1968,0,19,121,35
1777984459.476528,1,516,0,18,121,34
1777984459.4783342,2,1968,0,19,121,35
1777984459.4916322,1,516,0,18,121,34
1777984459.4937882,2,1968,0,19,121,35
1777984459.5070338,1,516,0,18,121,34
1777984459.5091412,2,1968,0,19,121,35
1777984459.5221632,1,516,0,18,121,34
1777984459.524036,2,1968,0,19,121,35
1777984459.5374591,1,516,0,18,121,34
1777984459.5401528,2,1968,0,19,121,35
1777984459.553601,1,516,0,18,121,34
1777984459.5553339,2,1968,0,19,121,36
1777984459.568444,1,516,0,18,121,34
1777984459.570243,2,1968,0,19,121,35
1777984459.5829258,1,516,0,18,121,34
1777984459.584777,2,1968,0,19,121,35
1777984459.5978465,1,516,0,18,121,34
1777984459.6000764,2,1968,0,19,121,35
1777984459.6129313,1,516,0,18,121,34
1777984459.6148663,2,1968,0,19,121,35
1777984459.6285121,1,516,0,18,121,34
1777984459.630597,2,1968,0,19,121,35
1777984459.6434286,1,516,0,18,121,34
1777984459.6455321,2,1968,0,19,121,35
1777984459.6591477,1,516,0,18,121,34
1777984459.66147,2,1968,0,19,121,35
1777984459.6741016,1,516,0,18,121,34
1777984459.6757896,2,1968,0,19,121,35
1777984459.688676,1,516,0,18,121,34
1777984459.6903949,2,1968,0,19,121,35
1777984459.7030718,1,516,0,18,121,34
1777984459.7049124,2,1968,0,19,121,35
1777984459.7185829,1,516,0,18,121,34
1777984459.7207713,2,1968,0,19,121,35
1777984459.7342815,1,516,0,18,121,34
1777984459.736344,2,1968,0,19,121,35
1777984459.7490005,1,516,0,18,121,34
1777984459.7509143,2,1968,0,19,121,35
1777984459.7642388,1,516,0,18,121,34
1777984459.7666283,2,1968,0,19,121,34
1777984459.781032,1,516,0,18,121,34
1777984459.7832642,2,1968,0,19,121,35
1777984459.796626,1,516,0,18,121,34
1777984459.798846,2,1968,0,19,121,35
1777984459.8132699,1,516,0,18,121,34
1777984459.815627,2,1968,0,19,121,35
1777984459.829021,1,516,0,18,121,34
1777984459.8313031,2,1968,0,19,121,35
1777984459.8452058,1,516,0,18,121,34
1777984459.847564,2,1968,0,19,121,35
1777984459.8605978,1,516,0,18,121,34
1777984459.862941,2,1968,0,19,121,35
1777984459.876753,1,516,0,18,121,34
1777984459.8791943,2,1968,0,19,121,35
1777984459.8925714,1,516,0,18,121,34
1777984459.8949428,2,1968,0,19,121,35
1777984459.908809,1,516,0,18,121,34
1777984459.9113386,2,1968,0,19,121,35
1777984459.9248147,1,516,0,18,121,34
1777984459.926785,2,1968,0,19,121,35
1777984459.9400225,1,516,0,18,121,34
1777984459.9418197,2,1968,0,19,121,35
1777984459.9550374,1,516,0,18,121,34
1777984459.956851,2,1968,0,19,121,35
1777984459.969803,1,516,0,18,121,33
1777984459.971579,2,1968,0,19,121,35
1777984459.984405,1,516,0,18,121,34
1777984459.986357,2,1968,0,19,121,35
1777984460.0003133,1,516,0,18,121,34
1777984460.002854,2,1968,0,19,121,35
1777984460.016287,1,516,0,18,121,34
1777984460.0183885,2,1968,0,19,121,35
1777984460.031915,1,516,0,18,121,34
1777984460.0342402,2,1968,0,19,121,35
1777984460.0474834,1,516,0,18,121,34
1777984460.0493755,2,1968,0,19,121,35
1777984460.0628636,1,516,0,18,121,34
1777984460.065081,2,1968,0,19,121,35
1777984460.0777538,1,516,0,18,121,34
1777984460.0796704,2,1968,0,19,121,35
1777984460.092354,1,516,0,18,121,34
1777984460.094408,2,1968,0,19,121,35
1777984460.1078591,1,516,0,18,121,34
1777984460.1101046,2,1968,0,19,121,35
1777984460.1241198,1,516,0,18,121,34
1777984460.1267028,2,1968,0,19,121,35
1777984460.1403625,1,516,0,18,121,34
1777984460.1424894,2,1968,0,19,121,35
1777984460.1555562,1,516,0,18,121,34
1777984460.1575384,2,1968,0,19,121,35
1777984460.1705775,1,516,0,18,121,34
1777984460.1722693,2,1968,0,19,121,35
1777984460.185138,1,516,0,18,121,34
1777984460.186857,2,1968,0,19,121,35
1777984460.2000241,1,516,0,18,121,34
1777984460.2017956,2,1968,0,19,121,35
1777984460.214522,1,516,0,18,121,34
1777984460.21628,2,1968,0,19,121,35
1777984460.2293653,1,516,0,18,121,34
1777984460.2311006,2,1968,0,19,121,35
1777984460.2437394,1,516,0,18,121,34
1777984460.245402,2,1968,0,19,121,35
1777984460.2585576,1,516,0,18,121,34
1777984460.2603667,2,1968,0,19,121,35
1777984460.2733285,1,516,0,18,121,34
1777984460.2750213,2,1968,0,19,121,35
1777984460.2875888,1,516,0,18,121,34
1777984460.2894862,2,1968,0,19,121,35
1777984460.3026454,1,516,0,18,121,34
1777984460.3051023,2,1968,0,19,121,35
1777984460.317921,1,516,0,18,121,34
1777984460.3197293,2,1968,0,19,121,35
1777984460.3328135,1,516,0,18,121,34
1777984460.3345757,2,1968,0,19,121,35
1777984460.3472805,1,516,0,18,121,34
1777984460.3491583,2,1968,0,19,121,35
1777984460.3634164,1,516,0,18,121,34
1777984460.3654213,2,1968,0,19,121,35
1777984460.3789408,1,516,0,18,121,34
1777984460.3809047,2,1968,0,19,121,35
1777984460.3944175,1,516,0,18,121,34
1777984460.396394,2,1968,0,19,121,35
1777984460.40986,1,516,0,18,121,34
1777984460.4119873,2,1968,0,19,121,35
1777984460.4254577,1,516,0,18,121,34
1777984460.427594,2,1968,0,19,121,35
1777984460.4411426,1,516,0,18,121,34
1777984460.4433389,2,1968,0,19,121,35
1777984460.456138,1,516,0,18,121,34
1777984460.4580593,2,1968,0,19,121,35
1777984460.4711497,1,516,0,18,121,34
1777984460.473067,2,1968,0,19,121,35
1777984460.4861887,1,516,0,18,121,34
1777984460.4879982,2,1968,0,19,121,35
1777984460.5013604,1,516,0,18,121,34
1777984460.5034165,2,1968,0,19,121,35
1777984460.5167036,1,516,0,18,121,34
1777984460.518802,2,1968,0,19,120,35
1777984460.5314016,1,516,0,18,121,34
1777984460.5331125,2,1968,0,19,121,35
1777984460.5459604,1,516,0,18,121,34
1777984460.5476284,2,1968,0,19,121,35
1777984460.560155,1,516,0,18,121,34
1777984460.5618737,2,1968,0,19,121,35
1777984460.5744214,1,516,0,18,121,34
1777984460.5761077,2,1968,0,19,121,35
1777984460.5885415,1,516,0,18,121,34
1777984460.5902545,2,1968,0,19,121,35
1777984460.6027477,1,516,0,18,121,34
1777984460.6045,2,1968,0,19,121,35
1777984460.6169465,1,516,0,18,121,34
1777984460.6187875,2,1968,0,19,121,35
1777984460.6313605,1,516,0,18,121,34
1777984460.633674,2,1968,0,19,121,35
1777984460.6468003,1,516,0,18,121,34
1777984460.6489675,2,1968,0,19,121,35
1777984460.6626415,1,516,0,18,121,33
1777984460.6645799,2,1968,0,19,121,35
1777984460.6772141,1,516,0,18,121,34
1777984460.6789553,2,1968,0,19,121,35
1777984460.6914637,1,516,0,18,121,33
1777984460.6932347,2,1968,0,19,121,35
1777984460.7060893,1,516,0,18,121,34
1777984460.707826,2,1968,0,19,121,35
1777984460.7207127,1,516,0,18,121,34
1777984460.7228048,2,1968,0,19,121,35
1777984460.7357945,1,516,0,18,121,34
1777984460.7377658,2,1968,0,19,121,35
1777984460.7514393,1,516,0,18,121,34
1777984460.753794,2,1968,0,19,121,35
1777984460.7668443,1,516,0,18,121,34
1777984460.7685552,2,1968,0,19,121,35
1777984460.781315,1,516,0,18,121,34
1777984460.7833939,2,1968,0,19,121,35
1777984460.7965422,1,516,0,18,121,34
1777984460.798547,2,1968,0,19,121,35
1777984460.8122725,1,516,0,18,121,34
1777984460.8150172,2,1968,0,19,121,35
1777984460.8281386,1,516,0,18,121,34
1777984460.8302226,2,1968,0,19,121,35
1777984460.8440955,1,516,0,18,121,34
1777984460.846392,2,1968,0,19,121,35
1777984460.859938,1,516,0,18,121,34
1777984460.862148,2,1968,0,19,121,35
1777984460.8752284,1,516,0,18,121,34
1777984460.8771126,2,1968,0,19,121,35
1777984460.8904195,1,516,0,18,121,34
1777984460.8925195,2,1968,0,19,121,35
1777984460.9057448,1,516,0,18,121,34
1777984460.9077883,2,1968,0,19,121,35
1777984460.9211247,1,516,0,18,121,34
1777984460.9230707,2,1968,0,19,121,35
1777984460.936627,1,516,0,18,121,34
1777984460.938628,2,1968,0,19,121,35
1777984460.9512913,1,516,0,18,121,34
1777984460.9533968,2,1968,0,19,121,35
1777984460.9672081,1,516,0,18,121,34
1777984460.969499,2,1968,0,19,121,35
1777984460.9826016,1,516,0,18,121,34
1777984460.9848418,2,1968,0,19,121,35
1777984460.999022,1,516,0,18,121,34
1777984461.001146,2,1968,0,19,121,35
1777984461.0141528,1,516,0,18,121,34
1777984461.0161297,2,1968,0,19,121,35
1777984461.0290647,1,516,0,18,121,34
1777984461.0310597,2,1968,0,19,121,35
1777984461.0441074,1,516,0,18,121,34
1777984461.0460224,2,1968,0,19,121,35
1777984461.0590625,1,516,0,18,121,34
1777984461.0611653,2,1968,0,19,121,35
1777984461.0743616,1,516,0,18,121,34
1777984461.0761008,2,1968,0,19,121,35
1777984461.0886009,1,516,0,18,121,34
1777984461.0903294,2,1968,0,19,121,35
1777984461.1032736,1,516,0,18,121,34
1777984461.105535,2,1968,0,19,121,35
1777984461.1187093,1,516,0,18,121,34
1777984461.1209042,2,1968,0,19,121,35
1777984461.134715,1,516,0,18,121,34
1777984461.136731,2,1968,0,19,121,35
1777984461.1493368,1,516,0,18,121,34
1777984461.1512692,2,1968,0,19,121,35
1777984461.164955,1,516,0,18,121,34
1777984461.1669662,2,1968,0,19,121,35
1777984461.179568,1,516,0,18,121,34
1777984461.1813293,2,1968,0,19,121,35
1777984461.1945572,1,516,0,18,121,34
1777984461.1965103,2,1968,0,19,121,35
1777984461.209057,1,516,0,18,121,34
1777984461.2108035,2,1968,0,19,121,35
1777984461.223404,1,516,0,18,121,34
1777984461.22511,2,1968,0,19,121,35
1777984461.2380834,1,516,0,18,121,34
1777984461.2398858,2,1968,0,19,121,35
1777984461.252633,1,516,0,18,121,34
1777984461.2543275,2,1968,0,19,121,35
1777984461.2670748,1,516,0,18,121,34
1777984461.2689989,2,1968,0,19,121,35
1777984461.282441,1,516,0,18,121,34
1777984461.2847135,2,1968,0,19,121,35
1777984461.297942,1,516,0,18,121,34
1777984461.3005302,2,1968,0,19,121,35
1777984461.3141048,1,516,0,18,121,34
1777984461.3164585,2,1968,0,19,121,35
1777984461.3300364,1,516,0,18,121,34
1777984461.3331418,2,1968,0,19,121,35
1777984461.3464942,1,516,0,18,121,34
1777984461.3488612,2,1968,0,19,121,35
1777984461.3623664,1,516,0,18,121,34
1777984461.3646307,2,1968,0,19,121,35
1777984461.37794,1,516,0,18,121,34
1777984461.3805645,2,1968,0,19,121,35
1777984461.3939664,1,516,0,18,121,34
1777984461.3965433,2,1968,0,19,121,35
1777984461.409698,1,516,0,18,121,34
1777984461.4121385,2,1968,0,19,121,35
1777984461.4258034,1,516,0,18,121,34
1777984461.4277956,2,1968,0,19,121,35
1777984461.4407203,1,516,0,18,121,34
1777984461.4428554,2,1968,0,19,121,35
1777984461.45617,1,516,0,18,121,34
1777984461.4580543,2,1968,0,19,121,35
1777984461.4715211,1,516,0,18,121,34
1777984461.4733195,2,1968,0,19,121,35
1777984461.486731,1,516,0,18,121,34
1777984461.4888437,2,1968,0,19,121,35
1777984461.5016909,1,516,0,18,121,34
1777984461.503541,2,1968,0,19,121,35
1777984461.516868,1,516,0,18,121,34
1777984461.5188553,2,1968,0,19,121,35
1777984461.5321872,1,516,0,18,121,34
1777984461.534291,2,1968,0,19,121,35
1777984461.547101,1,516,0,18,121,34
1777984461.5490096,2,1968,0,19,121,35
1777984461.5618064,1,516,0,18,121,34
1777984461.5639462,2,1968,0,19,121,35
1777984461.5773222,1,516,0,18,121,34
1777984461.5797524,2,1968,0,19,121,35
1777984461.5928154,1,516,0,18,121,34
1777984461.594566,2,1968,0,19,121,35
1777984461.6073976,1,516,0,18,121,34
1777984461.6091323,2,1968,0,19,121,35
1777984461.6218112,1,516,0,18,121,34
1777984461.6236277,2,1968,0,17,121,35
1777984461.636693,1,516,0,18,121,34
1777984461.6387525,2,1968,0,20,121,35
1777984461.6519728,1,516,0,18,121,34
1777984461.6537385,2,1968,0,31,121,35
1777984461.666858,1,516,0,18,121,34
1777984461.6689687,2,1968,0,46,121,35
1777984461.6817434,1,516,0,18,121,34
1777984461.6834126,2,1968,0,65,121,35
1777984461.6962366,1,516,0,18,121,34
1777984461.6979685,2,1969,0,79,121,35
1777984461.7110267,1,516,0,18,121,34
1777984461.7130163,2,1971,100,85,121,35
1777984461.7262888,1,516,0,18,121,34
1777984461.7282553,2,1974,150,83,121,35
1777984461.7410686,1,516,0,18,121,34
1777984461.742791,2,1976,150,77,121,36
1777984461.7554884,1,516,0,18,121,34
1777984461.7573135,2,1979,200,63,121,35
1777984461.770579,1,516,0,18,121,34
1777984461.7729735,2,1981,150,54,121,35
1777984461.7855287,1,516,0,18,121,34
1777984461.787285,2,1983,150,45,121,35
1777984461.8001256,1,516,0,18,121,34
1777984461.802185,2,1985,150,36,121,35
1777984461.8156216,1,516,0,18,121,34
1777984461.8177853,2,1985,100,31,121,35
1777984461.8305836,1,516,0,18,121,34
1777984461.8325408,2,1985,0,31,121,35
1777984461.8462155,1,516,0,18,121,34
1777984461.8482933,2,1985,0,31,121,35
1777984461.8608947,1,516,0,18,121,34
1777984461.8626688,2,1985,0,31,121,35
1777984461.8761878,1,516,0,18,121,34
1777984461.8781726,2,1985,0,31,121,35
1777984461.8906212,1,516,0,18,121,34
1777984461.8923302,2,1985,0,31,121,35
1777984461.9050367,1,516,0,18,121,34
1777984461.906788,2,1985,0,31,121,35
1777984461.9193482,1,516,0,18,121,34
1777984461.921219,2,1985,0,31,121,35
1777984461.9337509,1,516,0,18,121,34
1777984461.9354157,2,1985,0,31,121,35
1777984461.9478436,1,516,0,18,121,34
1777984461.9496357,2,1985,0,31,121,35
1777984461.9627163,1,516,0,18,121,34
1777984461.964757,2,1985,0,31,121,35
1777984461.977351,1,516,0,18,121,34
1777984461.9790592,2,1985,0,31,121,35
1777984461.991666,1,516,0,18,121,34
1777984461.993505,2,1985,0,31,121,35
1777984462.006717,1,516,0,18,121,34
1777984462.0087495,2,1985,0,31,121,35
1777984462.021309,1,516,0,18,121,34
1777984462.0230503,2,1985,0,31,121,35
1777984462.035727,1,516,0,18,121,34
1777984462.037571,2,1985,0,31,121,35
1777984462.0501194,1,516,0,18,121,34
1777984462.051812,2,1985,0,31,121,35
1777984462.0643132,1,516,0,18,121,34
1777984462.0661519,2,1985,0,31,121,35
1777984462.0790973,1,516,0,18,121,34
1777984462.081508,2,1985,0,31,121,35
1777984462.0951593,1,516,0,18,121,34
1777984462.0970976,2,1985,0,31,121,35
1777984462.109585,1,516,0,18,121,34
1777984462.1112936,2,1985,0,31,121,35
1777984462.123847,1,516,0,18,121,34
1777984462.1255577,2,1985,0,31,121,35
1777984462.1382673,1,516,0,18,121,34
1777984462.1399677,2,1985,0,31,121,35
1777984462.1527746,1,516,0,18,121,34
1777984462.154528,2,1985,0,31,121,35
1777984462.167213,1,516,0,18,121,34
1777984462.169076,2,1985,0,31,121,35
1777984462.1826518,1,516,0,18,121,34
1777984462.1845868,2,1985,0,31,121,35
1777984462.1971438,1,516,0,18,121,34
1777984462.1988392,2,1985,0,31,121,35
1777984462.212088,1,516,0,18,121,34
1777984462.2142136,2,1985,0,31,121,35
1777984462.2268462,1,516,0,18,121,34
1777984462.2285717,2,1985,0,31,121,35
1777984462.241339,1,516,0,18,121,34
1777984462.2434766,2,1985,0,31,121,35
1777984462.2561214,1,516,0,18,121,34
1777984462.2579584,2,1985,0,31,121,35
1777984462.2713046,1,516,0,18,121,34
1777984462.2735653,2,1985,0,31,121,35
1777984462.286258,1,516,0,18,121,34
1777984462.2880154,2,1985,0,31,121,35
1777984462.3005674,1,516,0,18,121,34
1777984462.302289,2,1985,0,31,121,35
1777984462.3150957,1,516,0,18,121,34
1777984462.3170164,2,1985,0,33,121,35
1777984462.3305666,1,516,0,18,121,34
1777984462.3326092,2,1985,0,39,121,35
1777984462.3453865,1,516,0,18,121,34
1777984462.347294,2,1986,50,48,121,35
1777984462.3606496,1,516,0,18,121,34
1777984462.3630004,2,1987,50,59,121,35
1777984462.3758051,1,516,0,18,121,34
1777984462.3777213,2,1989,50,77,121,35
1777984462.39123,1,516,0,18,121,34
1777984462.3932407,2,1991,100,95,121,35
1777984462.4061458,1,516,0,18,121,34
1777984462.4078147,2,1994,150,115,121,35
1777984462.4206057,1,516,0,18,121,34
1777984462.4223342,2,1998,300,134,121,35
1777984462.435097,1,516,0,18,121,34
1777984462.437189,2,2004,300,155,121,35
1777984462.4507875,1,516,0,18,121,34
1777984462.4535968,2,2011,400,173,121,35
1777984462.4671535,1,516,0,18,121,34
1777984462.4688468,2,2019,400,198,121,35
1777984462.4815118,1,516,0,18,121,34
1777984462.4832451,2,2027,550,218,120,35
1777984462.4958785,1,516,0,18,121,34
1777984462.4975688,2,2036,550,242,121,35
1777984462.5104518,1,516,0,18,121,34
1777984462.512372,2,2047,650,260,120,35
1777984462.5255783,1,516,0,18,121,34
1777984462.527643,2,2058,750,283,120,35
1777984462.5404024,1,516,0,18,121,34
1777984462.5425067,2,2071,800,305,120,35
1777984462.5557175,1,516,0,18,121,34
1777984462.5576468,2,2084,800,330,120,35
1777984462.5702858,1,516,0,18,120,34
1777984462.572022,2,2099,900,345,120,35
1777984462.5845947,1,516,0,18,121,34
1777984462.5863757,2,2114,1000,358,121,35
1777984462.5988433,1,516,0,18,121,34
1777984462.60057,2,2132,1150,365,121,35
1777984462.6130161,1,516,0,18,121,34
1777984462.614744,2,2148,1150,368,120,35
1777984462.627142,1,516,0,18,121,34
1777984462.628841,2,2164,1200,368,120,35
1777984462.6412897,1,516,0,18,121,34
1777984462.6430109,2,2181,1150,370,120,35
1777984462.6560445,1,516,0,18,121,34
1777984462.657792,2,2199,1150,373,121,35
1777984462.6706638,1,516,0,18,121,34
1777984462.6723404,2,2217,1200,372,120,35
1777984462.6848762,1,516,0,18,121,34
1777984462.6865447,2,2234,1250,369,121,35
1777984462.6991303,1,516,0,18,121,34
1777984462.7008436,2,2251,1200,368,121,35
1777984462.7133038,1,516,0,18,121,34
1777984462.7150137,2,2268,1200,368,120,35
1777984462.727618,1,516,0,18,121,34
1777984462.729465,2,2284,1150,371,121,35
1777984462.7426655,1,516,0,18,121,34
1777984462.7443445,2,2303,1200,372,121,35
1777984462.7568505,1,516,0,18,121,34
1777984462.7585773,2,2320,1200,372,121,35
1777984462.7712414,1,516,0,18,121,34
1777984462.7729754,2,2338,1200,372,121,35
1777984462.7857788,1,516,0,18,121,34
1777984462.7875152,2,2355,1200,372,121,35
1777984462.800097,1,516,0,18,121,34
1777984462.8018217,2,2373,1200,372,121,35
1777984462.8143,1,516,0,18,121,34
1777984462.8160198,2,2389,1200,372,121,35
1777984462.8288004,1,516,0,17,121,34
1777984462.830521,2,2407,1200,367,121,35
1777984462.8430789,1,516,0,20,121,34
1777984462.8448188,2,2425,1200,359,121,35
1777984462.8573031,1,516,0,30,121,33
1777984462.8590171,2,2442,1250,344,121,35
1777984462.8715591,1,516,0,43,121,34
1777984462.8732936,2,2458,1250,326,121,35
1777984462.885879,1,516,0,60,121,34
1777984462.887573,2,2473,1100,312,121,35
1777984462.9007313,1,518,100,81,121,34
1777984462.9030468,2,2488,1000,295,121,35
1777984462.9159918,1,520,100,103,121,34
1777984462.9177587,2,2502,1000,278,121,35
1777984462.930373,1,524,150,125,121,34
1777984462.9322102,2,2516,950,258,121,35
1777984462.9455638,1,528,250,147,121,34
1777984462.9475932,2,2529,950,233,121,35
1777984462.9600806,1,533,350,170,121,34
1777984462.9617684,2,2540,800,211,121,35
1777984462.9743133,1,539,350,188,121,34
1777984462.9762127,2,2551,800,189,121,35
1777984462.9897685,1,547,450,197,121,34
1777984462.9918468,2,2561,750,161,121,35
1777984463.0045924,1,556,550,195,121,34
1777984463.0063004,2,2569,550,144,121,35
1777984463.0191035,1,564,550,189,121,34
1777984463.021309,2,2575,500,123,121,35
1777984463.0348353,1,574,550,176,121,34
1777984463.0375118,2,2580,500,98,121,35
1777984463.0508547,1,582,600,155,121,34
1777984463.052822,2,2585,350,79,121,35
1777984463.065727,1,590,550,134,121,56
1777984463.0677643,2,2589,250,65,121,35
1777984463.081597,1,596,450,112,121,34
1777984463.0838215,2,2592,250,49,121,35
1777984463.0970678,1,602,450,87,121,34
1777984463.0990634,2,2593,100,37,121,35
1777984463.1116326,1,607,350,67,121,34
1777984463.1134853,2,2595,100,32,121,35
1777984463.126872,1,610,250,51,121,34
1777984463.1290889,2,2595,100,25,121,35
1777984463.1418366,1,612,200,38,121,34
1777984463.1436653,2,2595,0,25,121,35
1777984463.1568372,1,614,200,26,121,34
1777984463.1589777,2,2595,0,25,121,35
1777984463.171814,1,615,100,21,121,34
1777984463.1735811,2,2595,0,25,121,35
1777984463.1864681,1,615,50,19,121,34
1777984463.188225,2,2595,0,25,121,35
1777984463.2009325,1,615,0,17,121,34
1777984463.2029338,2,2595,0,25,121,35
1777984463.2162178,1,615,0,17,121,34
1777984463.218275,2,2595,0,25,121,35
1777984463.2308545,1,615,0,17,121,34
1777984463.2326446,2,2595,0,25,121,35
1777984463.246125,1,615,0,17,121,34
1777984463.2480183,2,2595,0,25,121,35
1777984463.260836,1,615,0,17,121,34
1777984463.2627938,2,2595,0,25,121,35
1777984463.2762809,1,615,0,17,121,34
1777984463.2785833,2,2595,0,25,121,35
1777984463.2917116,1,615,0,17,121,34
1777984463.2938766,2,2595,0,25,121,35
1777984463.3080037,1,615,0,17,121,34
1777984463.3101723,2,2595,0,25,121,35
1777984463.32399,1,615,0,17,121,34
1777984463.3259919,2,2595,0,25,121,35
1777984463.339635,1,615,0,17,121,34
1777984463.3418298,2,2595,0,25,121,35
1777984463.3548226,1,615,0,17,121,34
1777984463.3567045,2,2595,0,25,121,35
1777984463.3702626,1,615,0,17,121,34
1777984463.372472,2,2595,0,25,121,35
1777984463.3861084,1,615,0,17,121,34
1777984463.3879583,2,2595,0,25,121,35
1777984463.401493,1,615,0,17,121,34
1777984463.4040852,2,2595,0,25,121,35
1777984463.4171855,1,615,0,17,121,34
1777984463.4190307,2,2595,0,25,121,35
1777984463.432105,1,615,0,17,121,34
1777984463.4342277,2,2595,0,25,121,35
1777984463.4478292,1,615,0,17,121,34
1777984463.450035,2,2595,0,25,121,35
1777984463.4632418,1,615,0,17,121,34
1777984463.4654002,2,2595,0,25,121,35
1777984463.4792585,1,615,0,17,121,34
1777984463.4812992,2,2595,0,25,121,35
1777984463.4945579,1,615,0,17,121,34
1777984463.4969044,2,2595,0,25,121,35
1777984463.5106454,1,615,0,17,121,34
1777984463.5130155,2,2595,0,25,121,35
1777984463.5269365,1,615,0,17,121,34
1777984463.529348,2,2595,0,25,121,35
1777984463.542541,1,615,0,17,121,34
1777984463.5443535,2,2595,0,25,121,35
1777984463.5575478,1,615,0,17,121,34
1777984463.5598547,2,2595,0,25,121,35
1777984463.5735996,1,615,0,17,121,34
1777984463.5762753,2,2595,0,25,121,35
1777984463.589402,1,615,0,17,121,34
1777984463.5914917,2,2595,0,25,121,35
1777984463.6046505,1,615,0,17,121,34
1777984463.6066196,2,2595,0,25,121,35
1777984463.6200805,1,615,0,17,121,34
1777984463.6221597,2,2595,0,25,121,35
1777984463.6357152,1,615,0,17,121,34
1777984463.6377556,2,2595,0,25,121,35
1777984463.6509528,1,615,0,17,121,34
1777984463.6529593,2,2595,0,25,121,35
1777984463.6660635,1,615,0,17,121,34
1777984463.6679869,2,2595,0,25,121,35
1777984463.6812737,1,615,0,17,121,34
1777984463.6837177,2,2595,0,25,121,35
1777984463.6978152,1,615,0,17,121,34
1777984463.7004719,2,2595,0,25,121,35
1777984463.7139118,1,615,0,17,121,34
1777984463.71592,2,2595,0,25,121,35
1777984463.7289119,1,615,0,17,121,34
1777984463.730827,2,2595,0,25,121,35
1777984463.7439322,1,615,0,17,121,33
1777984463.7461154,2,2595,0,25,121,35
1777984463.7599227,1,615,0,17,121,34
1777984463.7623575,2,2595,0,25,121,35
1777984463.775455,1,615,0,17,121,34
1777984463.7772899,2,2595,0,25,121,35
1777984463.7902052,1,615,0,17,121,34
1777984463.792188,2,2595,0,25,121,35
1777984463.8054018,1,615,0,17,121,34
1777984463.807528,2,2595,0,25,121,35
1777984463.8206801,1,615,0,17,121,33
1777984463.8225856,2,2595,0,25,121,35
1777984463.8351684,1,615,0,17,121,34
1777984463.8369818,2,2595,0,25,121,35
1777984463.8495436,1,615,0,17,121,34
1777984463.8512995,2,2595,0,25,121,35
1777984463.8645363,1,615,0,17,121,34
1777984463.8668528,2,2595,0,25,121,35
1777984463.8802216,1,615,0,17,121,34
1777984463.8821516,2,2595,0,25,121,35
1777984463.8952258,1,615,0,17,121,34
1777984463.8975308,2,2595,0,25,121,35
1777984463.911833,1,615,0,17,121,34
1777984463.9141717,2,2595,0,25,121,35
1777984463.9279096,1,615,0,17,121,34
1777984463.9302673,2,2595,0,25,121,35
1777984463.9442296,1,615,0,17,121,34
1777984463.946526,2,2595,0,25,121,35
1777984463.959894,1,615,0,17,121,34
1777984463.9622538,2,2595,0,25,121,35
1777984463.9763103,1,615,0,17,121,34
1777984463.9791198,2,2595,0,25,121,35
1777984463.992941,1,615,0,17,121,34
1777984463.9950943,2,2595,0,25,121,35
1777984464.0080612,1,615,0,17,121,34
1777984464.0101,2,2595,0,25,121,35
1777984464.0230093,1,615,0,17,121,34
1777984464.0249088,2,2595,0,25,121,35
1777984464.0383332,1,615,0,17,121,34
1777984464.0403018,2,2595,0,25,121,35
1777984464.0534,1,615,0,17,121,34
1777984464.0553598,2,2595,0,25,121,35
1777984464.0685322,1,615,0,17,121,34
1777984464.0704975,2,2595,0,25,121,35
1777984464.083667,1,615,0,17,121,34
1777984464.0858822,2,2595,0,25,121,35
1777984464.099513,1,615,0,17,121,34
1777984464.1021178,2,2595,0,25,121,35
1777984464.1153946,1,615,0,17,121,34
1777984464.1174898,2,2595,0,25,121,35
1777984464.1306713,1,615,0,17,121,34
1777984464.1328418,2,2595,0,25,121,35
1777984464.1464183,1,615,0,17,121,34
1777984464.1489024,2,2595,0,25,121,35
1777984464.1623402,1,615,0,17,121,34
1777984464.164741,2,2595,0,25,121,35
1777984464.1773255,1,615,0,17,121,34
1777984464.1796284,2,2595,0,25,121,35
1777984464.193423,1,615,0,17,121,34
1777984464.1956587,2,2595,0,25,121,35
1777984464.2083752,1,615,0,17,121,34
1777984464.210796,2,2595,0,25,121,35
1777984464.2248118,1,615,0,17,121,34
1777984464.2267597,2,2595,0,25,121,35
1777984464.239913,1,615,0,17,121,34
1777984464.2417605,2,2595,0,25,121,35
1777984464.2546556,1,615,0,17,121,34
1777984464.256351,2,2595,0,25,121,35
1777984464.2694793,1,615,0,17,121,34
1777984464.2712655,2,2595,0,25,121,35
1777984464.2840846,1,615,0,17,121,34
1777984464.2859154,2,2595,0,25,121,35
1777984464.2987263,1,615,0,17,121,34
1777984464.3012035,2,2595,0,25,121,35
1777984464.3152344,1,615,0,17,121,34
1777984464.3175373,2,2595,0,25,121,35
1777984464.3310218,1,615,0,17,121,34
1777984464.3332798,2,2595,0,25,121,35
1777984464.3463805,1,615,0,17,121,34
1777984464.3485677,2,2595,0,25,121,35
1777984464.361558,1,615,0,17,121,34
1777984464.363868,2,2595,0,25,121,35
1777984464.3777628,1,615,0,17,121,34
1777984464.3802068,2,2595,0,25,121,35
1777984464.3935845,1,615,0,17,121,34
1777984464.3961222,2,2595,0,25,121,35
1777984464.4100342,1,615,0,17,121,34
1777984464.4124737,2,2595,0,25,121,35
1777984464.4255161,1,615,0,17,121,34
1777984464.427362,2,2595,0,25,121,35
1777984464.4403663,1,615,0,17,121,34
1777984464.4429462,2,2595,0,25,121,35
1777984464.4565701,1,615,0,17,121,34
1777984464.4589005,2,2595,0,25,121,35
1777984464.4728174,1,615,0,17,121,34
1777984464.474872,2,2595,0,25,121,35
1777984464.487597,1,615,0,17,121,34
1777984464.4893043,2,2595,0,25,121,35
1777984464.5023816,1,615,0,17,121,34
1777984464.504091,2,2595,0,25,121,35
1777984464.5174713,1,615,0,17,121,34
1777984464.5191324,2,2595,0,25,121,35
1777984464.5318198,1,615,0,17,121,34
1777984464.5336554,2,2595,0,25,121,35
1777984464.5470765,1,615,0,17,121,34
1777984464.5487835,2,2595,0,25,121,35
1777984464.5615382,1,615,0,17,121,34
1777984464.5636013,2,2595,0,25,121,35
1777984464.5775259,1,615,0,17,121,33
1777984464.5793774,2,2595,0,25,121,35
1777984464.592036,1,615,0,17,121,34
1777984464.5937672,2,2595,0,25,121,35
1777984464.6063735,1,615,0,17,121,34
1777984464.608132,2,2595,0,25,121,35
1777984464.6208942,1,615,0,17,121,33
1777984464.622575,2,2595,0,25,121,35
1777984464.6351266,1,615,0,17,121,34
1777984464.6368294,2,2595,0,25,121,35
1777984464.649306,1,615,0,17,121,34
1777984464.6511538,2,2595,0,25,121,35
1777984464.6645844,1,615,-50,21,121,34
1777984464.6669798,2,2595,0,25,121,35
1777984464.6806042,1,615,50,18,121,34
1777984464.682843,2,2595,0,25,121,35
1777984464.695362,1,615,0,17,121,34
1777984464.697096,2,2595,0,25,121,35
1777984464.7096143,1,615,0,17,121,34
1777984464.7113068,2,2595,0,25,121,35
1777984464.7240078,1,615,0,17,121,34
1777984464.725769,2,2595,0,25,121,35
1777984464.7391036,1,615,0,17,121,34
1777984464.7410889,2,2595,0,25,121,35
1777984464.7542737,1,615,0,17,121,34
1777984464.75599,2,2595,0,25,121,35
1777984464.7688239,1,615,0,17,121,34
1777984464.7705574,2,2595,0,25,121,35
1777984464.7834568,1,615,0,17,121,34
1777984464.785136,2,2595,0,25,121,35
1777984464.7979207,1,615,0,17,121,34
1777984464.7997463,2,2595,0,25,121,35
1777984464.8126915,1,615,0,17,121,34
1777984464.8146365,2,2595,0,25,121,35
1777984464.8274784,1,615,0,17,121,34
1777984464.8293734,2,2595,0,25,121,35
1777984464.8429015,1,615,0,17,121,34
1777984464.8454392,2,2595,0,25,121,35
1777984464.8594086,1,615,0,17,121,34
1777984464.8618476,2,2595,0,25,121,35
1777984464.8751266,1,615,0,17,121,34
1777984464.8774014,2,2595,0,25,121,35
1777984464.8914967,1,615,0,17,121,34
1777984464.8937151,2,2595,0,25,121,35
1777984464.907277,1,615,0,17,121,34
1777984464.9095392,2,2595,0,25,121,35
1777984464.9235766,1,615,0,17,121,34
1777984464.9262726,2,2595,0,25,121,35
1777984464.93955,1,615,0,17,121,34
1777984464.9414718,2,2595,0,25,121,35
1777984464.9552624,1,615,0,17,121,34
1777984464.9573646,2,2595,0,25,121,35
1777984464.9708421,1,615,0,17,121,34
1777984464.972844,2,2595,0,25,121,35
1777984464.9867277,1,615,0,17,121,34
1777984464.9886801,2,2595,0,25,121,35
1777984465.0022662,1,615,0,17,121,34
1777984465.0041747,2,2595,0,25,121,35
1777984465.0168517,1,615,0,17,121,34
1777984465.0186074,2,2595,0,25,121,35
1777984465.0311232,1,615,0,17,121,34
1777984465.0328386,2,2595,0,25,121,35
1777984465.0458488,1,615,0,17,121,34
1777984465.0478349,2,2595,0,25,121,35
1777984465.0611722,1,615,0,17,121,34
1777984465.0634248,2,2595,0,25,121,35
1777984465.077148,1,615,0,17,121,34
1777984465.079854,2,2595,0,25,121,35
1777984465.0928793,1,615,0,17,121,34
1777984465.094842,2,2595,0,25,121,35
1777984465.1078315,1,615,0,17,121,34
1777984465.1097872,2,2595,0,25,121,35
1777984465.1228757,1,615,0,17,121,34
1777984465.1247256,2,2595,0,25,121,35
1777984465.138446,1,615,0,17,121,34
1777984465.1404226,2,2595,0,25,121,35
1777984465.1536717,1,615,0,17,121,34
1777984465.1555614,2,2595,0,25,121,35
1777984465.168878,1,615,0,17,121,34
1777984465.1712034,2,2595,0,25,121,35
1777984465.1841009,1,615,0,17,121,34
1777984465.1860003,2,2595,0,25,121,35
1777984465.1993616,1,615,0,17,121,34
1777984465.2022238,2,2595,0,25,121,35
1777984465.2159567,1,615,0,17,121,34
1777984465.2178824,2,2595,0,25,121,35
1777984465.2303998,1,615,0,17,121,34
1777984465.2323205,2,2595,0,25,121,35
1777984465.2455485,1,615,0,17,121,34
1777984465.2475781,2,2595,0,25,121,35
1777984465.2602232,1,615,0,17,121,34
1777984465.2621083,2,2595,0,25,121,35
1777984465.275533,1,615,0,17,121,34
1777984465.2776814,2,2595,0,25,121,35
1777984465.2903287,1,615,0,17,121,34
1777984465.2920926,2,2595,0,25,121,35
1777984465.3045254,1,615,0,17,121,34
1777984465.3062794,2,2595,0,25,121,35
1777984465.3190677,1,615,0,17,121,34
1777984465.3209965,2,2595,0,25,121,35
1777984465.3337774,1,615,0,17,121,34
1777984465.3354363,2,2595,0,25,121,35
1777984465.3478653,1,615,0,17,121,34
1777984465.3495886,2,2595,0,25,121,35
1777984465.3621492,1,615,0,17,121,34
1777984465.3639166,2,2595,0,25,121,35
1777984465.3763723,1,615,0,17,121,34
1777984465.378152,2,2595,0,25,121,35
1777984465.3912807,1,615,0,17,121,34
1777984465.3933356,2,2595,0,25,121,35
1777984465.4069343,1,615,0,17,121,34
1777984465.4087691,2,2595,0,25,121,35
1777984465.421854,1,615,0,17,121,34
1777984465.4237013,2,2595,0,25,121,35
1777984465.437452,1,615,0,17,121,34
1777984465.4394872,2,2595,0,25,121,35
1777984465.4526107,1,615,0,17,121,34
1777984465.454719,2,2595,0,25,121,35
1777984465.4677749,1,615,0,17,121,34
1777984465.4697537,2,2595,0,25,121,35
1777984465.4833052,1,615,0,17,121,34
1777984465.4850957,2,2595,0,25,121,35
1777984465.4984412,1,615,0,17,121,34
1777984465.5007427,2,2595,0,25,121,35
1777984465.5139122,1,615,0,17,121,34
1777984465.516098,2,2595,0,25,121,35
1777984465.5294466,1,615,0,17,121,34
1777984465.531394,2,2595,0,25,121,35
1777984465.5446491,1,615,0,17,121,34
1777984465.5466583,2,2595,0,25,121,35
1777984465.5593045,1,615,0,17,121,34
1777984465.5611076,2,2595,0,25,121,35
1777984465.5744631,1,615,0,17,121,34
1777984465.5768995,2,2595,0,25,121,35
1777984465.5899332,1,615,0,17,121,34
1777984465.5918996,2,2595,0,25,121,35
1777984465.6048772,1,615,0,17,121,34
1777984465.606707,2,2595,0,25,121,35
1777984465.6200233,1,615,0,17,121,34
1777984465.6221943,2,2595,0,25,121,35
1777984465.6356783,1,615,0,17,121,34
1777984465.6377637,2,2595,0,25,121,35
1777984465.650848,1,615,0,17,121,34
1777984465.653015,2,2595,0,25,121,35
1777984465.6661777,1,615,0,17,121,34
1777984465.6682706,2,2595,0,25,121,35
1777984465.6813543,1,615,0,17,121,34
1777984465.6831021,2,2595,0,25,121,35
1777984465.6961813,1,615,0,17,121,34
1777984465.6981802,2,2595,0,25,121,35
1777984465.711202,1,615,0,17,121,34
1777984465.7131915,2,2595,0,25,121,35
1777984465.7262354,1,615,0,17,121,34
1777984465.7282586,2,2595,0,25,121,35
1777984465.7421002,1,615,0,17,121,34
1777984465.744291,2,2595,0,25,121,35
1777984465.7574878,1,615,0,17,121,34
1777984465.7591553,2,2595,0,25,121,35
1777984465.7725737,1,615,0,17,121,34
1777984465.7747548,2,2595,0,25,121,35
1777984465.7882435,1,615,0,17,121,34
1777984465.7902255,2,2595,0,25,121,35
1777984465.8036778,1,615,0,17,121,34
1777984465.8053808,2,2595,0,25,121,35
1777984465.8178737,1,615,0,17,120,34
1777984465.8196368,2,2595,0,25,121,35
1777984465.832183,1,615,0,17,121,34
1777984465.83402,2,2595,0,25,121,35
1777984465.8470607,1,615,0,17,121,34
1777984465.8489487,2,2595,0,25,121,35
1777984465.862139,1,615,0,17,121,34
1777984465.8643608,2,2595,0,25,121,35
1777984465.877493,1,615,0,17,121,34
1777984465.879624,2,2595,0,25,121,35
1777984465.892866,1,615,0,17,121,34
1777984465.8946075,2,2595,0,25,121,35
1777984465.907049,1,615,0,17,121,34
1777984465.9087675,2,2595,0,25,121,35
1777984465.921265,1,615,0,17,121,34
1777984465.9230764,2,2595,0,25,121,35
1777984465.9356892,1,615,0,17,121,34
1777984465.937366,2,2595,0,25,121,35
1777984465.9505446,1,615,0,17,121,34
1777984465.9528956,2,2595,0,25,121,35
1777984465.9659278,1,615,0,17,121,34
1777984465.967938,2,2595,0,25,121,35
1777984465.981126,1,615,0,17,121,34
1777984465.9832716,2,2595,0,25,121,35
1777984465.9974048,1,615,0,17,121,34
1777984465.999796,2,2595,0,25,121,35
1777984466.0134435,1,615,0,17,121,34
1777984466.0156572,2,2595,0,25,121,35
1777984466.02926,1,615,0,17,121,34
1777984466.0312526,2,2595,0,25,121,35
1777984466.0442178,1,615,0,17,121,34
1777984466.0463367,2,2595,0,25,121,35
1777984466.0598292,1,615,0,17,121,34
1777984466.0622768,2,2595,0,25,121,35
1777984466.075163,1,615,0,17,121,34
1777984466.0775473,2,2595,0,25,121,35
1777984466.0912745,1,615,0,17,121,34
1777984466.0935204,2,2595,0,25,121,35
1777984466.1065552,1,615,0,17,121,34
1777984466.1085556,2,2595,0,25,121,35
1777984466.1214216,1,615,0,17,121,34
1777984466.12339,2,2595,0,25,121,35
1777984466.136154,1,615,0,17,121,34
1777984466.137874,2,2595,0,25,121,35
1777984466.150434,1,615,0,17,121,34
1777984466.1521635,2,2595,0,25,121,35
1777984466.1652215,1,615,0,17,121,34
1777984466.16717,2,2595,0,25,121,35
1777984466.1806014,1,615,0,17,121,34
1777984466.18257,2,2595,0,25,121,35
1777984466.1954484,1,615,0,17,121,34
1777984466.1979187,2,2595,0,25,121,35
1777984466.2119682,1,615,0,17,121,34
1777984466.2142894,2,2595,0,25,121,35
1777984466.2275448,1,615,0,17,121,34
1777984466.229435,2,2595,0,25,121,35
1777984466.242621,1,615,0,17,121,34
1777984466.2449367,2,2595,0,25,121,35
1777984466.2584956,1,615,0,17,121,34
1777984466.2604246,2,2595,0,25,121,35
1777984466.2732155,1,615,0,17,121,34
1777984466.2750216,2,2595,0,25,121,35
1777984466.2884266,1,615,0,17,121,34
1777984466.290523,2,2595,0,25,121,35
1777984466.3034155,1,615,0,17,121,34
1777984466.3054078,2,2595,0,25,121,35
1777984466.318678,1,615,0,17,121,34
1777984466.3206282,2,2595,0,25,121,35
1777984466.3337078,1,615,0,17,121,34
1777984466.3357906,2,2595,0,25,121,35
1777984466.3492355,1,615,0,17,121,34
1777984466.3514528,2,2595,0,25,121,35
1777984466.364743,1,615,0,17,121,34
1777984466.36685,2,2595,0,25,121,35
1777984466.37993,1,615,0,17,121,34
1777984466.381915,2,2595,0,25,121,35
1777984466.395625,1,615,0,17,121,34
1777984466.397943,2,2595,0,25,121,35
1777984466.4112978,1,615,0,17,121,34
1777984466.4131734,2,2595,0,25,121,35
1777984466.4265656,1,615,0,17,121,34
1777984466.4284308,2,2595,0,25,121,35
1777984466.4419417,1,615,0,17,121,34
1777984466.4441328,2,2595,0,25,121,35
1777984466.4578009,1,615,0,17,121,34
1777984466.4600263,2,2595,0,25,121,35
1777984466.4730196,1,615,0,17,121,34
1777984466.4750683,2,2595,0,25,121,35
1777984466.4881396,1,615,0,17,121,34
1777984466.4903343,2,2595,0,25,121,35
1777984466.50317,1,615,0,17,121,34
1777984466.5048532,2,2595,0,26,121,35
1777984466.5178556,1,615,0,17,121,34
1777984466.5198526,2,2595,0,32,121,35
1777984466.532912,1,615,0,17,121,34
1777984466.5354037,2,2595,0,44,121,35
1777984466.5485866,1,615,0,17,121,34
1777984466.5504756,2,2596,0,59,121,35
1777984466.5635695,1,615,0,17,121,34
1777984466.5655441,2,2598,100,75,121,35
1777984466.5785797,1,615,0,17,121,34
1777984466.5806155,2,2600,100,93,121,35
1777984466.5937107,1,615,0,17,121,34
1777984466.5956497,2,2603,150,114,121,35
1777984466.608358,1,615,0,17,121,34
1777984466.6101074,2,2608,250,130,121,35
1777984466.6228585,1,615,0,17,121,34
1777984466.6249359,2,2613,350,150,121,35
1777984466.6379218,1,615,0,17,121,34
1777984466.6398573,2,2619,350,171,121,35
1777984466.6527574,1,615,0,17,121,34
1777984466.6547825,2,2626,400,193,121,35
1777984466.6676202,1,615,0,17,121,34
1777984466.6696696,2,2635,500,214,121,35
1777984466.6826954,1,615,0,17,121,34
1777984466.6848598,2,2644,650,235,121,35
1777984466.6974788,1,615,0,17,121,34
1777984466.699465,2,2655,650,256,120,35
1777984466.7129486,1,615,0,17,121,34
1777984466.7151403,2,2667,650,284,120,35
1777984466.7286575,1,615,0,17,121,34
1777984466.7309525,2,2680,750,308,120,35
1777984466.7441475,1,615,0,17,120,34
1777984466.7465878,2,2693,900,330,120,35
1777984466.7610273,1,615,0,17,121,34
1777984466.7634232,2,2711,1000,347,120,35
1777984466.7765775,1,614,0,17,121,34
1777984466.779177,2,2728,1000,360,120,35
1777984466.792203,1,615,0,17,121,34
1777984466.7942064,2,2746,1100,364,121,35
1777984466.8075504,1,615,0,17,121,34
1777984466.8101718,2,2764,1150,367,120,35
1777984466.823957,1,615,0,17,121,34
1777984466.8259223,2,2782,1100,373,120,35
1777984466.838953,1,615,0,17,121,34
1777984466.8406386,2,2800,1200,376,120,35
1777984466.8534653,1,615,0,17,121,34
1777984466.8551333,2,2818,1200,376,121,35
1777984466.868226,1,615,0,17,121,34
1777984466.870259,2,2836,1200,376,120,35
1777984466.883301,1,615,0,17,121,34
1777984466.8851054,2,2855,1200,376,121,35
1777984466.8981283,1,615,0,17,121,34
1777984466.9001977,2,2872,1200,376,121,35
1777984466.9133387,1,615,0,17,121,34
1777984466.9151604,2,2890,1200,376,121,35
1777984466.9282608,1,615,0,17,121,34
1777984466.9304147,2,2908,1200,376,120,35
1777984466.9443443,1,615,0,17,121,34
1777984466.9465313,2,2928,1250,373,121,35
1777984466.9595816,1,615,0,17,121,34
1777984466.9614758,2,2947,1250,365,121,35
1777984466.9746568,1,615,0,17,121,34
1777984466.9770873,2,2966,1250,353,121,35
1777984466.9914262,1,615,0,17,121,34
1777984466.9935822,2,2985,1150,342,121,35
1777984467.0065176,1,615,0,17,121,34
1777984467.0084457,2,3002,1150,327,121,35
1777984467.0218976,1,615,0,17,121,34
1777984467.0237465,2,3019,1150,304,121,35
1777984467.0364597,1,615,0,17,121,34
1777984467.0383863,2,3034,1150,282,121,36
1777984467.051393,1,615,0,17,121,34
1777984467.053445,2,3049,1000,264,121,35
1777984467.0664215,1,615,0,17,121,34
1777984467.0685077,2,3062,950,243,121,35
1777984467.081458,1,615,0,17,121,34
1777984467.0832837,2,3073,800,221,121,35
1777984467.0959048,1,615,0,17,121,34
1777984467.0975826,2,3083,800,201,121,35
1777984467.1101632,1,615,0,17,121,34
1777984467.1118572,2,3093,700,183,121,35
1777984467.124762,1,615,0,17,121,34
1777984467.126727,2,3101,650,162,121,35
1777984467.1400905,1,615,0,17,121,34
1777984467.1426904,2,3110,600,136,121,35
1777984467.156549,1,615,0,17,121,34
1777984467.1585894,2,3117,450,109,121,35
1777984467.1723812,1,615,0,17,121,34
1777984467.174945,2,3123,450,85,121,35
1777984467.1885753,1,615,0,17,121,34
1777984467.1910295,2,3128,350,63,121,36
1777984467.205275,1,615,0,17,121,34
1777984467.2070787,2,3131,250,45,121,35
1777984467.2209728,1,615,0,17,121,34
1777984467.2229645,2,3134,150,33,121,35
1777984467.2361264,1,615,0,17,121,34
1777984467.2380838,2,3134,50,27,121,35
1777984467.251625,1,615,0,17,121,34
1777984467.254142,2,3134,50,23,121,35
1777984467.2670999,1,615,0,19,121,34
1777984467.2692704,2,3134,0,22,121,35
1777984467.2826407,1,615,0,20,121,34
1777984467.2848995,2,3134,0,21,121,35
1777984467.2979157,1,615,0,20,121,34
1777984467.2998471,2,3134,0,21,121,35
1777984467.3130982,1,615,0,20,121,34
1777984467.3151932,2,3135,0,21,121,35
1777984467.3281083,1,615,0,20,121,34
1777984467.3302064,2,3135,0,21,121,35
1777984467.3441668,1,615,0,20,121,34
1777984467.3464954,2,3134,0,21,121,35
1777984467.3604014,1,615,0,20,121,34
1777984467.3625216,2,3134,0,21,121,35
1777984467.3753788,1,615,0,20,121,34
1777984467.3771193,2,3134,0,20,121,35
1777984467.3897126,1,615,0,20,121,34
1777984467.3918915,2,3134,50,17,121,35
1777984467.4055772,1,615,0,20,121,34
1777984467.407422,2,3134,-50,20,121,35
1777984467.4206812,1,615,0,20,121,34
1777984467.4228654,2,3134,0,21,121,35
1777984467.4359655,1,615,0,21,121,34
1777984467.4380207,2,3134,0,19,121,35
1777984467.4512105,1,615,0,26,121,34
1777984467.4530935,2,3134,0,18,121,35
1777984467.4662247,1,615,0,37,121,34
1777984467.4683387,2,3134,0,29,121,35
1777984467.4815679,1,615,0,52,121,34
1777984467.4835067,2,3134,0,44,121,35
1777984467.49715,1,615,0,73,121,40
1777984467.4996767,2,3134,0,66,121,35
1777984467.5132399,1,617,0,98,121,34
1777984467.5152094,2,3132,0,93,121,35
1777984467.5287995,1,620,150,120,121,34
1777984467.5308244,2,3129,-100,116,121,35
1777984467.5445938,1,625,250,140,121,34
1777984467.5468628,2,3124,-250,137,121,35
1777984467.5601053,1,631,350,162,121,34
1777984467.562575,2,3118,-350,158,121,35
1777984467.576364,1,638,350,188,121,34
1777984467.57846,2,3111,-400,181,121,35
1777984467.5915802,1,646,500,203,120,34
1777984467.5937805,2,3103,-400,205,121,35
1777984467.607577,1,656,550,225,121,34
1777984467.6099436,2,3093,-550,226,120,35
1777984467.6230803,1,667,650,245,121,34
1777984467.6254618,2,3083,-650,247,120,35
1777984467.6394355,1,679,750,269,120,34
1777984467.6417894,2,3071,-700,270,120,35
1777984467.6551518,1,691,750,293,120,34
1777984467.6574354,2,3059,-750,296,120,35
1777984467.6715689,1,706,800,317,120,34
1777984467.6738644,2,3044,-750,327,120,35
1777984467.6871092,1,721,900,337,120,34
1777984467.6891797,2,3029,-900,342,120,35
1777984467.7019541,1,738,1050,349,120,34
1777984467.7038972,2,3012,-1050,352,120,35
1777984467.717623,1,753,1100,357,120,34
1777984467.7193687,2,2994,-1150,358,120,35
1777984467.7319024,1,771,1100,363,120,34
1777984467.7336302,2,2977,-1150,360,120,35
1777984467.7460713,1,788,1100,369,120,34
1777984467.747836,2,2961,-1150,363,120,35
1777984467.760415,1,804,1150,373,120,34
1777984467.762134,2,2945,-1100,369,120,35
1777984467.7748516,1,821,1150,375,120,34
1777984467.7768059,2,2927,-1250,370,120,35
1777984467.7893326,1,839,1200,375,120,34
1777984467.7913477,2,2908,-1250,367,120,35
1777984467.8050494,1,857,1250,372,121,34
1777984467.8070714,2,2889,-1250,364,120,35
1777984467.8196287,1,876,1200,371,120,34
1777984467.8213365,2,2873,-1200,364,120,35
1777984467.8340325,1,893,1200,371,120,34
1777984467.8356848,2,2856,-1100,366,120,35
1777984467.8481915,1,911,1200,371,120,34
1777984467.850013,2,2839,-1100,372,120,35
1777984467.8626378,1,928,1200,371,120,34
1777984467.8643365,2,2820,-1250,369,120,35
1777984467.8772147,1,945,1200,371,121,34
1777984467.879119,2,2803,-1200,368,120,35
1777984467.892356,1,963,1200,371,121,34
1777984467.894877,2,2783,-1200,368,120,35
1777984467.9076543,1,982,1200,371,121,34
1777984467.9093895,2,2767,-1250,364,120,35
1777984467.9222894,1,1000,1200,371,120,34
1777984467.924263,2,2749,-1100,370,120,35
1777984467.9372623,1,1018,1200,371,120,34
1777984467.9392765,2,2730,-1250,370,120,35
1777984467.9534707,1,1036,1200,371,120,34
1777984467.9558966,2,2710,-1250,366,120,35
1777984467.9689324,1,1056,1200,371,120,34
1777984467.970929,2,2692,-1250,363,120,35
1777984467.9839618,1,1074,1200,371,120,34
1777984467.9859629,2,2674,-1200,364,120,35
1777984467.9994035,1,1092,1200,371,120,34
1777984468.0017204,2,2656,-1150,366,120,35
1777984468.0153,1,1112,1200,371,120,34
1777984468.0175252,2,2636,-1200,368,120,35
1777984468.030335,1,1130,1200,371,120,34
1777984468.0320876,2,2618,-1200,368,120,35
1777984468.0446014,1,1148,1200,371,120,34
1777984468.0463367,2,2600,-1250,364,120,35
1777984468.0588696,1,1166,1250,369,121,34
1777984468.0608625,2,2583,-1200,364,120,35
1777984468.0733593,1,1183,1250,362,120,34
1777984468.0750186,2,2568,-1100,362,120,35
1777984468.0880325,1,1200,1200,354,121,34
1777984468.0900276,2,2550,-1100,359,120,35
1777984468.1031287,1,1218,1150,343,121,34
1777984468.1050274,2,2531,-1200,345,121,35
1777984468.118107,1,1236,1200,328,121,34
1777984468.12009,2,2514,-1200,327,120,35
1777984468.133339,1,1252,1200,305,121,34
1777984468.1355672,2,2496,-1150,306,121,35
1777984468.1492012,1,1269,1100,285,121,34
1777984468.1512153,2,2480,-1150,281,121,35
1777984468.1648078,1,1284,1050,260,121,34
1777984468.1673088,2,2467,-1000,261,121,35
1777984468.1810048,1,1298,900,238,121,34
1777984468.183333,2,2452,-900,242,121,35
1777984468.1965218,1,1312,850,215,121,34
1777984468.1988492,2,2439,-850,218,121,35
1777984468.2123864,1,1323,850,188,121,34
1777984468.2143652,2,2427,-750,194,121,35
1777984468.2277484,1,1334,700,169,121,34
1777984468.2298472,2,2417,-750,170,121,35
1777984468.2433674,1,1343,650,145,121,34
1777984468.2455544,2,2407,-650,147,121,35
1777984468.2589655,1,1351,550,122,121,34
1777984468.2610738,2,2400,-550,124,121,36
1777984468.274314,1,1358,550,95,121,34
1777984468.276617,2,2393,-450,101,121,36
1777984468.2901638,1,1363,400,76,121,35
1777984468.2923155,2,2388,-450,76,121,35
1777984468.3050854,1,1366,300,57,121,34
1777984468.306789,2,2384,-300,60,121,36
1777984468.3193495,1,1369,200,42,121,34
1777984468.321069,2,2382,-250,43,121,35
1777984468.3337376,1,1371,200,21,121,34
1777984468.335714,2,2380,-150,22,121,35
1777984468.3487198,1,1372,150,30,121,34
1777984468.3512654,2,2380,-150,30,121,35
1777984468.365092,1,1371,0,49,121,34
1777984468.3675547,2,2380,0,47,121,35
1777984468.3810253,1,1371,0,72,121,34
1777984468.3832896,2,2380,0,71,121,34
1777984468.396999,1,1370,-50,99,121,34
1777984468.399324,2,2381,0,99,121,35
1777984468.413402,1,1366,-50,130,121,34
1777984468.4157393,2,2384,200,128,121,35
1777984468.429885,1,1362,-200,154,120,34
1777984468.4318008,2,2390,200,155,121,35
1777984468.4448652,1,1356,-350,174,121,34
1777984468.4468353,2,2396,300,176,120,35
1777984468.4602451,1,1348,-450,196,121,34
1777984468.4625695,2,2403,450,197,120,35
1777984468.476348,1,1338,-550,217,120,34
1777984468.4787183,2,2412,500,220,120,35
1777984468.491359,1,1329,-550,241,120,34
1777984468.4933708,2,2422,650,242,120,35
1777984468.5066898,1,1318,-650,260,120,34
1777984468.5087981,2,2433,650,262,120,35
1777984468.5226972,1,1305,-750,282,120,34
1777984468.524794,2,2446,750,285,120,35
1777984468.5373769,1,1291,-850,302,120,34
1777984468.539123,2,2458,750,307,120,35
1777984468.552333,1,1278,-850,324,120,34
1777984468.554437,2,2472,950,328,120,35
1777984468.567564,1,1262,-950,337,120,34
1777984468.5694294,2,2486,950,343,120,35
1777984468.5822365,1,1246,-1000,349,120,34
1777984468.5841289,2,2502,900,362,120,35
1777984468.5973904,1,1231,-1100,358,120,34
1777984468.5995164,2,2518,1100,370,120,35
1777984468.612963,1,1212,-1100,364,120,34
1777984468.6148486,2,2536,1150,374,120,35
1777984468.6274974,1,1195,-1150,366,120,34
1777984468.6293406,2,2554,1150,377,120,35
1777984468.6421256,1,1177,-1150,369,120,34
1777984468.6440294,2,2572,1200,376,120,35
1777984468.6567092,1,1160,-1200,370,120,34
1777984468.6586125,2,2588,1150,379,120,35
1777984468.6713042,1,1142,-1200,370,120,34
1777984468.6732001,2,2606,1200,380,120,35
1777984468.6861541,1,1124,-1250,366,120,34
1777984468.6880507,2,2625,1200,380,120,35
1777984468.7010918,1,1106,-1200,366,120,34
1777984468.7028973,2,2643,1250,377,120,35
1777984468.7159278,1,1088,-1200,366,121,34
1777984468.717632,2,2662,1250,374,120,35
1777984468.7303941,1,1071,-1200,366,121,34
1777984468.7323751,2,2678,1150,374,120,35
1777984468.7459052,1,1052,-1150,370,120,34
1777984468.7483392,2,2697,1150,377,120,35
1777984468.7613156,1,1034,-1200,370,120,34
1777984468.7632306,2,2715,1200,376,120,35
1777984468.7766461,1,1016,-1250,368,121,34
1777984468.7789001,2,2735,1250,374,120,35
1777984468.7929688,1,997,-1250,366,120,34
1777984468.7956638,2,2756,1250,370,120,35
1777984468.809619,1,977,-1200,366,120,34
1777984468.81191,2,2775,1150,370,120,35
1777984468.8256955,1,956,-1200,366,121,34
1777984468.827972,2,2793,1150,373,120,35
1777984468.8410642,1,938,-1150,364,120,34
1777984468.8430786,2,2812,1150,371,120,35
1777984468.8567042,1,919,-1250,356,121,34
1777984468.8596804,2,2831,1200,362,120,35
1777984468.872712,1,900,-1150,339,121,34
1777984468.8743954,2,2850,1250,344,121,35
1777984468.8869374,1,883,-1150,326,121,34
1777984468.8885803,2,2867,1250,325,121,35
1777984468.9009297,1,868,-1150,306,121,34
1777984468.902622,2,2881,1100,311,121,35
1777984468.9152129,1,854,-1000,289,121,34
1777984468.9169,2,2896,1000,295,121,35
1777984468.929403,1,838,-1000,272,121,34
1777984468.9312012,2,2909,1000,277,121,35
1777984468.9448886,1,825,-1050,245,121,34
1777984468.9470427,2,2925,1000,252,121,35
1777984468.9600463,1,812,-900,220,121,34
1777984468.9619257,2,2938,950,226,121,35
1777984468.9750423,1,801,-750,199,121,34
1777984468.9770427,2,2950,900,199,121,35
1777984468.9902313,1,791,-750,177,121,34
1777984468.992272,2,2960,700,173,121,35
1777984469.0061908,1,781,-650,157,121,34
1777984469.0084438,2,2968,700,148,121,35
1777984469.0213823,1,772,-600,134,121,34
1777984469.023415,2,2976,500,134,121,35
1777984469.0364285,1,765,-500,112,121,34
1777984469.0384276,2,2982,450,114,121,35
1777984469.051532,1,760,-500,86,121,34
1777984469.0532079,2,2988,400,94,121,35
1777984469.066112,1,756,-350,68,121,34
1777984469.0679271,2,2993,400,70,121,35
1777984469.0806856,1,752,-300,49,121,34
1777984469.0824254,2,2996,300,52,121,35
1777984469.0951536,1,750,-200,30,121,34
1777984469.0970798,2,2998,200,34,121,36
1777984469.1102989,1,749,-200,24,121,34
1777984469.1123927,2,2999,100,19,121,35
1777984469.1250384,1,749,-50,40,121,34
1777984469.1268423,2,2999,100,38,121,35
1777984469.140324,1,749,0,60,121,34
1777984469.1426482,2,2998,0,59,121,35
1777984469.1552455,1,750,0,84,121,34
1777984469.1571374,2,2997,-50,80,121,35
1777984469.1704564,1,752,0,113,121,34
1777984469.1726217,2,2995,-150,103,121,35
1777984469.1854362,1,757,200,129,121,34
1777984469.187181,2,2991,-150,127,121,35
1777984469.1996255,1,761,250,153,121,34
1777984469.2013474,2,2985,-250,148,121,35
1777984469.2139614,1,767,400,172,121,34
1777984469.2157698,2,2980,-400,167,120,35
1777984469.2294192,1,774,400,195,121,34
1777984469.2314162,2,2973,-400,192,121,35
1777984469.2443001,1,782,450,217,121,34
1777984469.246198,2,2966,-400,218,120,35
1777984469.259661,1,792,600,238,120,34
1777984469.2618186,2,2957,-500,245,120,35
1777984469.2751832,1,802,650,261,120,34
1777984469.2772732,2,2946,-650,266,120,35
1777984469.2908134,1,814,650,286,120,34
1777984469.2930417,2,2932,-800,289,120,35
1777984469.3062904,1,828,750,310,120,34
1777984469.3081367,2,2918,-800,311,120,35
1777984469.321243,1,842,900,328,120,34
1777984469.3236628,2,2903,-900,329,120,35
1777984469.3376482,1,858,950,346,120,34
1777984469.3401167,2,2886,-1000,341,120,35
1777984469.3530993,1,876,1100,357,120,34
1777984469.3550408,2,2870,-1050,351,120,35
1777984469.3682446,1,892,1100,358,120,34
1777984469.3702168,2,2854,-1050,355,120,35
1777984469.3834836,1,910,1100,356,121,34
1777984469.3851833,2,2837,-1050,356,120,35
1777984469.3977363,1,927,1150,346,121,34
1777984469.399405,2,2819,-1150,344,120,35
1777984469.412201,1,943,1150,332,121,34
1777984469.4141452,2,2803,-1150,330,120,35
1777984469.427556,1,960,1150,312,121,34
1777984469.429871,2,2785,-1150,310,121,35
1777984469.4427874,1,977,1100,291,121,34
1777984469.4447396,2,2770,-1150,285,121,35
1777984469.457997,1,991,1050,268,121,34
1777984469.4601972,2,2757,-950,270,121,35
1777984469.4734507,1,1005,900,247,121,34
1777984469.475539,2,2741,-950,248,121,35
1777984469.4891894,1,1018,900,223,121,34
1777984469.4914277,2,2727,-900,223,121,35
1777984469.5040536,1,1031,850,200,121,34
1777984469.5057192,2,2715,-900,196,121,35
1777984469.5181866,1,1040,750,177,121,34
1777984469.5199046,2,2706,-800,173,121,35
1777984469.5327747,1,1049,650,156,121,34
1777984469.5344837,2,2697,-650,151,121,35
1777984469.5472982,1,1057,650,130,121,34
1777984469.54914,2,2690,-550,128,121,35
1777984469.5625708,1,1064,500,112,121,34
1777984469.5646741,2,2683,-550,105,121,35
1777984469.5782337,1,1069,450,89,121,34
1777984469.5802858,2,2678,-400,85,121,35
1777984469.5940428,1,1074,300,67,121,34
1777984469.5966158,2,2673,-300,66,121,35
1777984469.6100588,1,1078,250,49,121,34
1777984469.6119678,2,2671,-250,49,121,35
1777984469.6245904,1,1080,250,34,121,34
1777984469.6265216,2,2669,-250,35,121,35
1777984469.639747,1,1081,150,25,121,34
1777984469.6418114,2,2668,-100,31,121,35
1777984469.6544254,1,1082,50,21,121,34
1777984469.6563962,2,2667,-50,29,121,35
1777984469.669578,1,1082,0,19,121,34
1777984469.6716845,2,2667,-50,25,121,35
1777984469.6845133,1,1082,0,19,121,34
1777984469.6861904,2,2667,-50,23,121,35
1777984469.6991012,1,1082,0,19,121,34
1777984469.7009597,2,2666,0,24,121,35
1777984469.713696,1,1082,0,19,121,34
1777984469.7154176,2,2666,-50,21,121,35
1777984469.72822,1,1082,0,19,121,34
1777984469.7301493,2,2666,0,20,121,35
1777984469.7432892,1,1082,0,19,121,34
1777984469.7452111,2,2666,0,20,121,35
1777984469.7579992,1,1082,0,19,121,34
1777984469.7598834,2,2666,0,20,121,35
1777984469.7730954,1,1082,0,19,121,34
1777984469.7749617,2,2666,0,20,121,35
1777984469.7878702,1,1082,0,19,121,34
1777984469.78963,2,2666,0,20,121,35
1777984469.8025172,1,1082,0,19,121,34
1777984469.8045416,2,2666,0,20,121,35
1777984469.8176458,1,1082,0,19,121,34
1777984469.819714,2,2666,0,20,121,35
1777984469.8330984,1,1082,0,19,121,34
1777984469.8351054,2,2666,0,20,121,35
1777984469.8482008,1,1082,0,19,121,34
1777984469.8499105,2,2666,0,20,121,35
1777984469.8627524,1,1082,0,19,121,34
1777984469.8646955,2,2666,0,20,121,35
1777984469.877967,1,1082,0,19,121,34
1777984469.8800392,2,2666,0,20,121,35
1777984469.8928936,1,1082,0,19,121,34
1777984469.8946364,2,2666,0,20,121,35
1777984469.9072006,1,1082,0,19,121,34
1777984469.9091585,2,2666,0,20,121,35
1777984469.921639,1,1082,0,19,121,34
1777984469.9233587,2,2666,0,20,121,35
1777984469.9366586,1,1082,0,19,121,34
1777984469.938585,2,2666,0,20,121,35
1777984469.9513023,1,1082,0,19,121,34
1777984469.9530308,2,2666,0,20,121,35
1777984469.965501,1,1082,0,19,121,34
1777984469.9671824,2,2666,0,20,121,35
1777984469.9798918,1,1082,0,19,121,34
1777984469.9816067,2,2666,0,20,121,35
1777984469.9945705,1,1082,0,19,121,34
1777984469.9962165,2,2666,0,20,121,35
1777984470.0097198,1,1082,0,19,121,34
1777984470.0116477,2,2666,0,20,121,35
1777984470.024926,1,1082,0,19,121,34
1777984470.0267594,2,2666,0,20,121,35
1777984470.040059,1,1082,0,19,121,34
1777984470.042052,2,2666,0,20,121,35
1777984470.05492,1,1082,0,19,121,34
1777984470.056883,2,2666,0,20,121,35
1777984470.0700479,1,1082,0,19,121,34
1777984470.0716994,2,2666,0,20,121,35
1777984470.0841892,1,1082,0,19,121,34
1777984470.085883,2,2666,0,20,121,35
1777984470.0983846,1,1082,0,19,121,34
1777984470.1000798,2,2666,0,20,121,35
1777984470.1126363,1,1082,0,19,121,34
1777984470.1143527,2,2666,0,20,121,35
1777984470.1269364,1,1082,0,19,121,34
1777984470.1288443,2,2666,0,20,121,35
1777984470.1421492,1,1082,0,19,121,34
1777984470.1446073,2,2666,0,20,121,35
1777984470.1576846,1,1082,0,19,121,34
1777984470.1594431,2,2666,0,20,121,35
1777984470.1722763,1,1082,0,19,121,34
1777984470.1741495,2,2666,0,20,120,35
1777984470.1877103,1,1082,0,19,121,34
1777984470.189825,2,2666,0,20,121,35
1777984470.202392,1,1082,0,19,121,34
1777984470.204148,2,2666,0,20,121,35
1777984470.2172384,1,1082,0,19,121,34
1777984470.2192347,2,2666,0,20,121,35
1777984470.232589,1,1082,0,19,121,34
1777984470.234517,2,2666,0,20,121,35
1777984470.2480009,1,1082,0,19,121,34
1777984470.250328,2,2666,0,20,121,35
1777984470.2637222,1,1082,0,19,121,34
1777984470.2657197,2,2666,0,20,121,35
1777984470.2792234,1,1082,0,19,121,34
1777984470.2813563,2,2666,0,20,121,35
1777984470.2946796,1,1082,0,19,121,34
1777984470.2965362,2,2666,0,20,121,35
1777984470.3099785,1,1082,0,19,121,34
1777984470.3122451,2,2666,0,20,121,35
1777984470.325698,1,1082,0,19,121,34
1777984470.3277564,2,2666,0,20,121,35
1777984470.3415532,1,1082,0,19,121,34
1777984470.3435123,2,2666,0,20,121,35
1777984470.3572595,1,1082,0,19,121,34
1777984470.3593693,2,2666,0,20,121,36
1777984470.3728075,1,1082,0,19,121,34
1777984470.3745782,2,2666,0,20,121,35
1777984470.3873112,1,1082,0,19,121,34
1777984470.3891914,2,2666,0,20,121,35
1777984470.4027166,1,1082,0,19,121,34
1777984470.404826,2,2666,0,20,121,35
1777984470.4174776,1,1082,0,19,121,34
1777984470.4193773,2,2666,0,20,121,35
1777984470.432635,1,1082,0,19,121,34
1777984470.4343705,2,2666,0,20,121,35
1777984470.447342,1,1082,0,19,121,34
1777984470.4490886,2,2666,0,20,121,35
1777984470.4618032,1,1082,0,19,121,34
1777984470.463922,2,2666,0,20,121,35
1777984470.4770827,1,1082,0,19,121,34
1777984470.478878,2,2666,0,20,121,35
1777984470.4918456,1,1082,0,19,121,34
1777984470.4936016,2,2666,0,20,121,35
1777984470.5067108,1,1082,0,19,121,34
1777984470.5084076,2,2666,0,20,121,35
1777984470.5213375,1,1082,0,19,121,34
1777984470.5230439,2,2666,0,20,121,35
1777984470.5361733,1,1082,0,19,121,34
1777984470.5378883,2,2666,0,20,121,35
1777984470.5508237,1,1082,0,19,121,34
1777984470.5524995,2,2666,0,20,121,35
1777984470.5653684,1,1082,0,19,121,34
1777984470.5670888,2,2666,0,20,121,35
1777984470.580087,1,1082,0,19,121,34
1777984470.5820935,2,2666,0,20,121,35
1777984470.5949237,1,1082,0,19,121,34
1777984470.5966353,2,2666,0,20,121,35
1777984470.609448,1,1082,0,19,121,34
1777984470.6113753,2,2666,0,20,121,35
1777984470.6248515,1,1082,0,19,121,34
1777984470.6275184,2,2666,0,20,121,35
1777984470.6402068,1,1082,0,19,121,34
1777984470.6419213,2,2666,0,20,121,35
1777984470.6544507,1,1082,0,19,121,34
1777984470.6561952,2,2666,0,20,121,35
1777984470.6687102,1,1082,0,19,121,34
1777984470.670413,2,2666,0,20,121,35
1777984470.6828997,1,1082,0,19,121,34
1777984470.6846447,2,2666,0,20,121,35
1777984470.6973345,1,1082,0,19,121,34
1777984470.6990962,2,2666,0,20,121,35
1777984470.7116642,1,1082,0,19,121,34
1777984470.7133644,2,2666,0,20,121,35
1777984470.7262952,1,1082,0,19,121,34
1777984470.7280464,2,2666,0,20,121,35
1777984470.7406514,1,1082,0,19,121,34
1777984470.7423692,2,2666,0,20,121,35
1777984470.7552025,1,1082,0,19,121,34
1777984470.7568903,2,2666,0,20,121,35
1777984470.769724,1,1082,0,19,121,34
1777984470.7713935,2,2666,0,20,121,35
1777984470.784217,1,1082,0,19,121,34
1777984470.7861886,2,2666,0,20,121,35
1777984470.799312,1,1082,0,19,121,34
1777984470.8010952,2,2666,0,20,121,35
1777984470.8139818,1,1082,0,19,121,34
1777984470.8159728,2,2666,0,20,121,35
1777984470.8288455,1,1082,0,19,121,34
1777984470.8306432,2,2666,0,20,121,35
1777984470.8436747,1,1082,0,19,121,34
1777984470.8459759,2,2666,0,20,121,35
1777984470.85906,1,1082,0,19,121,34
1777984470.8610604,2,2666,0,20,121,35
1777984470.874212,1,1082,0,19,121,34
1777984470.8760583,2,2666,0,20,121,35
1777984470.889451,1,1082,0,19,121,34
1777984470.8914547,2,2666,0,20,121,35
1777984470.9041991,1,1082,0,19,121,34
1777984470.9060504,2,2666,0,20,121,35
1777984470.9195502,1,1082,0,19,121,34
1777984470.9213855,2,2666,0,20,121,35
1777984470.9342785,1,1082,0,19,121,34
1777984470.936169,2,2666,0,20,121,35
1777984470.9497154,1,1082,0,19,121,34
1777984470.952512,2,2666,0,20,121,35
1777984470.9659514,1,1082,0,19,121,34
1777984470.9678264,2,2666,0,20,121,35
1777984470.980913,1,1082,0,19,121,34
1777984470.9826462,2,2666,0,20,121,35
1777984470.995886,1,1082,0,19,121,34
1777984470.9975812,2,2666,0,20,121,35
1777984471.0104065,1,1082,0,19,121,34
1777984471.012138,2,2666,0,20,121,35
1777984471.0249264,1,1082,0,19,121,34
1777984471.026641,2,2666,0,20,121,35
1777984471.0391874,1,1082,0,19,121,34
1777984471.040919,2,2666,0,20,121,35
1777984471.0533748,1,1082,0,19,121,34
1777984471.055094,2,2666,0,20,121,35
1777984471.067643,1,1082,0,19,121,34
1777984471.0693398,2,2666,0,20,121,35
1777984471.0818942,1,1082,0,19,121,34
1777984471.0836465,2,2666,0,20,121,35
1777984471.096086,1,1082,0,19,121,34
1777984471.0978131,2,2666,0,20,121,35
1777984471.11032,1,1082,0,19,121,34
1777984471.112047,2,2666,0,20,121,35
1777984471.1244833,1,1082,0,19,121,34
1777984471.1263328,2,2666,0,20,121,35
1777984471.1405883,1,1082,0,19,121,34
1777984471.1428952,2,2666,0,20,121,35
1777984471.1565266,1,1082,0,19,121,34
1777984471.1583302,2,2666,0,20,121,35
1777984471.1708753,1,1082,0,19,121,34
1777984471.1725903,2,2666,0,20,121,35
1777984471.185154,1,1082,0,19,121,34
1777984471.186895,2,2666,0,20,121,35
1777984471.1994343,1,1082,0,19,121,34
1777984471.2011418,2,2666,0,20,121,35
1777984471.2143219,1,1082,0,19,121,34
1777984471.2161012,2,2666,0,20,121,35
1777984471.2291958,1,1082,0,19,121,34
1777984471.2309208,2,2666,0,20,121,35
1777984471.2433815,1,1082,0,19,121,34
1777984471.2450888,2,2666,0,20,121,35
1777984471.2576735,1,1082,0,19,121,34
1777984471.2593656,2,2666,0,20,121,35
1777984471.2723558,1,1082,0,19,121,34
1777984471.274091,2,2666,0,20,121,35
1777984471.287015,1,1082,0,19,121,34
1777984471.2888286,2,2666,0,20,121,35
1777984471.301246,1,1082,0,19,121,34
1777984471.302896,2,2666,0,20,121,35
1777984471.3154342,1,1082,0,19,121,34
1777984471.3171167,2,2666,0,20,121,35
1777984471.3298001,1,1082,0,19,121,34
1777984471.331658,2,2666,0,20,121,35
1777984471.345044,1,1082,0,19,121,34
1777984471.3474784,2,2666,0,20,121,35
1777984471.3609264,1,1082,0,19,121,34
1777984471.3628497,2,2666,0,20,121,35
1777984471.3764079,1,1082,0,19,121,34
1777984471.3781676,2,2666,0,20,121,35
1777984471.3909504,1,1082,0,19,121,34
1777984471.392902,2,2666,0,20,121,35
1777984471.4064252,1,1082,0,19,121,33
1777984471.4083319,2,2666,0,20,121,35
1777984471.421618,1,1082,0,19,121,34
1777984471.423403,2,2666,0,20,121,35
1777984471.4361598,1,1082,0,19,121,34
1777984471.4378967,2,2666,0,20,121,35
1777984471.4511704,1,1082,0,19,121,34
1777984471.452923,2,2666,0,20,121,35
1777984471.4654691,1,1082,0,19,121,34
1777984471.4671946,2,2666,0,20,121,35
1777984471.4798386,1,1082,0,19,121,34
1777984471.4816153,2,2666,0,20,121,35
1777984471.494587,1,1082,0,19,121,34
1777984471.4963129,2,2666,0,20,121,35
1777984471.5093138,1,1082,0,19,121,34
1777984471.51106,2,2666,0,20,121,35
1777984471.524099,1,1082,0,19,121,34
1777984471.5258203,2,2666,0,20,121,35
1777984471.5385096,1,1082,0,19,121,34
1777984471.5403495,2,2666,0,20,121,35
1777984471.5534759,1,1082,0,19,121,34
1777984471.5551832,2,2666,0,20,121,35
1777984471.5679538,1,1082,0,19,121,34
1777984471.5696445,2,2666,0,20,121,35
1777984471.5823846,1,1082,0,19,121,34
1777984471.584094,2,2666,0,20,121,35
1777984471.5969045,1,1082,0,19,121,34
1777984471.5986516,2,2666,0,20,121,35
1777984471.6114256,1,1082,0,19,121,34
1777984471.613151,2,2666,0,20,121,35
1777984471.6259046,1,1082,0,19,121,34
1777984471.627645,2,2666,0,20,121,35
1777984471.6402795,1,1082,0,19,121,34
1777984471.6421533,2,2666,0,20,121,35
1777984471.6557798,1,1082,0,19,121,34
1777984471.657832,2,2666,0,20,121,35
1777984471.6703975,1,1082,0,19,121,34
1777984471.6720943,2,2666,0,20,121,35
1777984471.6849313,1,1082,0,19,121,34
1777984471.6866198,2,2666,0,20,121,35
1777984471.699507,1,1082,0,19,121,34
1777984471.701204,2,2666,0,20,121,35
1777984471.7139318,1,1082,0,19,121,34
1777984471.7156332,2,2666,0,20,121,35
1777984471.728483,1,1082,0,19,121,34
1777984471.7302139,2,2666,0,20,121,35
1777984471.7429056,1,1082,0,19,121,34
1777984471.7446282,2,2666,0,20,121,35
1777984471.757184,1,1082,0,19,121,34
1777984471.7589285,2,2666,0,20,121,35
1777984471.7716944,1,1082,0,19,121,34
1777984471.7734084,2,2666,0,20,121,35
1777984471.7861614,1,1082,0,19,121,34
1777984471.7879372,2,2666,0,20,121,35
1777984471.8008323,1,1082,0,19,121,34
1777984471.8025045,2,2666,0,20,121,35
1777984471.8157096,1,1082,0,19,121,34
1777984471.8174236,2,2666,0,20,121,35
1777984471.8305464,1,1082,0,19,121,34
1777984471.8325613,2,2666,0,20,121,35
1777984471.845938,1,1082,0,19,121,34
1777984471.8480916,2,2666,0,20,121,35
1777984471.861782,1,1082,0,19,121,34
1777984471.864017,2,2666,0,20,121,35
1777984471.8766675,1,1082,0,19,121,34
1777984471.8783772,2,2666,0,20,121,35
1777984471.8913894,1,1082,0,19,121,34
1777984471.8933148,2,2666,0,20,121,35
1777984471.9062426,1,1082,0,19,121,34
1777984471.9085436,2,2666,0,20,121,35
1777984471.9211445,1,1082,0,19,121,34
1777984471.9228761,2,2666,0,20,121,35
1777984471.9358861,1,1082,0,19,121,34
1777984471.9376166,2,2666,0,20,121,35
1777984471.9503849,1,1082,0,19,121,34
1777984471.952058,2,2666,0,20,121,35
1777984471.9644773,1,1082,0,19,121,34
1777984471.9662266,2,2666,0,20,121,35
1777984471.9789078,1,1082,0,19,121,34
1777984471.9806714,2,2666,0,20,121,35
1777984471.9935195,1,1082,0,19,121,34
1777984471.9952004,2,2666,0,20,121,35
1777984472.0081623,1,1082,0,19,121,34
1777984472.0101326,2,2666,0,20,121,35
1777984472.0231605,1,1082,0,19,121,34
1777984472.0252929,2,2666,0,20,121,35
1777984472.038276,1,1082,0,19,121,34
1777984472.0401742,2,2666,0,20,121,35
1777984472.053242,1,1082,0,19,121,34
1777984472.0554624,2,2666,0,20,121,35
1777984472.0682237,1,1082,0,19,121,34
1777984472.0702279,2,2666,0,20,121,35
1777984472.0833514,1,1082,0,19,121,34
1777984472.0853875,2,2666,0,20,121,35
1777984472.0985289,1,1082,0,19,121,34
1777984472.1002357,2,2666,0,20,121,35
1777984472.1135304,1,1082,0,19,121,34
1777984472.1153693,2,2666,0,20,121,35
1777984472.128945,1,1082,0,19,121,34
1777984472.1307151,2,2666,0,20,121,35
1777984472.1439655,1,1082,0,19,121,34
1777984472.1463573,2,2666,0,20,121,35
1777984472.1606007,1,1082,0,19,121,34
1777984472.1629941,2,2666,0,20,121,35
1777984472.1761441,1,1082,0,19,121,34
1777984472.1779814,2,2666,0,20,121,35
1777984472.191479,1,1082,0,19,121,34
1777984472.193398,2,2667,0,20,121,35
1777984472.2070374,1,1082,0,19,121,34
1777984472.209067,2,2666,0,20,121,35
1777984472.2221816,1,1082,0,19,121,34
1777984472.2241864,2,2666,0,20,121,35
1777984472.2374506,1,1082,0,19,121,34
1777984472.2395787,2,2666,0,20,121,35
1777984472.2526076,1,1082,0,19,121,34
1777984472.2545772,2,2666,0,20,121,35
1777984472.2674978,1,1082,0,19,121,34
1777984472.269503,2,2666,0,20,121,35
1777984472.2825534,1,1082,0,19,121,34
1777984472.2846422,2,2666,0,20,121,35
1777984472.2980387,1,1082,0,19,121,34
1777984472.300056,2,2666,0,20,121,35
1777984472.3131416,1,1082,0,19,121,34
1777984472.3150663,2,2666,0,20,121,35
1777984472.3286371,1,1082,0,19,121,34
1777984472.3304448,2,2666,0,20,121,35
1777984472.3439505,1,1082,0,19,121,34
1777984472.3459203,2,2666,0,20,121,35
1777984472.3592439,1,1082,0,19,121,34
1777984472.3612316,2,2667,0,20,121,35
1777984472.3744125,1,1082,0,19,121,34
1777984472.3764217,2,2666,0,20,121,35
1777984472.3893373,1,1082,0,19,121,34
1777984472.3910623,2,2666,0,20,121,35
1777984472.403626,1,1082,0,19,121,34
1777984472.4053793,2,2666,0,20,121,35
1777984472.418557,1,1082,0,19,121,34
1777984472.4210382,2,2666,0,20,121,35
1777984472.4339182,1,1082,0,19,121,34
1777984472.4358037,2,2666,0,20,121,35
1777984472.4487221,1,1082,0,19,121,34
1777984472.450621,2,2666,0,20,121,35
1777984472.463796,1,1082,0,19,121,34
1777984472.4658363,2,2666,0,20,121,35
1777984472.478913,1,1082,0,19,121,34
1777984472.4807682,2,2666,0,20,121,35
1777984472.4943435,1,1082,0,19,121,34
1777984472.4963858,2,2666,0,20,121,35
1777984472.5089686,1,1081,0,19,121,34
1777984472.5107067,2,2666,0,20,121,35
1777984472.5232656,1,1082,0,19,121,34
1777984472.5251646,2,2666,0,20,121,35
1777984472.5383599,1,1082,0,19,121,34
1777984472.5406163,2,2666,0,20,121,35
1777984472.5538404,1,1082,0,19,121,34
1777984472.5559092,2,2666,0,20,121,35
1777984472.5685973,1,1082,0,19,121,34
1777984472.5702305,2,2666,0,20,121,35
1777984472.58294,1,1082,0,19,121,34
1777984472.5846598,2,2666,0,20,121,35
1777984472.597518,1,1082,0,19,121,34
1777984472.599212,2,2666,0,20,121,35
1777984472.6124873,1,1082,0,19,121,34
1777984472.6144652,2,2666,0,20,121,35
1777984472.627728,1,1082,0,19,121,34
1777984472.6297739,2,2666,0,20,121,35
1777984472.6428766,1,1082,0,19,121,34
1777984472.6454399,2,2666,0,20,121,35
1777984472.6581385,1,1082,0,19,121,34
1777984472.6599338,2,2666,0,20,121,35
1777984472.6724844,1,1082,0,19,121,34
1777984472.6742382,2,2666,0,20,121,35
1777984472.686916,1,1082,0,19,121,34
1777984472.6889334,2,2666,0,20,121,35
1777984472.701793,1,1082,0,19,121,34
1777984472.703962,2,2666,0,20,121,35
1777984472.7174058,1,1082,0,19,121,34
1777984472.7194793,2,2666,0,20,121,35
1777984472.7329397,1,1082,0,19,121,34
1777984472.734835,2,2666,0,20,121,35
1777984472.7483587,1,1082,0,19,121,34
1777984472.7504325,2,2666,0,20,121,35
1777984472.7635872,1,1082,0,19,121,34
1777984472.7654061,2,2666,0,20,121,35
1777984472.7787662,1,1082,0,19,121,34
1777984472.7807555,2,2666,0,20,121,35
1777984472.7938468,1,1082,0,19,121,34
1777984472.7958302,2,2666,0,20,121,35
1777984472.8089147,1,1082,0,19,121,34
1777984472.8109176,2,2666,0,20,121,35
1777984472.8239887,1,1082,0,19,121,34
1777984472.825695,2,2666,0,20,121,35
1777984472.8384943,1,1082,0,19,121,34
1777984472.8401875,2,2666,0,20,121,35
1777984472.8527043,1,1082,0,19,121,34
1777984472.8544357,2,2666,0,20,121,35
1777984472.8669164,1,1082,0,19,121,34
1777984472.8686705,2,2666,0,20,121,35
1777984472.8812215,1,1082,0,19,121,34
1777984472.88291,2,2666,0,20,121,35
1777984472.8956873,1,1082,0,19,121,34
1777984472.8978493,2,2666,0,20,121,35
1777984472.9105809,1,1082,0,19,121,34
1777984472.9127898,2,2666,0,20,121,35
1777984472.9271235,1,1082,0,19,121,34
1777984472.9294338,2,2666,0,20,121,35
1777984472.9423213,1,1082,0,19,121,34
1777984472.9440722,2,2666,0,20,121,35
1777984472.9567883,1,1082,0,19,121,34
1777984472.958744,2,2666,0,20,121,35
1777984472.9719434,1,1082,0,19,121,34
1777984472.9738529,2,2666,0,20,121,35
1777984472.9868238,1,1082,0,19,121,34
1777984472.9887772,2,2666,0,20,121,35
1777984473.001986,1,1082,0,19,121,34
1777984473.0039318,2,2666,0,20,121,35
1777984473.016926,1,1082,0,19,121,34
1777984473.0189066,2,2666,0,20,121,35
1777984473.0324254,1,1082,0,19,121,34
1777984473.034579,2,2666,0,20,121,35
1777984473.0477998,1,1082,0,19,121,34
1777984473.049924,2,2666,0,20,121,35
1777984473.0635722,1,1082,0,19,121,34
1777984473.0657291,2,2666,0,20,121,35
1777984473.0786576,1,1082,0,19,121,34
1777984473.0803833,2,2666,0,20,121,35
1777984473.0931165,1,1082,0,19,121,34
1777984473.0948393,2,2666,0,20,121,35
1777984473.1073742,1,1082,0,19,121,34
1777984473.1091044,2,2666,0,20,121,35
1777984473.1219897,1,1082,0,19,121,34
1777984473.123809,2,2666,0,20,121,35
1777984473.1367128,1,1082,0,19,121,34
1777984473.138588,2,2666,0,20,121,35
1777984473.1519918,1,1082,0,19,121,34
1777984473.1539996,2,2666,0,20,121,35
1777984473.1674364,1,1082,0,19,121,34
1777984473.1691906,2,2666,0,20,121,35
1777984473.182341,1,1082,0,19,121,34
1777984473.1840618,2,2666,0,20,121,35
1777984473.1968982,1,1082,0,19,121,34
1777984473.1987362,2,2666,0,20,121,35
1777984473.2117915,1,1082,0,19,121,34
1777984473.2139418,2,2666,0,20,121,35
1777984473.2271204,1,1082,0,19,121,34
1777984473.2288876,2,2666,0,20,121,35
1777984473.2418952,1,1082,0,19,121,34
1777984473.2436168,2,2666,0,20,121,35
1777984473.2564209,1,1082,0,19,121,34
1777984473.2581599,2,2666,0,20,121,35
1777984473.2708423,1,1082,0,19,121,34
1777984473.2725239,2,2666,0,20,121,35
1777984473.2855008,1,1082,0,19,121,34
1777984473.2872386,2,2666,0,20,121,35
1777984473.3001342,1,1082,0,19,121,34
1777984473.3018613,2,2666,0,20,121,35
1777984473.3144004,1,1082,0,19,121,34
1777984473.3160622,2,2666,0,20,121,35
1777984473.329238,1,1082,0,19,121,34
1777984473.3309662,2,2666,0,20,121,35
1777984473.3438702,1,1082,0,19,121,34
1777984473.3455496,2,2666,0,20,121,35
1777984473.3586156,1,1082,0,19,121,34
1777984473.3603494,2,2666,0,20,121,35
1777984473.3731375,1,1082,0,19,121,34
1777984473.3748367,2,2666,0,20,121,35
1777984473.3879018,1,1082,0,19,121,34
1777984473.3896668,2,2666,0,20,121,35
1777984473.4024754,1,1082,0,19,121,34
1777984473.4041939,2,2666,0,20,121,35
1777984473.4169967,1,1082,0,19,121,34
1777984473.4188871,2,2666,0,20,121,35
1777984473.4322743,1,1082,0,19,121,34
1777984473.4343963,2,2666,0,20,121,35
1777984473.4472182,1,1082,0,19,121,34
1777984473.4489505,2,2666,0,20,121,35
1777984473.4614935,1,1082,0,19,121,34
1777984473.4631958,2,2666,0,20,121,35
1777984473.4761167,1,1082,0,19,121,34
1777984473.4778476,2,2666,0,20,121,35
1777984473.4904225,1,1082,0,19,121,34
1777984473.4921095,2,2666,0,20,121,35
1777984473.5051103,1,1082,0,19,121,34
1777984473.5068371,2,2666,0,20,121,35
1777984473.5198286,1,1082,0,19,121,34
1777984473.521605,2,2666,0,20,121,35
1777984473.5342011,1,1082,0,19,121,34
1777984473.5359266,2,2666,0,20,121,35
1777984473.5489268,1,1082,0,19,121,34
1777984473.5506687,2,2666,0,20,121,35
1777984473.5634673,1,1082,0,19,121,34
1777984473.5652204,2,2666,0,20,121,35
1777984473.5784278,1,1082,0,19,121,34
1777984473.5801954,2,2666,0,20,121,35
1777984473.59268,1,1082,0,19,121,34
1777984473.5943966,2,2666,0,20,121,35
1777984473.6070285,1,1082,0,19,121,34
1777984473.608975,2,2666,0,20,121,36
1777984473.6224775,1,1082,0,19,121,34
1777984473.6245122,2,2666,0,20,121,35
1777984473.637466,1,1082,0,19,121,34
1777984473.6392226,2,2666,0,20,121,35
1777984473.6518564,1,1082,0,19,121,34
1777984473.6535313,2,2666,0,20,121,35
1777984473.6660807,1,1082,0,19,121,34
1777984473.667767,2,2666,0,20,121,35
1777984473.6804695,1,1082,0,19,121,34
1777984473.6823254,2,2666,0,20,121,35
1777984473.6956658,1,1082,0,19,121,34
1777984473.6976597,2,2666,0,20,121,35
1777984473.710412,1,1082,0,19,121,34
1777984473.7124472,2,2666,0,20,121,35
1777984473.7252967,1,1082,0,19,121,34
1777984473.7271657,2,2666,0,20,121,35
1777984473.740756,1,1082,0,19,121,34
1777984473.7426825,2,2666,0,20,121,35
1777984473.75536,1,1082,0,19,121,34
1777984473.7571125,2,2666,0,20,121,35
1777984473.7699323,1,1082,0,19,121,34
1777984473.7716439,2,2666,0,20,121,35
1777984473.784439,1,1082,0,19,121,34
1777984473.7861636,2,2666,0,20,121,35
1777984473.7992327,1,1082,0,19,121,34
1777984473.8009439,2,2666,0,20,121,35
1777984473.8138733,1,1082,0,19,121,34
1777984473.8156075,2,2666,0,20,121,35
1777984473.828422,1,1082,0,19,121,34
1777984473.8301713,2,2666,0,20,121,35
1777984473.8428519,1,1082,0,19,121,34
1777984473.8448732,2,2666,0,20,121,35
1777984473.8576732,1,1082,0,19,121,34
1777984473.8593924,2,2666,0,20,121,35
1777984473.8723247,1,1082,0,19,121,34
1777984473.8743048,2,2666,0,20,121,35
1777984473.887684,1,1082,0,19,121,34
1777984473.8898163,2,2666,0,20,121,35
1777984473.9033191,1,1082,0,19,121,34
1777984473.9051194,2,2666,0,20,121,35
1777984473.9181552,1,1082,0,19,121,34
1777984473.9201384,2,2666,0,20,121,35
1777984473.9333153,1,1082,0,19,121,34
1777984473.9353049,2,2666,0,20,121,35
1777984473.9501069,1,1082,0,19,121,34
1777984473.9526765,2,2666,0,20,121,35
1777984473.9653368,1,1082,0,19,121,34
1777984473.9672189,2,2666,0,20,121,35
1777984473.980451,1,1082,0,19,121,34
1777984473.9824595,2,2666,0,20,121,35
1777984473.995637,1,1082,0,19,121,34
1777984473.997357,2,2666,0,20,121,35
1777984474.010152,1,1082,0,19,121,34
1777984474.011931,2,2666,0,20,121,35
1777984474.02486,1,1082,0,19,121,34
1777984474.026524,2,2666,0,20,121,35
1777984474.0389495,1,1082,0,19,121,34
1777984474.0406415,2,2666,0,20,121,35
1777984474.0530837,1,1082,0,19,121,34
1777984474.054851,2,2666,0,20,121,35
1777984474.0673451,1,1082,0,19,121,34
1777984474.069119,2,2666,0,20,121,35
1777984474.0817854,1,1082,0,19,121,34
1777984474.0835044,2,2666,0,20,121,35
1777984474.095926,1,1082,0,19,121,34
1777984474.0976737,2,2666,0,20,121,35
1777984474.1104958,1,1082,0,19,121,34
1777984474.112459,2,2666,0,20,121,35
1777984474.1251369,1,1082,0,19,121,34
1777984474.127148,2,2666,0,20,121,35
1777984474.1402035,1,1082,0,19,121,34
1777984474.142213,2,2666,0,20,121,35
1777984474.154855,1,1082,0,19,121,34
1777984474.156524,2,2666,0,20,121,35
1777984474.1691196,1,1082,0,19,121,34
1777984474.1708467,2,2666,0,20,121,35
1777984474.1834571,1,1082,0,19,121,34
1777984474.1853144,2,2666,0,20,121,35
1777984474.1983287,1,1082,0,19,121,34
1777984474.2003922,2,2666,0,20,121,35
1777984474.2137632,1,1082,0,19,121,34
1777984474.2159266,2,2666,0,20,121,35
1777984474.2288773,1,1082,0,19,121,34
1777984474.2309024,2,2666,0,20,121,35
1777984474.244621,1,1082,0,19,121,34
1777984474.2466419,2,2666,0,20,121,35
1777984474.259802,1,1082,0,19,121,34
1777984474.261726,2,2666,0,20,121,35
1777984474.275118,1,1082,0,19,121,34
1777984474.2770946,2,2666,0,20,121,35
1777984474.2904944,1,1082,0,19,121,34
1777984474.2924478,2,2666,0,20,121,35
1777984474.305189,1,1082,0,19,121,34
1777984474.3068705,2,2666,0,20,121,35
1777984474.3193562,1,1082,0,19,121,34
1777984474.3210788,2,2666,0,20,121,35
1777984474.3336205,1,1082,0,19,121,34
1777984474.3353322,2,2666,0,20,121,35
1777984474.3479362,1,1082,0,19,121,34
1777984474.3497717,2,2666,0,20,121,35
1777984474.3632672,1,1082,0,19,121,34
1777984474.3651762,2,2666,0,20,121,35
1777984474.3781712,1,1082,0,19,121,34
1777984474.3799229,2,2666,0,20,121,35
1777984474.3924623,1,1082,0,19,121,34
1777984474.3941429,2,2666,0,20,121,35
1777984474.4073021,1,1082,0,19,121,34
1777984474.4092808,2,2666,0,20,121,35
1777984474.422501,1,1082,0,19,121,34
1777984474.4245431,2,2666,0,20,121,35
1777984474.43859,1,1082,0,19,121,34
1777984474.440699,2,2666,0,20,121,35
1777984474.4541645,1,1082,0,19,121,34
1777984474.4562042,2,2666,0,20,121,35
1777984474.4697855,1,1082,0,19,121,34
1777984474.472002,2,2666,0,20,121,35
1777984474.4851635,1,1082,0,19,121,34
1777984474.4879322,2,2666,0,20,121,35
1777984474.5005279,1,1082,0,19,121,34
1777984474.5022283,2,2666,0,20,121,35
1777984474.514862,1,1082,0,19,121,34
1777984474.5165336,2,2666,0,20,121,35
1777984474.5296135,1,1082,0,19,121,34
1777984474.5320382,2,2666,0,20,121,35
1777984474.54577,1,1082,0,19,121,34
1777984474.547881,2,2666,0,20,121,35
1777984474.5607204,1,1082,0,19,121,34
1777984474.5624502,2,2666,0,20,121,35
1777984474.5752645,1,1082,0,19,121,34
1777984474.5769603,2,2666,0,20,121,35
1777984474.5897634,1,1082,0,19,121,34
1777984474.5914435,2,2666,0,20,121,35
1777984474.6044605,1,1082,0,19,121,34
1777984474.606178,2,2666,0,20,121,35
1777984474.6191518,1,1082,0,19,121,34
1777984474.6209517,2,2666,0,20,121,35
1777984474.6335037,1,1082,0,19,121,34
1777984474.6352296,2,2666,0,20,121,35
1777984474.6482162,1,1082,-50,20,121,34
1777984474.6501558,2,2666,0,20,121,35
1777984474.6629267,1,1082,-50,23,121,34
1777984474.6649835,2,2666,0,20,121,35
1777984474.6778834,1,1082,50,19,121,34
1777984474.6796267,2,2666,0,20,121,35
1777984474.6921265,1,1082,0,19,121,34
1777984474.693853,2,2666,0,20,121,35
1777984474.7062566,1,1082,0,19,121,34
1777984474.7079551,2,2666,0,20,121,35
1777984474.7204533,1,1082,0,19,121,34
1777984474.7221785,2,2666,0,20,121,35
1777984474.734755,1,1082,0,19,121,34
1777984474.7365916,2,2666,0,20,121,35
1777984474.7496786,1,1082,0,19,121,34
1777984474.7516148,2,2666,0,20,121,35
1777984474.7647178,1,1082,0,19,121,34
1777984474.7664378,2,2666,0,20,121,35
1777984474.7792082,1,1082,0,19,121,34
1777984474.781273,2,2666,0,20,121,35
1777984474.7946663,1,1082,0,19,121,34
1777984474.7966392,2,2666,0,20,121,35
1777984474.810063,1,1082,0,19,121,34
1777984474.8122385,2,2666,0,20,121,35
1777984474.8254733,1,1082,0,19,121,34
1777984474.8276167,2,2666,0,20,121,35
1777984474.8408656,1,1082,0,19,121,34
1777984474.8428068,2,2666,0,20,121,35
1777984474.8561342,1,1082,0,19,121,34
1777984474.8579803,2,2666,0,20,121,35
1777984474.871235,1,1082,-50,21,121,34
1777984474.87311,2,2666,0,20,121,35
1777984474.8863623,1,1082,50,21,121,34
1777984474.8883157,2,2666,0,20,121,35
1777984474.9011064,1,1081,50,19,121,34
1777984474.9029553,2,2666,0,20,121,35
1777984474.9158704,1,1082,0,19,121,34
1777984474.9176695,2,2666,0,20,121,35
1777984474.930985,1,1082,0,19,121,34
1777984474.9331884,2,2666,0,20,121,35
1777984474.9469078,1,1082,0,19,121,34
1777984474.949204,2,2666,0,20,121,35
1777984474.962362,1,1082,0,19,121,34
1777984474.964255,2,2666,0,20,121,35
1777984474.9773207,1,1082,0,19,121,34
1777984474.9790928,2,2666,0,20,121,35
1777984474.9920187,1,1082,0,19,121,34
1777984474.9941733,2,2666,0,20,121,36
1777984475.0071561,1,1082,0,19,121,34
1777984475.0092227,2,2666,0,20,121,35
1777984475.022579,1,1082,0,19,121,34
1777984475.024482,2,2666,0,20,121,35
1777984475.0369763,1,1082,0,19,121,34
1777984475.03865,2,2666,0,20,121,35
1777984475.0516148,1,1082,0,19,121,34
1777984475.0536742,2,2666,0,20,121,35
1777984475.0668478,1,1082,0,19,121,34
1777984475.0689116,2,2666,0,20,121,35
1777984475.08228,1,1082,0,19,121,34
1777984475.0844684,2,2666,0,20,121,35
1777984475.0976253,1,1082,0,19,121,34
1777984475.0994112,2,2666,0,20,121,35
1777984475.1121323,1,1082,0,19,121,34
1777984475.1138628,2,2666,0,20,121,35
1777984475.1271899,1,1082,0,19,121,34
1777984475.1291761,2,2666,0,20,121,35
1777984475.142703,1,1082,0,19,121,34
1777984475.1447208,2,2666,0,20,121,35
1777984475.1580982,1,1082,0,19,121,34
1777984475.1601634,2,2666,0,20,121,35
1777984475.1730607,1,1082,0,19,121,34
1777984475.1751611,2,2666,0,20,121,35
1777984475.187821,1,1082,0,19,121,34
1777984475.189739,2,2666,0,20,121,35
1777984475.2033393,1,1082,0,19,121,34
1777984475.2051322,2,2666,0,20,121,35
1777984475.2182894,1,1082,0,19,121,34
1777984475.2200096,2,2666,0,20,121,35
1777984475.2331786,1,1082,0,19,121,34
1777984475.2349575,2,2666,0,20,121,35
1777984475.247896,1,1082,0,19,121,34
1777984475.2496142,2,2666,0,20,121,35
1777984475.262444,1,1082,0,19,121,34
1777984475.2641785,2,2666,0,20,121,35
1777984475.2773778,1,1082,0,19,121,34
1777984475.279088,2,2666,0,20,121,35
1777984475.2919767,1,1082,0,19,121,34
1777984475.293677,2,2666,0,20,121,35
1777984475.306504,1,1082,0,19,121,34
1777984475.3082361,2,2666,0,20,121,35
1777984475.3211086,1,1082,0,19,121,34
1777984475.3231983,2,2666,0,20,121,35
1777984475.3359652,1,1082,0,19,121,34
1777984475.3376913,2,2666,0,20,121,35
1777984475.3506603,1,1082,0,19,121,34
1777984475.352824,2,2666,0,20,121,35
1777984475.3659923,1,1082,0,19,121,34
1777984475.3676858,2,2666,0,20,121,35
1777984475.3806136,1,1082,0,19,121,34
1777984475.3824353,2,2666,0,20,121,35
1777984475.3955426,1,1082,0,19,121,34
1777984475.397881,2,2666,0,20,121,35
1777984475.4117608,1,1082,0,19,121,34
1777984475.4138663,2,2666,0,20,121,35
1777984475.427532,1,1082,0,19,121,34
1777984475.42952,2,2666,0,20,121,35
1777984475.4428246,1,1082,0,19,121,34
1777984475.444869,2,2666,0,20,121,35
1777984475.4583457,1,1082,0,19,121,34
1777984475.4603539,2,2666,0,20,121,35
1777984475.4736898,1,1082,0,19,121,34
1777984475.4756005,2,2666,0,20,121,35
1777984475.489058,1,1082,0,19,121,34
1777984475.4910996,2,2666,0,20,121,35
1777984475.5037034,1,1082,0,19,121,34
1777984475.5056932,2,2666,0,20,121,35
1777984475.5185935,1,1082,0,19,121,34
1777984475.5205526,2,2666,0,20,121,35
1777984475.5341616,1,1082,0,19,121,34
1777984475.536173,2,2666,0,20,121,35
1777984475.5496633,1,1082,0,19,121,33
1777984475.551448,2,2666,0,20,121,35
1777984475.5650954,1,1081,0,19,121,34
1777984475.5670502,2,2666,0,20,121,35
1777984475.5806355,1,1082,0,19,121,34
1777984475.5826244,2,2666,0,20,121,35
1777984475.5959308,1,1082,0,19,121,34
1777984475.5979946,2,2666,0,20,121,35
1777984475.611445,1,1082,0,19,121,34
1777984475.613372,2,2666,0,20,121,35
1777984475.6263196,1,1082,0,19,121,34
1777984475.6280134,2,2666,0,20,121,35
1777984475.6408627,1,1082,0,19,121,34
1777984475.6425319,2,2666,0,20,121,35
1777984475.6553771,1,1082,0,19,121,34
1777984475.657137,2,2666,0,20,121,35
1777984475.6701424,1,1082,0,19,121,34
1777984475.6718664,2,2666,0,20,121,35
1777984475.6843808,1,1082,0,19,121,34
1777984475.6861365,2,2666,0,20,121,35
1777984475.6991754,1,1082,0,19,121,34
1777984475.7009358,2,2666,0,20,121,35
1777984475.7137737,1,1082,0,19,121,34
1777984475.7154627,2,2666,0,20,121,35
1777984475.728789,1,1082,0,19,121,34
1777984475.7308216,2,2666,0,20,121,35
1777984475.7441695,1,1082,0,19,121,34
1777984475.7463968,2,2666,0,20,121,35
1777984475.7603493,1,1082,0,19,121,34
1777984475.7624736,2,2666,0,20,121,35
1777984475.7756422,1,1082,0,19,121,34
1777984475.7775826,2,2666,0,20,121,35
1777984475.791162,1,1082,0,19,121,34
1777984475.793173,2,2666,0,20,121,35
1777984475.8068273,1,1082,0,19,121,34
1777984475.8088648,2,2666,0,20,121,35
1777984475.8224626,1,1082,0,19,121,34
1777984475.8247159,2,2666,0,20,121,35
1777984475.837929,1,1082,0,19,121,34
1777984475.8401773,2,2666,0,20,121,35
1777984475.8531566,1,1082,0,19,121,34
1777984475.8550158,2,2666,0,20,120,35
1777984475.8683958,1,1082,0,19,121,34
1777984475.8704708,2,2666,0,20,121,35
1777984475.8835807,1,1082,0,19,121,34
1777984475.8858147,2,2666,0,20,121,35
1777984475.8990135,1,1082,0,19,121,34
1777984475.901375,2,2666,0,20,121,35
1777984475.9142985,1,1082,0,19,121,34
1777984475.9162757,2,2666,0,20,121,35
1777984475.9295394,1,1082,0,19,121,34
1777984475.9314167,2,2666,0,20,121,35
1777984475.9448519,1,1082,0,19,121,34
1777984475.9468393,2,2666,0,20,121,35
1777984475.960403,1,1082,0,19,121,34
1777984475.9622443,2,2666,0,20,121,35
1777984475.9757357,1,1082,0,19,121,34
1777984475.9778004,2,2666,0,20,121,35
1777984475.9904451,1,1082,0,19,121,34
1777984475.9921975,2,2666,0,20,121,35
1777984476.0049438,1,1082,0,19,121,34
1777984476.006687,2,2666,0,20,121,35
1777984476.0193906,1,1082,0,19,121,34
1777984476.0214078,2,2666,0,20,121,35
1777984476.034192,1,1082,0,19,121,34
1777984476.0362089,2,2666,0,20,121,35
1777984476.0496914,1,1082,0,19,121,34
1777984476.0517504,2,2666,0,20,121,35
1777984476.0653908,1,1082,0,19,121,34
1777984476.0676286,2,2666,0,20,121,35
1777984476.080207,1,1082,0,19,121,34
1777984476.081966,2,2666,0,20,121,35
1777984476.0946674,1,1082,0,19,121,34
1777984476.0966194,2,2666,0,20,121,35
1777984476.1098294,1,1082,0,19,121,34
1777984476.112022,2,2666,0,20,121,35
1777984476.1248112,1,1082,0,19,121,34
1777984476.1267967,2,2666,0,20,121,35
1777984476.1396327,1,1082,0,19,121,34
1777984476.1413724,2,2666,0,20,121,35
1777984476.1543841,1,1082,0,19,121,34
1777984476.156297,2,2666,0,20,121,35
1777984476.1699889,1,1082,0,19,121,34
1777984476.1719463,2,2666,0,20,121,35
1777984476.1857138,1,1082,0,19,121,34
1777984476.1880794,2,2666,0,20,121,35
1777984476.2013624,1,1082,0,19,121,34
1777984476.2031786,2,2666,0,20,121,35
1777984476.2163699,1,1082,0,19,121,34
1777984476.218644,2,2666,0,20,121,35
1777984476.232641,1,1082,0,19,121,34
1777984476.2350192,2,2666,0,20,121,35
1777984476.248184,1,1082,0,19,121,34
1777984476.2502804,2,2666,0,20,121,35
1777984476.263583,1,1082,0,19,121,34
1777984476.2657175,2,2666,0,20,121,35
1777984476.2795215,1,1082,0,19,121,34
1777984476.2818558,2,2666,0,20,121,35
1777984476.29582,1,1082,0,19,121,34
1777984476.2983968,2,2666,0,20,121,35
1777984476.3118916,1,1082,0,19,121,34
1777984476.3137295,2,2666,0,20,121,35
1777984476.3276327,1,1082,0,19,121,34
1777984476.3294744,2,2666,0,20,121,35
1777984476.3422322,1,1082,0,19,121,34
1777984476.3439722,2,2666,0,20,121,35
1777984476.3565927,1,1082,0,19,121,34
1777984476.3586562,2,2666,0,20,121,35
1777984476.3716447,1,1082,0,19,121,34
1777984476.3736484,2,2666,0,20,121,35
1777984476.3869944,1,1082,0,19,121,34
1777984476.3889606,2,2666,0,20,121,35
1777984476.402518,1,1082,0,19,121,34
1777984476.4045055,2,2666,0,20,121,35
1777984476.4179146,1,1082,0,19,121,34
1777984476.420151,2,2666,0,20,121,35
1777984476.4340065,1,1082,0,19,121,34
1777984476.4359856,2,2666,0,20,121,35
1777984476.4492302,1,1082,0,19,121,34
1777984476.4513776,2,2666,0,20,121,35
1777984476.4650488,1,1082,0,19,121,34
1777984476.467568,2,2666,0,20,121,35
1777984476.4808578,1,1082,0,19,121,34
1777984476.4829867,2,2666,0,20,121,35
1777984476.496219,1,1082,0,19,121,34
1777984476.4983292,2,2666,0,20,121,35
1777984476.5112777,1,1082,0,19,121,34
1777984476.513438,2,2666,0,20,121,35
1777984476.527277,1,1082,0,19,121,34
1777984476.5295584,2,2666,0,20,121,35
1777984476.5427282,1,1082,0,19,121,34
1777984476.545213,2,2666,0,20,121,35
1777984476.558925,1,1082,0,19,121,34
1777984476.5611677,2,2666,0,20,121,35
1777984476.5738773,1,1082,0,19,121,34
1777984476.5756865,2,2666,0,20,121,35
1777984476.588861,1,1082,0,19,121,34
1777984476.5910842,2,2666,0,20,121,35
1777984476.605085,1,1082,0,19,121,34
1777984476.6073012,2,2666,0,20,121,35
1777984476.6204205,1,1082,0,19,121,33
1777984476.6224174,2,2666,0,20,121,35
1777984476.6351798,1,1082,0,19,121,34
1777984476.6372283,2,2666,0,20,121,35
1777984476.6504674,1,1081,0,19,121,34
1777984476.6527503,2,2666,0,20,121,35
1777984476.6663375,1,1082,0,19,121,34
1777984476.6684115,2,2666,0,20,121,35
1777984476.681274,1,1082,0,19,121,34
1777984476.6829705,2,2666,0,20,121,35
1777984476.69552,1,1082,0,19,121,34
1777984476.6972606,2,2666,0,20,121,35
1777984476.7097747,1,1082,0,19,121,34
1777984476.711471,2,2666,0,20,121,35
1777984476.7241066,1,1082,0,19,121,34
1777984476.726105,2,2666,0,20,121,35
1777984476.7392108,1,1082,0,19,121,34
1777984476.7413297,2,2666,0,20,121,35
1777984476.7546196,1,1082,0,19,121,34
1777984476.7567701,2,2666,0,20,121,35
1777984476.7708888,1,1082,0,19,121,34
1777984476.7728095,2,2666,0,20,121,35
1777984476.7854965,1,1082,0,19,121,34
1777984476.7877738,2,2666,0,20,121,35
1777984476.8015492,1,1082,0,19,121,34
1777984476.80377,2,2666,0,20,121,35
1777984476.8172596,1,1082,0,19,121,34
1777984476.8193514,2,2666,0,20,121,36
1777984476.8330858,1,1082,0,19,121,34
1777984476.8351793,2,2666,0,20,121,35
1777984476.8488631,1,1082,0,19,121,34
1777984476.8508115,2,2666,0,20,121,35
1777984476.8639836,1,1082,0,19,121,34
1777984476.865898,2,2666,0,20,121,35
1777984476.879541,1,1082,0,19,121,34
1777984476.8814695,2,2666,0,20,121,35
1777984476.8949988,1,1082,0,19,121,34
1777984476.8973985,2,2666,0,20,121,35
1777984476.9114223,1,1082,0,19,121,34
1777984476.9156075,2,2666,0,20,121,35
1777984476.9292061,1,1081,0,19,121,34
1777984476.931315,2,2666,0,20,121,35
1777984476.944992,1,1082,0,19,121,34
1777984476.9475389,2,2666,0,20,121,35
1777984476.9612024,1,1082,0,19,121,34
1777984476.9631722,2,2666,0,20,121,35
1777984476.97672,1,1082,0,19,121,34
1777984476.978752,2,2666,0,20,121,35
1777984476.9922776,1,1082,0,19,121,34
1777984476.9943883,2,2666,0,20,121,35
1777984477.0074165,1,1082,0,19,121,34
1777984477.0095024,2,2666,0,20,121,35
1777984477.0219808,1,1082,0,19,121,34
1777984477.023706,2,2666,0,20,121,35
1777984477.0361602,1,1082,0,19,121,34
1777984477.0378718,2,2666,0,20,121,35
1777984477.0502992,1,1082,0,19,121,34
1777984477.0519485,2,2666,0,20,121,35
1777984477.0644217,1,1082,0,19,121,34
1777984477.0661483,2,2666,0,20,121,35
1777984477.0790107,1,1082,0,19,121,34
1777984477.0813057,2,2666,0,20,121,35
1777984477.0942078,1,1082,0,19,121,33
1777984477.0959487,2,2666,0,20,121,35
1777984477.1087568,1,1082,0,19,121,34
1777984477.1109307,2,2666,0,20,121,35
1777984477.1243515,1,1082,0,19,121,34
1777984477.126875,2,2666,0,20,121,35
1777984477.1411273,1,1082,0,19,121,34
1777984477.143313,2,2666,0,20,121,35
1777984477.1566575,1,1082,0,19,121,34
1777984477.159188,2,2666,50,22,121,35
1777984477.172706,1,1082,0,19,121,34
1777984477.1756883,2,2666,-50,22,121,35
1777984477.1895235,1,1082,0,19,121,34
1777984477.1915593,2,2666,-50,19,121,35
1777984477.2058258,1,1082,0,19,121,34
1777984477.2079074,2,2666,0,20,121,35
1777984477.2212732,1,1082,0,19,121,34
1777984477.223506,2,2666,0,20,121,35
1777984477.236997,1,1082,0,19,121,34
1777984477.2394736,2,2666,0,20,121,35
1777984477.2521021,1,1082,0,19,121,34
1777984477.2540514,2,2666,0,20,121,35
1777984477.2677133,1,1082,0,19,121,34
1777984477.269751,2,2666,0,20,121,35
1777984477.282258,1,1082,0,19,121,34
1777984477.2840133,2,2666,0,20,121,35
1777984477.2965605,1,1082,0,19,121,34
1777984477.298257,2,2666,0,20,121,35
1777984477.310781,1,1082,0,19,121,34
1777984477.3124764,2,2666,0,20,121,35
1777984477.3253002,1,1082,0,19,121,34
1777984477.3271964,2,2666,0,20,121,35
1777984477.3407457,1,1082,0,19,121,34
1777984477.3428884,2,2666,0,20,121,35
1777984477.355839,1,1082,0,19,121,34
1777984477.3578253,2,2666,0,20,121,35
1777984477.371323,1,1082,0,19,121,34
1777984477.3732781,2,2666,0,20,121,35
1777984477.3859413,1,1082,0,19,121,34
1777984477.3877995,2,2666,0,20,121,35
1777984477.4011703,1,1082,0,19,121,34
1777984477.4031513,2,2666,0,20,121,35
1777984477.4162207,1,1082,0,19,121,34
1777984477.4179602,2,2666,0,20,121,35
1777984477.4305549,1,1082,0,19,121,34
1777984477.43223,2,2666,0,20,121,35
1777984477.4449506,1,1082,0,19,121,34
1777984477.4478724,2,2666,0,20,121,35
1777984477.4614792,1,1082,0,19,121,34
1777984477.4634955,2,2666,0,20,121,35
1777984477.4771247,1,1082,0,19,121,34
1777984477.4798357,2,2666,0,20,121,35
1777984477.4932935,1,1082,0,19,121,34
1777984477.495599,2,2666,0,20,121,35
1777984477.5088005,1,1082,0,19,121,34
1777984477.5113037,2,2666,0,20,121,35
1777984477.5252616,1,1082,0,19,121,34
1777984477.5275888,2,2666,0,20,121,35
1777984477.5410154,1,1082,0,19,121,34
1777984477.5434818,2,2666,0,20,121,35
1777984477.5575616,1,1082,0,19,121,34
1777984477.559472,2,2666,0,20,121,35
1777984477.5728545,1,1082,0,19,121,34
1777984477.5752873,2,2666,0,20,121,35
1777984477.5885594,1,1082,0,19,121,34
1777984477.5907862,2,2666,0,20,121,35
1777984477.6040213,1,1082,0,19,121,34
1777984477.6062336,2,2666,0,20,121,35
1777984477.6203508,1,1082,0,19,121,34
1777984477.622414,2,2666,0,20,121,35
1777984477.635837,1,1082,0,19,121,34
1777984477.6382718,2,2666,0,20,121,35
1777984477.6513631,1,1082,0,19,121,34
1777984477.6534276,2,2666,0,20,121,35
1777984477.6665149,1,1082,0,19,121,34
1777984477.6685417,2,2666,0,20,121,35
1777984477.6824663,1,1082,0,19,121,34
1777984477.6847732,2,2666,0,20,121,35
1777984477.6979418,1,1082,0,19,121,34
1777984477.6997225,2,2666,0,20,121,35
1777984477.7125084,1,1082,0,19,121,34
1777984477.7142599,2,2666,0,20,121,35
1777984477.7269926,1,1082,0,19,121,34
1777984477.7289507,2,2666,0,20,121,35
1777984477.7425826,1,1082,0,19,121,34
1777984477.744785,2,2666,0,20,121,35
1777984477.7575338,1,1082,0,19,121,34
1777984477.7594328,2,2666,0,20,121,35
1777984477.7729077,1,1082,0,19,121,34
1777984477.7750084,2,2666,0,20,121,35
1777984477.7877202,1,1082,0,19,121,34
1777984477.7894235,2,2666,0,20,121,35
1777984477.8019967,1,1082,0,19,121,34
1777984477.8036861,2,2666,0,20,121,35
1777984477.8162556,1,1082,0,19,121,34
1777984477.818152,2,2666,0,20,121,35
1777984477.8313468,1,1082,0,19,121,34
1777984477.8334084,2,2666,0,20,121,35
1777984477.846216,1,1082,0,19,121,34
1777984477.8479354,2,2666,0,20,121,35
1777984477.860559,1,1082,0,19,121,34
1777984477.8622632,2,2666,0,20,121,35
1777984477.8750002,1,1082,0,19,121,34
1777984477.8773475,2,2666,0,20,121,35
1777984477.8910525,1,1082,0,19,121,34
1777984477.8930106,2,2666,0,20,121,35
1777984477.9055212,1,1082,0,19,121,34
1777984477.9072766,2,2666,0,20,121,35
1777984477.9202943,1,1082,0,19,121,34
1777984477.9225607,2,2666,0,20,121,35
1777984477.9360023,1,1082,0,19,121,34
1777984477.9382272,2,2666,0,20,121,35
1777984477.95166,1,1082,0,19,121,34
1777984477.954165,2,2666,0,20,121,35
1777984477.9674053,1,1082,0,19,121,34
1777984477.969164,2,2666,0,20,121,35
1777984477.9827309,1,1082,0,19,121,34
1777984477.9847243,2,2666,0,20,121,35
1777984477.9978557,1,1082,0,19,121,34
1777984477.9997568,2,2666,0,20,121,35
1777984478.0127928,1,1082,0,19,121,34
1777984478.014623,2,2666,0,20,121,35
1777984478.0273976,1,1082,0,19,121,34
1777984478.0291626,2,2666,0,20,121,35
1777984478.0417163,1,1082,0,19,121,34
1777984478.043591,2,2666,0,20,121,35
1777984478.0567362,1,1082,0,19,121,34
1777984478.0589619,2,2666,0,20,121,35
1777984478.07147,1,1082,0,19,121,34
1777984478.0731812,2,2666,0,20,121,35
1777984478.0857015,1,1082,0,19,121,34
1777984478.0874271,2,2666,0,20,121,35
1777984478.1002738,1,1082,0,19,121,34
1777984478.1022644,2,2666,0,20,121,35
1777984478.1162605,1,1082,0,19,121,34
1777984478.1187632,2,2666,0,20,121,35
1777984478.1317317,1,1082,0,19,121,34
1777984478.133736,2,2666,0,20,121,35
1777984478.1470056,1,1082,0,19,121,34
1777984478.1491365,2,2666,0,20,121,35
1777984478.1622725,1,1082,0,19,121,34
1777984478.164367,2,2666,0,20,121,35
1777984478.178012,1,1082,0,19,121,34
1777984478.1799064,2,2666,0,20,121,35
1777984478.193236,1,1082,0,19,121,34
1777984478.1954055,2,2666,0,20,121,35
1777984478.2087777,1,1082,0,19,121,34
1777984478.211068,2,2666,0,20,121,35
1777984478.2240117,1,1082,0,19,121,34
1777984478.226025,2,2666,0,20,121,35
1777984478.2402084,1,1082,0,19,121,34
1777984478.2428434,2,2666,0,20,121,35
1777984478.2554495,1,1082,0,19,121,34
1777984478.257215,2,2666,0,20,121,35
1777984478.2709575,1,1082,0,19,121,34
1777984478.2730334,2,2666,0,20,121,35
1777984478.2863243,1,1082,0,19,121,34
1777984478.2886794,2,2666,0,20,121,35
1777984478.3020291,1,1082,0,19,121,34
1777984478.3046482,2,2666,0,20,121,35
1777984478.318381,1,1082,0,19,121,34
1777984478.3205945,2,2666,0,20,121,35
1777984478.3340757,1,1082,0,19,121,34
1777984478.3363156,2,2666,0,20,121,35
1777984478.3498986,1,1082,0,19,121,34
1777984478.3523762,2,2666,0,20,121,35
1777984478.3659823,1,1082,0,19,121,34
1777984478.3679512,2,2666,0,20,121,35
1777984478.3810506,1,1082,0,19,121,34
1777984478.382994,2,2666,0,20,121,35
1777984478.396193,1,1082,0,19,121,34
1777984478.3982282,2,2666,0,20,121,35
1777984478.4116313,1,1082,0,19,121,34
1777984478.414055,2,2666,0,20,121,35
1777984478.4273655,1,1082,0,19,121,34
1777984478.4294264,2,2666,0,20,121,35
1777984478.4427428,1,1082,0,19,121,34
1777984478.4449995,2,2666,0,20,121,35
1777984478.4588912,1,1082,0,19,121,34
1777984478.46138,2,2666,0,20,121,35
1777984478.4748256,1,1082,0,19,121,34
1777984478.4770336,2,2666,0,20,121,35
1777984478.4905136,1,1082,0,19,121,34
1777984478.493046,2,2666,0,20,121,35
1777984478.5070503,1,1082,0,19,121,34
1777984478.5091894,2,2666,0,20,121,35
1777984478.5223758,1,1082,0,19,121,34
1777984478.5243502,2,2666,0,20,121,35
1777984478.5378366,1,1082,-50,22,121,34
1777984478.5399842,2,2666,0,20,121,35
1777984478.5539026,1,1082,50,21,121,34
1777984478.5561182,2,2666,0,20,121,35
1777984478.5693786,1,1082,0,19,121,34
1777984478.5715573,2,2666,0,20,121,35
1777984478.585532,1,1082,0,19,121,34
1777984478.5874476,2,2666,0,20,121,35
1777984478.6009057,1,1082,0,19,121,34
1777984478.6031094,2,2666,0,20,121,35
1777984478.6170511,1,1082,0,19,121,34
1777984478.6194048,2,2666,0,20,121,35
1777984478.6327283,1,1082,0,19,121,34
1777984478.6348324,2,2666,0,20,121,35
1777984478.6481192,1,1082,0,19,121,34
1777984478.650198,2,2666,0,20,121,35
1777984478.663394,1,1082,0,19,121,34
1777984478.6653516,2,2666,0,20,121,35
1777984478.678777,1,1082,0,19,121,34
1777984478.6811335,2,2666,0,20,121,35
1777984478.6946297,1,1082,0,19,121,34
1777984478.696602,2,2666,0,20,121,35
1777984478.7091522,1,1082,0,19,121,34
1777984478.710907,2,2666,0,20,121,35
1777984478.7233937,1,1082,0,19,121,34
1777984478.72512,2,2666,0,20,121,35
1777984478.737495,1,1082,0,19,121,34
1777984478.7392132,2,2666,0,20,121,35
1777984478.751716,1,1082,0,19,121,34
1777984478.7534149,2,2666,0,20,121,35
1777984478.7666135,1,1082,0,19,121,34
1777984478.7686017,2,2666,0,20,121,35
1777984478.7820654,1,1082,0,19,121,34
1777984478.7840505,2,2666,0,20,121,35
1777984478.7973738,1,1082,0,19,121,34
1777984478.7993069,2,2666,0,20,121,35
1777984478.8122945,1,1082,0,19,121,34
1777984478.814295,2,2666,0,20,121,35
1777984478.8274338,1,1082,0,19,121,34
1777984478.8296728,2,2666,0,20,121,35
1777984478.8425379,1,1082,0,19,121,34
1777984478.8446915,2,2666,0,20,121,35
1777984478.857724,1,1082,0,19,121,34
1777984478.8597107,2,2666,0,20,121,35
1777984478.8735785,1,1082,0,19,121,34
1777984478.875675,2,2666,0,20,121,35
1777984478.8889418,1,1082,0,19,121,34
1777984478.8911753,2,2666,0,20,121,35
1777984478.9045756,1,1082,0,19,121,34
1777984478.906529,2,2666,0,20,121,35
1777984478.9193623,1,1082,0,19,121,34
1777984478.9214144,2,2666,0,20,121,35
1777984478.934906,1,1082,0,19,121,34
1777984478.9369361,2,2666,0,20,121,35
1777984478.950674,1,1082,0,19,121,34
1777984478.9531767,2,2666,0,20,121,35
1777984478.96616,1,1082,0,19,121,34
1777984478.967979,2,2666,0,20,121,35
1777984478.9811897,1,1082,0,19,121,34
1777984478.9832997,2,2666,0,20,121,35
1777984478.996193,1,1082,0,19,121,34
1777984478.9980147,2,2666,0,20,121,35
1777984479.0108259,1,1082,0,19,121,34
1777984479.012731,2,2666,0,20,121,35
1777984479.0254185,1,1082,0,19,121,34
1777984479.0271606,2,2666,0,20,121,35
1777984479.0397415,1,1082,0,19,121,34
1777984479.0414944,2,2666,0,20,121,35
1777984479.0539935,1,1082,0,19,121,34
1777984479.0557053,2,2666,0,20,121,35
1777984479.0681589,1,1082,0,19,121,34
1777984479.0697927,2,2666,0,20,121,35
1777984479.082292,1,1081,0,19,121,34
1777984479.0839627,2,2666,0,20,121,35
1777984479.0967526,1,1082,0,19,121,34
1777984479.0984886,2,2666,0,20,121,35
1777984479.1115582,1,1082,0,19,121,34
1777984479.1132398,2,2666,0,20,121,35
1777984479.1257885,1,1082,0,19,121,34
1777984479.127605,2,2666,0,20,121,35
1777984479.1409914,1,1082,0,19,121,34
1777984479.142914,2,2666,0,20,121,35
1777984479.1554847,1,1082,0,19,121,34
1777984479.1573422,2,2666,0,20,121,35
1777984479.1709495,1,1082,0,19,121,34
1777984479.1727464,2,2666,0,20,121,35
1777984479.185468,1,1082,0,19,121,34
1777984479.1873236,2,2666,0,20,121,35
1777984479.2005932,1,1082,0,19,121,34
1777984479.202701,2,2666,0,20,121,35
1777984479.2157874,1,1082,0,19,121,34
1777984479.2177145,2,2666,0,20,121,35
1777984479.2307048,1,1082,0,19,121,34
1777984479.2324853,2,2666,0,20,121,35
1777984479.246036,1,1082,0,19,121,34
1777984479.2482116,2,2666,0,20,121,35
1777984479.2618303,1,1082,0,19,121,34
1777984479.2638125,2,2666,0,20,121,35
1777984479.2773623,1,1082,0,19,121,34
1777984479.2799566,2,2666,0,20,121,35
1777984479.2934656,1,1082,0,19,121,34
1777984479.2953534,2,2666,0,20,121,35
1777984479.308921,1,1082,0,19,121,34
1777984479.311158,2,2666,0,20,121,35
1777984479.325058,1,1082,0,19,121,34
1777984479.327219,2,2666,0,20,121,35
1777984479.3402832,1,1082,0,19,121,34
1777984479.3423738,2,2666,0,20,121,35
1777984479.355509,1,1082,0,19,121,34
1777984479.3575733,2,2666,0,20,121,35
1777984479.371401,1,1082,0,19,121,34
1777984479.373845,2,2666,0,20,121,35
1777984479.3872988,1,1082,0,19,121,34
1777984479.3894684,2,2666,0,20,121,36
1777984479.4029062,1,1082,0,19,121,34
1777984479.405001,2,2666,0,20,121,35
1777984479.4179606,1,1082,0,19,121,34
1777984479.419972,2,2666,0,20,121,35
1777984479.433069,1,1082,0,19,121,34
1777984479.4349704,2,2666,0,20,121,35
1777984479.448312,1,1082,0,19,121,34
1777984479.4507046,2,2666,0,20,121,35
1777984479.4640534,1,1082,0,19,121,34
1777984479.4659011,2,2666,0,20,121,35
1777984479.479067,1,1082,0,19,121,34
1777984479.4811366,2,2666,0,20,121,35
1777984479.494883,1,1082,0,19,121,34
1777984479.4969788,2,2666,0,20,121,35
1777984479.5107558,1,1082,0,19,121,34
1777984479.512547,2,2666,0,20,121,35
1777984479.5256813,1,1082,0,19,121,34
1777984479.527685,2,2666,0,20,121,35
1777984479.5410476,1,1082,0,19,121,34
1777984479.5429788,2,2666,0,20,121,35
1777984479.5564797,1,1082,0,19,121,34
1777984479.5588496,2,2666,0,20,121,35
1777984479.5729406,1,1082,0,19,121,34
1777984479.5749154,2,2666,0,20,121,35
1777984479.5880485,1,1082,0,19,121,34
1777984479.5902288,2,2666,0,20,121,35
1777984479.6039047,1,1082,0,19,121,34
1777984479.606201,2,2666,0,20,121,35
1777984479.6197722,1,1082,0,19,121,34
1777984479.6220527,2,2666,0,20,121,35
1777984479.6351166,1,1082,0,19,121,34
1777984479.6372445,2,2666,0,20,121,35
1777984479.6505373,1,1082,0,19,121,34
1777984479.6525378,2,2666,0,20,121,35
1777984479.6660423,1,1082,0,19,121,34
1777984479.6683214,2,2666,0,20,121,35
1777984479.6814802,1,1082,0,19,121,34
1777984479.6834404,2,2666,0,20,121,35
1777984479.6968634,1,1082,0,19,121,34
1777984479.6988237,2,2666,0,20,121,35
1777984479.7120333,1,1082,0,19,121,34
1777984479.7137346,2,2666,0,20,121,35
1777984479.7262018,1,1082,0,19,121,34
1777984479.7279181,2,2666,0,20,121,35
1777984479.7407987,1,1082,0,19,121,34
1777984479.7428176,2,2666,0,20,121,35
1777984479.7566535,1,1082,0,19,121,34
1777984479.7588968,2,2666,0,20,121,35
1777984479.773423,1,1082,0,19,121,34
1777984479.7758684,2,2666,0,20,121,35
1777984479.7894182,1,1082,0,19,121,34
1777984479.7919953,2,2666,0,20,121,35
1777984479.8060482,1,1082,0,19,121,34
1777984479.8085322,2,2666,0,20,121,35
1777984479.8216648,1,1082,0,19,121,34
1777984479.8237104,2,2666,0,20,121,35
1777984479.8366995,1,1082,0,19,121,34
1777984479.8392694,2,2666,0,20,121,35
1777984479.8524578,1,1082,0,19,121,34
1777984479.8545496,2,2666,0,20,121,35
1777984479.8677747,1,1082,0,19,121,34
1777984479.8700595,2,2666,0,20,121,35
1777984479.8838928,1,1082,0,19,121,34
1777984479.8861725,2,2666,0,20,121,35
1777984479.8991413,1,1082,0,19,121,34
1777984479.9010413,2,2666,0,20,121,35
1777984479.9144576,1,1082,0,19,121,34
1777984479.9165435,2,2666,0,20,121,35
1777984479.929762,1,1082,0,19,121,34
1777984479.931794,2,2666,0,20,121,35
1777984479.9453986,1,1082,0,19,121,34
1777984479.9475052,2,2666,0,20,121,35
1777984479.9612458,1,1082,0,19,121,34
1777984479.9631968,2,2666,0,20,121,35
1777984479.9763954,1,1082,0,19,121,34
1777984479.9786282,2,2666,0,20,121,35
1777984479.992301,1,1082,0,19,121,34
1777984479.9944544,2,2666,0,20,121,35
1777984480.008173,1,1082,0,19,121,34
1777984480.0106008,2,2666,0,20,121,35
1777984480.0235653,1,1082,0,19,121,34
1777984480.0256789,2,2666,0,20,121,35
1777984480.038791,1,1082,0,19,121,34
1777984480.0409904,2,2666,0,20,121,35
1777984480.053557,1,1082,0,19,121,34
1777984480.055601,2,2666,0,20,121,35
1777984480.0682657,1,1082,0,19,121,34
1777984480.0701773,2,2666,0,20,121,35
1777984480.0829575,1,1082,0,19,121,34
1777984480.0847335,2,2666,0,20,121,35
1777984480.0978234,1,1082,0,19,121,34
1777984480.0995772,2,2666,0,20,121,35
1777984480.1121354,1,1082,0,19,121,34
1777984480.1137934,2,2666,0,20,121,35
1777984480.1265554,1,1082,0,19,121,34
1777984480.1286306,2,2666,0,20,121,35
1777984480.1420138,1,1082,0,19,121,34
1777984480.14402,2,2666,0,20,121,35
1777984480.1579974,1,1082,0,19,121,34
1777984480.1597342,2,2666,0,20,121,35
1777984480.1730347,1,1082,0,19,121,34
1777984480.1749034,2,2666,0,20,121,35
1777984480.18818,1,1082,0,19,121,34
1777984480.1900995,2,2666,0,20,121,35
1777984480.2031517,1,1082,0,19,121,34
1777984480.2052155,2,2666,0,20,121,35
1777984480.2188652,1,1082,0,19,121,34
1777984480.2209074,2,2666,0,20,121,35
1777984480.2337582,1,1082,0,19,121,34
1777984480.23558,2,2666,0,20,121,35
1777984480.248551,1,1082,0,19,121,34
1777984480.2510524,2,2666,0,20,121,35
1777984480.2642453,1,1082,0,19,121,34
1777984480.2660086,2,2666,0,20,121,35
1777984480.2789125,1,1082,0,19,121,34
1777984480.2808316,2,2666,0,20,121,35
1777984480.294034,1,1082,0,19,121,34
1777984480.2968507,2,2666,0,20,121,35
1777984480.310639,1,1082,0,19,121,34
1777984480.31285,2,2666,0,20,121,35
1777984480.326015,1,1082,0,19,121,34
1777984480.3280406,2,2666,0,20,121,35
1777984480.341309,1,1082,0,19,121,34
1777984480.3434184,2,2666,0,20,121,35
1777984480.3571274,1,1082,0,19,121,34
1777984480.3595743,2,2666,0,20,121,35
1777984480.373866,1,1082,0,19,121,34
1777984480.3762112,2,2666,0,20,121,36
1777984480.389721,1,1082,0,19,121,34
1777984480.3923695,2,2666,0,20,121,35
1777984480.4063349,1,1082,0,19,121,34
1777984480.4089925,2,2666,0,20,121,35
1777984480.422206,1,1082,0,19,121,34
1777984480.4244587,2,2666,0,20,121,35
1777984480.4380772,1,1082,0,19,121,34
1777984480.4400115,2,2666,0,20,121,35
1777984480.4533825,1,1082,0,19,121,34
1777984480.456095,2,2666,0,20,121,35
1777984480.4698133,1,1082,0,19,121,34
1777984480.4722023,2,2666,0,20,121,35
1777984480.4850907,1,1082,0,19,121,34
1777984480.4867926,2,2666,0,20,121,35
1777984480.4992604,1,1082,0,19,121,34
1777984480.5010023,2,2666,0,20,121,35
1777984480.5135832,1,1082,0,19,121,34
1777984480.5152621,2,2666,0,20,121,35
1777984480.52804,1,1082,0,19,121,34
1777984480.5298178,2,2666,0,20,121,35
1777984480.5431888,1,1082,0,19,121,34
1777984480.5449007,2,2666,0,20,121,35
1777984480.5579767,1,1082,0,19,121,34
1777984480.5599985,2,2666,0,20,121,35
1777984480.5736108,1,1082,0,19,121,34
1777984480.5757003,2,2666,0,20,121,35
1777984480.5886014,1,1082,0,19,121,34
1777984480.5904427,2,2666,0,20,121,35
1777984480.603454,1,1082,0,19,121,34
1777984480.6053553,2,2666,0,20,121,35
1777984480.618526,1,1082,0,19,121,34
1777984480.6208358,2,2666,0,20,121,35
1777984480.6346872,1,1082,0,19,121,34
1777984480.6367903,2,2666,0,20,121,35
1777984480.6502707,1,1082,0,19,121,34
1777984480.6523228,2,2666,0,20,121,35
1777984480.666201,1,1082,0,19,121,34
1777984480.6682546,2,2666,0,20,121,35
1777984480.6811492,1,1082,0,19,121,34
1777984480.6830177,2,2666,0,20,121,35
1777984480.6966248,1,1082,0,19,121,34
1777984480.6986225,2,2666,0,20,121,35
1777984480.7115178,1,1082,0,19,121,34
1777984480.7135668,2,2666,0,20,121,35
1777984480.72621,1,1082,0,19,121,34
1777984480.7279348,2,2666,0,20,121,35
1777984480.7404647,1,1082,0,19,121,33
1777984480.74218,2,2666,0,20,121,35
1777984480.7546818,1,1082,0,19,121,34
1777984480.7564156,2,2666,0,20,121,35
1777984480.7692049,1,1082,0,19,121,34
1777984480.7712116,2,2666,0,20,121,35
1777984480.784262,1,1082,0,19,121,34
1777984480.7862802,2,2666,0,20,121,35
1777984480.7997918,1,1082,0,19,121,34
1777984480.8019435,2,2666,0,20,121,35
1777984480.8161597,1,1082,0,19,121,34
1777984480.8183458,2,2666,0,20,121,35
1777984480.8320067,1,1082,0,19,121,34
1777984480.834093,2,2666,0,20,121,35
1777984480.8471498,1,1082,0,19,121,34
1777984480.848818,2,2666,0,20,121,35
1777984480.8615444,1,1082,0,19,121,34
1777984480.863307,2,2666,0,20,121,35
1777984480.876234,1,1082,0,19,121,34
1777984480.878217,2,2666,0,20,121,35
1777984480.8914936,1,1082,0,19,121,34
1777984480.893638,2,2666,0,20,121,35
1777984480.9067948,1,1082,0,19,121,34
1777984480.9088335,2,2666,0,20,121,35
1777984480.9228306,1,1082,0,19,121,34
1777984480.9251263,2,2666,0,20,121,35
1777984480.937793,1,1082,0,19,121,34
1777984480.9398432,2,2666,0,20,121,35
1777984480.95378,1,1082,0,19,121,34
1777984480.9563258,2,2666,0,20,121,35
1777984480.969326,1,1082,0,19,121,34
1777984480.9712374,2,2666,0,20,121,35
1777984480.9842136,1,1082,0,19,121,34
1777984480.986351,2,2666,0,20,121,35
1777984480.9990864,1,1082,0,19,121,34
1777984481.000964,2,2666,0,20,121,35
1777984481.014045,1,1082,0,19,121,34
1777984481.0159578,2,2666,0,20,121,35
1777984481.029273,1,1082,0,19,121,34
1777984481.0313199,2,2666,0,20,121,35
1777984481.0441582,1,1082,0,19,121,34
1777984481.0460885,2,2666,0,20,121,35
1777984481.0589812,1,1082,0,19,121,34
1777984481.0608423,2,2666,0,20,121,35
1777984481.0735815,1,1082,0,19,121,34
1777984481.0755134,2,2666,0,20,121,35
1777984481.0881486,1,1082,0,19,121,34
1777984481.0899544,2,2666,0,20,121,35
1777984481.1030645,1,1082,0,19,121,34
1777984481.1051767,2,2666,0,20,121,35
1777984481.119005,1,1082,0,19,121,34
1777984481.1209128,2,2666,0,20,121,35
1777984481.1337447,1,1082,0,19,121,34
1777984481.1354609,2,2666,0,20,121,35
1777984481.148936,1,1082,0,19,121,34
1777984481.1510222,2,2666,0,20,121,35
1777984481.1644316,1,1082,0,19,121,34
1777984481.166243,2,2666,0,20,121,35
1777984481.1796448,1,1082,0,19,121,34
1777984481.1815639,2,2666,0,20,121,35
1777984481.1947246,1,1082,0,19,121,34
1777984481.1966226,2,2666,0,20,121,35
1777984481.2101176,1,1082,0,19,121,34
1777984481.212805,2,2666,0,20,121,35
1777984481.2272224,1,1082,0,19,121,34
1777984481.2296789,2,2666,0,20,121,35
1777984481.2426987,1,1082,0,19,121,34
1777984481.244686,2,2666,0,20,121,35
1777984481.2580414,1,1082,0,19,121,34
1777984481.2604184,2,2666,0,20,121,35
1777984481.2743642,1,1082,0,19,121,34
1777984481.2767203,2,2666,0,20,121,35
1777984481.2898421,1,1082,0,19,121,34
1777984481.2918022,2,2666,0,20,121,35
1777984481.305408,1,1082,0,19,121,34
1777984481.3078077,2,2666,0,20,121,35
1777984481.3208106,1,1082,0,19,121,34
1777984481.3227255,2,2666,0,20,121,35
1777984481.3357863,1,1082,0,19,121,34
1777984481.3378565,2,2666,0,20,121,35
1777984481.3518133,1,1082,0,19,121,34
1777984481.3538325,2,2666,0,20,121,35
1777984481.3669102,1,1082,0,19,121,34
1777984481.3692262,2,2666,0,20,121,35
1777984481.3827994,1,1082,0,19,121,34
1777984481.3853307,2,2666,0,20,121,35
1777984481.3979998,1,1082,0,19,121,34
1777984481.3997476,2,2666,0,20,121,35
1777984481.4132457,1,1082,0,19,121,34
1777984481.415046,2,2666,0,20,121,35
1777984481.4277449,1,1082,0,19,121,34
1777984481.4294677,2,2666,0,20,121,35
1777984481.4422107,1,1082,0,19,121,34
1777984481.44399,2,2666,0,20,121,35
1777984481.4568486,1,1082,0,19,121,34
1777984481.4588575,2,2666,0,20,121,35
1777984481.4721272,1,1082,0,19,121,34
1777984481.474337,2,2666,0,20,121,35
1777984481.486917,1,1082,0,19,121,34
1777984481.4886014,2,2666,0,20,121,35
1777984481.5015886,1,1082,0,19,121,34
1777984481.503479,2,2666,0,20,121,35
1777984481.5162528,1,1082,0,19,121,34
1777984481.518584,2,2666,0,20,121,35
1777984481.5321333,1,1082,0,19,121,34
1777984481.534713,2,2666,0,20,121,35
1777984481.5484748,1,1082,0,19,121,34
1777984481.5506234,2,2666,0,20,121,35
1777984481.564259,1,1082,0,19,121,34
1777984481.5661497,2,2666,0,20,121,35
1777984481.5793083,1,1082,0,19,121,34
1777984481.5812352,2,2666,0,20,121,35
1777984481.595186,1,1082,0,19,121,34
1777984481.5973794,2,2666,0,20,121,35
1777984481.6109588,1,1082,0,19,121,34
1777984481.612973,2,2666,0,20,121,35
1777984481.6261702,1,1082,0,19,121,34
1777984481.6283855,2,2666,0,20,121,35
1777984481.6417596,1,1082,0,19,121,34
1777984481.644307,2,2666,0,20,121,35
1777984481.6575572,1,1082,0,19,121,34
1777984481.659905,2,2666,0,20,121,35
1777984481.673752,1,1082,0,19,121,34
1777984481.6760788,2,2666,0,20,121,35
1777984481.689558,1,1082,0,19,121,34
