Timestamp,ID,Position,Speed,Load,Voltage,Temperature,Current
1777981588.0343654,1,2298,800,246,122,30
1777981588.0474112,1,2309,800,246,122,30
1777981588.059953,1,2319,800,246,122,30
1777981588.0727448,1,2330,800,246,122,30
1777981588.0861309,1,2340,800,246,122,30
1777981588.099075,1,2350,800,246,122,30
1777981588.111918,1,2361,800,246,122,30
1777981588.1247244,1,2372,850,244,122,29
1777981588.1377573,1,2382,850,241,123,30
1777981588.150677,1,2393,800,242,122,30
1777981588.1638906,1,2403,800,242,122,30
1777981588.1765184,1,2414,800,242,122,30
1777981588.189396,1,2424,800,242,122,30
1777981588.202725,1,2435,800,242,122,30
1777981588.215643,1,2445,800,242,122,30
1777981588.2285514,1,2455,800,242,122,30
1777981588.241793,1,2465,800,242,122,30
1777981588.2546618,1,2476,800,242,122,30
1777981588.2683294,1,2486,800,242,122,30
1777981588.280906,1,2498,800,242,122,30
1777981588.2934053,1,2507,800,242,123,30
1777981588.305528,1,2518,800,242,122,30
1777981588.3177917,1,2527,800,242,122,30
1777981588.3297994,1,2536,800,242,122,30
1777981588.3417563,1,2546,750,244,122,30
1777981588.3542335,1,2555,750,246,122,30
1777981588.3665586,1,2566,800,246,123,30
1777981588.3789961,1,2576,850,245,122,30
1777981588.3921304,1,2586,850,242,122,30
1777981588.4049456,1,2597,800,242,122,30
1777981588.4173834,1,2607,800,242,122,30
1777981588.4314575,1,2617,800,242,122,30
1777981588.443878,1,2628,800,242,122,30
1777981588.4565508,1,2638,800,242,122,30
1777981588.4689615,1,2649,800,242,122,30
1777981588.481609,1,2657,750,244,123,30
1777981588.494605,1,2668,750,247,122,30
1777981588.507762,1,2678,800,246,122,30
1777981588.5205169,1,2689,800,246,123,30
1777981588.5330744,1,2699,800,246,122,30
1777981588.5459783,1,2710,850,243,122,30
1777981588.5593762,1,2720,800,242,123,30
1777981588.5723763,1,2731,800,242,122,30
1777981588.5852385,1,2740,750,245,122,30
1777981588.5979345,1,2751,800,246,122,30
1777981588.6108823,1,2761,800,246,123,30
1777981588.6236057,1,2771,800,246,122,30
1777981588.6360278,1,2781,800,246,122,30
1777981588.6489897,1,2792,800,246,122,30
1777981588.6617813,1,2802,800,246,122,30
1777981588.6749668,1,2813,800,246,123,30
1777981588.6878707,1,2824,800,246,122,30
1777981588.700222,1,2834,800,246,122,30
1777981588.7128723,1,2843,800,246,122,30
1777981588.725386,1,2854,800,246,122,30
1777981588.7380087,1,2864,800,246,122,30
1777981588.7508166,1,2873,800,246,122,30
1777981588.7634466,1,2884,800,246,122,30
1777981588.7761784,1,2895,800,246,122,30
1777981588.788427,1,2904,800,246,122,30
1777981588.8015351,1,2915,850,244,122,30
1777981588.8143814,1,2925,850,241,122,30
1777981588.827039,1,2935,800,242,122,30
1777981588.8397021,1,2946,800,242,122,30
1777981588.8524156,1,2955,800,242,122,30
1777981588.8653085,1,2966,750,245,122,30
1777981588.8784397,1,2976,800,246,122,30
1777981588.8913176,1,2986,800,246,122,30
1777981588.904433,1,2997,800,246,122,30
1777981588.9173095,1,3007,800,246,122,30
1777981588.9299057,1,3018,800,246,122,30
1777981588.9426606,1,3028,800,246,122,30
1777981588.9555175,1,3038,800,246,122,30
1777981588.968646,1,3048,800,246,122,30
1777981588.9820557,1,3059,800,246,122,30
1777981588.99545,1,3069,800,246,122,30
1777981589.0088289,1,3081,800,246,122,30
1777981589.0221338,1,3091,800,246,122,30
1777981589.0353131,1,3101,800,246,122,30
1777981589.0482762,1,3113,800,246,122,30
1777981589.0616908,1,3123,800,246,122,30
1777981589.0750282,1,3133,800,246,122,30
1777981589.0883455,1,3144,800,246,122,30
1777981589.1014466,1,3155,800,246,123,30
1777981589.1149309,1,3165,800,246,122,30
1777981589.128088,1,3177,800,246,122,30
1777981589.1411054,1,3187,800,246,123,30
1777981589.1540525,1,3198,800,246,122,30
1777981589.1672285,1,3208,800,246,123,30
1777981589.180434,1,3219,850,244,122,30
1777981589.1936665,1,3229,850,241,123,30
1777981589.2068303,1,3240,750,246,122,30
1777981589.2199523,1,3250,800,246,122,30
1777981589.2329578,1,3261,800,246,122,30
1777981589.246259,1,3271,850,243,122,30
1777981589.2597306,1,3282,800,242,122,30
1777981589.272744,1,3293,800,242,122,30
1777981589.2867553,1,3304,800,242,123,30
1777981589.2998495,1,3315,800,242,122,30
1777981589.3128345,1,3325,800,242,122,30
1777981589.3260844,1,3336,800,242,123,30
1777981589.3389387,1,3346,750,244,122,30
1777981589.3516989,1,3356,750,247,122,30
1777981589.3652139,1,3367,800,246,122,30
1777981589.3779504,1,3378,850,244,123,30
1777981589.390736,1,3388,850,242,123,30
1777981589.4037402,1,3398,800,242,122,30
1777981589.41691,1,3409,800,242,122,30
1777981589.4299412,1,3420,800,242,122,30
1777981589.4433374,1,3430,800,242,122,30
1777981589.4567173,1,3441,800,242,122,30
1777981589.470064,1,3451,800,242,122,30
1777981589.4828157,1,3462,800,242,122,30
1777981589.4961224,1,3473,800,242,122,30
1777981589.509393,1,3483,800,242,122,30
1777981589.5227132,1,3494,800,242,123,30
1777981589.5356605,1,3505,800,242,123,30
1777981589.548959,1,3515,800,242,122,30
1777981589.5620654,1,3526,800,242,122,30
1777981589.57518,1,3536,800,242,122,30
1777981589.5878482,1,3546,800,242,122,30
1777981589.6005335,1,3556,800,242,122,30
1777981589.613226,1,3567,800,242,122,30
1777981589.6257203,1,3578,800,242,122,30
1777981589.638193,1,3587,800,242,122,30
1777981589.6508474,1,3598,800,242,122,30
1777981589.6636977,1,3607,800,242,122,30
1777981589.6768572,1,3618,800,242,122,30
1777981589.6897361,1,3627,800,242,123,30
1777981589.7030065,1,3638,750,245,122,30
1777981589.7160301,1,3649,800,246,122,30
1777981589.7290184,1,3659,800,246,122,30
1777981589.741898,1,3670,850,243,122,30
1777981589.7551174,1,3680,800,242,123,30
1777981589.7686963,1,3691,800,242,122,30
1777981589.7816892,1,3702,750,245,122,30
1777981589.7953107,1,3712,800,246,122,30
1777981589.8082247,1,3722,800,246,122,30
1777981589.8215754,1,3732,800,246,122,30
1777981589.834364,1,3743,750,248,122,30
1777981589.8471363,1,3752,750,250,122,30
1777981589.8600395,1,3762,800,250,122,30
1777981589.8729649,1,3773,750,251,122,30
1777981589.8861082,1,3783,750,254,122,30
1777981589.8992648,1,3794,850,252,122,30
1777981589.9125836,1,3804,850,251,122,30
1777981589.926161,1,3814,750,254,122,30
1777981589.9393609,1,3825,750,256,122,30
1777981589.9527566,1,3835,750,259,122,30
1777981589.9660878,1,3844,750,262,122,30
1777981589.9784443,1,3856,800,262,122,30
1777981589.9912665,1,3865,800,262,122,30
1777981590.0042448,1,3876,800,262,122,30
1777981590.0172765,1,3886,800,262,122,30
1777981590.0299761,1,3896,800,262,122,30
1777981590.0426517,1,3906,750,265,122,30
1777981590.0556014,1,3916,800,266,122,30
1777981590.0678542,1,3926,800,266,122,30
1777981590.080756,1,3935,750,269,122,30
1777981590.0939348,1,3945,750,272,122,30
1777981590.106994,1,3956,750,274,122,30
1777981590.1200738,1,3966,800,274,122,30
1777981590.1327498,1,3977,850,273,122,30
1777981590.1452782,1,3987,850,270,122,30
1777981590.1578405,1,3996,800,270,122,30
1777981590.1708057,1,4006,800,270,122,30
1777981590.1836727,1,4016,700,277,122,30
1777981590.197119,1,4026,800,278,122,30
1777981590.2104778,1,4037,800,278,122,30
1777981590.2237313,1,4047,800,278,122,30
1777981590.2367756,1,4057,750,280,122,30
1777981590.250059,1,4068,750,283,122,30
1777981590.262613,1,4079,800,282,122,30
1777981590.2752297,1,4088,800,282,122,30
1777981591.0799532,1,4074,-850,259,122,30
1777981591.093083,1,4063,-800,258,122,30
1777981591.1061907,1,4052,-800,258,122,30
1777981591.1195467,1,4041,-850,255,123,30
1777981591.1323602,1,4030,-800,254,122,30
1777981591.1457975,1,4020,-800,254,122,30
1777981591.159663,1,4010,-800,254,122,30
1777981591.17338,1,3998,-800,254,123,30
1777981591.1866531,1,3987,-800,254,122,30
1777981591.1995707,1,3976,-800,254,122,30
1777981591.212812,1,3965,-850,252,123,30
1777981591.226272,1,3954,-850,249,123,30
1777981591.2395954,1,3943,-800,250,122,30
1777981591.2530358,1,3932,-800,250,122,30
1777981591.2662842,1,3922,-800,250,123,30
1777981591.2790062,1,3912,-800,250,122,30
1777981591.2920287,1,3901,-800,250,122,30
1777981591.3054798,1,3891,-800,250,122,30
1777981591.3190563,1,3880,-800,250,123,30
1777981591.3323689,1,3869,-800,250,122,30
1777981591.3456357,1,3858,-800,250,122,30
1777981591.3589694,1,3847,-850,247,122,30
1777981591.3724432,1,3837,-800,246,122,30
1777981591.3857636,1,3826,-800,246,122,30
1777981591.3991299,1,3815,-750,250,122,30
1777981591.4122298,1,3805,-800,250,122,30
1777981591.4253259,1,3794,-800,250,122,30
1777981591.438587,1,3784,-800,250,122,30
1777981591.4518902,1,3773,-850,248,122,30
1777981591.4649525,1,3761,-850,245,122,30
1777981591.4784575,1,3751,-800,246,122,30
1777981591.492094,1,3740,-800,246,122,30
1777981591.5055578,1,3729,-800,246,122,30
1777981591.5190508,1,3719,-800,246,122,31
1777981591.5319538,1,3708,-800,246,122,30
1777981591.5449064,1,3697,-800,246,122,30
1777981591.5583222,1,3687,-800,246,122,30
1777981591.5715642,1,3676,-800,246,122,30
1777981591.584749,1,3665,-800,246,122,30
1777981591.59807,1,3654,-800,246,122,30
1777981591.6116095,1,3644,-800,246,122,30
1777981591.6250627,1,3633,-800,246,122,30
1777981591.6380286,1,3623,-800,246,123,30
1777981591.6510453,1,3613,-800,246,122,30
1777981591.6647725,1,3601,-800,246,122,30
1777981591.678006,1,3591,-800,246,122,30
1777981591.6913447,1,3580,-800,246,122,30
1777981591.7042696,1,3569,-800,246,122,30
1777981591.7171097,1,3559,-800,246,122,30
1777981591.7298694,1,3548,-800,246,122,30
1777981591.742662,1,3538,-800,246,122,30
1777981591.7556243,1,3529,-800,246,122,30
1777981591.768427,1,3518,-800,246,122,30
1777981591.78135,1,3508,-800,246,122,30
1777981591.7938073,1,3497,-800,246,122,30
1777981591.8066578,1,3487,-800,246,122,30
1777981591.8193674,1,3476,-800,246,122,30
1777981591.831963,1,3467,-800,246,122,30
1777981591.8444638,1,3456,-800,246,122,30
1777981591.8575506,1,3446,-800,246,122,30
1777981591.8706048,1,3435,-850,244,122,30
1777981591.8830245,1,3425,-850,241,123,30
1777981591.8965535,1,3416,-750,245,122,30
1777981591.9098456,1,3405,-800,246,122,30
1777981591.9227479,1,3394,-800,246,122,30
1777981591.935917,1,3384,-800,246,122,30
1777981591.9492881,1,3373,-800,246,122,30
1777981591.9626114,1,3362,-800,246,122,30
1777981591.9759696,1,3353,-800,246,122,30
1777981591.988635,1,3342,-750,248,122,30
1777981592.0013616,1,3333,-750,250,122,30
1777981592.0145063,1,3323,-750,253,122,30
1777981592.027364,1,3314,-750,256,122,30
1777981592.0399587,1,3304,-750,258,122,30
1777981592.0527923,1,3295,-700,264,122,30
1777981592.06594,1,3285,-750,267,122,30
1777981592.0784895,1,3275,-750,270,122,30
1777981592.0913267,1,3265,-750,273,122,30
1777981592.1046078,1,3256,-750,275,122,30
1777981592.11724,1,3246,-750,278,122,30
1777981592.1299627,1,3237,-750,280,122,30
1777981592.1423116,1,3228,-750,283,122,29
1777981592.154993,1,3218,-750,285,122,30
1777981592.1686816,1,3209,-750,288,122,30
1777981592.9733167,2,643,750,258,122,29
1777981592.9863677,2,653,750,261,122,30
1777981592.998659,2,664,850,259,122,30
1777981593.0117674,2,673,850,256,122,29
1777981593.024996,2,685,800,257,122,29
1777981593.0382705,2,697,850,255,122,29
1777981593.0515342,2,708,850,252,122,30
1777981593.0648384,2,717,850,250,122,30
1777981593.0781941,2,728,750,251,122,30
1777981593.0913136,2,737,750,254,122,30
1777981593.1038024,2,748,750,257,122,30
1777981593.1166873,2,759,850,255,122,29
1777981593.12966,2,770,850,253,122,29
1777981593.1422558,2,780,800,253,122,29
1777981593.1554308,2,790,800,253,122,30
1777981593.1682603,2,801,800,253,122,29
1777981593.1809502,2,811,800,253,122,30
1777981593.1938329,2,821,800,253,122,29
1777981593.2066407,2,830,800,253,122,29
1777981593.2197652,2,840,750,256,122,29
1777981593.232393,2,851,800,257,122,30
1777981593.245264,2,862,800,257,122,30
1777981593.2582448,2,872,800,257,122,30
1777981593.2712371,2,883,800,257,122,29
1777981593.2838874,2,894,850,254,122,29
1777981593.296918,2,904,850,251,122,30
1777981593.309681,2,915,850,249,122,29
1777981593.3223817,2,924,750,252,122,29
1777981593.3349512,2,934,750,255,122,30
1777981593.3475912,2,945,750,257,122,29
1777981593.360671,2,954,800,257,122,30
1777981593.3740187,2,965,850,256,122,30
1777981593.3871858,2,977,850,253,122,30
1777981593.4003325,2,988,850,250,122,29
1777981593.4135995,2,999,850,248,122,29
1777981593.4267395,2,1010,850,245,122,29
1777981593.4397912,2,1019,750,248,122,30
1777981593.4525309,2,1029,750,251,122,29
1777981593.465984,2,1039,750,253,122,29
1777981593.4789524,2,1049,800,253,122,30
1777981593.4921217,2,1060,800,253,122,30
1777981593.5056024,2,1071,800,253,122,29
1777981593.5189474,2,1082,800,253,122,30
1777981593.5322165,2,1093,850,252,122,29
1777981593.5451233,2,1104,850,249,122,29
1777981593.5592277,2,1114,750,252,122,29
1777981593.572528,2,1124,750,255,122,29
1777981593.5850122,2,1135,750,257,122,29
1777981593.5974877,2,1146,800,257,122,29
1777981593.6105657,2,1156,800,257,122,29
1777981593.623622,2,1167,850,254,122,29
1777981593.6365657,2,1177,800,253,122,29
1777981593.649108,2,1188,800,253,122,29
1777981593.6619534,2,1199,900,246,122,29
1777981593.6744642,2,1209,800,245,122,30
1777981593.6873605,2,1217,800,245,122,29
1777981593.700717,2,1227,700,251,122,29
1777981593.71398,2,1239,800,253,122,30
1777981593.727434,2,1249,800,253,122,29
1777981593.740433,2,1261,800,253,122,29
1777981593.7537422,2,1272,850,251,122,30
1777981593.7671194,2,1283,850,249,122,30
1777981593.780427,2,1293,850,246,122,29
1777981593.7935116,2,1303,750,247,122,30
1777981593.8065698,2,1312,750,250,122,29
1777981593.81984,2,1322,700,255,122,29
1777981593.832981,2,1333,800,257,122,29
1777981593.8462734,2,1344,800,257,122,30
1777981593.8595428,2,1355,800,257,122,30
1777981593.8726907,2,1365,800,257,122,29
1777981593.8855677,2,1376,800,257,122,29
1777981593.8987558,2,1387,850,254,122,29
1777981593.9117677,2,1397,800,253,122,29
1777981593.9250774,2,1407,800,253,122,29
1777981593.9381328,2,1416,700,259,122,29
1777981593.9513237,2,1427,800,261,122,30
1777981593.9645982,2,1437,800,261,122,30
1777981593.9779785,2,1449,800,261,122,30
1777981593.9910984,2,1460,850,260,122,30
1777981594.0041602,2,1471,850,257,122,30
1777981594.0173326,2,1481,800,257,122,30
1777981594.0304434,2,1491,800,257,122,29
1777981594.0437586,2,1501,800,257,122,30
1777981594.0569959,2,1510,650,265,122,29
1777981594.0701597,2,1520,750,270,122,30
1777981594.0837607,2,1529,750,273,122,30
1777981594.097061,2,1541,800,273,122,29
1777981594.110149,2,1550,750,274,122,30
1777981594.1234767,2,1561,750,277,122,30
1777981594.1367605,2,1571,750,280,122,30
1777981594.1504052,2,1581,750,282,122,30
1777981594.1636598,2,1591,750,285,121,29
1777981594.176706,2,1599,700,290,121,29
1777981594.9814653,2,1588,-800,249,122,30
1777981594.9941912,2,1578,-750,252,122,30
1777981595.0069354,2,1567,-800,253,122,29
1777981595.0199723,2,1556,-800,253,122,30
1777981595.0327294,2,1545,-850,251,122,29
1777981595.0454211,2,1535,-850,248,122,30
1777981595.0581434,2,1525,-800,249,122,30
1777981595.071056,2,1514,-800,249,122,30
1777981595.0839674,2,1504,-800,249,122,30
1777981595.0969415,2,1495,-800,249,122,29
1777981595.1097195,2,1484,-750,251,122,30
1777981595.1224248,2,1473,-750,254,122,30
1777981595.1351647,2,1462,-850,250,122,30
1777981595.147573,2,1452,-850,248,122,30
1777981595.160347,2,1442,-850,245,122,30
1777981595.1730292,2,1431,-800,245,122,29
1777981595.1859453,2,1422,-800,245,122,30
1777981595.1988797,2,1411,-800,245,122,29
1777981595.211743,2,1402,-750,248,122,29
1777981595.2248938,2,1393,-750,250,122,29
1777981595.23764,2,1382,-750,253,122,29
1777981595.250076,2,1371,-800,253,122,30
1777981595.2630966,2,1360,-800,253,122,29
1777981595.2763991,2,1350,-850,250,122,30
1777981595.2889519,2,1339,-850,247,122,30
1777981595.3016803,2,1328,-850,245,122,30
1777981595.3144443,2,1318,-800,245,122,30
1777981595.3273826,2,1309,-800,245,122,29
1777981595.339918,2,1300,-800,245,122,29
1777981595.352549,2,1289,-700,250,122,29
1777981595.3654246,2,1280,-800,253,122,30
1777981595.3783567,2,1268,-800,253,122,30
1777981595.391747,2,1258,-900,248,122,30
1777981595.4048352,2,1246,-900,245,122,30
1777981595.4179778,2,1235,-800,245,122,29
1777981595.4310243,2,1225,-800,245,122,30
1777981595.4443743,2,1214,-800,245,122,30
1777981595.4577222,2,1205,-800,245,122,30
1777981595.4709582,2,1195,-700,250,122,30
1777981595.4844,2,1184,-700,255,122,29
1777981595.4975946,2,1172,-800,253,122,29
1777981595.510602,2,1162,-850,251,122,29
1777981595.5240552,2,1151,-850,248,122,30
1777981595.5372713,2,1139,-850,245,122,30
1777981595.5499444,2,1128,-850,243,122,30
1777981595.5631464,2,1118,-850,240,122,30
1777981595.5766027,2,1110,-750,245,122,30
1777981595.5898066,2,1100,-700,250,122,30
1777981595.6031473,2,1089,-700,255,122,30
1777981595.6156914,2,1078,-750,257,122,30
1777981595.630459,2,1067,-900,253,122,30
1777981595.6437638,2,1055,-900,247,122,30
1777981595.6567872,2,1044,-800,249,122,30
1777981595.6693804,2,1033,-800,249,122,29
1777981595.6815138,2,1023,-800,249,122,29
1777981595.6944067,2,1014,-850,246,122,29
1777981595.7071059,2,1004,-750,247,122,30
1777981595.7196949,2,994,-750,250,122,30
1777981595.7324562,2,984,-750,252,122,30
1777981595.7454498,2,973,-850,252,122,30
1777981595.7584486,2,962,-850,249,122,30
1777981595.7713194,2,951,-850,246,122,30
1777981595.7839963,2,941,-800,245,122,30
1777981595.7969584,2,931,-800,245,122,29
1777981595.8100002,2,921,-800,245,122,30
1777981595.822732,2,911,-800,245,122,30
1777981595.8353171,2,902,-750,249,122,30
1777981595.8479238,2,891,-750,251,122,29
1777981595.8607824,2,881,-750,254,122,29
1777981595.873987,2,871,-800,253,122,30
1777981595.8868322,2,861,-800,253,122,30
1777981595.8999674,2,851,-800,253,122,30
1777981595.9133713,2,841,-750,256,122,29
1777981595.9269001,2,831,-800,257,122,29
1777981595.939827,2,820,-800,257,122,29
1777981595.9529643,2,811,-750,260,122,30
1777981595.9658961,2,801,-700,265,122,30
1777981595.9789462,2,792,-700,270,122,30
1777981595.9912872,2,782,-750,272,122,30
1777981596.004544,2,773,-750,275,122,30
1777981596.0177193,2,763,-750,277,122,30
1777981596.0308144,2,753,-750,280,122,30
1777981596.0434024,2,744,-700,284,121,29
1777981596.0560887,2,735,-700,289,121,29
1777981596.0687125,2,727,-700,294,121,30
1777981596.5745163,1,3093,0,20,122,30
1777981596.5768883,2,610,-50,25,122,30
1777981596.590593,1,3093,0,20,123,30
1777981596.592934,2,610,0,25,122,30
1777981596.6072302,1,3093,0,20,123,30
1777981596.6097436,2,609,-50,22,122,30
1777981596.6239932,1,3093,0,20,123,30
1777981596.6263587,2,608,-50,19,122,30
1777981596.6398597,1,3093,0,20,123,30
1777981596.6423547,2,609,0,17,122,30
1777981596.6563344,1,3093,0,20,123,30
1777981596.6589026,2,609,0,17,122,29
1777981596.6730096,1,3093,0,20,122,30
1777981596.6755054,2,609,0,17,122,30
1777981596.6893678,1,3093,0,20,123,30
1777981596.692001,2,609,50,21,122,30
1777981596.7058883,1,3093,0,20,123,30
1777981596.7088866,2,609,0,21,122,29
1777981596.722807,1,3093,0,20,122,30
1777981596.7255628,2,608,0,21,122,30
1777981596.739617,1,3093,0,20,123,30
1777981596.7420828,2,609,0,21,122,30
1777981596.7562659,1,3093,0,20,123,30
1777981596.7590392,2,609,0,21,122,30
1777981596.7730958,1,3093,0,20,123,30
1777981596.7758245,2,609,-50,17,122,30
1777981596.789759,1,3093,0,20,123,30
1777981596.7923734,2,609,50,21,123,30
1777981596.8065944,1,3093,0,20,122,30
1777981596.8094583,2,609,0,21,122,30
1777981596.8234036,1,3093,0,20,123,30
1777981596.8261852,2,609,-50,19,122,30
1777981596.8404634,1,3093,0,20,123,30
1777981596.8429937,2,609,0,17,122,30
1777981596.8570366,1,3093,0,20,123,30
1777981596.8597033,2,608,50,18,122,30
1777981596.8739908,1,3093,0,20,122,30
1777981596.876555,2,609,50,22,123,30
1777981596.8906212,1,3093,0,20,123,30
1777981596.8931775,2,609,0,21,123,29
1777981596.9069076,1,3093,0,20,123,30
1777981596.9091682,2,608,-50,18,122,30
1777981596.9224963,1,3093,0,20,123,30
1777981596.925237,2,609,0,17,122,30
1777981596.9391825,1,3093,0,20,123,30
1777981596.9415655,2,609,50,19,122,30
1777981596.9552925,1,3093,0,20,123,30
1777981596.9576666,2,609,50,22,122,30
1777981596.9713225,1,3093,0,20,122,30
1777981596.9737484,2,608,0,21,122,30
1777981596.98723,1,3093,0,20,123,30
1777981596.989677,2,608,0,21,122,30
1777981597.0029576,1,3093,0,20,122,30
1777981597.0050938,2,609,0,21,123,29
1777981597.0182388,1,3093,0,20,123,30
1777981597.0205183,2,609,0,21,122,30
1777981597.0337505,1,3093,0,20,122,30
1777981597.0359228,2,608,0,21,122,30
1777981597.0492625,1,3093,0,20,122,30
1777981597.0514283,2,609,-50,17,122,30
1777981597.0651252,1,3093,0,20,123,30
1777981597.067611,2,608,50,20,122,30
1777981597.0816917,1,3093,0,20,123,30
1777981597.084007,2,609,-50,19,122,30
1777981597.0977685,1,3093,0,20,123,30
1777981597.1003528,2,608,0,17,122,30
1777981597.1137884,1,3093,0,20,123,30
1777981597.1164196,2,609,0,17,123,30
1777981597.1297593,1,3093,0,20,123,30
1777981597.1322956,2,608,0,17,122,30
1777981597.145944,1,3093,0,20,122,30
1777981597.1480143,2,609,0,17,122,30
1777981597.1617455,1,3093,0,20,122,30
1777981597.1642408,2,608,50,20,122,30
1777981597.1778553,1,3093,0,20,123,30
1777981597.1803067,2,609,0,21,122,30
1777981597.1933918,1,3093,0,20,123,30
1777981597.1957486,2,609,0,21,122,30
1777981597.2095594,1,3093,0,20,122,30
1777981597.2121558,2,609,-50,17,122,30
1777981597.226395,1,3093,0,20,122,30
1777981597.228939,2,608,0,17,122,30
1777981597.2429194,1,3093,0,20,123,30
1777981597.2453947,2,609,50,20,122,30
1777981597.2592769,1,3093,0,20,122,30
1777981597.262183,2,608,0,21,122,30
1777981597.2765636,1,3093,0,20,123,30
1777981597.2792962,2,608,-50,20,122,30
1777981597.292689,1,3093,0,20,123,30
1777981597.2952635,2,608,-50,17,122,30
1777981597.3093066,1,3093,0,20,122,30
1777981597.3119025,2,609,50,21,122,30
1777981597.3259435,1,3093,0,20,122,30
1777981597.3290849,2,608,0,21,122,30
1777981597.3427725,1,3093,0,20,123,30
1777981597.3451042,2,608,-50,19,123,30
1777981597.3587599,1,3093,0,20,123,30
1777981597.3618305,2,608,0,17,122,30
1777981597.3763506,1,3093,0,20,123,30
1777981597.3789258,2,608,0,17,122,29
1777981597.392926,1,3093,0,20,123,30
1777981597.3952236,2,608,0,17,122,30
1777981597.408958,1,3093,0,20,123,30
1777981597.4118068,2,609,0,17,122,30
1777981597.4260657,1,3093,0,20,123,30
1777981597.4284842,2,608,0,17,123,30
1777981597.442064,1,3093,0,20,123,30
1777981597.444559,2,609,50,20,122,30
1777981597.4583092,1,3093,0,20,123,30
1777981597.4607918,2,609,0,21,122,29
1777981597.4749758,1,3093,0,20,122,30
1777981597.477486,2,609,0,21,122,30
1777981597.4911802,1,3093,0,20,123,30
1777981597.493458,2,608,0,21,122,30
1777981597.507234,1,3093,0,20,122,30
1777981597.5101376,2,609,0,21,122,30
1777981597.5241728,1,3093,0,20,123,30
1777981597.5268168,2,609,-50,18,122,30
1777981597.5410173,1,3093,0,20,123,30
1777981597.5435212,2,608,0,17,122,29
1777981597.5582707,1,3093,0,20,123,30
1777981597.5608397,2,608,50,19,122,29
1777981597.574823,1,3093,0,20,123,30
1777981597.57757,2,608,0,21,122,30
1777981597.5913918,1,3093,0,20,123,30
1777981597.593629,2,608,0,21,122,30
1777981597.6079202,1,3093,0,20,123,30
1777981597.6103609,2,609,-50,17,122,30
1777981597.6244395,1,3093,0,20,122,30
1777981597.6274078,2,608,50,20,122,30
1777981597.6415641,1,3093,0,20,123,30
1777981597.6439543,2,608,-50,19,122,30
1777981597.6579041,1,3093,0,20,122,30
1777981597.6605957,2,608,50,19,122,30
1777981597.6748736,1,3093,0,20,123,30
1777981597.6773908,2,609,0,21,122,29
1777981597.6913831,1,3093,0,20,123,30
1777981597.6941376,2,608,0,21,122,30
1777981597.70834,1,3093,0,20,123,30
1777981597.7108576,2,608,0,21,122,30
1777981597.7245498,1,3093,0,20,123,30
1777981597.7271454,2,608,-50,18,122,30
1777981597.7413492,1,3093,0,20,123,30
1777981597.74409,2,609,0,17,122,30
1777981597.7583516,1,3093,0,20,123,30
1777981597.7608922,2,609,0,17,122,30
1777981597.774792,1,3093,0,20,122,30
1777981597.7775824,2,608,0,17,122,30
1777981597.791052,1,3093,0,20,123,30
1777981597.793117,2,609,0,17,123,30
1777981597.8066778,1,3093,0,20,123,30
1777981597.8089676,2,608,0,17,122,30
1777981597.8228912,1,3093,0,20,123,30
1777981597.8253627,2,608,0,17,123,30
1777981597.8389225,1,3093,0,20,123,30
1777981597.841264,2,609,50,19,122,29
1777981597.8549361,1,3093,0,20,123,30
1777981597.8573298,2,608,-50,20,122,30
1777981597.8707852,1,3093,0,20,123,30
1777981597.8728688,2,608,-50,17,122,30
1777981597.8865724,1,3093,0,20,123,30
1777981597.8891118,2,608,50,21,122,29
1777981597.902758,1,3093,0,20,123,30
1777981597.9051292,2,608,-50,18,122,30
1777981597.9189668,1,3093,0,20,123,30
1777981597.92134,2,609,50,20,123,30
1777981597.9351466,1,3093,0,20,123,30
1777981597.937244,2,608,-50,20,122,30
1777981597.9507766,1,3093,0,20,123,30
1777981597.953391,2,609,-50,0,122,30
1777981597.9671054,1,3093,0,20,123,30
1777981597.9693198,2,608,0,17,122,30
1777981597.9827387,1,3093,0,20,123,30
1777981597.9848642,2,608,0,17,122,30
1777981597.9986014,1,3093,0,20,123,30
1777981598.0009873,2,609,50,20,122,30
1777981598.014184,1,3093,0,20,123,30
1777981598.0161183,2,608,-50,20,123,30
1777981598.0301075,1,3093,0,20,123,30
1777981598.0323422,2,608,-50,17,122,30
1777981598.0457041,1,3093,0,20,122,30
1777981598.0487268,2,609,50,21,122,30
1777981598.0627325,1,3093,0,20,122,30
1777981598.0651228,2,608,-50,18,122,30
1777981598.0785007,1,3093,0,20,122,30
1777981598.0807393,2,609,0,17,122,30
1777981598.0945008,1,3093,0,20,123,30
1777981598.097163,2,608,0,17,122,30
1777981598.1113636,1,3093,0,20,123,30
1777981598.1137009,2,608,0,17,122,30
1777981598.1275997,1,3093,0,20,123,30
1777981598.1300204,2,609,50,21,122,30
1777981598.144135,1,3093,0,20,123,30
1777981598.1466563,2,609,-50,18,122,30
1777981598.1604533,1,3093,0,20,122,30
1777981598.163007,2,609,0,17,123,30
1777981598.1763556,1,3093,0,20,123,30
1777981598.1788738,2,608,50,19,122,30
1777981598.1923907,1,3093,0,20,122,30
1777981598.1945736,2,608,0,21,122,30
1777981598.2081835,1,3093,0,20,122,30
1777981598.2107382,2,608,0,21,122,30
1777981598.225221,1,3093,0,20,123,30
1777981598.2277734,2,609,-50,17,122,30
1777981598.241764,1,3093,0,20,123,30
1777981598.2443469,2,608,50,20,122,30
1777981598.2586043,1,3093,0,20,123,30
1777981598.2615442,2,608,0,21,123,30
1777981598.2758496,1,3093,0,20,123,30
1777981598.2786078,2,608,0,21,122,30
1777981598.293073,1,3093,0,20,123,30
1777981598.2959716,2,608,-50,20,122,30
1777981598.3103802,1,3093,0,20,123,30
1777981598.312918,2,609,-50,0,122,30
1777981598.326717,1,3093,0,20,122,30
1777981598.3294146,2,609,0,17,122,30
1777981598.3430514,1,3093,0,20,123,30
1777981598.3456824,2,609,0,17,122,30
1777981598.3597388,1,3093,0,20,123,30
1777981598.361954,2,608,0,17,122,30
1777981598.3757312,1,3093,0,20,123,30
1777981598.3784792,2,608,0,17,122,30
1777981598.3916214,1,3093,0,20,123,30
1777981598.393829,2,608,0,17,122,30
1777981598.4075904,1,3093,0,20,122,30
1777981598.410118,2,609,0,17,122,30
1777981598.4239998,1,3093,0,20,122,30
1777981598.426259,2,608,0,17,123,30
1777981598.439985,1,3093,0,20,122,30
1777981598.4422688,2,609,0,17,123,30
1777981598.4574513,1,3093,0,20,123,30
1777981598.4598162,2,608,0,17,122,30
1777981598.4735537,1,3093,0,20,123,30
1777981598.475506,2,608,50,19,122,30
1777981598.4882393,1,3093,0,20,123,30
1777981598.4901695,2,608,50,22,122,30
1777981598.502797,1,3093,0,20,123,30
1777981598.5046477,2,608,-50,18,122,30
1777981598.5181038,1,3093,0,20,123,30
1777981598.520674,2,608,0,17,122,30
1777981598.534608,1,3093,0,20,122,30
1777981598.5369816,2,608,0,17,122,30
1777981598.5505857,1,3093,0,20,123,30
1777981598.5530193,2,609,0,17,122,30
1777981598.5671153,1,3093,0,20,123,30
1777981598.5701942,2,608,0,17,122,30
1777981598.5843837,1,3093,0,20,123,30
1777981598.5868752,2,608,0,17,122,29
1777981598.6010168,1,3093,0,20,123,30
1777981598.603666,2,608,50,21,122,30
1777981598.6181805,1,3093,0,20,122,30
1777981598.6207273,2,608,0,21,122,30
1777981598.634687,1,3093,0,20,123,30
1777981598.6374195,2,608,-50,19,122,30
1777981598.6514888,1,3093,0,20,123,30
1777981598.6541195,2,609,50,19,122,30
1777981598.6682093,1,3093,0,20,123,30
1777981598.6706858,2,608,50,22,122,30
1777981598.6850533,1,3093,0,20,123,30
1777981598.6873732,2,609,-50,17,122,30
1777981598.7032955,1,3093,0,20,123,30
1777981598.7055895,2,608,0,17,122,30
1777981598.7188952,1,3093,0,20,123,30
1777981598.720923,2,608,0,17,122,30
1777981598.7344668,1,3093,0,20,123,30
1777981598.736791,2,608,50,17,122,30
1777981598.750138,1,3093,0,20,123,30
1777981598.7523646,2,608,-50,19,123,30
1777981598.7659042,1,3093,0,20,122,30
1777981598.7681925,2,608,-50,35,122,30
1777981598.781422,1,3093,0,20,123,30
1777981598.7834787,2,608,50,48,122,30
1777981598.7963254,1,3093,0,20,122,30
1777981598.7980566,2,609,0,67,122,30
1777981598.8107574,1,3093,0,20,122,30
1777981598.8125038,2,610,50,91,122,30
1777981598.825113,1,3093,0,20,122,30
1777981598.82682,2,612,50,116,122,30
1777981598.8394134,1,3093,0,20,122,30
1777981598.841621,2,616,150,138,122,30
1777981598.8548775,1,3093,0,20,122,30
1777981598.8569958,2,620,300,163,122,30
1777981598.870294,1,3093,0,20,122,30
1777981598.8722599,2,627,400,184,122,30
1777981598.8855028,1,3093,0,20,122,30
1777981598.8874807,2,635,400,210,122,30
1777981598.900519,1,3093,0,20,122,30
1777981598.9025607,2,643,500,232,122,30
1777981598.9155285,1,3093,0,20,122,30
1777981598.9174247,2,654,650,251,122,30
1777981598.9301867,1,3093,0,20,122,30
1777981598.931908,2,665,750,268,122,30
1777981598.9444659,1,3093,0,20,122,30
1777981598.9462566,2,677,750,289,122,30
1777981598.9588318,1,3093,0,20,122,30
1777981598.9605563,2,690,850,305,122,30
1777981598.9730759,1,3093,0,20,122,30
1777981598.9747748,2,704,950,323,122,30
1777981598.9874294,1,3093,0,20,122,30
1777981598.9891756,2,718,950,337,122,30
1777981599.0017574,1,3093,0,20,122,30
1777981599.0035067,2,732,950,351,122,30
1777981599.0160487,1,3093,0,20,122,30
1777981599.0178013,2,748,1050,361,122,30
1777981599.0304227,1,3093,0,20,122,30
1777981599.0321748,2,765,1150,367,122,30
1777981599.0447206,1,3093,0,20,122,30
1777981599.0465088,2,782,1150,370,122,30
1777981599.0589964,1,3093,0,20,122,30
1777981599.0612695,2,799,1150,372,122,30
1777981599.0743117,1,3093,0,20,122,30
1777981599.076234,2,817,1200,373,122,30
1777981599.0895255,1,3093,0,20,122,30
1777981599.0916083,2,834,1150,375,122,30
1777981599.1053843,1,3093,0,20,122,30
1777981599.1078472,2,853,1150,378,122,30
1777981599.121752,1,3093,0,20,122,30
1777981599.1239874,2,873,1200,377,122,30
1777981599.1375554,1,3093,0,20,122,30
1777981599.1399763,2,894,1250,374,122,30
1777981599.153646,1,3093,0,20,122,30
1777981599.1560118,2,913,1250,371,122,30
1777981599.1695957,1,3093,0,20,122,30
1777981599.1719534,2,931,1150,371,122,30
1777981599.1857493,1,3093,0,20,122,30
1777981599.1881485,2,951,1150,369,122,30
1777981599.2018743,1,3093,0,20,122,30
1777981599.20442,2,972,1250,354,122,30
1777981599.217767,1,3093,0,20,122,30
1777981599.2203639,2,991,1200,339,122,30
1777981599.2349923,1,3093,0,20,122,30
1777981599.2379477,2,1010,1200,316,122,30
1777981599.2519526,1,3093,0,20,122,30
1777981599.2541194,2,1027,1000,297,122,30
1777981599.267718,1,3093,0,20,122,30
1777981599.2701104,2,1043,1000,278,122,30
1777981599.2839134,1,3093,0,20,122,30
1777981599.2864394,2,1058,1000,254,122,30
1777981599.3006625,1,3093,0,20,123,30
1777981599.3031058,2,1073,950,228,122,30
1777981599.317082,1,3093,0,20,123,30
1777981599.319575,2,1086,800,205,122,30
1777981599.3338413,1,3093,0,20,123,30
1777981599.3363473,2,1097,750,179,122,30
1777981599.3504386,1,3093,0,20,122,30
1777981599.352837,2,1107,550,157,122,30
1777981599.3669841,1,3093,0,20,122,30
1777981599.3699527,2,1114,550,134,122,30
1777981599.384061,1,3093,0,20,123,30
1777981599.3865817,2,1121,500,110,122,30
1777981599.4007168,1,3093,0,20,122,30
1777981599.4036036,2,1127,400,88,122,30
1777981599.4178433,1,3093,0,20,123,30
1777981599.4206254,2,1132,300,65,122,30
1777981599.4346843,1,3093,0,20,122,30
1777981599.4371257,2,1136,250,48,122,30
1777981599.450993,1,3093,0,20,123,30
1777981599.4538136,2,1138,150,35,122,30
1777981599.4679213,1,3093,0,20,122,30
1777981599.4706593,2,1139,100,26,122,30
1777981599.484658,1,3093,0,20,123,30
1777981599.4877415,2,1140,100,20,122,30
1777981599.5023851,1,3093,0,20,123,30
1777981599.504932,2,1141,50,17,122,30
1777981599.5193787,1,3093,0,20,122,30
1777981599.5218737,2,1141,50,18,122,30
1777981599.5357811,1,3093,0,20,123,30
1777981599.5386164,2,1141,0,18,122,30
1777981599.5528057,1,3093,0,20,122,30
1777981599.5554569,2,1141,0,18,122,30
1777981599.5698032,1,3093,0,20,123,30
1777981599.57243,2,1141,0,18,122,30
1777981599.5865667,1,3093,0,20,123,30
1777981599.5891356,2,1141,0,18,122,30
1777981599.6032143,1,3093,0,20,123,30
1777981599.6057765,2,1141,0,18,122,30
1777981599.6197891,1,3093,0,20,123,30
1777981599.6226718,2,1141,0,18,122,30
1777981599.6366298,1,3093,0,20,123,30
1777981599.6395438,2,1141,0,18,122,30
1777981599.6537485,1,3093,0,20,123,30
1777981599.6564147,2,1141,0,18,122,30
1777981599.6706278,1,3093,0,20,123,30
1777981599.6730783,2,1141,0,18,122,30
1777981599.6873481,1,3093,0,20,122,30
1777981599.6901999,2,1141,0,18,122,30
1777981599.7040482,1,3093,0,20,123,30
1777981599.7066453,2,1141,0,18,122,30
1777981599.7204008,1,3093,0,20,123,30
1777981599.72262,2,1141,-50,17,122,30
1777981599.7365735,1,3093,0,20,122,30
1777981599.7391884,2,1141,50,17,122,30
1777981599.7531705,1,3093,0,20,123,30
1777981599.7555346,2,1140,0,18,122,30
1777981599.7694094,1,3093,0,20,123,30
1777981599.7721193,2,1141,0,18,122,30
1777981599.7866287,1,3093,0,20,123,30
1777981599.78949,2,1141,0,18,122,30
1777981599.8028681,1,3093,0,20,122,30
1777981599.8051116,2,1141,0,18,122,30
1777981599.81879,1,3093,0,20,122,30
1777981599.820984,2,1140,0,18,122,30
1777981599.8346481,1,3093,0,20,123,30
1777981599.8367937,2,1140,0,18,122,30
1777981599.8503175,1,3093,0,20,123,30
1777981599.852347,2,1141,0,18,122,30
1777981599.865731,1,3093,0,20,122,30
1777981599.8679347,2,1141,0,17,122,30
1777981599.8818994,1,3093,0,19,123,30
1777981599.8840637,2,1141,-50,18,122,30
1777981599.8979135,1,3093,0,18,123,30
1777981599.9000673,2,1141,50,18,122,30
1777981599.913795,1,3093,0,18,122,30
1777981599.9165044,2,1141,0,18,122,30
1777981599.9301033,1,3093,0,18,122,30
1777981599.9327571,2,1141,0,18,122,30
1777981599.9467103,1,3093,0,18,123,30
1777981599.9492407,2,1141,0,18,122,30
1777981599.9631534,1,3093,0,18,123,30
1777981599.9655757,2,1141,0,18,122,30
1777981599.979319,1,3093,0,18,123,30
1777981599.9816701,2,1141,0,18,122,30
1777981599.9958246,1,3093,0,18,123,30
1777981599.9983342,2,1141,0,18,122,30
1777981600.011705,1,3093,0,18,122,30
1777981600.01405,2,1141,0,18,122,30
1777981600.0272784,1,3093,0,18,123,30
1777981600.0293717,2,1141,0,18,122,30
1777981600.0425754,1,3093,0,18,122,30
1777981600.044664,2,1141,0,18,122,30
1777981600.058436,1,3093,0,18,123,30
1777981600.060609,2,1141,0,18,122,30
1777981600.0743513,1,3093,0,0,123,30
1777981600.0769374,2,1141,0,18,122,30
1777981600.0907092,1,3093,0,21,123,30
1777981600.0932634,2,1141,0,18,122,30
1777981600.1070576,1,3093,0,33,123,30
1777981600.1097777,2,1141,0,18,122,30
1777981600.123336,1,3094,50,48,123,30
1777981600.1258492,2,1141,0,18,122,30
1777981600.1393661,1,3094,0,68,122,38
1777981600.1415381,2,1141,0,18,122,30
1777981600.154907,1,3095,0,96,122,30
1777981600.1570725,2,1140,0,18,122,30
1777981600.1706924,1,3099,100,119,123,30
1777981600.1729028,2,1141,-50,0,122,30
1777981600.1868176,1,3104,250,141,122,30
1777981600.1890745,2,1141,50,0,122,29
1777981600.202488,1,3110,350,163,122,34
1777981600.2048166,2,1141,50,19,122,30
1777981600.2183952,1,3117,400,187,123,30
1777981600.221216,2,1141,0,18,122,30
1777981600.2359927,1,3125,400,216,122,30
1777981600.2387657,2,1141,-50,17,122,30
1777981600.252979,1,3137,550,238,122,30
1777981600.2556086,2,1141,50,17,122,30
1777981600.2698112,1,3149,650,260,122,30
1777981600.272741,2,1141,0,18,122,30
1777981600.2868335,1,3162,750,283,122,30
1777981600.2896533,2,1141,0,18,122,30
1777981600.3038397,1,3177,850,307,122,30
1777981600.3063242,2,1141,0,18,122,30
1777981600.3202283,1,3194,900,329,122,30
1777981600.3229258,2,1141,0,18,122,30
1777981600.3372934,1,3211,1050,345,122,30
1777981600.3401432,2,1141,0,18,122,30
1777981600.3544009,1,3230,1050,355,122,30
1777981600.3569617,2,1141,0,18,122,30
1777981600.3712094,1,3249,1100,361,122,30
1777981600.3741312,2,1141,0,18,122,30
1777981600.3883553,1,3269,1150,364,122,30
1777981600.3907495,2,1141,-50,0,122,30
1777981600.4047704,1,3288,1200,365,122,30
1777981600.4075854,2,1141,50,0,122,30
1777981600.4215598,1,3309,1200,365,122,30
1777981600.4240432,2,1141,50,19,122,30
1777981600.4381301,1,3329,1200,365,122,30
1777981600.4405854,2,1141,-50,17,122,29
1777981600.4546168,1,3348,1200,365,122,30
1777981600.4570835,2,1141,50,17,122,30
1777981600.4711778,1,3369,1200,365,122,30
1777981600.473607,2,1141,0,18,122,30
1777981600.488742,1,3389,1200,365,122,30
1777981600.4911838,2,1140,0,18,122,30
1777981600.5045116,1,3411,1250,362,122,30
1777981600.506469,2,1141,0,18,122,30
1777981600.5190306,1,3429,1200,361,122,30
1777981600.5207877,2,1141,0,18,122,30
1777981600.5334415,1,3446,1200,361,122,30
1777981600.53529,2,1141,-50,17,122,30
1777981600.5484126,1,3464,1200,361,122,30
1777981600.5507655,2,1141,50,17,122,30
1777981600.5646634,1,3483,1250,358,122,30
1777981600.5671377,2,1141,0,18,122,30
1777981600.5807016,1,3502,1200,357,122,30
1777981600.58307,2,1140,0,18,122,30
1777981600.5966032,1,3521,1150,358,122,30
1777981600.5987673,2,1141,0,18,122,30
1777981600.6122754,1,3540,1150,361,122,30
1777981600.6147203,2,1141,0,18,122,30
1777981600.627942,1,3559,1200,361,122,30
1777981600.630535,2,1141,-50,0,122,30
1777981600.6447127,1,3579,1200,361,122,30
1777981600.6472163,2,1141,50,0,122,30
1777981600.660998,1,3599,1250,358,122,30
1777981600.6656222,2,1141,50,19,122,30
1777981600.6789505,1,3620,1150,359,122,30
1777981600.6813114,2,1141,0,18,122,30
1777981600.6954136,1,3639,1150,362,122,30
1777981600.6982439,2,1141,0,18,122,30
1777981600.712131,1,3660,1150,365,122,30
1777981600.7146683,2,1141,-50,17,122,30
1777981600.728869,1,3679,1250,361,122,30
1777981600.7316768,2,1141,0,17,122,30
1777981600.7457325,1,3700,1200,361,122,30
1777981600.7486424,2,1141,50,17,122,30
1777981600.762393,1,3720,1200,361,122,30
1777981600.7647462,2,1141,-50,17,122,30
1777981600.7785902,1,3740,1150,362,122,30
1777981600.7811842,2,1141,-50,18,122,29
1777981600.7948058,1,3759,1200,360,122,30
1777981600.797275,2,1140,50,18,122,30
1777981600.810974,1,3779,1200,351,122,30
1777981600.813328,2,1141,0,18,122,30
1777981600.8267956,1,3797,1250,333,122,30
1777981600.8289425,2,1141,0,18,122,30
1777981600.842634,1,3815,1100,319,122,30
1777981600.8449538,2,1141,0,18,122,30
1777981600.8587246,1,3832,1100,301,123,30
1777981600.8615177,2,1140,0,18,122,30
1777981600.8754203,1,3849,1000,278,122,30
1777981600.87786,2,1140,0,18,122,30
1777981600.8914497,1,3865,1000,256,122,30
1777981600.8938866,2,1141,0,18,122,30
1777981600.9077668,1,3879,950,232,122,30
1777981600.9102094,2,1141,0,18,122,30
1777981600.9237297,1,3892,850,210,123,30
1777981600.9261017,2,1141,0,18,123,30
1777981600.9399495,1,3904,800,181,122,30
1777981600.942749,2,1141,0,18,122,30
1777981600.9568236,1,3914,600,157,123,30
1777981600.9596055,2,1140,0,18,122,30
1777981600.9738414,1,3923,600,134,123,30
1777981600.9765387,2,1141,0,18,122,30
1777981600.9904633,1,3930,550,107,122,30
1777981600.993086,2,1141,0,18,122,30
1777981601.0069997,1,3937,400,86,123,30
1777981601.009511,2,1141,0,18,122,30
1777981601.0236444,1,3941,350,64,123,30
1777981601.0261452,2,1141,0,18,122,30
1777981601.0399697,1,3945,250,42,123,30
1777981601.042395,2,1140,0,18,122,30
1777981601.056295,1,3947,150,20,123,30
1777981601.0583274,2,1141,0,18,122,30
1777981601.0720885,1,3948,150,33,123,30
1777981601.0743964,2,1141,0,18,122,30
1777981601.08837,1,3948,50,55,123,30
1777981601.091267,2,1141,0,18,122,30
1777981601.1054032,1,3947,-50,77,122,30
1777981601.108152,2,1140,0,18,122,30
1777981601.1220772,1,3945,-50,103,123,30
1777981601.1247218,2,1141,0,18,122,30
1777981601.1387427,1,3942,-200,130,122,30
1777981601.1413767,2,1141,0,18,122,30
1777981601.1551454,1,3937,-250,158,122,30
1777981601.1575775,2,1141,0,18,122,30
1777981601.1718187,1,3931,-250,187,122,30
1777981601.1742282,2,1141,-50,17,122,30
1777981601.1881773,1,3923,-350,214,122,30
1777981601.1911068,2,1140,50,17,122,30
1777981601.205645,1,3913,-500,241,122,30
1777981601.2083917,2,1141,0,18,122,30
1777981601.2224476,1,3902,-650,264,122,30
1777981601.22547,2,1141,0,18,122,30
1777981601.2394114,1,3889,-700,288,122,30
1777981601.2421918,2,1140,0,18,122,30
1777981601.2561212,1,3875,-800,314,122,30
1777981601.2587495,2,1140,0,18,122,30
1777981601.2730992,1,3859,-800,337,122,30
1777981601.2755566,2,1140,0,18,122,30
1777981601.2895045,1,3842,-950,353,122,30
1777981601.2921038,2,1141,0,18,122,30
1777981601.3060002,1,3824,-1050,363,122,30
1777981601.3087227,2,1140,0,18,122,30
1777981601.322772,1,3805,-1100,370,122,30
1777981601.3252816,2,1141,0,18,122,30
1777981601.3391898,1,3786,-1150,374,122,30
1777981601.341577,2,1141,0,18,122,30
1777981601.355069,1,3766,-1250,374,122,30
1777981601.3577085,2,1141,0,18,122,30
1777981601.3721783,1,3745,-1250,370,122,30
1777981601.3746865,2,1140,0,18,122,30
1777981601.3886409,1,3725,-1200,371,122,30
1777981601.3913617,2,1141,0,18,122,30
1777981601.4054632,1,3705,-1250,368,122,30
1777981601.4079006,2,1140,0,18,122,30
1777981601.4220755,1,3685,-1150,370,122,30
1777981601.4250102,2,1141,0,18,122,30
1777981601.4390957,1,3664,-1250,369,122,30
1777981601.4413621,2,1141,0,18,122,30
1777981601.4553282,1,3643,-1250,366,122,30
1777981601.4581447,2,1140,0,18,122,30
1777981601.472209,1,3623,-1250,362,122,30
1777981601.474934,2,1141,0,18,122,30
1777981601.4890704,1,3603,-1200,363,122,30
1777981601.4915442,2,1141,0,18,122,30
1777981601.5056436,1,3583,-1150,367,122,30
1777981601.508152,2,1141,0,18,122,30
1777981601.5218785,1,3562,-1250,364,122,30
1777981601.5248168,2,1140,-50,0,122,30
1777981601.5390623,1,3541,-1250,361,122,30
1777981601.5416296,2,1141,-50,18,122,29
1777981601.5556846,1,3523,-1150,361,122,30
1777981601.5582666,2,1141,50,18,122,30
1777981601.5719008,1,3502,-1150,363,122,30
1777981601.5745044,2,1141,0,18,122,30
1777981601.5882719,1,3483,-1200,363,122,30
1777981601.5908177,2,1140,0,18,122,30
1777981601.6051378,1,3462,-1200,363,122,30
1777981601.6078072,2,1141,0,18,122,30
1777981601.6218288,1,3442,-1250,360,122,30
1777981601.6242182,2,1141,0,18,122,30
1777981601.63777,1,3423,-1200,359,122,30
1777981601.6403437,2,1141,0,18,122,30
1777981601.6539671,1,3404,-1150,361,122,30
1777981601.6565773,2,1141,0,18,122,30
1777981601.6702669,1,3383,-1150,364,122,30
1777981601.6725283,2,1141,0,18,122,30
1777981601.6865594,1,3364,-1200,363,122,30
1777981601.689063,2,1141,0,18,122,30
1777981601.7028327,1,3345,-1250,356,122,30
1777981601.7053757,2,1140,-50,0,122,30
1777981601.7191322,1,3325,-1150,349,122,30
1777981601.721714,2,1141,50,0,122,30
1777981601.7357337,1,3306,-1150,336,122,30
1777981601.7379618,2,1141,50,19,122,30
1777981601.7516568,1,3288,-1150,321,122,30
1777981601.754617,2,1141,0,18,122,30
1777981601.7684042,1,3269,-1150,297,122,30
1777981601.7712348,2,1140,-50,17,122,30
1777981601.7854016,1,3252,-1100,271,123,30
1777981601.7878337,2,1141,50,17,122,30
1777981601.801999,1,3237,-1000,249,122,30
1777981601.8043017,2,1141,-50,0,122,30
1777981601.8181334,1,3223,-900,224,123,30
1777981601.8206608,2,1141,-50,0,122,30
1777981601.834094,1,3210,-750,202,123,30
1777981601.8363144,2,1141,50,18,122,30
1777981601.849816,1,3199,-750,180,123,30
1777981601.8519657,2,1141,-50,17,122,30
1777981601.8658288,1,3189,-700,155,123,30
1777981601.868586,2,1141,50,17,122,30
1777981601.8822138,1,3180,-600,132,123,30
1777981601.8844612,2,1140,-50,18,122,30
1777981601.8977973,1,3173,-500,109,123,30
1777981601.9006822,2,1140,-50,26,122,30
1777981601.9148102,1,3167,-400,84,122,30
1777981601.917402,2,1141,50,35,122,30
1777981601.9314077,1,3162,-300,61,123,30
1777981601.9336405,2,1141,0,54,122,30
1777981601.947456,1,3159,-300,41,123,30
1777981601.9498556,2,1142,0,76,122,30
1777981601.9637907,1,3157,-200,29,122,30
1777981601.9661348,2,1144,100,102,122,30
1777981601.979712,1,3156,-100,22,122,30
1777981601.9821174,2,1148,250,125,122,51
1777981601.9954069,1,3156,0,20,122,30
1777981601.9980164,2,1154,250,145,122,30
1777981602.0121233,1,3155,-50,19,123,30
1777981602.0145757,2,1161,350,167,122,55
1777981602.028385,1,3154,-50,17,122,30
1777981602.0307624,2,1169,450,189,122,30
1777981602.0445087,1,3155,-50,19,122,30
1777981602.0470738,2,1178,500,211,122,30
1777981602.0603895,1,3155,50,0,122,30
1777981602.062546,2,1188,650,234,122,30
1777981602.076312,1,3155,0,0,122,30
1777981602.079002,2,1199,650,256,122,30
1777981602.0927472,1,3155,0,0,122,30
1777981602.095144,2,1211,700,281,122,30
1777981602.108725,1,3155,0,0,122,30
1777981602.1110823,2,1224,700,311,122,30
1777981602.1252565,1,3155,0,0,122,30
1777981602.127775,2,1240,900,334,122,30
1777981602.1410267,1,3155,0,0,122,30
1777981602.1431787,2,1257,1050,347,122,30
1777981602.1560502,1,3155,0,0,122,30
1777981602.1578197,2,1274,1050,356,122,30
1777981602.17034,1,3155,0,0,122,30
1777981602.1720555,2,1290,1100,361,122,30
1777981602.1852539,1,3155,0,0,122,30
1777981602.187576,2,1307,1150,364,122,30
1777981602.201647,1,3155,0,0,122,30
1777981602.2041183,2,1326,1100,370,122,30
1777981602.2182353,1,3155,0,0,122,30
1777981602.220658,2,1345,1200,373,122,30
1777981602.2345383,1,3155,0,0,122,30
1777981602.2375357,2,1365,1200,373,122,30
1777981602.2518442,1,3155,0,0,122,30
1777981602.2543087,2,1386,1200,373,122,30
1777981602.268313,1,3155,0,0,122,30
1777981602.2708292,2,1406,1250,370,122,30
1777981602.2846756,1,3155,0,0,122,30
1777981602.2870548,2,1426,1150,372,122,30
1777981602.301323,1,3155,0,0,122,30
1777981602.3041518,2,1446,1200,368,122,30
1777981602.3178997,1,3155,0,0,122,30
1777981602.3204315,2,1466,1250,357,122,30
1777981602.3343432,1,3155,0,0,122,30
1777981602.3370998,2,1486,1250,336,122,30
1777981602.3507266,1,3155,0,0,122,30
1777981602.3533027,2,1504,1200,316,122,30
1777981602.3670173,1,3155,0,0,122,30
1777981602.3701324,2,1521,1050,299,122,30
1777981602.3837416,1,3155,0,0,122,30
1777981602.386185,2,1538,1000,280,122,30
1777981602.4000878,1,3155,0,0,123,30
1777981602.4025726,2,1554,950,256,122,30
1777981602.416787,1,3155,0,0,123,30
1777981602.4198205,2,1568,900,231,122,30
1777981602.4341915,1,3155,0,0,123,30
1777981602.4369156,2,1581,900,200,122,30
1777981602.451456,1,3155,0,0,123,30
1777981602.4539716,2,1592,750,176,122,30
1777981602.4681451,1,3155,0,0,123,30
1777981602.4705353,2,1601,650,152,122,43
1777981602.484799,1,3155,0,0,122,30
1777981602.487729,2,1609,450,134,122,30
1777981602.5021157,1,3155,0,0,123,30
1777981602.504804,2,1616,450,111,122,30
1777981602.5197434,1,3155,0,0,122,30
1777981602.522182,2,1623,400,83,122,30
1777981602.5357175,1,3155,0,0,123,30
1777981602.5376825,2,1627,400,61,122,30
1777981602.5503297,1,3155,0,0,123,30
1777981602.5520291,2,1630,250,41,122,30
1777981602.5648522,1,3155,0,0,123,30
1777981602.5669358,2,1631,200,20,122,30
1777981602.5807362,1,3155,0,0,122,30
1777981602.5833347,2,1632,50,33,122,30
1777981602.5971036,1,3155,0,0,123,29
1777981602.5998387,2,1632,0,56,122,30
1777981602.6138406,1,3155,0,0,123,30
1777981602.6167047,2,1632,0,81,122,30
1777981602.6313016,1,3155,0,0,122,30
1777981602.6339376,2,1629,-50,112,122,30
1777981602.648128,1,3155,0,0,122,30
1777981602.6503944,2,1624,-150,140,122,30
1777981602.663994,1,3155,0,0,122,30
1777981602.6665337,2,1618,-300,163,122,30
1777981602.6802151,1,3155,0,0,122,30
1777981602.6826754,2,1611,-450,185,122,30
1777981602.696895,1,3155,0,0,122,30
1777981602.6996124,2,1603,-500,208,122,30
1777981602.714122,1,3155,0,0,122,30
1777981602.717059,2,1593,-500,235,122,30
1777981602.7314105,1,3155,0,0,122,30
1777981602.7340298,2,1581,-550,264,122,30
1777981602.7482278,1,3155,0,0,122,30
1777981602.750666,2,1568,-750,285,122,30
1777981602.7646565,1,3155,0,0,122,30
1777981602.767596,2,1553,-800,308,122,30
1777981602.7817678,1,3155,0,0,122,30
1777981602.7843828,2,1536,-950,329,122,30
1777981602.7981744,1,3155,0,0,122,30
1777981602.8006947,2,1519,-1050,341,122,30
1777981602.8146882,1,3155,0,0,122,30
1777981602.8170767,2,1501,-1050,351,122,30
1777981602.8311818,1,3155,0,0,122,30
1777981602.8338153,2,1482,-1050,361,122,30
1777981602.8478272,1,3155,0,0,122,30
1777981602.850512,2,1463,-1150,363,122,30
1777981602.8638775,1,3155,0,0,122,30
1777981602.8661356,2,1444,-1200,364,122,30
1777981602.8804717,1,3155,0,0,122,30
1777981602.8836784,2,1423,-1200,364,122,30
1777981602.8979752,1,3155,0,0,122,30
1777981602.9008882,2,1402,-1150,360,122,30
1777981602.9150758,1,3155,0,0,122,30
1777981602.9175746,2,1383,-1150,352,122,30
1777981602.932109,1,3155,0,0,122,30
1777981602.9350822,2,1362,-1150,339,122,30
1777981602.9488554,1,3155,0,0,122,30
1777981602.9513202,2,1343,-1200,316,122,30
1777981602.9649746,1,3155,0,0,123,30
1777981602.9675195,2,1325,-1150,292,122,30
1777981602.9816203,1,3155,0,0,123,30
1777981602.984506,2,1309,-1050,268,122,30
1777981602.998059,1,3155,0,0,123,30
1777981603.0000892,2,1295,-850,248,122,30
1777981603.0136864,1,3155,0,0,122,30
1777981603.0164,2,1282,-850,229,122,30
1777981603.0301425,1,3155,0,0,122,30
1777981603.032661,2,1269,-850,203,122,30
1777981603.0468013,1,3155,0,0,123,30
1777981603.0492098,2,1257,-800,175,122,29
1777981603.063336,1,3155,0,0,123,30
1777981603.0657868,2,1246,-700,149,122,30
1777981603.0800586,1,3155,0,0,123,30
1777981603.0827909,2,1238,-550,123,122,30
1777981603.0970733,1,3155,0,0,123,30
1777981603.100006,2,1231,-450,97,122,30
1777981603.1144137,1,3155,0,0,123,30
1777981603.1169353,2,1225,-300,72,122,30
1777981603.1310585,1,3155,0,0,123,30
1777981603.1339781,2,1221,-300,52,122,30
1777981603.1478364,1,3155,0,0,123,30
1777981603.1504583,2,1218,-250,36,122,30
1777981603.1643417,1,3155,0,0,123,30
1777981603.1671,2,1216,-150,26,122,30
1777981603.1811304,1,3155,0,0,123,30
1777981603.1835515,2,1215,-50,22,122,30
1777981603.1977935,1,3155,0,0,123,30
1777981603.2003365,2,1215,-50,18,122,30
1777981603.2141755,1,3155,0,0,123,30
1777981603.2165952,2,1215,0,0,122,30
1777981603.2304523,1,3155,0,0,123,30
1777981603.2330992,2,1215,0,0,122,30
1777981603.2468655,1,3155,0,0,123,30
1777981603.2493339,2,1215,0,0,122,30
1777981603.2629416,1,3155,0,0,123,30
1777981603.2653172,2,1215,0,0,122,30
1777981603.2800035,1,3155,0,0,123,30
1777981603.2829201,2,1215,0,0,122,30
1777981603.2969992,1,3155,0,0,123,30
1777981603.2995849,2,1215,0,0,123,30
1777981603.3136766,1,3155,0,0,123,30
1777981603.316172,2,1215,0,0,122,30
1777981603.330178,1,3155,0,0,123,30
1777981603.3328524,2,1215,0,0,122,30
1777981603.346918,1,3155,0,0,123,30
1777981603.3494613,2,1215,0,0,123,30
1777981603.3635485,1,3155,0,0,123,30
1777981603.3660889,2,1215,0,0,123,30
1777981603.3801723,1,3155,0,0,123,30
1777981603.3827422,2,1215,0,0,123,30
1777981603.397039,1,3155,0,0,123,30
1777981603.3997102,2,1215,0,0,122,30
1777981603.4135084,1,3155,0,0,123,30
1777981603.4161801,2,1215,0,0,123,30
1777981603.4304044,1,3155,0,0,123,30
1777981603.433017,2,1215,0,0,123,30
1777981603.4469266,1,3155,0,0,123,30
1777981603.4496307,2,1215,0,0,122,30
1777981603.463808,1,3155,0,0,123,30
1777981603.4664912,2,1215,0,0,122,30
1777981603.4802036,1,3155,0,0,123,30
1777981603.482931,2,1215,0,0,122,30
1777981603.4966521,1,3155,0,0,123,30
1777981603.4989288,2,1215,0,0,122,30
1777981603.5134373,1,3155,0,0,123,30
1777981603.5162084,2,1215,0,0,123,30
1777981603.5307167,1,3155,0,0,123,30
1777981603.5336058,2,1215,0,0,122,30
1777981603.5477996,1,3155,0,0,123,30
1777981603.5503774,2,1215,0,0,123,30
1777981603.5641706,1,3155,0,0,123,30
1777981603.5672655,2,1215,0,0,123,30
1777981603.5814855,1,3155,0,0,123,30
1777981603.584026,2,1215,0,0,123,30
1777981603.598133,1,3155,0,0,123,30
1777981603.6006546,2,1215,0,0,122,30
1777981603.6148422,1,3155,0,0,123,30
1777981603.617662,2,1215,0,0,122,30
1777981603.6316392,1,3155,0,0,123,30
1777981603.6344914,2,1215,0,0,122,30
1777981603.648386,1,3155,0,0,123,30
1777981603.6509051,2,1215,0,0,122,30
1777981603.6648786,1,3155,0,0,123,30
1777981603.667737,2,1215,0,0,122,30
1777981603.6817858,1,3155,0,0,123,31
1777981603.684427,2,1215,0,0,122,30
1777981603.6984174,1,3155,0,0,123,30
1777981603.7011616,2,1215,0,0,123,30
1777981603.7151332,1,3155,0,0,123,30
1777981603.7180703,2,1215,0,0,122,30
1777981603.7321856,1,3155,0,0,123,30
1777981603.7347128,2,1215,0,0,123,30
1777981603.7489207,1,3155,0,0,123,30
1777981603.7516053,2,1215,0,0,122,30
1777981603.766032,1,3155,0,0,122,30
1777981603.7689283,2,1215,0,0,122,30
1777981603.7831163,1,3155,0,0,123,30
1777981603.7858315,2,1215,0,0,122,30
1777981603.8002734,1,3155,0,0,123,31
1777981603.8027499,2,1215,0,0,122,30
1777981603.8164349,1,3155,0,0,123,30
1777981603.81916,2,1215,0,0,122,30
1777981603.8328583,1,3155,0,0,122,30
1777981603.8350294,2,1215,0,0,122,30
1777981603.8485992,1,3155,0,0,123,30
1777981603.8510442,2,1215,0,0,123,30
1777981603.8644164,1,3155,0,0,123,30
1777981603.8665483,2,1215,0,0,122,30
1777981603.8797295,1,3155,0,0,123,30
1777981603.882027,2,1215,0,0,122,29
1777981603.8957796,1,3155,0,0,123,30
1777981603.8985932,2,1215,0,0,122,30
1777981603.912509,1,3155,0,0,123,30
1777981603.9149435,2,1215,0,0,122,30
1777981603.9288049,1,3155,0,0,123,30
1777981603.9314358,2,1215,0,0,123,30
1777981603.9450574,1,3155,0,0,122,30
1777981603.9473224,2,1215,0,0,122,30
1777981603.9612646,1,3155,0,0,123,30
1777981603.9636686,2,1215,0,0,123,30
1777981603.9774806,1,3155,0,0,123,30
1777981603.980067,2,1215,0,0,123,30
1777981603.9937751,1,3155,0,0,123,30
1777981603.9963043,2,1215,0,0,122,30
1777981604.0099297,1,3155,0,0,123,30
1777981604.01242,2,1215,0,0,122,30
1777981604.026152,1,3155,0,0,123,30
1777981604.0291631,2,1215,0,0,122,30
1777981604.0433578,1,3155,0,0,123,30
1777981604.0456908,2,1215,0,0,123,30
1777981604.0596495,1,3155,0,0,123,30
1777981604.0626297,2,1215,0,0,122,30
1777981604.0760527,1,3155,0,0,122,30
1777981604.0781634,2,1215,0,0,122,30
1777981604.091749,1,3155,0,0,122,30
1777981604.094159,2,1215,0,0,122,30
1777981604.1076717,1,3155,0,0,123,30
1777981604.110035,2,1215,0,0,122,30
1777981604.1240013,1,3155,0,0,123,30
1777981604.1261923,2,1215,0,0,123,30
1777981604.1401076,1,3155,0,0,123,30
1777981604.1427836,2,1215,0,0,122,30
1777981604.1566715,1,3155,0,0,123,30
1777981604.1588368,2,1215,0,0,122,30
1777981604.1729052,1,3155,0,0,123,30
1777981604.1753638,2,1215,0,0,122,30
1777981604.189439,1,3155,0,0,123,30
1777981604.191834,2,1215,0,0,123,30
1777981604.205917,1,3155,0,0,123,30
1777981604.2083533,2,1215,0,0,123,30
1777981604.2224772,1,3155,0,0,123,30
1777981604.2250502,2,1215,0,0,122,30
1777981604.2389216,1,3155,0,0,123,30
1777981604.2418249,2,1215,0,0,122,30
1777981604.2559347,1,3155,0,0,122,30
1777981604.2582202,2,1215,0,0,123,30
1777981604.2723503,1,3155,0,0,123,30
1777981604.2753675,2,1215,0,0,122,30
1777981604.2894177,1,3155,0,0,123,30
1777981604.2923794,2,1215,0,0,122,30
1777981604.30656,1,3155,0,0,122,30
1777981604.3091235,2,1215,0,0,122,30
1777981604.3230336,1,3155,0,0,123,30
1777981604.3257148,2,1215,0,0,122,30
1777981604.3397424,1,3155,0,0,123,30
1777981604.342154,2,1215,0,0,122,30
1777981604.356418,1,3155,0,0,123,30
1777981604.3592126,2,1215,0,0,122,30
1777981604.3735585,1,3155,0,0,123,30
1777981604.3764367,2,1215,0,0,123,30
1777981604.3906016,1,3155,0,0,123,30
1777981604.3931866,2,1215,0,0,122,30
1777981604.4074273,1,3155,0,0,123,30
1777981604.4102106,2,1215,0,0,122,30
1777981604.424057,1,3155,0,0,123,30
1777981604.426459,2,1215,0,0,122,30
1777981604.4404576,1,3155,0,0,123,30
1777981604.442863,2,1215,0,0,122,30
1777981604.4567957,1,3155,0,0,123,30
1777981604.4589717,2,1215,0,0,122,30
1777981604.4732084,1,3155,0,0,123,30
1777981604.4757717,2,1215,0,0,122,30
1777981604.4897726,1,3155,0,0,122,30
1777981604.4929478,2,1215,0,0,122,30
1777981604.5070968,1,3155,0,0,123,30
1777981604.5096056,2,1215,0,0,122,30
1777981604.5236843,1,3155,0,0,123,30
1777981604.52633,2,1215,0,0,122,30
1777981604.5404215,1,3155,0,0,123,30
1777981604.5433035,2,1215,0,0,122,30
1777981604.5586512,1,3155,0,0,123,30
1777981604.5608857,2,1215,0,0,123,30
1777981604.5738018,1,3155,0,0,123,30
1777981604.5757678,2,1215,0,0,122,30
1777981604.5887117,1,3155,0,0,123,30
1777981604.5906665,2,1215,0,0,122,30
1777981604.603719,1,3155,0,0,123,30
1777981604.6063392,2,1215,0,0,122,30
1777981604.6204,1,3155,0,0,122,30
1777981604.6230366,2,1215,0,0,122,30
1777981604.6372588,1,3155,0,0,123,30
1777981604.6397936,2,1215,0,0,122,30
1777981604.6542435,1,3155,0,0,123,30
1777981604.656967,2,1215,0,0,122,30
1777981604.6710005,1,3155,0,0,123,30
1777981604.673691,2,1215,0,0,122,30
1777981604.6881707,1,3155,0,0,123,30
1777981604.6908877,2,1215,0,0,122,30
1777981604.7050211,1,3155,0,0,123,30
1777981604.7079964,2,1215,0,0,122,30
1777981604.7219536,1,3155,0,0,123,30
1777981604.7246115,2,1215,0,0,123,30
1777981604.738836,1,3155,0,0,122,30
1777981604.741498,2,1215,0,0,122,30
1777981604.7556536,1,3155,0,0,123,30
1777981604.7583911,2,1215,0,0,123,30
1777981604.772609,1,3155,0,0,123,30
1777981604.7747304,2,1215,0,0,122,30
1777981604.7882018,1,3155,0,0,123,30
1777981604.7906706,2,1215,0,0,123,30
1777981604.8043828,1,3155,0,0,122,30
1777981604.8069746,2,1215,0,0,122,30
1777981604.8208745,1,3155,0,0,123,30
1777981604.8232355,2,1215,0,0,123,30
1777981604.8370757,1,3155,0,0,123,30
1777981604.8394542,2,1215,0,0,122,30
1777981604.8529236,1,3155,0,0,123,30
1777981604.8551042,2,1215,0,0,122,30
1777981604.8685236,1,3155,0,0,123,30
1777981604.8706386,2,1215,0,0,123,30
1777981604.8843799,1,3155,0,0,123,30
1777981604.8866818,2,1215,0,0,122,30
1777981604.9003384,1,3155,0,0,123,30
1777981604.9025762,2,1215,0,0,122,30
1777981604.9157267,1,3155,0,0,123,30
1777981604.9181058,2,1215,0,0,122,30
1777981604.9316468,1,3155,0,0,123,30
1777981604.9343123,2,1215,0,0,122,30
1777981604.9478254,1,3155,0,0,123,30
1777981604.9499817,2,1215,0,0,123,30
1777981604.9634085,1,3155,0,0,123,30
1777981604.9657412,2,1215,0,0,122,30
1777981604.979191,1,3155,0,0,123,30
1777981604.9814935,2,1215,0,0,122,30
1777981604.9951255,1,3155,0,0,123,30
1777981604.9976974,2,1215,0,0,122,30
1777981605.0111966,1,3155,0,0,123,30
1777981605.0134902,2,1215,0,0,122,30
1777981605.027053,1,3155,0,0,123,30
1777981605.0296192,2,1215,0,0,122,30
1777981605.0432236,1,3155,0,0,123,30
1777981605.0454795,2,1215,0,0,122,30
1777981605.0590203,1,3155,0,0,123,30
1777981605.0610337,2,1215,0,0,122,30
1777981605.075017,1,3155,0,0,122,30
1777981605.0779457,2,1215,0,0,122,30
1777981605.0917962,1,3155,0,0,123,30
1777981605.0943077,2,1215,0,0,122,30
1777981605.1076837,1,3155,0,0,123,30
1777981605.1099265,2,1215,0,0,122,30
1777981605.1235852,1,3155,0,0,123,30
1777981605.1264482,2,1215,0,0,123,30
1777981605.1405354,1,3155,0,0,123,30
1777981605.1430898,2,1215,0,0,122,30
1777981605.1573114,1,3155,0,0,123,30
1777981605.1602333,2,1215,0,0,122,30
1777981605.1744418,1,3155,0,0,123,30
1777981605.177549,2,1215,0,0,122,30
1777981605.1915934,1,3155,0,0,122,30
1777981605.1944737,2,1215,0,0,122,30
1777981605.2085428,1,3155,0,0,123,30
1777981605.2115645,2,1215,0,0,122,30
1777981605.2256238,1,3155,0,0,123,30
1777981605.2281783,2,1215,0,0,122,30
1777981605.2418778,1,3155,0,0,123,30
1777981605.2443976,2,1215,0,0,123,30
1777981605.2582984,1,3155,0,0,123,30
1777981605.260823,2,1215,0,0,122,30
1777981605.274682,1,3155,0,0,123,30
1777981605.2774694,2,1215,0,0,122,30
1777981605.291526,1,3155,0,0,123,30
1777981605.2941418,2,1215,0,0,122,30
1777981605.3085833,1,3155,0,0,123,30
1777981605.311167,2,1215,0,0,123,30
1777981605.3251104,1,3155,0,0,123,30
1777981605.3278904,2,1215,0,0,122,30
1777981605.3420675,1,3155,0,0,123,30
1777981605.3450274,2,1215,0,0,122,30
1777981605.359207,1,3155,0,0,123,30
1777981605.361754,2,1215,0,0,122,30
1777981605.3760467,1,3155,0,0,123,30
1777981605.378645,2,1215,0,0,122,30
1777981605.3928564,1,3155,0,0,123,30
1777981605.3952963,2,1215,0,0,122,30
1777981605.4094758,1,3155,0,0,123,30
1777981605.4119475,2,1215,0,0,122,30
1777981605.4261434,1,3155,0,0,123,30
1777981605.428453,2,1215,0,0,123,30
1777981605.4424047,1,3155,0,0,123,30
1777981605.4454033,2,1215,0,0,122,30
1777981605.459547,1,3155,0,0,122,30
1777981605.4624062,2,1215,0,0,122,30
1777981605.4764745,1,3155,0,0,123,30
1777981605.478862,2,1215,0,0,122,30
1777981605.493183,1,3155,0,0,123,30
1777981605.4954398,2,1215,0,0,122,30
1777981605.5094914,1,3155,0,0,123,30
1777981605.512098,2,1215,0,0,122,30
1777981605.5260642,1,3155,0,0,123,30
1777981605.528639,2,1215,0,0,122,30
1777981605.5426617,1,3155,0,0,123,30
1777981605.545481,2,1215,0,0,122,30
1777981605.559908,1,3155,0,0,123,30
1777981605.5625901,2,1215,0,0,123,30
1777981605.5765305,1,3155,0,0,122,30
1777981605.5791802,2,1215,0,0,122,30
1777981605.5933957,1,3155,0,0,122,30
1777981605.5962067,2,1215,0,0,123,30
1777981605.6104336,1,3155,0,0,123,30
1777981605.6132329,2,1215,0,0,122,30
1777981605.6269927,1,3155,0,0,123,30
1777981605.629879,2,1215,0,0,122,30
1777981605.643996,1,3155,0,0,122,30
1777981605.6465232,2,1215,0,0,122,30
1777981605.660779,1,3155,0,0,123,30
1777981605.6631925,2,1215,0,0,122,30
1777981605.6774077,1,3155,0,0,123,30
1777981605.6802745,2,1215,0,0,123,30
1777981605.6947496,1,3155,0,0,123,30
1777981605.6978672,2,1215,0,0,123,30
1777981605.7119553,1,3155,0,0,122,30
1777981605.7145612,2,1215,0,0,122,30
1777981605.7287965,1,3155,0,0,123,30
1777981605.7313917,2,1215,0,0,123,30
1777981605.7449992,1,3155,0,0,123,30
1777981605.747343,2,1215,0,0,123,30
1777981605.7608845,1,3155,0,0,122,30
1777981605.763728,2,1215,0,0,122,30
1777981605.7773933,1,3155,0,0,123,30
1777981605.77969,2,1215,0,0,123,30
1777981605.7930639,1,3155,0,0,122,30
1777981605.7950182,2,1215,0,0,122,30
1777981605.8085968,1,3155,0,0,122,30
1777981605.8109322,2,1215,0,0,122,30
1777981605.824421,1,3155,0,0,123,30
1777981605.8266542,2,1215,0,0,122,30
1777981605.8401518,1,3155,0,0,123,30
1777981605.842178,2,1215,0,0,123,30
1777981605.8557181,1,3155,0,0,123,30
1777981605.8580177,2,1215,0,0,123,30
1777981605.8717263,1,3155,0,0,123,30
1777981605.8739974,2,1215,0,0,123,30
1777981605.8874726,1,3155,0,0,123,30
1777981605.890159,2,1215,0,0,122,30
1777981605.9037633,1,3155,0,0,123,30
1777981605.9061334,2,1215,0,0,122,30
1777981605.919756,1,3155,0,0,123,30
1777981605.9222598,2,1215,0,0,122,30
1777981605.9357877,1,3155,0,0,122,30
1777981605.9381223,2,1215,0,0,122,30
1777981605.9516613,1,3155,0,0,123,30
1777981605.9538915,2,1215,0,0,123,30
1777981605.9675508,1,3155,0,0,123,30
1777981605.9697306,2,1215,0,0,122,30
1777981605.9835024,1,3155,0,0,123,30
1777981605.985866,2,1215,0,0,122,30
1777981605.9998527,1,3155,0,0,123,30
1777981606.0025096,2,1215,0,0,122,30
1777981606.016736,1,3155,0,0,123,30
1777981606.0196903,2,1215,0,0,122,30
1777981606.0338156,1,3155,0,0,123,30
1777981606.0361474,2,1215,0,0,122,30
1777981606.0501142,1,3155,0,0,123,30
1777981606.0526547,2,1215,0,0,122,30
1777981606.06678,1,3155,0,0,123,30
1777981606.0689933,2,1215,0,0,122,30
1777981606.0829902,1,3155,0,0,123,30
1777981606.0854115,2,1215,0,0,122,30
1777981606.0998592,1,3155,0,0,123,30
1777981606.1023598,2,1215,0,0,122,30
1777981606.116424,1,3155,0,0,123,30
1777981606.1191266,2,1215,0,0,122,30
1777981606.1331084,1,3155,0,0,123,30
1777981606.1355255,2,1215,0,0,122,30
1777981606.1494362,1,3155,0,0,123,30
1777981606.1519375,2,1215,0,0,122,30
1777981606.1660724,1,3155,0,0,123,30
1777981606.1683373,2,1215,0,0,122,30
1777981606.182201,1,3155,0,0,123,30
1777981606.1843278,2,1215,0,0,122,30
1777981606.1981688,1,3155,0,0,123,30
1777981606.2009706,2,1215,0,0,122,30
1777981606.2151423,1,3155,0,0,123,30
1777981606.2176826,2,1215,0,0,122,30
1777981606.2310734,1,3155,0,0,122,30
1777981606.233098,2,1215,0,0,123,30
1777981606.2462187,1,3155,0,0,122,30
1777981606.2481523,2,1215,0,0,122,30
1777981606.2619445,1,3155,0,0,123,30
1777981606.264459,2,1215,0,0,123,30
1777981606.278059,1,3155,0,0,123,30
1777981606.2804043,2,1215,0,0,122,30
1777981606.2939658,1,3155,0,0,123,30
1777981606.2961686,2,1215,0,0,122,30
1777981606.3096108,1,3155,0,0,122,30
1777981606.3118215,2,1215,0,0,122,30
1777981606.3251898,1,3155,0,0,123,30
1777981606.3273253,2,1215,0,0,122,30
1777981606.3414605,1,3155,0,0,123,30
1777981606.3441687,2,1215,0,0,123,30
1777981606.3581228,1,3155,0,0,123,30
1777981606.3608024,2,1215,0,0,122,30
1777981606.374917,1,3155,0,0,122,30
1777981606.3776274,2,1215,0,0,122,30
1777981606.3911912,1,3155,0,0,122,30
1777981606.3934722,2,1215,0,0,123,30
1777981606.4067955,1,3155,0,0,123,30
1777981606.4090464,2,1215,0,0,122,30
1777981606.4226642,1,3155,0,0,123,30
1777981606.4252083,2,1215,0,0,122,30
1777981606.4388213,1,3155,0,0,123,30
1777981606.4414308,2,1215,0,0,122,30
1777981606.455037,1,3155,0,0,122,30
1777981606.457526,2,1215,0,0,122,30
1777981606.4711454,1,3155,0,0,122,30
1777981606.4734209,2,1215,0,0,122,30
1777981606.4868371,1,3155,0,0,123,30
1777981606.4890635,2,1215,0,0,122,30
1777981606.5027926,1,3155,0,0,123,30
1777981606.5053053,2,1215,0,0,122,30
1777981606.5189018,1,3155,0,0,123,30
1777981606.5215998,2,1215,0,0,122,30
1777981606.5357018,1,3155,0,0,123,30
1777981606.5383315,2,1215,0,0,123,30
1777981606.5524273,1,3155,0,0,123,30
1777981606.5551229,2,1215,0,0,123,30
1777981606.569085,1,3155,0,0,123,30
1777981606.5712824,2,1215,0,0,123,30
1777981606.5853553,1,3155,0,0,123,30
1777981606.587787,2,1215,0,0,122,30
1777981606.600914,1,3155,0,0,123,30
1777981606.6028953,2,1215,0,0,122,30
1777981606.615523,1,3155,0,0,123,30
1777981606.6172612,2,1215,0,0,122,30
1777981606.6300297,1,3155,0,0,123,30
1777981606.6319609,2,1215,0,0,122,30
1777981606.6453583,1,3155,0,0,123,30
1777981606.6477737,2,1215,0,0,123,30
1777981606.661545,1,3155,0,0,123,30
1777981606.6638544,2,1215,0,0,122,30
1777981606.6772287,1,3155,0,0,123,30
1777981606.6795378,2,1215,0,0,123,30
1777981606.6934185,1,3155,0,0,122,30
1777981606.6956546,2,1215,0,0,122,30
1777981606.7095072,1,3155,0,0,123,30
1777981606.7116487,2,1215,0,0,123,30
1777981606.7251477,1,3155,0,0,123,30
1777981606.7276957,2,1215,0,0,122,30
1777981606.741115,1,3155,0,0,123,30
1777981606.7434828,2,1215,0,0,122,30
1777981606.75705,1,3155,0,0,123,30
1777981606.7597055,2,1215,0,0,122,30
1777981606.7734253,1,3155,0,0,122,30
1777981606.7757068,2,1215,0,0,122,29
1777981606.7893715,1,3155,0,0,122,30
1777981606.7921298,2,1215,0,0,122,30
1777981606.807007,1,3155,0,0,123,30
1777981606.8092988,2,1215,0,0,122,30
1777981606.823798,1,3155,0,0,123,30
1777981606.826111,2,1215,0,0,123,30
1777981606.839646,1,3155,0,0,123,30
1777981606.8420734,2,1215,0,0,122,30
1777981606.8558657,1,3155,0,0,123,30
1777981606.8586752,2,1215,0,0,123,30
1777981606.8726916,1,3155,0,0,123,30
1777981606.875177,2,1215,0,0,123,30
1777981606.8891895,1,3155,0,0,123,30
1777981606.8917992,2,1215,0,0,123,30
1777981606.9055688,1,3155,0,0,123,30
1777981606.9079072,2,1215,0,0,122,30
1777981606.9217536,1,3155,0,0,123,30
1777981606.9240468,2,1215,0,0,122,30
1777981606.9378033,1,3155,0,0,123,30
1777981606.9403648,2,1215,0,0,122,30
1777981606.9542181,1,3155,0,0,123,30
1777981606.956929,2,1215,0,0,122,30
1777981606.9709027,1,3155,0,0,123,30
1777981606.9737077,2,1215,0,0,122,30
1777981606.9878926,1,3155,0,0,123,30
1777981606.9903746,2,1215,0,0,123,30
1777981607.0042412,1,3155,0,0,123,30
1777981607.0066872,2,1215,0,0,122,30
1777981607.0208886,1,3155,0,0,123,30
1777981607.023185,2,1215,0,0,122,30
1777981607.0372071,1,3155,0,0,123,30
1777981607.0398014,2,1215,0,0,122,30
1777981607.0540042,1,3155,0,0,123,30
1777981607.056484,2,1215,0,0,123,30
1777981607.0704575,1,3155,0,0,123,30
1777981607.0730586,2,1215,0,0,122,30
1777981607.0870101,1,3155,0,0,123,30
1777981607.089542,2,1215,0,0,123,30
1777981607.103012,1,3155,0,0,123,30
1777981607.1053953,2,1215,0,0,122,30
1777981607.1194873,1,3155,0,0,123,30
1777981607.1218474,2,1215,0,0,122,30
1777981607.136054,1,3155,0,0,123,30
1777981607.13868,2,1215,0,0,123,30
1777981607.15296,1,3155,0,0,123,30
1777981607.1554086,2,1215,0,0,122,30
1777981607.1693707,1,3155,0,0,123,30
1777981607.1717217,2,1215,0,0,122,30
1777981607.1862254,1,3155,0,0,123,30
1777981607.1890562,2,1215,0,0,122,30
1777981607.2032378,1,3155,0,0,123,30
1777981607.206,2,1215,0,0,122,29
1777981607.2199786,1,3155,0,0,123,30
1777981607.2227583,2,1215,0,0,122,30
1777981607.236803,1,3155,0,0,123,30
1777981607.2390742,2,1215,0,0,123,30
1777981607.2526636,1,3155,0,0,123,30
1777981607.2550533,2,1215,0,0,122,30
1777981607.268769,1,3155,0,0,123,30
1777981607.2713442,2,1215,0,0,123,30
1777981607.2854488,1,3155,0,0,123,30
1777981607.288187,2,1215,0,0,122,30
1777981607.3023,1,3155,0,0,123,30
1777981607.3047478,2,1215,0,0,123,30
1777981607.3191388,1,3155,0,0,122,30
1777981607.32177,2,1215,0,0,122,30
1777981607.3358827,1,3155,0,0,123,30
1777981607.3385282,2,1215,0,0,123,30
1777981607.3524854,1,3155,0,0,123,30
1777981607.3550434,2,1215,0,0,122,30
1777981607.3688812,1,3155,0,0,123,30
1777981607.371309,2,1215,0,0,123,30
1777981607.3853,1,3155,0,0,123,30
1777981607.387809,2,1215,0,0,122,30
1777981607.4018598,1,3155,0,0,123,30
1777981607.4048758,2,1215,0,0,122,30
1777981607.418775,1,3155,0,0,123,30
1777981607.421213,2,1215,0,0,123,30
1777981607.4350185,1,3155,0,0,122,30
1777981607.4372835,2,1215,0,0,122,30
1777981607.4513402,1,3155,0,0,123,30
1777981607.453824,2,1215,0,0,123,30
1777981607.4679265,1,3155,0,0,123,30
1777981607.4706874,2,1215,0,0,123,30
1777981607.484821,1,3155,0,0,123,30
1777981607.4876485,2,1215,0,0,122,30
1777981607.5019624,1,3155,0,0,123,30
1777981607.5048354,2,1215,0,0,122,30
1777981607.5188065,1,3155,0,0,122,30
1777981607.5212162,2,1215,0,0,122,30
1777981607.5350304,1,3155,0,0,123,30
1777981607.5380683,2,1215,0,0,122,30
1777981607.5519192,1,3155,0,0,123,30
1777981607.554153,2,1215,0,0,123,30
1777981607.5677574,1,3155,0,0,123,30
1777981607.5700014,2,1215,0,0,122,30
1777981607.5840428,1,3155,0,0,123,30
1777981607.5866444,2,1215,0,0,122,30
1777981607.6008055,1,3155,0,0,123,30
1777981607.6038313,2,1215,0,0,122,30
1777981607.6174865,1,3155,0,0,123,30
1777981607.620359,2,1215,0,0,123,30
1777981607.6342456,1,3155,0,0,123,30
1777981607.6367471,2,1215,0,0,122,30
1777981607.649705,1,3155,0,0,123,30
1777981607.651585,2,1215,0,0,122,30
1777981607.6642895,1,3155,0,0,123,30
1777981607.6661184,2,1215,0,0,123,30
1777981607.6792784,1,3155,0,0,123,30
1777981607.6813493,2,1215,0,0,123,30
1777981607.695379,1,3155,0,0,123,30
1777981607.697653,2,1215,0,0,122,30
1777981607.7115858,1,3155,0,0,123,30
1777981607.713943,2,1215,0,0,122,30
1777981607.7280939,1,3155,0,0,123,30
1777981607.7306654,2,1215,0,0,122,30
1777981607.744936,1,3155,0,0,123,30
1777981607.747513,2,1215,0,0,122,30
1777981607.7616885,1,3155,0,0,123,30
1777981607.7642303,2,1215,0,0,122,30
1777981607.7781932,1,3155,0,0,123,30
1777981607.780948,2,1215,0,0,123,30
1777981607.7949972,1,3155,0,0,123,30
1777981607.7977545,2,1215,0,0,122,30
1777981607.8119035,1,3155,0,0,123,30
1777981607.8146725,2,1215,0,0,122,30
1777981607.828531,1,3155,0,0,123,30
1777981607.8310258,2,1215,0,0,122,30
1777981607.8445597,1,3155,0,0,123,30
1777981607.846857,2,1215,0,0,123,30
1777981607.860707,1,3155,0,0,123,30
1777981607.8635936,2,1215,0,0,122,30
1777981607.87755,1,3155,0,0,123,30
1777981607.8797553,2,1215,0,0,122,30
1777981607.8932846,1,3155,0,0,123,30
1777981607.8954868,2,1215,0,0,122,30
1777981607.9089735,1,3155,0,0,123,30
1777981607.9110966,2,1215,0,0,123,30
1777981607.924579,1,3155,0,0,123,30
1777981607.9272633,2,1215,0,0,122,30
1777981607.9413188,1,3155,0,0,123,30
1777981607.9442148,2,1215,0,0,122,30
1777981607.958575,1,3155,0,0,123,30
1777981607.9612057,2,1215,0,0,122,30
1777981607.97537,1,3155,0,0,123,30
1777981607.978012,2,1215,0,0,122,30
1777981607.9924488,1,3155,0,0,123,30
1777981607.995221,2,1215,0,0,122,30
1777981608.0091882,1,3155,0,0,123,30
1777981608.0116951,2,1215,0,0,122,30
1777981608.0258121,1,3155,0,0,123,30
1777981608.0287929,2,1215,0,0,122,30
1777981608.0424705,1,3155,0,0,123,30
1777981608.0448294,2,1215,0,0,122,30
1777981608.0588527,1,3155,0,0,123,30
1777981608.0617752,2,1215,0,0,122,30
1777981608.0752718,1,3155,0,0,123,30
1777981608.077437,2,1215,0,0,123,30
1777981608.0911968,1,3155,0,0,123,30
1777981608.09364,2,1215,0,0,122,30
1777981608.1073303,1,3155,0,0,123,30
1777981608.1097844,2,1215,0,0,123,30
1777981608.1238747,1,3155,0,0,123,30
1777981608.1263628,2,1215,0,0,123,29
1777981608.1402907,1,3155,0,0,123,30
1777981608.1426342,2,1215,0,0,122,30
1777981608.1570327,1,3155,0,0,123,30
1777981608.1595793,2,1215,0,0,122,30
1777981608.173979,1,3155,0,0,123,30
1777981608.176708,2,1215,0,0,122,30
1777981608.1906033,1,3155,0,0,123,30
1777981608.1929474,2,1215,0,0,122,30
1777981608.2065527,1,3155,0,0,123,30
1777981608.2095525,2,1215,0,0,123,30
1777981608.2237773,1,3155,0,0,123,30
1777981608.2263925,2,1215,0,0,123,30
1777981608.2404673,1,3155,0,0,123,30
1777981608.243415,2,1215,0,0,122,30
1777981608.2575426,1,3155,0,0,123,30
1777981608.2602112,2,1215,0,0,122,30
1777981608.274881,1,3155,0,0,123,30
1777981608.2773974,2,1215,0,0,123,30
1777981608.2914257,1,3155,0,0,123,30
1777981608.2939227,2,1215,0,0,122,30
1777981608.307674,1,3155,0,0,123,30
1777981608.3105621,2,1215,0,0,123,30
1777981608.3242383,1,3155,0,0,123,30
1777981608.3267999,2,1215,0,0,123,30
1777981608.3406916,1,3155,0,17,123,30
1777981608.343535,2,1215,0,18,122,30
1777981608.357946,1,3155,0,23,122,30
1777981608.360549,2,1215,0,27,122,30
1777981608.374587,1,3155,0,36,122,30
1777981608.3775225,2,1215,0,40,122,30
1777981608.39188,1,3155,0,56,123,30
1777981608.3947027,2,1215,0,61,122,30
1777981608.408916,1,3156,50,79,122,30
1777981608.4113085,2,1213,0,87,122,30
1777981608.4248958,1,3157,50,104,122,30
1777981608.4274292,2,1211,-100,109,122,30
1777981608.4411874,1,3161,100,131,122,30
1777981608.4440043,2,1207,-250,130,122,30
1777981608.4581425,1,3167,300,152,122,30
1777981608.460854,2,1202,-250,155,122,30
1777981608.4747288,1,3173,350,176,122,31
1777981608.477432,2,1195,-400,181,122,30
1777981608.491174,1,3182,450,200,122,30
1777981608.4937532,2,1187,-400,207,122,30
1777981608.507625,1,3192,450,224,122,30
1777981608.5099144,2,1176,-550,227,122,29
1777981608.5236087,1,3202,600,246,122,30
1777981608.5260813,2,1165,-650,246,122,30
1777981608.5398455,1,3214,700,266,122,30
1777981608.5423067,2,1152,-700,269,122,30
1777981608.5557652,1,3227,750,288,122,30
1777981608.5582047,2,1139,-900,289,122,30
1777981608.571797,1,3242,850,312,121,30
1777981608.574175,2,1124,-900,308,121,30
1777981608.5876188,1,3256,950,332,122,30
1777981608.5900693,2,1110,-900,327,121,30
1777981608.604452,1,3274,950,349,121,30
1777981608.6067486,2,1094,-850,351,121,30
1777981608.620382,1,3292,1100,354,122,30
1777981608.6230984,2,1075,-1100,360,121,30
1777981608.6360488,1,3311,1100,360,122,30
1777981608.637882,2,1057,-1150,364,122,30
1777981608.6506207,1,3328,1150,364,122,30
1777981608.652579,2,1040,-1150,367,122,30
1777981608.665428,1,3345,1150,367,122,30
1777981608.6673584,2,1022,-1200,367,122,30
1777981608.6799917,1,3363,1200,366,122,30
1777981608.681844,2,1005,-1150,369,122,30
1777981608.6953657,1,3381,1200,366,122,30
1777981608.6978018,2,987,-1200,371,122,30
1777981608.7117774,1,3401,1200,366,122,30
1777981608.7141676,2,966,-1200,371,122,30
1777981608.72822,1,3420,1200,366,122,30
1777981608.7305636,2,946,-1250,367,122,30
1777981608.743994,1,3440,1200,366,122,30
1777981608.74666,2,926,-1250,363,122,30
1777981608.760589,1,3460,1250,362,122,30
1777981608.7627006,2,907,-1150,365,122,30
1777981608.7766948,1,3480,1200,362,122,30
1777981608.779326,2,887,-1200,367,122,30
1777981608.7929456,1,3499,1250,360,122,30
1777981608.7951798,2,868,-1200,367,122,30
1777981608.8084362,1,3518,1150,360,122,30
1777981608.8104966,2,849,-1200,367,122,30
1777981608.8240912,1,3537,1150,363,122,30
1777981608.8263874,2,830,-1250,363,122,30
1777981608.8399029,1,3556,1200,358,122,30
1777981608.8422072,2,812,-1150,360,122,30
1777981608.8560004,1,3574,1200,349,122,30
1777981608.8584616,2,794,-1150,354,122,30
1777981608.872082,1,3595,1150,336,122,30
1777981608.8748875,2,773,-1150,342,122,30
1777981608.8886375,1,3612,1150,320,122,30
1777981608.8913548,2,755,-1200,319,122,30
1777981608.9054685,1,3630,1150,296,122,30
1777981608.9081156,2,736,-1150,296,122,30
1777981608.92205,1,3647,1050,275,122,30
1777981608.924583,2,720,-1050,274,122,30
1777981608.9383483,1,3663,1000,254,122,30
1777981608.9406655,2,706,-900,252,122,30
1777981608.9546003,1,3677,950,228,122,30
1777981608.9570298,2,691,-900,231,122,30
1777981608.9713354,1,3690,800,202,122,30
1777981608.973988,2,678,-900,201,122,30
1777981608.9882169,1,3702,700,178,123,30
1777981608.9911306,2,666,-750,179,122,30
1777981609.005436,1,3712,700,151,122,30
1777981609.0082302,2,656,-700,152,122,30
1777981609.022294,1,3721,600,127,123,30
1777981609.02509,2,647,-550,128,122,30
1777981609.0389674,1,3728,500,103,123,30
1777981609.0419235,2,640,-500,102,122,30
1777981609.0557058,1,3734,400,80,122,30
1777981609.0578012,2,634,-350,79,122,30
1777981609.0715094,1,3739,300,58,123,30
1777981609.0738597,2,630,-350,56,122,30
1777981609.0878408,1,3742,200,42,123,30
1777981609.090312,2,628,-250,41,122,30
1777981609.1035247,1,3744,200,29,123,30
1777981609.1058383,2,626,-150,33,122,30
1777981609.1195352,1,3744,150,21,123,30
1777981609.1218112,2,625,-100,25,122,30
1777981609.135826,1,3744,0,21,123,30
1777981609.1381788,2,625,0,23,122,30
1777981609.1517038,1,3744,0,21,123,30
1777981609.154194,2,625,0,23,122,30
1777981609.1680567,1,3744,0,21,122,30
1777981609.1706407,2,625,0,23,122,30
1777981609.184272,1,3744,0,19,123,30
1777981609.1865942,2,625,0,21,122,30
1777981609.2002254,1,3744,0,18,122,30
1777981609.202493,2,625,0,17,122,30
1777981609.2166057,1,3744,0,30,122,30
1777981609.2193894,2,625,0,30,122,30
1777981609.2337284,1,3744,0,48,122,30
1777981609.2358973,2,625,0,49,122,30
1777981609.2499511,1,3742,-50,69,122,30
1777981609.2525668,2,625,0,74,122,30
1777981609.2665706,1,3740,-150,91,122,30
1777981609.2694767,2,627,0,102,122,30
1777981609.2840939,1,3737,-150,117,122,30
1777981609.2868695,2,631,150,129,122,30
1777981609.301029,1,3732,-200,143,122,30
1777981609.303985,2,636,250,155,122,30
1777981609.3180375,1,3726,-300,169,122,30
1777981609.3204253,2,643,400,177,122,30
1777981609.3342066,1,3719,-400,193,122,30
1777981609.336636,2,651,450,200,122,30
1777981609.3499646,1,3709,-500,217,122,30
1777981609.3523366,2,661,450,227,121,30
1777981609.3658333,1,3700,-600,242,122,30
1777981609.3682752,2,671,600,246,122,30
1777981609.381802,1,3689,-600,267,122,30
1777981609.3840675,2,683,700,266,121,30
1777981609.3980002,1,3676,-700,292,122,30
1777981609.4008384,2,696,750,289,122,30
1777981609.414878,1,3661,-850,315,122,30
1777981609.4172206,2,712,900,313,121,30
1777981609.4313228,1,3644,-950,333,122,30
1777981609.4341028,2,727,900,334,122,30
1777981609.448363,1,3626,-1000,348,122,30
1777981609.4508524,2,744,900,354,121,30
1777981609.4643908,1,3609,-1100,359,121,30
1777981609.4668572,2,762,1000,365,122,30
1777981609.47978,1,3591,-1100,365,122,30
1777981609.4817832,2,779,1150,368,121,30
1777981609.4957292,1,3573,-1150,368,122,30
1777981609.4980702,2,799,1200,369,122,30
1777981609.5123503,1,3552,-1200,368,122,30
1777981609.5148945,2,818,1150,371,122,30
1777981609.5286796,1,3532,-1200,368,122,30
1777981609.531425,2,836,1150,374,122,30
1777981609.5448344,1,3513,-1200,368,122,30
1777981609.5471323,2,856,1150,377,122,30
1777981609.5605886,1,3494,-1200,363,122,30
1777981609.5631015,2,876,1200,372,122,29
1777981609.5771904,1,3474,-1200,354,122,30
1777981609.5795853,2,897,1250,360,122,30
1777981609.5935395,1,3454,-1250,336,122,30
1777981609.5957139,2,916,1200,342,122,30
1777981609.6095834,1,3435,-1150,316,122,30
1777981609.6119084,2,933,1200,321,122,30
1777981609.625827,1,3419,-1050,298,122,30
1777981609.628503,2,951,1050,308,122,30
1777981609.64266,1,3402,-1050,275,122,30
1777981609.645227,2,969,1100,281,122,30
1777981609.65879,1,3386,-1000,254,122,30
1777981609.6615522,2,984,1000,256,122,30
1777981609.675854,1,3371,-950,227,121,30
1777981609.6785414,2,999,950,229,122,30
1777981609.6925433,1,3358,-850,200,122,30
1777981609.6953025,2,1012,750,202,122,30
1777981609.7097046,1,3346,-750,173,123,30
1777981609.7122135,2,1022,650,179,122,30
1777981609.7261245,1,3336,-600,149,122,30
1777981609.7286317,2,1032,650,157,122,30
1777981609.7428567,1,3328,-600,124,123,30
1777981609.7454724,2,1040,550,135,122,30
1777981609.7595694,1,3320,-500,101,122,30
1777981609.7621827,2,1048,500,109,122,30
1777981609.7761962,1,3315,-400,79,122,30
1777981609.7790027,2,1054,400,84,122,30
1777981609.7931995,1,3310,-300,58,123,30
1777981609.7956948,2,1059,300,60,122,30
1777981609.8092313,1,3307,-250,41,123,30
1777981609.812114,2,1062,300,43,122,30
1777981609.8260946,1,3306,-100,29,122,30
1777981609.8291593,2,1064,200,29,122,30
1777981609.843016,1,3305,-100,24,122,30
1777981609.8459477,2,1065,100,24,122,30
1777981609.859696,1,3304,-50,20,123,30
1777981609.8620496,2,1066,50,20,122,30
1777981609.8756773,1,3303,-100,18,122,30
1777981609.8782213,2,1066,50,17,122,31
1777981609.8919706,1,3303,0,18,123,30
1777981609.8942304,2,1066,0,0,122,30
1777981609.907945,1,3303,0,18,123,30
1777981609.9107323,2,1066,0,0,122,30
1777981609.9248986,1,3303,0,18,122,30
1777981609.927244,2,1066,0,0,122,30
1777981609.940858,1,3303,0,18,122,30
1777981609.9431562,2,1066,0,0,122,30
1777981609.9567928,1,3303,0,18,123,30
1777981609.9591484,2,1066,0,0,122,30
1777981609.9730017,1,3303,0,18,123,30
1777981609.9750981,2,1066,0,0,122,30
1777981609.9889083,1,3303,0,18,123,30
1777981609.9913013,2,1066,0,0,122,30
1777981610.0054743,1,3303,0,18,123,30
1777981610.0079129,2,1066,0,0,122,30
1777981610.0223532,1,3303,0,18,123,30
1777981610.0248766,2,1066,0,0,122,30
1777981610.0389223,1,3303,0,18,123,30
1777981610.0415075,2,1066,0,0,123,30
1777981610.0555987,1,3303,0,18,123,30
1777981610.0581138,2,1066,0,0,122,30
1777981610.071819,1,3303,0,18,123,30
1777981610.074162,2,1066,0,0,122,30
1777981610.0880044,1,3303,0,18,123,30
1777981610.0903196,2,1066,0,0,122,30
1777981610.1038587,1,3303,0,18,123,30
1777981610.1061785,2,1066,0,0,122,30
1777981610.1198173,1,3303,0,18,123,30
1777981610.1225214,2,1066,0,0,123,30
1777981610.1361616,1,3304,0,18,122,30
1777981610.1386626,2,1066,0,0,123,30
1777981610.152385,1,3304,0,18,122,30
1777981610.1549876,2,1066,0,0,122,30
1777981610.1687675,1,3304,50,0,123,30
1777981610.171211,2,1066,0,0,122,30
1777981610.184808,1,3304,0,17,123,30
1777981610.1871414,2,1066,0,0,122,30
1777981610.2005932,1,3303,0,17,123,30
1777981610.2028296,2,1066,0,0,122,30
1777981610.216746,1,3303,-50,18,123,30
1777981610.2190402,2,1066,0,0,122,30
1777981610.232553,1,3303,0,18,122,30
1777981610.2347295,2,1066,0,0,122,30
1777981610.2484639,1,3303,50,0,123,30
1777981610.250672,2,1066,0,0,123,30
1777981610.2643325,1,3303,0,17,122,30
1777981610.2667985,2,1066,0,0,122,30
1777981610.2802572,1,3303,0,17,122,30
1777981610.2826853,2,1066,0,0,123,30
1777981610.2966983,1,3303,-50,18,123,30
1777981610.2991195,2,1066,0,0,123,30
1777981610.3129244,1,3303,0,18,123,30
1777981610.3151686,2,1066,0,0,122,29
1777981610.329043,1,3304,0,18,123,30
1777981610.3312066,2,1066,0,0,123,30
1777981610.3448088,1,3303,0,18,123,30
1777981610.3475003,2,1066,0,0,123,30
1777981610.360781,1,3304,0,17,123,30
1777981610.3630884,2,1066,0,0,123,30
1777981610.377,1,3303,50,17,123,30
1777981610.3795373,2,1066,0,0,122,30
1777981610.3932855,1,3303,0,17,122,30
1777981610.3955643,2,1066,0,0,122,30
1777981610.4096448,1,3303,-50,17,123,30
1777981610.4125028,2,1066,0,0,122,30
1777981610.4268317,1,3303,0,18,123,30
1777981610.4293735,2,1066,0,0,122,30
1777981610.4434118,1,3303,50,17,122,30
1777981610.446191,2,1066,0,0,123,30
1777981610.4599826,1,3303,50,18,122,30
1777981610.4625745,2,1066,0,0,122,30
1777981610.476222,1,3304,-50,19,123,30
1777981610.4787204,2,1066,0,0,122,30
1777981610.493046,1,3303,0,18,123,30
1777981610.4959242,2,1066,0,0,122,30
1777981610.5098834,1,3304,50,17,123,30
1777981610.5122132,2,1066,0,0,123,30
1777981610.5263884,1,3303,0,17,122,30
1777981610.528932,2,1066,0,0,122,30
1777981610.5429232,1,3303,-50,17,123,30
1777981610.5451398,2,1066,0,0,122,30
1777981610.5588155,1,3303,-50,19,123,30
1777981610.56116,2,1066,0,0,123,30
1777981610.5747638,1,3304,0,18,123,30
1777981610.5770826,2,1066,0,0,123,30
1777981610.5910466,1,3304,0,18,123,30
1777981610.5933309,2,1066,0,0,122,30
1777981610.6068976,1,3304,0,18,123,30
1777981610.6091328,2,1066,0,0,122,30
1777981610.62261,1,3304,0,18,123,30
1777981610.6249108,2,1066,0,0,123,30
1777981610.638779,1,3304,0,18,123,30
1777981610.6411824,2,1066,0,0,122,30
1777981610.6547294,1,3304,50,17,123,30
1777981610.6570299,2,1066,0,0,123,30
1777981610.6700015,1,3303,0,17,122,30
1777981610.671871,2,1066,0,0,123,30
1777981610.6845877,1,3303,-50,17,123,30
1777981610.686454,2,1066,0,0,122,30
1777981610.6998744,1,3303,-50,17,123,30
1777981610.7022102,2,1066,0,0,122,30
1777981610.7160833,1,3303,50,17,123,30
1777981610.7188637,2,1066,0,0,122,30
1777981610.732994,1,3304,-50,18,122,30
1777981610.7355967,2,1066,0,0,122,30
1777981610.7498355,1,3303,0,18,123,30
1777981610.7525046,2,1066,0,0,122,30
1777981610.7665534,1,3304,50,0,123,30
1777981610.768926,2,1066,0,0,122,30
1777981610.7834635,1,3304,-50,17,123,31
1777981610.7859998,2,1066,0,0,123,30
1777981610.8005743,1,3304,50,17,123,30
1777981610.803099,2,1066,0,0,122,30
1777981610.81687,1,3303,50,18,123,30
1777981610.8196094,2,1066,0,0,123,30
1777981610.8339088,1,3303,0,17,122,30
1777981610.8362968,2,1066,0,0,122,30
1777981610.8506107,1,3303,-50,18,123,30
1777981610.8530984,2,1066,0,0,122,30
1777981610.867039,1,3304,50,17,123,30
1777981610.8699052,2,1066,0,0,122,30
1777981610.8841293,1,3303,0,17,122,30
1777981610.8868282,2,1066,0,0,122,30
1777981610.9010596,1,3303,-50,17,123,30
1777981610.9040396,2,1066,0,0,122,30
1777981610.9179344,1,3303,-50,19,123,30
1777981610.9204328,2,1066,0,0,122,30
1777981610.9343803,1,3304,50,17,123,30
1777981610.9370568,2,1066,0,0,122,30
1777981610.9510355,1,3303,0,17,122,30
1777981610.9539864,2,1066,0,0,122,30
1777981610.968002,1,3304,-50,17,122,30
1777981610.9703598,2,1066,0,0,122,30
1777981610.9844983,1,3303,50,0,123,30
1777981610.9868813,2,1066,0,0,122,30
1777981611.0011551,1,3303,-50,17,122,30
1777981611.0034046,2,1066,0,0,122,30
1777981611.0173652,1,3304,-50,19,123,30
1777981611.0197916,2,1066,0,0,122,30
1777981611.0336533,1,3303,50,17,122,30
1777981611.0356104,2,1066,0,0,122,30
1777981611.0489204,1,3303,-50,17,123,30
1777981611.051602,2,1066,0,0,122,30
1777981611.0656548,1,3304,50,0,123,30
1777981611.0681872,2,1066,0,0,122,30
1777981611.0822356,1,3304,-50,17,123,30
1777981611.0850272,2,1066,0,0,122,30
1777981611.0990028,1,3303,50,17,123,30
1777981611.1017978,2,1066,0,0,122,30
1777981611.1159956,1,3304,50,18,123,30
1777981611.1185992,2,1066,0,0,122,30
1777981611.1326535,1,3303,0,17,123,30
1777981611.1351697,2,1066,0,0,122,30
1777981611.149212,1,3303,-50,18,123,30
1777981611.152113,2,1066,0,0,122,30
1777981611.1662824,1,3304,0,18,123,30
1777981611.169001,2,1066,0,0,123,30
1777981611.183154,1,3304,50,0,122,30
1777981611.185563,2,1066,0,0,123,30
1777981611.1997144,1,3304,0,17,123,30
1777981611.2024636,2,1066,0,0,122,30
1777981611.2164085,1,3303,0,17,123,30
1777981611.218921,2,1066,0,0,123,30
1777981611.2327998,1,3304,-50,18,123,30
1777981611.235108,2,1066,0,0,123,30
1777981611.2487311,1,3303,0,18,122,30
1777981611.2508938,2,1066,0,0,122,30
1777981611.2645857,1,3304,0,18,122,30
1777981611.267397,2,1066,0,0,122,30
1777981611.281604,1,3304,50,0,122,30
1777981611.2847912,2,1066,0,0,122,30
1777981611.2989302,1,3303,-50,0,123,30
1777981611.3017902,2,1066,0,0,122,30
1777981611.3158698,1,3304,-50,19,123,30
1777981611.3184116,2,1066,0,0,122,30
1777981611.3321352,1,3304,0,18,123,30
1777981611.3346589,2,1066,0,0,123,30
1777981611.3489633,1,3304,0,18,123,30
1777981611.3516438,2,1066,0,0,122,30
1777981611.3656166,1,3304,50,17,123,30
1777981611.368149,2,1066,0,0,122,30
1777981611.382042,1,3304,0,17,123,30
1777981611.3845534,2,1066,0,0,122,30
1777981611.3986146,1,3303,-50,0,123,30
1777981611.4010277,2,1066,0,0,122,30
1777981611.4146383,1,3303,-50,19,123,30
1777981611.4171326,2,1066,0,0,122,30
1777981611.4309735,1,3303,0,18,123,30
1777981611.4334037,2,1066,0,0,122,30
1777981611.4471023,1,3303,0,18,123,30
1777981611.449645,2,1066,0,0,122,30
1777981611.4635623,1,3303,50,0,123,30
1777981611.4658632,2,1066,0,0,122,30
1777981611.4794784,1,3304,0,17,123,30
1777981611.4817567,2,1066,0,0,122,30
1777981611.4957304,1,3303,0,17,122,30
1777981611.4984815,2,1066,0,0,122,30
1777981611.5121527,1,3304,-50,18,123,30
1777981611.5144863,2,1066,0,0,122,30
1777981611.5277817,1,3304,50,17,123,30
1777981611.530066,2,1066,0,0,122,30
1777981611.5438817,1,3304,0,17,123,30
1777981611.5460882,2,1066,0,0,123,30
1777981611.5598264,1,3303,-50,17,123,30
1777981611.562529,2,1066,0,0,122,30
1777981611.5765278,1,3303,-50,19,123,30
1777981611.5789874,2,1066,0,0,123,30
1777981611.5927796,1,3303,50,17,123,30
1777981611.595073,2,1066,0,0,122,30
1777981611.6089373,1,3303,0,17,123,30
1777981611.610977,2,1066,0,0,122,30
1777981611.6247709,1,3303,-50,17,123,30
1777981611.6270168,2,1066,0,0,122,30
1777981611.640327,1,3304,0,18,123,30
1777981611.6431048,2,1066,0,0,122,30
1777981611.656851,1,3303,0,18,123,30
1777981611.6591704,2,1066,0,0,122,30
1777981611.6733851,1,3304,0,18,123,30
1777981611.6759613,2,1066,0,0,122,30
1777981611.6900966,1,3304,0,18,123,30
1777981611.6928275,2,1066,0,0,122,30
1777981611.7071476,1,3304,50,17,123,30
1777981611.7098203,2,1066,0,0,122,30
1777981611.723959,1,3304,0,17,123,30
1777981611.7266598,2,1066,0,0,122,30
1777981611.7405484,1,3303,-50,17,123,30
1777981611.7436082,2,1066,0,0,122,30
1777981611.7577856,1,3304,50,17,123,30
1777981611.76071,2,1066,0,0,122,30
1777981611.774672,1,3304,50,18,123,30
1777981611.777087,2,1066,0,0,122,30
1777981611.7910874,1,3303,0,17,123,30
1777981611.794083,2,1066,0,0,123,30
1777981611.8081706,1,3303,-50,18,123,30
1777981611.8104367,2,1066,0,0,122,30
1777981611.8241663,1,3304,50,17,123,30
1777981611.826511,2,1066,0,0,122,30
1777981611.8404126,1,3304,0,17,122,30
1777981611.8433967,2,1066,0,0,122,30
1777981611.8579373,1,3303,-50,17,123,30
1777981611.8607645,2,1066,0,0,123,30
1777981611.8753219,1,3303,-50,19,123,30
1777981611.8777826,2,1066,0,0,122,30
1777981611.8921967,1,3304,50,17,123,30
1777981611.8946662,2,1066,0,0,122,30
1777981611.9091103,1,3303,-50,18,123,30
1777981611.9122117,2,1066,0,0,122,30
1777981611.92619,1,3303,50,17,122,30
1777981611.9290466,2,1066,0,0,122,30
1777981611.9429684,1,3303,0,17,123,30
1777981611.9454799,2,1066,0,0,122,30
1777981611.9595733,1,3303,-50,17,122,30
1777981611.9621167,2,1066,0,0,122,30
1777981611.9763942,1,3304,50,17,123,30
1777981611.97888,2,1066,0,0,122,30
1777981611.992945,1,3304,50,18,123,30
1777981611.9957163,2,1066,0,0,122,30
1777981612.0096781,1,3304,-50,18,122,30
1777981612.0119724,2,1066,0,0,122,30
1777981612.0262313,1,3304,50,17,123,30
1777981612.0285208,2,1066,0,0,122,30
1777981612.042409,1,3303,0,17,123,30
1777981612.0451221,2,1066,0,0,122,30
1777981612.058793,1,3303,0,17,123,30
1777981612.0612047,2,1066,0,0,122,30
1777981612.0752354,1,3303,0,0,123,30
1777981612.0777206,2,1066,0,0,122,30
1777981612.0925183,1,3304,-50,19,123,31
1777981612.0951023,2,1066,0,0,123,30
1777981612.1092324,1,3304,0,18,123,30
1777981612.111915,2,1066,0,0,122,30
1777981612.1259289,1,3304,50,17,123,30
1777981612.1283941,2,1066,0,0,122,30
1777981612.1428978,1,3303,-50,17,123,30
1777981612.1451998,2,1066,0,0,122,30
1777981612.1591702,1,3303,50,0,123,30
1777981612.1614397,2,1066,0,0,122,30
1777981612.1756678,1,3303,0,17,123,30
1777981612.1780295,2,1066,0,0,122,30
1777981612.1919746,1,3303,0,17,123,30
1777981612.1941967,2,1066,0,0,122,30
1777981612.207925,1,3303,-50,18,123,30
1777981612.210709,2,1066,0,0,122,30
1777981612.2251387,1,3303,0,18,122,30
1777981612.2276404,2,1066,0,0,122,30
1777981612.2419121,1,3304,50,0,122,30
1777981612.2446892,2,1066,0,0,122,29
1777981612.2585483,1,3304,-50,17,123,30
1777981612.2613237,2,1066,0,0,122,30
1777981612.2751765,1,3304,50,17,123,30
1777981612.2775812,2,1066,0,0,123,30
1777981612.2920473,1,3303,50,18,123,30
1777981612.2950082,2,1066,0,0,122,30
1777981612.3089435,1,3303,0,17,123,30
1777981612.3114057,2,1066,0,0,122,30
1777981612.3253174,1,3304,-50,18,123,30
1777981612.327785,2,1066,0,0,122,30
1777981612.3416684,1,3304,0,18,123,30
1777981612.3442407,2,1066,0,0,122,30
1777981612.3588595,1,3303,0,18,123,30
1777981612.3615656,2,1066,0,0,122,30
1777981612.375911,1,3303,0,18,123,30
1777981612.3782694,2,1066,0,0,122,30
1777981612.3921585,1,3304,0,18,123,30
1777981612.3949618,2,1066,0,0,122,30
1777981612.4090538,1,3304,0,18,123,30
1777981612.4115481,2,1066,0,0,122,30
1777981612.425466,1,3303,50,17,123,30
1777981612.428101,2,1066,0,0,122,30
1777981612.4423242,1,3303,0,17,123,30
1777981612.4447935,2,1066,0,0,123,30
1777981612.4587638,1,3303,-50,17,123,30
1777981612.4614766,2,1066,0,0,122,30
1777981612.4755924,1,3303,0,18,123,30
1777981612.4781547,2,1066,0,0,122,30
1777981612.4923124,1,3304,0,18,123,30
1777981612.494951,2,1066,0,0,122,30
1777981612.5089848,1,3304,0,18,123,30
1777981612.511737,2,1066,0,0,122,30
1777981612.525511,1,3304,50,17,123,30
1777981612.5278187,2,1066,0,0,122,30
1777981612.541769,1,3303,-50,17,122,30
1777981612.5442007,2,1066,0,0,122,30
1777981612.5583675,1,3304,0,18,122,30
1777981612.561043,2,1066,0,0,122,30
1777981612.5752316,1,3304,50,17,123,30
1777981612.5775335,2,1066,0,0,122,30
1777981612.5915143,1,3303,50,18,123,30
1777981612.5936463,2,1066,0,0,122,30
1777981612.607078,1,3303,0,17,123,30
1777981612.609911,2,1066,0,0,122,30
1777981612.6237345,1,3303,-50,17,123,30
1777981612.6265984,2,1066,0,0,122,30
1777981612.6408842,1,3304,0,18,123,30
1777981612.6436753,2,1066,0,0,122,30
1777981612.657799,1,3303,50,0,123,30
1777981612.6602612,2,1066,0,0,122,30
1777981612.6739628,1,3303,-50,0,123,30
1777981612.6764905,2,1066,0,0,122,30
1777981612.6903522,1,3304,-50,19,123,30
1777981612.6927397,2,1066,0,0,122,30
1777981612.705785,1,3303,50,17,123,30
1777981612.7077973,2,1066,0,0,122,30
1777981612.7205405,1,3303,-50,17,123,30
1777981612.7224283,2,1066,0,0,122,30
1777981612.7359006,1,3304,50,0,123,30
1777981612.7384546,2,1066,0,0,123,30
1777981612.7521527,1,3304,50,18,123,30
1777981612.7546742,2,1066,0,0,123,30
1777981612.7687562,1,3303,0,17,123,30
1777981612.771432,2,1066,0,0,122,30
1777981612.7853444,1,3304,-50,18,122,30
1777981612.7875516,2,1066,0,0,122,30
1777981612.8014517,1,3304,0,18,123,30
1777981612.8041403,2,1066,0,0,122,30
1777981612.8183131,1,3304,0,18,123,30
1777981612.8213177,2,1066,0,0,122,30
1777981612.8345423,1,3304,50,17,123,30
1777981612.836857,2,1066,0,0,122,30
1777981612.8500416,1,3303,50,18,123,30
1777981612.8522851,2,1066,0,0,123,30
1777981612.8660245,1,3303,0,17,123,30
1777981612.8685415,2,1066,0,0,122,30
1777981612.8831775,1,3303,-50,18,123,31
1777981612.8855078,2,1066,0,0,122,30
1777981612.8995614,1,3303,50,0,123,30
1777981612.9020245,2,1066,0,0,123,30
1777981612.915935,1,3303,0,17,123,30
1777981612.9185102,2,1066,0,0,122,30
1777981612.9325407,1,3303,-50,0,123,30
1777981612.9348876,2,1066,0,0,123,30
1777981612.948715,1,3304,-50,19,123,30
1777981612.9511015,2,1066,0,0,122,30
1777981612.9647624,1,3303,50,17,123,30
1777981612.9674335,2,1066,0,0,123,30
1777981612.9810777,1,3303,0,17,123,30
1777981612.98354,2,1066,0,0,122,30
1777981612.9970393,1,3303,-50,17,123,30
1777981612.999553,2,1066,0,0,122,30
1777981613.0133889,1,3304,50,17,123,30
1777981613.0160072,2,1066,0,0,122,30
1777981613.0297961,1,3304,50,18,123,30
1777981613.0322328,2,1066,0,0,122,30
1777981613.0455382,1,3304,-50,18,123,30
1777981613.047739,2,1066,0,0,122,30
1777981613.0610318,1,3304,50,17,123,30
1777981613.0637302,2,1066,0,0,122,30
1777981613.0771515,1,3304,0,17,122,30
1777981613.079474,2,1066,0,0,122,30
1777981613.0932157,1,3303,-50,17,123,30
1777981613.0955782,2,1066,0,0,122,30
1777981613.1094825,1,3304,-50,19,123,30
1777981613.111711,2,1066,0,0,122,30
1777981613.1257477,1,3304,50,17,123,30
1777981613.1283135,2,1066,0,0,122,30
1777981613.1425538,1,3303,0,17,123,30
1777981613.1455548,2,1066,0,0,123,30
1777981613.1598716,1,3303,-50,17,123,30
1777981613.1625836,2,1066,0,0,122,30
1777981613.1768548,1,3304,0,18,123,30
1777981613.1796644,2,1066,0,0,122,30
1777981613.1935632,1,3304,50,17,123,30
1777981613.1961656,2,1066,0,0,122,30
1777981613.2102044,1,3303,50,18,122,30
1777981613.2126915,2,1066,0,0,122,30
1777981613.226933,1,3303,0,17,123,30
1777981613.2293038,2,1066,0,0,122,30
1777981613.2434342,1,3303,-50,18,123,30
1777981613.24624,2,1066,0,0,122,30
1777981613.2604496,1,3304,50,17,123,30
1777981613.2628188,2,1066,0,0,122,30
1777981613.276974,1,3304,-50,17,123,31
1777981613.2797904,2,1066,0,0,122,30
1777981613.2938824,1,3303,50,0,123,30
1777981613.2962353,2,1066,0,0,122,30
1777981613.3099084,1,3304,50,18,122,30
1777981613.3126574,2,1066,0,0,122,30
1777981613.3271668,1,3303,0,17,123,30
1777981613.329768,2,1066,0,0,122,30
1777981613.343842,1,3303,-50,18,123,30
1777981613.3466992,2,1066,0,0,122,30
1777981613.360626,1,3303,0,18,123,30
1777981613.3631248,2,1066,0,0,122,30
1777981613.3771038,1,3304,50,0,123,30
1777981613.3798027,2,1066,0,0,122,30
1777981613.393872,1,3303,0,17,123,30
1777981613.3963454,2,1066,0,0,122,30
1777981613.4103022,1,3303,0,0,123,30
1777981613.4128857,2,1066,0,0,122,30
1777981613.426868,1,3304,-50,19,122,30
1777981613.4292357,2,1066,0,0,122,30
1777981613.4431045,1,3304,50,17,122,30
1777981613.4453645,2,1066,0,0,122,30
1777981613.4586914,1,3303,-50,17,123,30
1777981613.46074,2,1066,0,0,122,30
1777981613.4741242,1,3304,50,0,122,30
1777981613.4769166,2,1066,0,0,122,30
1777981613.490534,1,3304,0,17,123,30
1777981613.4925718,2,1066,0,0,122,30
1777981613.5060868,1,3303,0,17,123,30
1777981613.5087144,2,1066,0,0,122,30
1777981613.5225165,1,3303,-50,18,123,30
1777981613.5247176,2,1066,0,0,122,30
1777981613.5386846,1,3303,50,17,122,30
1777981613.5414946,2,1066,0,0,122,30
1777981613.5555248,1,3303,-50,17,123,30
1777981613.558315,2,1066,0,0,122,30
1777981613.5726058,1,3303,50,17,123,30
1777981613.5751674,2,1066,0,0,122,30
1777981613.5892692,1,3304,50,18,123,30
1777981613.5913339,2,1066,0,0,122,30
1777981613.604982,1,3304,-50,18,122,30
1777981613.6072054,2,1066,0,0,122,30
1777981613.620911,1,3304,0,18,123,30
1777981613.6234643,2,1066,0,0,122,30
1777981613.6372395,1,3304,50,17,123,30
1777981613.6397903,2,1066,0,0,123,30
1777981613.6535957,1,3303,0,17,123,30
1777981613.6563923,2,1066,0,0,122,30
1777981613.6707313,1,3303,-50,0,123,30
1777981613.6730661,2,1066,0,0,123,30
1777981613.6872752,1,3304,-50,19,123,30
1777981613.689763,2,1066,0,0,122,30
1777981613.7039118,1,3304,0,18,123,30
1777981613.7063985,2,1066,0,0,122,30
1777981613.7203937,1,3304,50,17,123,30
1777981613.7228928,2,1066,0,0,122,30
1777981613.7368119,1,3303,0,17,123,30
1777981613.7397645,2,1066,0,0,122,30
1777981613.7540002,1,3303,-50,17,123,30
1777981613.7566216,2,1066,0,0,122,30
1777981613.7702336,1,3303,0,18,123,30
1777981613.7725556,2,1066,0,0,122,30
1777981613.7864027,1,3304,0,18,122,30
1777981613.7890787,2,1066,0,0,122,30
1777981613.8035676,1,3304,50,17,123,30
1777981613.8061662,2,1066,0,0,122,30
1777981613.819891,1,3303,0,17,122,30
1777981613.822279,2,1066,0,0,122,30
1777981613.8361704,1,3303,-50,17,123,30
1777981613.8386595,2,1066,0,0,122,30
1777981613.852934,1,3304,50,0,123,30
1777981613.8557286,2,1066,0,0,122,30
1777981613.8698013,1,3303,-50,0,123,30
1777981613.8723934,2,1066,0,0,123,30
1777981613.8864615,1,3304,-50,19,123,30
1777981613.8887897,2,1066,0,0,122,30
1777981613.9023128,1,3303,50,17,122,30
1777981613.904628,2,1066,0,0,122,30
1777981613.9180927,1,3304,-50,17,123,30
1777981613.92049,2,1066,0,0,122,30
1777981613.9338946,1,3304,0,18,122,30
1777981613.936267,2,1066,0,0,122,30
1777981613.9497151,1,3303,0,18,123,30
1777981613.9520762,2,1066,0,0,122,30
1777981613.9656372,1,3304,0,18,123,30
1777981613.9677684,2,1066,0,0,122,30
1777981613.9813206,1,3304,50,17,123,30
1777981613.9834795,2,1066,0,0,122,30
1777981613.9967966,1,3303,-50,17,123,30
1777981613.9988294,2,1066,0,0,122,30
1777981614.0124292,1,3304,50,0,123,30
1777981614.0147777,2,1066,0,0,123,30
1777981614.0283306,1,3303,0,17,122,30
1777981614.0307815,2,1066,0,0,122,30
1777981614.0446064,1,3303,0,17,122,30
1777981614.0470674,2,1066,0,0,122,30
1777981614.0605536,1,3303,-50,18,123,30
1777981614.0627174,2,1066,0,0,122,30
1777981614.0760968,1,3304,0,18,123,30
1777981614.0783193,2,1066,0,0,122,30
1777981614.0919511,1,3304,50,0,122,30
1777981614.0942805,2,1066,0,0,122,30
1777981614.1078205,1,3304,50,17,122,30
1777981614.1102839,2,1066,0,0,122,30
1777981614.1237826,1,3303,0,17,123,30
1777981614.12585,2,1066,0,0,122,30
1777981614.139316,1,3304,-50,18,123,30
1777981614.142101,2,1066,0,0,122,30
1777981614.1558588,1,3304,0,18,123,30
1777981614.1581752,2,1066,0,0,122,30
1777981614.1719167,1,3303,0,18,123,30
1777981614.1749525,2,1066,0,0,122,30
1777981614.1893458,1,3304,50,17,123,30
1777981614.191933,2,1066,0,0,123,30
1777981614.2063956,1,3304,50,18,123,30
1777981614.2089427,2,1066,0,0,122,30
1777981614.2231886,1,3304,-50,18,123,30
1777981614.225725,2,1066,0,0,122,30
1777981614.239887,1,3304,0,18,123,30
1777981614.2427402,2,1066,0,0,122,30
1777981614.2569687,1,3303,50,17,123,30
1777981614.2596936,2,1066,0,0,122,30
1777981614.2739418,1,3303,0,17,123,30
1777981614.2768714,2,1066,0,0,122,30
1777981614.291386,1,3303,-50,17,122,30
1777981614.293972,2,1066,0,0,122,30
1777981614.308261,1,3304,50,17,123,30
1777981614.310581,2,1066,0,0,122,30
1777981614.3243237,1,3303,50,18,123,30
1777981614.326918,2,1066,0,0,122,30
1777981614.341046,1,3303,0,17,123,30
1777981614.3433857,2,1066,0,0,122,30
1777981614.3572106,1,3303,-50,17,123,30
1777981614.3600752,2,1066,0,0,122,30
1777981614.3739634,1,3303,0,18,123,30
1777981614.376364,2,1066,0,0,123,30
1777981614.3905137,1,3304,50,0,123,30
1777981614.3927774,2,1066,0,0,122,30
1777981614.4068716,1,3303,50,0,123,30
1777981614.4095657,2,1066,0,0,123,30
1777981614.4233847,1,3304,-50,19,123,30
1777981614.4261956,2,1066,0,0,122,30
1777981614.4404078,1,3304,50,17,123,30
1777981614.4431248,2,1066,0,0,123,30
1777981614.45736,1,3303,0,17,123,30
1777981614.4601002,2,1066,0,0,122,30
1777981614.4738743,1,3303,-50,17,123,30
1777981614.4761724,2,1066,0,0,122,30
1777981614.49034,1,3304,50,0,123,30
1777981614.4927073,2,1066,0,0,122,30
1777981614.5070424,1,3303,-50,0,123,30
1777981614.5100598,2,1066,0,0,122,30
1777981614.5243173,1,3304,-50,19,123,30
1777981614.5268188,2,1066,0,0,122,30
1777981614.5407195,1,3303,50,17,123,30
1777981614.5435371,2,1066,0,0,123,30
1777981614.5574992,1,3303,0,17,123,30
1777981614.5598664,2,1066,0,0,123,30
1777981614.57383,1,3303,-50,17,123,30
1777981614.5762122,2,1066,0,0,122,30
1777981614.5899231,1,3303,50,0,123,30
1777981614.5921679,2,1066,0,0,122,30
1777981614.606257,1,3304,50,17,123,30
1777981614.6088803,2,1066,0,0,123,30
1777981614.6233041,1,3303,0,17,123,30
1777981614.6260834,2,1066,0,0,123,30
1777981614.640224,1,3303,-50,18,122,30
1777981614.6427553,2,1066,0,0,122,30
1777981614.6567862,1,3304,50,17,123,30
1777981614.6592798,2,1066,0,0,123,30
1777981614.673138,1,3304,-50,17,123,30
1777981614.6759834,2,1066,0,0,122,30
1777981614.6902356,1,3304,50,0,123,30
1777981614.6926281,2,1066,0,0,122,30
1777981614.7066941,1,3304,0,17,123,30
1777981614.7104092,2,1066,0,0,123,30
1777981614.7240193,1,3303,0,17,123,30
1777981614.7263224,2,1066,0,0,123,30
1777981614.7392793,1,3304,-50,18,123,30
1777981614.7413538,2,1066,0,0,122,30
1777981614.7541394,1,3303,50,17,123,30
1777981614.75606,2,1066,0,0,123,30
1777981614.7687266,1,3303,0,17,122,30
1777981614.7706292,2,1066,0,0,122,30
1777981614.7844455,1,3303,0,17,122,30
1777981614.7871182,2,1066,0,0,122,30
1777981614.801316,1,3304,-50,19,123,30
1777981614.8040428,2,1066,0,0,122,30
1777981614.8178842,1,3304,50,17,123,30
1777981614.8201334,2,1066,0,0,122,30
1777981614.8339522,1,3303,-50,17,123,30
1777981614.8361592,2,1066,0,0,122,30
1777981614.850119,1,3304,50,0,123,30
1777981614.8529932,2,1066,0,0,122,30
1777981614.8667772,1,3304,0,17,123,30
1777981614.8690374,2,1066,0,0,122,30
1777981614.882823,1,3303,0,17,123,30
1777981614.8854988,2,1066,0,0,122,30
1777981614.899599,1,3303,-50,18,123,30
1777981614.902111,2,1066,0,0,122,30
1777981614.916145,1,3304,50,17,123,30
1777981614.91867,2,1066,0,0,122,30
1777981614.9330306,1,3303,0,17,122,30
1777981614.9355319,2,1066,0,0,122,30
1777981614.9493887,1,3303,-50,17,123,30
1777981614.9517694,2,1066,0,0,122,30
1777981614.96616,1,3303,0,18,122,30
1777981614.9685752,2,1066,0,0,122,30
1777981614.9824257,1,3303,0,18,122,30
1777981614.9848404,2,1066,0,0,122,30
1777981614.9991148,1,3304,0,18,123,30
1777981615.001838,2,1066,0,0,122,30
1777981615.0155134,1,3303,0,18,123,30
1777981615.0180511,2,1066,0,0,122,30
1777981615.0323713,1,3304,50,0,123,30
1777981615.0349069,2,1066,0,0,122,30
1777981615.0492115,1,3304,-50,17,123,30
1777981615.0518262,2,1066,0,0,122,30
1777981615.0658708,1,3304,50,17,123,30
1777981615.068182,2,1066,0,0,122,30
1777981615.0821238,1,3303,50,18,123,30
1777981615.0849214,2,1066,0,0,122,30
1777981615.0989404,1,3303,0,17,122,30
1777981615.101408,2,1066,0,0,123,30
1777981615.115204,1,3303,-50,18,123,30
1777981615.1176941,2,1066,0,0,122,30
1777981615.1315725,1,3304,50,0,123,30
1777981615.133906,2,1066,0,0,122,30
1777981615.147402,1,3303,0,17,123,30
1777981615.1498134,2,1066,0,0,122,30
1777981615.1637938,1,3303,0,0,123,30
1777981615.1662319,2,1066,0,0,122,30
1777981615.18042,1,3303,-50,19,123,30
1777981615.1830919,2,1066,0,0,122,30
1777981615.196908,1,3304,50,17,123,30
1777981615.1994147,2,1066,0,0,122,30
1777981615.2137423,1,3303,0,17,123,30
1777981615.2161849,2,1066,0,0,122,30
1777981615.2303574,1,3303,-50,17,122,30
1777981615.2328935,2,1066,0,0,122,30
1777981615.2460399,1,3304,50,0,123,30
1777981615.2479966,2,1066,0,0,123,30
1777981615.261215,1,3304,50,18,123,30
1777981615.26334,2,1066,0,0,122,30
1777981615.277185,1,3303,0,17,123,30
1777981615.2797418,2,1066,0,0,122,30
1777981615.293578,1,3303,-50,17,123,30
1777981615.2961526,2,1066,0,0,122,30
1777981615.3104146,1,3304,50,0,123,30
1777981615.3128898,2,1066,0,0,122,30
1777981615.3263423,1,3303,-50,17,123,30
1777981615.328739,2,1066,0,0,122,30
1777981615.342713,1,3304,-50,19,123,30
1777981615.345269,2,1066,0,0,122,30
1777981615.3589652,1,3304,50,17,122,30
1777981615.3616986,2,1066,0,0,122,30
1777981615.3756607,1,3303,0,17,123,30
1777981615.3778455,2,1066,0,0,122,30
1777981615.3920903,1,3303,-50,17,123,30
1777981615.3950524,2,1066,0,0,122,30
1777981615.4091566,1,3304,50,0,123,30
1777981615.4116735,2,1066,0,0,122,30
1777981615.425751,1,3303,-50,17,123,30
1777981615.4285207,2,1066,0,0,122,30
1777981615.442504,1,3304,-50,19,122,30
1777981615.445431,2,1066,0,0,123,30
1777981615.4593055,1,3304,50,17,122,30
1777981615.461882,2,1066,0,0,122,30
1777981615.4760551,1,3303,0,17,123,30
1777981615.4790928,2,1066,0,0,122,30
1777981615.493217,1,3303,-50,17,123,30
1777981615.4956362,2,1066,0,0,122,30
1777981615.5095468,1,3304,50,0,123,31
1777981615.5118573,2,1066,0,0,122,30
1777981615.5261242,1,3303,-50,17,123,30
1777981615.5286899,2,1066,0,0,122,30
1777981615.5429223,1,3304,50,17,122,30
1777981615.5455542,2,1066,0,0,122,30
1777981615.5595562,1,3303,50,18,123,30
1777981615.5623426,2,1066,0,0,123,30
1777981615.5757492,1,3304,-50,18,123,30
1777981615.5783868,2,1066,0,0,122,30
1777981615.5921106,1,3304,50,17,123,30
1777981615.5948489,2,1066,0,0,122,30
1777981615.6084325,1,3303,0,17,123,30
1777981615.610847,2,1066,0,0,122,30
1777981615.6249387,1,3303,-50,17,123,30
1777981615.6272037,2,1066,0,0,122,30
1777981615.6412985,1,3304,-50,19,123,30
1777981615.6437747,2,1066,0,0,122,30
1777981615.6578617,1,3304,50,17,123,30
1777981615.6605349,2,1066,0,0,122,30
1777981615.674646,1,3303,-50,18,122,30
1777981615.6770477,2,1066,0,0,122,30
1777981615.691395,1,3304,50,17,123,30
1777981615.6943088,2,1066,0,0,122,30
1777981615.7082314,1,3303,-50,17,122,30
1777981615.7107458,2,1066,0,0,122,30
1777981615.724804,1,3304,50,0,123,30
1777981615.7277117,2,1066,0,0,123,30
1777981615.7418501,1,3304,50,17,123,30
1777981615.7447243,2,1066,0,0,122,30
1777981615.7589014,1,3303,0,17,123,30
1777981615.7612383,2,1066,0,0,122,30
1777981615.775185,1,3303,-50,18,123,30
1777981615.7775373,2,1066,0,0,123,30
1777981615.7910273,1,3304,50,17,122,30
1777981615.7932882,2,1066,0,0,122,30
1777981615.806396,1,3303,0,17,123,30
1777981615.8085358,2,1066,0,0,123,30
1777981615.821959,1,3303,-50,0,123,30
1777981615.8242316,2,1066,0,0,122,30
1777981615.837566,1,3304,-50,19,123,30
1777981615.83978,2,1066,0,0,122,30
1777981615.8526444,1,3304,50,17,122,30
1777981615.854577,2,1066,0,0,122,30
1777981615.8680038,1,3303,0,17,123,30
1777981615.8702605,2,1066,0,0,122,30
1777981615.8841314,1,3303,-50,17,123,30
1777981615.886771,2,1066,0,0,123,30
1777981615.9009287,1,3304,-50,19,123,30
1777981615.9035208,2,1066,0,0,122,30
1777981615.9175966,1,3304,0,18,123,30
1777981615.9201963,2,1066,0,0,122,30
1777981615.9343042,1,3304,0,18,123,30
1777981615.936863,2,1066,0,0,122,30
1777981615.9502425,1,3304,50,17,122,30
1777981615.9522598,2,1066,0,0,122,30
1777981615.9660928,1,3304,-50,17,122,30
1777981615.9690228,2,1066,0,0,122,30
1777981615.98302,1,3304,50,17,123,30
1777981615.985523,2,1066,0,0,122,30
1777981615.999632,1,3304,50,18,123,30
1777981616.0023394,2,1066,0,0,122,30
1777981616.016518,1,3303,0,17,123,30
1777981616.0191994,2,1066,0,0,123,30
1777981616.0332413,1,3303,-50,18,122,30
1777981616.0356615,2,1066,0,0,122,30
1777981616.0493147,1,3304,50,17,123,30
1777981616.0518303,2,1066,0,0,122,30
1777981616.0658092,1,3303,-50,17,122,30
1777981616.0682647,2,1066,0,0,122,30
1777981616.0812566,1,3304,50,17,123,30
1777981616.0835052,2,1066,0,0,122,30
1777981616.0975826,1,3304,50,18,123,30
1777981616.0999,2,1066,0,0,122,30
1777981616.1132693,1,3303,0,17,123,30
1777981616.115677,2,1066,0,0,122,30
1777981616.129788,1,3303,-50,17,123,30
1777981616.132437,2,1066,0,0,122,30
1777981616.1463325,1,3304,50,0,123,30
1777981616.1485026,2,1066,0,0,122,30
1777981616.16211,1,3304,0,17,123,30
1777981616.1648471,2,1066,0,0,122,30
1777981616.1790287,1,3303,0,17,123,30
1777981616.1810749,2,1066,0,0,122,30
1777981616.1949527,1,3304,-50,18,123,30
1777981616.19739,2,1066,0,0,122,30
1777981616.2110274,1,3304,0,18,123,30
1777981616.2134492,2,1066,0,0,122,30
1777981616.2277539,1,3304,50,0,122,30
1777981616.2306378,2,1066,0,0,122,30
1777981616.2447636,1,3304,0,17,123,30
1777981616.2477517,2,1066,0,0,122,30
1777981616.2619724,1,3303,-50,17,122,30
1777981616.2645712,2,1066,0,0,122,30
1777981616.2787373,1,3303,-50,19,122,30
1777981616.2812843,2,1066,0,0,122,30
1777981616.2952776,1,3304,50,17,123,30
1777981616.2979221,2,1066,0,0,122,30
1777981616.3119714,1,3304,-50,18,122,30
1777981616.3143084,2,1066,0,0,122,30
1777981616.3281353,1,3304,50,17,123,30
1777981616.3309746,2,1066,0,0,122,30
1777981616.3453338,1,3303,-50,17,123,30
1777981616.3476436,2,1066,0,0,122,30
1777981616.361959,1,3304,50,17,123,30
1777981616.3645804,2,1066,0,0,123,30
1777981616.3789985,1,3304,50,18,123,30
1777981616.3812623,2,1066,0,0,122,30
1777981616.395219,1,3304,-50,18,123,30
1777981616.3978016,2,1066,0,0,122,30
1777981616.4119284,1,3304,50,17,122,30
1777981616.4148967,2,1066,0,0,122,30
1777981616.428729,1,3304,-50,17,123,30
1777981616.4310448,2,1066,0,0,123,30
1777981616.4444044,1,3304,0,18,122,30
1777981616.4467392,2,1066,0,0,122,30
1777981616.4605782,1,3304,50,17,123,30
1777981616.4630022,2,1066,0,0,123,30
1777981616.4767935,1,3304,50,18,123,30
1777981616.4792197,2,1066,0,0,122,30
1777981616.492965,1,3304,-50,18,123,30
1777981616.4952009,2,1066,0,0,123,30
1777981616.5086455,1,3304,50,17,123,30
1777981616.5107942,2,1066,0,0,122,30
1777981616.5244756,1,3303,0,17,123,30
1777981616.5268252,2,1066,0,0,122,30
1777981616.5402713,1,3303,-50,0,123,30
1777981616.5424945,2,1066,0,0,123,30
1777981616.5559645,1,3304,-50,19,123,30
1777981616.5580263,2,1066,0,0,122,30
1777981616.5714304,1,3304,0,18,123,30
1777981616.5739152,2,1066,0,0,122,30
1777981616.587276,1,3304,50,17,122,30
1777981616.5894382,2,1066,0,0,122,30
1777981616.6033652,1,3303,-50,17,123,30
1777981616.6058426,2,1066,0,0,122,30
1777981616.6199017,1,3304,50,17,123,30
1777981616.62244,2,1066,0,0,122,30
1777981616.636276,1,3304,50,18,123,30
1777981616.6386774,2,1066,0,0,123,30
1777981616.652108,1,3304,-50,18,123,30
1777981616.6542928,2,1066,0,0,122,30
1777981616.66744,1,3303,50,17,123,30
1777981616.669643,2,1066,0,0,122,30
1777981616.682666,1,3303,-50,17,122,30
1777981616.6846924,2,1066,0,0,123,30
1777981616.6979835,1,3303,-50,17,123,30
1777981616.7000413,2,1066,0,0,122,30
1777981616.71327,1,3304,50,17,123,30
1777981616.7155166,2,1066,0,0,122,30
1777981616.7293468,1,3303,0,17,123,30
1777981616.7315328,2,1066,0,0,122,30
1777981616.7450006,1,3303,-50,17,123,30
1777981616.7471535,2,1066,0,0,122,30
1777981616.7604246,1,3304,0,18,123,30
1777981616.7623534,2,1066,0,0,123,30
1777981616.7749836,1,3304,0,18,122,30
1777981616.7766848,2,1066,0,0,122,30
1777981616.7892017,1,3303,50,17,123,30
1777981616.7910838,2,1066,0,0,122,30
1777981616.8039432,1,3303,-50,17,123,30
1777981616.8059645,2,1066,0,0,122,30
1777981616.819156,1,3303,0,18,123,30
1777981616.8216074,2,1066,0,0,122,30
1777981616.835554,1,3304,0,18,123,30
1777981616.8380606,2,1066,0,0,123,30
1777981616.8526497,1,3304,50,17,123,30
1777981616.8552556,2,1066,0,0,123,30
1777981616.868778,1,3303,0,17,122,30
1777981616.8712757,2,1066,0,0,123,30
1777981616.8852928,1,3303,-50,17,122,30
1777981616.8874571,2,1066,0,0,122,30
1777981616.9006343,1,3303,50,0,123,30
1777981616.9025867,2,1066,0,0,122,30
1777981616.9163089,1,3304,50,18,123,30
1777981616.9187317,2,1066,0,0,123,30
1777981616.9328809,1,3304,-50,18,122,30
1777981616.9351678,2,1066,0,0,122,30
1777981616.9487329,1,3304,50,17,123,30
1777981616.9514687,2,1066,0,0,122,30
1777981616.9653695,1,3303,0,17,123,30
1777981616.9679074,2,1066,0,0,122,30
1777981616.9816532,1,3303,-50,17,123,30
1777981616.9841082,2,1066,0,0,122,30
1777981616.9977326,1,3304,50,17,123,30
1777981617.0000758,2,1066,0,0,123,30
1777981617.0139127,1,3304,50,18,123,31
1777981617.016322,2,1066,0,0,122,30
1777981617.0298202,1,3303,-50,18,123,30
1777981617.032062,2,1066,0,0,122,30
1777981617.0453403,1,3304,0,18,122,30
1777981617.0473843,2,1066,0,0,122,30
1777981617.0611248,1,3304,50,0,123,30
1777981617.063713,2,1066,0,0,123,30
1777981617.077188,1,3303,-50,0,123,30
1777981617.0798144,2,1066,0,0,122,30
1777981617.0934076,1,3304,-50,19,123,30
1777981617.0958397,2,1066,0,0,122,30
1777981617.1095316,1,3304,50,17,123,30
1777981617.1117573,2,1066,0,0,122,30
1777981617.1253269,1,3303,0,17,123,30
1777981617.1277912,2,1066,0,0,122,30
1777981617.1419623,1,3303,-50,17,123,30
1777981617.1446044,2,1066,0,0,123,30
1777981617.1583617,1,3304,50,17,122,30
1777981617.1609633,2,1066,0,0,122,30
1777981617.1744688,1,3304,50,18,122,30
1777981617.1768641,2,1066,0,0,122,30
1777981617.1904223,1,3304,-50,18,123,30
1777981617.1926694,2,1066,0,0,122,30
1777981617.2068403,1,3304,50,17,122,30
1777981617.2096505,2,1066,0,0,122,30
1777981617.2232666,1,3303,0,17,123,30
1777981617.2254484,2,1066,0,0,122,30
1777981617.2385519,1,3303,-50,17,123,30
1777981617.2411735,2,1066,0,0,122,30
1777981617.2550993,1,3304,-50,19,123,30
1777981617.257555,2,1066,0,0,122,30
1777981617.2713935,1,3304,50,17,122,30
1777981617.2737994,2,1066,0,0,122,30
1777981617.2875912,1,3304,-50,18,123,30
1777981617.2898905,2,1066,0,0,122,30
1777981617.3038564,1,3304,50,0,123,30
1777981617.3061912,2,1066,0,0,122,30
1777981617.3198047,1,3303,-50,17,123,30
1777981617.3225703,2,1066,0,0,122,30
1777981617.3363602,1,3304,50,17,123,30
1777981617.3390057,2,1066,0,0,122,30
1777981617.352535,1,3304,50,18,123,30
1777981617.3549056,2,1066,0,0,122,30
1777981617.3683617,1,3304,-50,18,122,30
1777981617.3709593,2,1066,0,0,122,30
1777981617.384931,1,3304,50,17,123,30
1777981617.3874197,2,1066,0,0,122,30
1777981617.4011004,1,3303,-50,17,123,30
1777981617.4034863,2,1066,0,0,122,30
1777981617.416801,1,3304,50,17,122,30
1777981617.4189906,2,1066,0,0,122,30
1777981617.4329917,1,3304,50,18,123,30
1777981617.4350874,2,1066,0,0,123,30
1777981617.448805,1,3303,-50,18,123,30
1777981617.4510639,2,1066,0,0,122,30
1777981617.464556,1,3304,50,17,123,30
1777981617.4668748,2,1066,0,0,122,30
1777981617.480528,1,3303,-50,17,123,30
1777981617.4829373,2,1066,0,0,122,30
1777981617.4969616,1,3303,0,18,123,30
1777981617.4997718,2,1066,0,0,122,30
1777981617.5139375,1,3304,0,18,123,30
1777981617.516511,2,1066,0,0,122,30
1777981617.5311563,1,3303,50,17,123,30
1777981617.5338447,2,1066,0,0,122,30
1777981617.5479064,1,3303,0,17,122,30
1777981617.550683,2,1066,0,0,122,30
1777981617.5649767,1,3303,-50,17,123,30
1777981617.5676336,2,1066,0,0,122,30
1777981617.5812008,1,3304,50,0,123,30
1777981617.583292,2,1066,0,0,122,30
1777981617.5970285,1,3303,-50,17,123,30
1777981617.5990915,2,1066,0,0,122,30
1777981617.6126397,1,3304,-50,19,123,30
1777981617.6147416,2,1066,0,0,122,30
1777981617.6286263,1,3304,50,17,123,30
1777981617.631298,2,1066,0,0,122,30
1777981617.6453512,1,3303,0,17,123,30
1777981617.647913,2,1066,0,0,122,30
1777981617.661946,1,3303,-50,17,122,30
1777981617.6645966,2,1066,0,0,122,30
1777981617.6788998,1,3304,50,0,123,30
1777981617.6815214,2,1066,0,0,123,30
1777981617.6953208,1,3304,0,17,123,30
1777981617.6973782,2,1066,0,0,122,30
1777981617.7104912,1,3303,0,17,123,30
1777981617.7123322,2,1066,0,0,122,30
1777981617.7249656,1,3303,-50,18,123,30
1777981617.7267008,2,1066,0,0,122,30
1777981617.739175,1,3303,50,0,123,30
1777981617.74094,2,1066,0,0,122,30
1777981617.754216,1,3304,50,0,123,30
1777981617.7564368,2,1066,0,0,122,30
1777981617.7700605,1,3304,-50,19,123,30
1777981617.7724175,2,1066,0,0,123,30
1777981617.7859147,1,3304,50,17,122,30
1777981617.7881997,2,1066,0,0,123,30
1777981617.8018875,1,3303,0,17,122,30
1777981617.804233,2,1066,0,0,122,30
1777981617.817837,1,3303,-50,17,123,30
1777981617.819933,2,1066,0,0,122,30
1777981617.8335397,1,3303,-50,19,122,30
1777981617.8358064,2,1066,0,0,122,30
1777981617.8491666,1,3303,0,18,123,30
1777981617.8515031,2,1066,0,0,122,30
1777981617.8649805,1,3304,50,17,122,30
1777981617.8672025,2,1066,0,0,122,30
1777981617.8811224,1,3303,0,17,123,30
1777981617.883853,2,1066,0,0,122,30
1777981617.8978982,1,3303,-50,17,123,30
1777981617.9002035,2,1066,0,0,122,30
1777981617.9140615,1,3303,-50,17,122,30
1777981617.9164352,2,1066,0,0,122,30
1777981617.9302917,1,3304,50,17,123,30
1777981617.9327621,2,1066,0,0,122,30
1777981617.946731,1,3304,-50,18,123,30
1777981617.948859,2,1066,0,0,122,30
1777981617.9627562,1,3304,0,18,123,30
1777981617.9654543,2,1066,0,0,122,30
1777981617.9796746,1,3304,50,0,122,30
1777981617.982072,2,1066,0,0,122,30
1777981617.9958813,1,3303,-50,17,123,30
1777981617.9982681,2,1066,0,0,123,30
1777981618.0120704,1,3303,-50,19,123,30
1777981618.014694,2,1066,0,0,122,30
1777981618.0285056,1,3304,0,18,122,30
1777981618.0308106,2,1066,0,0,122,30
1777981618.0445147,1,3304,50,17,123,30
1777981618.0468788,2,1066,0,0,122,30
1777981618.0610058,1,3303,-50,17,123,30
1777981618.0633032,2,1066,0,0,122,30
1777981618.0765598,1,3304,50,0,123,30
1777981618.0788474,2,1066,0,0,123,30
1777981618.0927904,1,3303,50,18,123,30
1777981618.0952675,2,1066,0,0,122,30
1777981618.1089277,1,3304,-50,19,123,30
1777981618.1112092,2,1066,0,0,122,30
1777981618.1250484,1,3303,50,17,123,30
1777981618.1272964,2,1066,0,0,122,30
1777981618.140797,1,3304,-50,17,122,30
1777981618.1429899,2,1066,0,0,122,30
1777981618.1568592,1,3304,50,0,123,30
1777981618.1590245,2,1066,0,0,123,30
1777981618.1730506,1,3304,50,0,123,30
1777981618.1752949,2,1066,0,0,122,30
1777981618.1894073,1,3304,-50,19,123,30
1777981618.1920822,2,1066,0,0,122,30
1777981618.2058716,1,3304,50,17,123,30
1777981618.2080643,2,1066,0,0,122,30
1777981618.221449,1,3303,-50,17,123,30
1777981618.2233899,2,1066,0,0,122,30
1777981618.237001,1,3304,50,0,123,30
1777981618.2394392,2,1066,0,0,122,30
1777981618.2530217,1,3303,-50,0,122,30
1777981618.2552884,2,1066,0,0,122,30
1777981618.2690058,1,3304,-50,19,123,30
1777981618.2709796,2,1066,0,0,123,30
1777981618.2848651,1,3304,50,17,123,30
1777981618.287156,2,1066,0,0,122,30
1777981618.3013144,1,3303,-50,17,123,30
1777981618.303765,2,1066,0,0,122,30
1777981618.3176422,1,3304,50,0,123,30
1777981618.3198407,2,1066,0,0,122,30
1777981618.3335524,1,3303,-50,0,123,30
1777981618.3357882,2,1066,0,0,122,30
1777981618.34949,1,3304,-50,19,123,30
1777981618.3518147,2,1066,0,0,122,30
1777981618.3651996,1,3304,50,17,122,30
1777981618.3674893,2,1066,0,0,122,30
1777981618.3809402,1,3303,-50,17,123,30
1777981618.3832152,2,1066,0,0,122,30
1777981618.3962715,1,3304,0,18,123,30
1777981618.3982902,2,1066,0,0,122,30
1777981618.4113321,1,3304,0,18,123,30
1777981618.4133804,2,1066,0,0,122,30
1777981618.4264376,1,3304,50,17,123,30
1777981618.4283633,2,1066,0,0,122,30
1777981618.4414291,1,3303,0,17,123,30
1777981618.443403,2,1066,0,0,122,30
1777981618.4569223,1,3303,-50,17,123,30
1777981618.4590647,2,1066,0,0,122,30
1777981618.4727683,1,3304,50,17,123,30
1777981618.4747326,2,1066,0,0,122,30
1777981618.4877555,1,3304,50,17,123,30
1777981618.4897337,2,1066,0,0,122,30
1777981618.5029402,1,3304,-50,18,123,30
1777981618.5054526,2,1066,0,0,123,30
1777981618.5193338,1,3304,0,18,123,30
1777981618.5219412,2,1066,0,0,122,30
1777981618.5358832,1,3304,0,18,122,30
1777981618.5380049,2,1066,0,0,123,30
1777981618.5518882,1,3304,50,17,122,30
1777981618.5542204,2,1066,0,0,122,30
1777981618.5679393,1,3304,50,17,123,30
1777981618.5702791,2,1066,0,0,122,30
1777981618.5838552,1,3304,-50,18,123,30
1777981618.5860713,2,1066,0,0,123,30
1777981618.599802,1,3303,50,17,123,30
1777981618.6021905,2,1066,0,0,123,30
1777981618.615883,1,3303,-50,17,123,30
1777981618.6182115,2,1066,0,0,122,30
1777981618.631788,1,3304,50,17,123,30
1777981618.6341796,2,1066,0,0,122,30
1777981618.647883,1,3304,50,18,123,30
1777981618.650257,2,1066,0,0,122,30
1777981618.6640766,1,3303,0,17,123,30
1777981618.6662428,2,1066,0,0,123,30
1777981618.6793656,1,3303,-50,17,122,30
1777981618.6814566,2,1066,0,0,123,30
1777981618.6952646,1,3304,50,0,123,30
1777981618.6975417,2,1066,0,0,122,30
1777981618.7112002,1,3303,-50,0,123,30
1777981618.7135332,2,1066,0,0,122,30
1777981618.7267456,1,3304,-50,19,122,30
1777981618.7287035,2,1066,0,0,122,30
1777981618.7417593,1,3304,50,17,122,30
1777981618.7439027,2,1066,0,0,123,30
1777981618.7577682,1,3303,-50,17,123,30
1777981618.7601597,2,1066,0,0,122,30
1777981618.773825,1,3303,50,0,123,30
1777981618.7761831,2,1066,0,0,122,30
1777981618.7893412,1,3304,50,18,123,30
1777981618.7912965,2,1066,0,0,122,30
1777981618.804119,1,3304,-50,18,123,30
1777981618.8059812,2,1066,0,0,122,30
1777981618.818666,1,3304,50,17,123,30
1777981618.8205907,2,1066,0,0,122,30
1777981618.8340855,1,3303,-50,17,123,30
1777981618.836453,2,1066,0,0,122,30
1777981618.8500707,1,3304,-50,17,122,30
1777981618.8524718,2,1066,0,0,122,30
1777981618.8662646,1,3304,50,17,123,30
1777981618.8686278,2,1066,0,0,122,30
1777981618.8816712,1,3303,0,17,123,30
1777981618.8836758,2,1066,0,0,122,30
1777981618.8967495,1,3303,-50,17,122,30
1777981618.8986707,2,1066,0,0,122,30
1777981618.9117398,1,3304,50,17,123,30
1777981618.9136736,2,1066,0,0,122,30
1777981618.9267395,1,3304,50,18,123,30
1777981618.928719,2,1066,0,0,122,30
1777981618.94174,1,3303,-50,18,123,30
1777981618.9436724,2,1066,0,0,122,30
1777981618.956738,1,3304,50,0,123,30
1777981618.9586787,2,1066,0,0,122,30
1777981618.9717383,1,3303,0,17,123,30
1777981618.9736757,2,1066,0,0,122,30
1777981618.9868138,1,3303,0,17,122,30
1777981618.9888098,2,1066,0,0,122,30
1777981619.0019815,1,3304,-50,18,123,30
1777981619.0044847,2,1066,0,0,122,30
1777981619.018264,1,3304,50,17,123,30
1777981619.020519,2,1066,0,0,122,30
1777981619.034292,1,3303,0,17,123,30
1777981619.0366168,2,1066,0,0,122,30
1777981619.050312,1,3303,-50,0,122,30
1777981619.0525844,2,1066,0,0,122,30
1777981619.066403,1,3304,-50,19,123,30
1777981619.0688162,2,1066,0,0,122,30
1777981619.0826123,1,3303,50,17,123,30
1777981619.0849042,2,1066,0,0,122,30
1777981619.0987446,1,3303,0,17,123,30
1777981619.1010551,2,1066,0,0,122,30
1777981619.114895,1,3303,-50,17,123,30
1777981619.1174662,2,1066,0,0,123,30
1777981619.1311088,1,3304,50,17,123,30
1777981619.133479,2,1066,0,0,123,30
1777981619.1474378,1,3304,50,18,123,30
1777981619.1498497,2,1066,0,0,122,30
1777981619.1638815,1,3304,-50,18,123,30
1777981619.1661644,2,1066,0,0,122,30
1777981619.1797295,1,3304,50,17,123,30
1777981619.1819348,2,1066,0,0,122,30
1777981619.195561,1,3303,-50,17,123,30
1777981619.1981955,2,1066,0,0,122,30
1777981619.2121196,1,3304,50,0,123,30
1777981619.2144506,2,1066,0,0,122,30
1777981619.228529,1,3304,50,18,123,30
1777981619.2308366,2,1066,0,0,122,30
1777981619.244438,1,3303,0,17,122,30
1777981619.2464268,2,1066,0,0,122,30
1777981619.2595754,1,3303,-50,18,123,30
1777981619.2616174,2,1066,0,0,122,30
1777981619.2747405,1,3304,0,18,123,30
1777981619.2767024,2,1066,0,0,122,30
1777981619.2897553,1,3304,50,17,123,30
1777981619.2917225,2,1066,0,0,122,30
1777981619.3047457,1,3304,50,17,123,30
1777981619.306709,2,1066,0,0,122,30
1777981619.319779,1,3303,-50,18,123,30
1777981619.321727,2,1066,0,0,122,30
1777981619.3347461,1,3304,50,0,123,30
1777981619.3368742,2,1066,0,0,122,30
1777981619.3507273,1,3303,-50,17,123,30
1777981619.353047,2,1066,0,0,122,30
1777981619.3669264,1,3303,-50,19,122,30
1777981619.3692923,2,1066,0,0,122,30
1777981619.3829887,1,3303,50,17,122,30
1777981619.3851764,2,1066,0,0,122,30
1777981619.3987632,1,3303,-50,17,123,31
1777981619.4010804,2,1066,0,0,122,30
1777981619.414881,1,3304,50,0,123,30
1777981619.4172046,2,1066,0,0,122,30
1777981619.4310336,1,3303,-50,17,123,30
1777981619.4330783,2,1066,0,0,123,30
1777981619.4462934,1,3304,-50,19,122,30
1777981619.4482813,2,1066,0,0,122,30
1777981619.461477,1,3304,50,17,123,30
1777981619.4634569,2,1066,0,0,123,30
1777981619.4766815,1,3303,0,17,123,30
1777981619.4788692,2,1066,0,0,122,30
1777981619.4924016,1,3303,-50,17,123,30
1777981619.494825,2,1066,0,0,123,30
1777981619.5083547,1,3304,50,17,123,30
1777981619.5105581,2,1066,0,0,122,30
1777981619.5241086,1,3304,50,17,122,30
1777981619.5264351,2,1066,0,0,122,30
1777981619.5400581,1,3303,0,17,123,30
1777981619.5424793,2,1066,0,0,122,30
1777981619.5561311,1,3303,-50,17,123,30
1777981619.5584686,2,1066,0,0,122,30
1777981619.571919,1,3304,50,0,123,30
1777981619.5742624,2,1066,0,0,122,30
1777981619.587558,1,3304,50,0,123,30
1777981619.5897822,2,1066,0,0,122,30
1777981619.6034014,1,3304,-50,18,123,30
1777981619.605584,2,1066,0,0,122,30
1777981619.6192129,1,3304,50,17,123,30
1777981619.6216924,2,1066,0,0,123,30
1777981619.6351955,1,3303,-50,17,123,30
1777981619.637572,2,1066,0,0,122,30
1777981619.651372,1,3304,50,0,123,30
1777981619.6538486,2,1066,0,0,122,30
1777981619.6677911,1,3304,-50,0,123,30
1777981619.6701653,2,1066,0,0,122,30
1777981619.6841278,1,3303,-50,19,123,30
1777981619.6868162,2,1066,0,0,122,30
1777981619.7002063,1,3303,50,17,123,30
1777981619.70268,2,1066,0,0,122,30
1777981619.7159114,1,3303,0,17,123,30
1777981619.7180083,2,1066,0,0,122,30
1777981619.7318935,1,3303,-50,17,123,30
1777981619.734258,2,1066,0,0,123,30
1777981619.7480094,1,3304,50,17,123,30
1777981619.75045,2,1066,0,0,122,30
1777981619.7639928,1,3304,50,18,123,30
1777981619.7662563,2,1066,0,0,122,30
1777981619.7800684,1,3303,0,17,123,30
1777981619.7825081,2,1066,0,0,123,30
1777981619.7968044,1,3303,-50,17,122,30
1777981619.7995768,2,1066,0,0,122,30
1777981619.8136299,1,3304,0,18,123,30
1777981619.8163545,2,1066,0,0,122,30
1777981619.830031,1,3303,50,0,123,30
1777981619.8327646,2,1066,0,0,123,30
1777981619.8466005,1,3303,50,0,123,30
1777981619.8488603,2,1066,0,0,122,30
1777981619.8621688,1,3304,-50,18,123,30
1777981619.864786,2,1066,0,0,122,30
1777981619.8786256,1,3303,0,18,123,30
1777981619.88089,2,1066,0,0,123,30
1777981619.894883,1,3304,50,17,123,30
1777981619.8975441,2,1066,0,0,122,30
1777981619.9117882,1,3303,-50,17,123,30
1777981619.9145558,2,1066,0,0,122,30
1777981619.928562,1,3304,50,17,122,30
1777981619.9312189,2,1066,0,0,123,30
1777981619.9450865,1,3304,50,18,122,30
1777981619.947757,2,1066,0,0,122,30
1777981619.9616537,1,3303,0,17,122,30
1777981619.9642088,2,1066,0,0,122,30
1777981619.978356,1,3303,-50,18,123,30
1777981619.980895,2,1066,0,0,123,30
1777981619.995186,1,3303,50,17,123,30
1777981619.997507,2,1066,0,0,122,30
1777981620.0107098,1,3303,-50,17,122,30
1777981620.0128417,2,1066,0,0,123,30
1777981620.0258367,1,3304,0,18,123,30
1777981620.0282447,2,1066,0,0,123,30
1777981620.0416203,1,3304,0,18,123,30
1777981620.0438821,2,1066,0,0,122,30
1777981620.0571222,1,3304,50,17,122,30
1777981620.0594769,2,1066,0,0,122,30
1777981620.0729249,1,3303,0,17,122,30
1777981620.07504,2,1066,0,0,122,30
1777981620.0881011,1,3303,-50,17,123,30
1777981620.090154,2,1066,0,0,122,30
1777981620.103139,1,3304,-50,19,123,30
1777981620.1051776,2,1066,0,0,122,30
1777981620.1185765,1,3304,50,17,123,30
1777981620.1207435,2,1066,0,0,122,30
1777981620.1341486,1,3303,-50,17,123,30
1777981620.136267,2,1066,0,0,123,30
1777981620.149445,1,3304,50,0,123,30
1777981620.1515675,2,1066,0,0,122,30
1777981620.1650965,1,3304,50,18,123,30
1777981620.1675198,2,1066,0,0,123,30
1777981620.1808584,1,3303,0,17,123,30
1777981620.1831663,2,1066,0,0,122,30
1777981620.1969948,1,3303,-50,18,123,30
1777981620.1996627,2,1066,0,0,122,30
1777981620.2128766,1,3304,50,17,123,30
1777981620.2150207,2,1066,0,0,122,30
1777981620.2287807,1,3303,-50,17,123,30
1777981620.2312036,2,1066,0,0,123,30
1777981620.2455592,1,3304,-50,17,122,30
1777981620.2479126,2,1066,0,0,122,30
1777981620.2619698,1,3304,50,17,122,30
1777981620.2641695,2,1066,0,0,122,30
1777981620.2779408,1,3304,-50,18,123,30
1777981620.2801394,2,1066,0,0,123,30
1777981620.294229,1,3304,50,17,123,30
1777981620.2970915,2,1066,0,0,122,30
1777981620.3110695,1,3303,0,17,123,30
1777981620.313161,2,1066,0,0,122,30
1777981620.3269234,1,3303,-50,17,123,30
1777981620.3291736,2,1066,0,0,122,30
1777981620.3431811,1,3303,-50,19,122,30
1777981620.3456028,2,1066,0,0,122,30
1777981620.3596263,1,3304,50,17,122,30
1777981620.3619814,2,1066,0,0,122,30
1777981620.3762167,1,3304,-50,18,123,30
1777981620.378634,2,1066,0,0,122,30
1777981620.3923705,1,3304,0,18,123,30
1777981620.3948667,2,1066,0,0,122,30
1777981620.4087937,1,3304,50,0,123,30
1777981620.411138,2,1066,0,0,122,30
1777981620.4245658,1,3304,-50,0,123,30
1777981620.4266982,2,1066,0,0,123,30
1777981620.4400725,1,3304,-50,18,122,30
1777981620.4421952,2,1066,0,0,122,30
1777981620.4559019,1,3304,0,18,123,30
1777981620.4583662,2,1066,0,0,122,30
1777981620.4720032,1,3304,50,17,123,30
1777981620.4741566,2,1066,0,0,123,30
1777981620.487705,1,3303,-50,17,123,30
1777981620.4898226,2,1066,0,0,122,30
1777981620.5036347,1,3304,-50,19,123,30
1777981620.505923,2,1066,0,0,122,30
1777981620.5195973,1,3304,50,17,123,30
1777981620.5217495,2,1066,0,0,123,30
1777981620.5352087,1,3303,0,17,123,30
1777981620.537621,2,1066,0,0,123,30
1777981620.551524,1,3303,-50,17,123,30
1777981620.553793,2,1066,0,0,122,30
1777981620.5673869,1,3304,50,0,123,30
1777981620.5696118,2,1066,0,0,122,30
1777981620.5828464,1,3304,50,18,123,30
1777981620.5854769,2,1066,0,0,122,30
1777981620.5998688,1,3303,0,17,123,30
1777981620.6023867,2,1066,0,0,122,30
1777981620.616553,1,3303,-50,18,123,30
1777981620.6195054,2,1066,0,0,122,30
1777981620.63334,1,3304,0,18,123,30
1777981620.6356943,2,1066,0,0,123,30
1777981620.6496708,1,3304,50,0,123,30
1777981620.651965,2,1066,0,0,122,30
1777981620.6661289,1,3303,0,17,123,30
1777981620.668896,2,1066,0,0,122,30
1777981620.6829212,1,3303,0,17,123,30
1777981620.6856248,2,1066,0,0,122,30
1777981620.6999953,1,3303,-50,19,122,30
1777981620.7024786,2,1066,0,0,122,30
1777981620.7162614,1,3304,0,18,123,30
1777981620.7191556,2,1066,0,0,123,30
1777981620.7330565,1,3304,50,17,122,30
1777981620.735587,2,1066,0,0,122,30
1777981620.7494698,1,3304,-50,17,123,30
1777981620.7519808,2,1066,0,0,122,30
1777981620.765977,1,3304,0,18,122,30
1777981620.768399,2,1066,0,0,122,30
1777981620.7822917,1,3304,0,18,123,30
1777981620.784559,2,1066,0,0,122,30
1777981620.7985892,1,3304,50,17,123,30
1777981620.8009162,2,1066,0,0,122,30
1777981620.814646,1,3303,0,17,122,30
1777981620.8169222,2,1066,0,0,122,30
1777981620.8302658,1,3303,-50,17,123,30
1777981620.8327773,2,1066,0,0,122,30
1777981620.8454163,1,3304,0,18,123,30
1777981620.8472211,2,1066,0,0,122,30
1777981620.860189,1,3304,0,18,123,30
1777981620.8621333,2,1066,0,0,122,30
1777981620.8754752,1,3304,50,17,122,30
1777981620.8780532,2,1066,0,0,122,30
1777981620.8921523,1,3303,0,17,123,30
1777981620.8946393,2,1066,0,0,122,30
1777981620.9085217,1,3303,-50,17,123,30
1777981620.9109404,2,1066,0,0,122,30
1777981620.9251,1,3304,50,17,123,30
1777981620.9277349,2,1066,0,0,122,30
1777981620.9420636,1,3303,50,18,122,30
1777981620.944557,2,1066,0,0,122,30
1777981620.9586208,1,3304,-50,19,123,30
1777981620.9611614,2,1066,0,0,122,30
1777981620.975057,1,3304,50,17,122,30
1777981620.977558,2,1066,0,0,122,30
1777981620.9912796,1,3303,0,17,122,30
1777981620.9937496,2,1066,0,0,122,30
1777981621.0077817,1,3303,-50,17,123,30
1777981621.0102284,2,1066,0,0,122,30
1777981621.0236385,1,3304,50,17,122,30
1777981621.0259402,2,1066,0,0,122,30
1777981621.0391319,1,3303,50,18,123,30
1777981621.0412846,2,1066,0,0,122,30
1777981621.0546212,1,3304,-50,18,123,30
1777981621.0570323,2,1066,0,0,122,30
1777981621.0709484,1,3304,50,17,123,30
1777981621.0736322,2,1066,0,0,122,30
1777981621.0879242,1,3303,-50,17,122,30
1777981621.090631,2,1066,0,0,122,30
1777981621.1045878,1,3304,50,17,123,30
1777981621.1069074,2,1066,0,0,122,30
1777981621.12108,1,3304,50,18,122,30
1777981621.123775,2,1066,0,0,123,30
1777981621.1377194,1,3303,0,17,123,30
1777981621.1399956,2,1066,0,0,122,30
1777981621.154128,1,3303,-50,18,123,30
1777981621.156683,2,1066,0,0,122,30
1777981621.1721907,1,3304,50,17,123,30
1777981621.1746454,2,1066,0,0,122,30
1777981621.1876125,1,3304,-50,17,123,30
1777981621.1893528,2,1066,0,0,122,30
1777981621.2020943,1,3304,50,17,123,30
1777981621.2039802,2,1066,0,0,122,30
1777981621.217151,1,3304,50,17,122,30
1777981621.2192695,2,1066,0,0,122,30
1777981621.232422,1,3303,0,17,123,30
1777981621.234581,2,1066,0,0,122,30
1777981621.2477815,1,3303,-50,17,122,30
1777981621.2496858,2,1066,0,0,122,30
1777981621.2627828,1,3304,50,17,123,30
1777981621.2646713,2,1066,0,0,123,30
1777981621.2775762,1,3304,50,17,122,30
1777981621.2795002,2,1066,0,0,122,30
1777981621.2932665,1,3303,-50,18,123,30
1777981621.2958937,2,1066,0,0,122,30
1777981621.3097022,1,3303,0,18,123,30
1777981621.3119915,2,1066,0,0,122,30
1777981621.325657,1,3304,50,0,123,30
1777981621.328084,2,1066,0,0,122,30
1777981621.3419082,1,3304,-50,0,123,30
1777981621.34429,2,1066,0,0,122,30
1777981621.357533,1,3304,-50,19,123,30
1777981621.3598046,2,1066,0,0,123,30
1777981621.373343,1,3304,50,17,123,30
1777981621.3757129,2,1066,0,0,122,30
1777981621.3893468,1,3303,-50,17,123,30
1777981621.3916528,2,1066,0,0,122,30
1777981621.4054434,1,3304,50,0,123,30
1777981621.4076571,2,1066,0,0,122,30
1777981621.421379,1,3304,0,17,123,30
1777981621.423713,2,1066,0,0,123,30
1777981621.4367652,1,3303,0,17,122,30
1777981621.4388864,2,1066,0,0,123,30
1777981621.4523263,1,3304,-50,18,122,30
1777981621.4545481,2,1066,0,0,122,30
1777981621.4679317,1,3304,50,0,123,30
1777981621.4709697,2,1066,0,0,122,30
1777981621.4852116,1,3303,-50,17,122,30
1777981621.4878707,2,1066,0,0,123,30
1777981621.5020642,1,3304,50,17,123,30
1777981621.5047374,2,1066,0,0,123,30
1777981621.518871,1,3303,50,18,123,30
1777981621.5212448,2,1066,0,0,122,30
1777981621.535157,1,3304,-50,18,122,30
1777981621.5379093,2,1066,0,0,122,30
1777981621.552143,1,3304,50,17,123,30
1777981621.554923,2,1066,0,0,122,30
1777981621.5687935,1,3303,-50,17,122,30
1777981621.5714316,2,1066,0,0,122,30
1777981621.5853748,1,3304,50,0,123,30
1777981621.5882654,2,1066,0,0,122,30
1777981621.6024115,1,3304,0,17,123,30
1777981621.6053584,2,1066,0,0,122,30
1777981621.619684,1,3303,0,17,123,30
1777981621.6223402,2,1066,0,0,122,30
1777981621.636218,1,3304,-50,19,123,30
1777981621.6387234,2,1066,0,0,122,30
1777981621.6524353,1,3303,0,18,123,30
1777981621.6547778,2,1066,0,0,122,30
1777981621.6690764,1,3304,50,17,123,30
1777981621.6715057,2,1066,0,0,122,30
1777981621.685398,1,3303,0,17,123,30
1777981621.6881742,2,1066,0,0,122,30
1777981621.702258,1,3303,-50,17,122,30
1777981621.7050903,2,1066,0,0,122,30
1777981621.719453,1,3304,-50,19,123,30
1777981621.7223287,2,1066,0,0,122,30
1777981621.735973,1,3304,50,17,123,30
1777981621.7385182,2,1066,0,0,122,30
1777981621.75182,1,3304,-50,18,123,30
1777981621.7537432,2,1066,0,0,122,30
1777981621.766869,1,3304,50,0,123,30
1777981621.7690766,2,1066,0,0,122,30
1777981621.7820888,1,3304,0,17,123,30
1777981621.7841194,2,1066,0,0,123,30
1777981621.7978027,1,3303,0,17,123,30
1777981621.8001578,2,1066,0,0,122,30
1777981621.813674,1,3303,-50,18,123,30
1777981621.815799,2,1066,0,0,122,30
1777981621.82928,1,3304,50,17,123,30
1777981621.83157,2,1066,0,0,122,30
1777981621.8448691,1,3303,-50,17,123,30
1777981621.847085,2,1066,0,0,123,30
1777981621.8607364,1,3303,0,18,123,30
1777981621.8628945,2,1066,0,0,123,30
1777981621.8769608,1,3304,0,18,123,30
1777981621.8793058,2,1066,0,0,123,30
1777981621.8933158,1,3304,50,17,123,30
1777981621.8958766,2,1066,0,0,122,30
1777981621.9099982,1,3303,0,17,122,30
1777981621.912766,2,1066,0,0,122,30
1777981621.926788,1,3303,-50,17,122,30
1777981621.9291613,2,1066,0,0,122,30
1777981621.9433062,1,3304,50,0,123,30
1777981621.9456909,2,1066,0,0,123,30
1777981621.9595237,1,3304,0,17,123,30
1777981621.9621274,2,1066,0,0,122,30
1777981621.9761703,1,3303,0,17,123,30
1777981621.9784906,2,1066,0,0,123,30
1777981621.9926097,1,3304,-50,18,123,30
1777981621.995179,2,1066,0,0,123,30
1777981622.0095603,1,3303,50,17,123,30
1777981622.0125244,2,1066,0,0,122,30
1777981622.026338,1,3303,-50,17,123,30
1777981622.028784,2,1066,0,0,123,30
1777981622.0429306,1,3304,50,0,123,30
1777981622.0454957,2,1066,0,0,122,30
1777981622.059589,1,3304,0,17,122,30
1777981622.062043,2,1066,0,0,122,30
1777981622.076118,1,3303,0,17,122,30
1777981622.0787663,2,1066,0,0,123,30
1777981622.0929167,1,3303,-50,18,123,30
1777981622.0956419,2,1066,0,0,122,30
1777981622.1098132,1,3304,50,17,123,30
1777981622.112758,2,1066,0,0,122,30
1777981622.127028,1,3303,-50,17,123,30
1777981622.1295998,2,1066,0,0,122,30
1777981622.1438088,1,3304,50,0,122,30
1777981622.1465316,2,1066,0,0,122,30
1777981622.1605859,1,3303,0,17,123,30
1777981622.1628876,2,1066,0,0,122,30
1777981622.1771045,1,3303,0,17,123,30
1777981622.1797104,2,1066,0,0,122,30
1777981622.1936057,1,3304,-50,18,123,30
1777981622.1958444,2,1066,0,0,122,30
1777981622.2096364,1,3303,50,17,123,30
1777981622.2119462,2,1066,0,0,122,30
1777981622.2258098,1,3303,-50,17,123,30
1777981622.2283232,2,1066,0,0,122,30
1777981622.2422178,1,3303,50,0,123,30
1777981622.2448244,2,1066,0,0,122,30
1777981622.2587898,1,3304,0,17,123,30
1777981622.2611902,2,1066,0,0,122,30
1777981622.2751334,1,3303,0,17,123,30
1777981622.2780132,2,1066,0,0,122,30
1777981622.2920952,1,3304,-50,18,123,30
1777981622.2948678,2,1066,0,0,122,30
1777981622.308921,1,3304,50,17,123,30
1777981622.31173,2,1066,0,0,122,30
1777981622.3259294,1,3303,0,17,123,30
1777981622.3286085,2,1066,0,0,122,30
1777981622.3422427,1,3303,-50,17,123,30
1777981622.3449771,2,1066,0,0,122,30
1777981622.3585315,1,3304,50,17,122,30
1777981622.3606849,2,1066,0,0,122,30
1777981622.374433,1,3304,50,18,123,30
1777981622.3771849,2,1066,0,0,122,30
1777981622.390871,1,3303,0,17,123,30
1777981622.393615,2,1066,0,0,122,30
1777981622.4071977,1,3303,-50,17,122,30
1777981622.409679,2,1066,0,0,122,30
1777981622.423705,1,3304,50,0,123,30
1777981622.426195,2,1066,0,0,123,30
1777981622.4400558,1,3303,-50,17,123,30
1777981622.442234,2,1066,0,0,122,30
1777981622.4561572,1,3304,-50,19,123,30
1777981622.4587262,2,1066,0,0,122,30
1777981622.4730062,1,3304,50,17,123,30
1777981622.4756246,2,1066,0,0,122,30
1777981622.489935,1,3303,-50,18,123,30
1777981622.4925997,2,1066,0,0,122,30
1777981622.506836,1,3304,50,17,122,30
1777981622.5093925,2,1066,0,0,122,30
1777981622.5239217,1,3303,0,17,123,30
1777981622.5265195,2,1066,0,0,122,30
1777981622.5402236,1,3303,-50,17,123,30
1777981622.5424721,2,1066,0,0,122,30
1777981622.5557606,1,3304,-50,19,123,30
1777981622.5578964,2,1066,0,0,122,30
1777981622.5721884,1,3303,50,17,123,30
1777981622.5745065,2,1066,0,0,122,30
1777981622.5877278,1,3303,0,17,123,30
1777981622.590061,2,1066,0,0,122,30
1777981622.6036725,1,3303,-50,17,123,30
1777981622.6059113,2,1066,0,0,123,30
1777981622.6200395,1,3304,50,0,123,30
1777981622.6225824,2,1066,0,0,122,30
1777981622.6368113,1,3304,50,18,123,30
1777981622.6393044,2,1066,0,0,122,30
1777981622.6536968,1,3303,0,17,123,30
1777981622.6562276,2,1066,0,0,122,30
1777981622.6705334,1,3304,-50,18,123,30
1777981622.6730442,2,1066,0,0,122,30
1777981622.687056,1,3304,50,17,123,30
1777981622.6898243,2,1066,0,0,122,30
1777981622.7042718,1,3303,-50,17,122,30
1777981622.7066612,2,1066,0,0,122,30
1777981622.7208161,1,3303,0,18,123,30
1777981622.7232916,2,1066,0,0,122,30
1777981622.7373846,1,3303,0,18,122,30
1777981622.7400558,2,1066,0,0,122,30
1777981622.7538145,1,3304,0,18,123,30
1777981622.7558455,2,1066,0,0,122,30
1777981622.769073,1,3304,50,17,123,30
1777981622.7711782,2,1066,0,0,122,30
1777981622.7845793,1,3303,0,17,123,30
1777981622.7868838,2,1066,0,0,122,30
1777981622.8008928,1,3303,-50,17,122,30
1777981622.8035443,2,1066,0,0,122,30
1777981622.8176706,1,3304,50,17,123,30
1777981622.8201923,2,1066,0,0,123,30
1777981622.834309,1,3304,50,18,123,30
1777981622.8370457,2,1066,0,0,122,30
1777981622.8506107,1,3304,-50,18,123,30
1777981622.8529327,2,1066,0,0,122,30
1777981622.8664072,1,3304,50,17,123,30
1777981622.8681524,2,1066,0,0,123,30
1777981622.8809264,1,3303,0,17,123,30
1777981622.8828058,2,1066,0,0,122,30
1777981622.8957257,1,3303,-50,0,123,30
1777981622.8976235,2,1066,0,0,122,30
1777981622.9109132,1,3304,-50,18,123,30
1777981622.9131343,2,1066,0,0,122,30
1777981622.9265509,1,3303,50,17,123,30
1777981622.9289029,2,1066,0,0,122,30
1777981622.9427593,1,3303,-50,17,123,30
1777981622.9452255,2,1066,0,0,122,30
1777981622.9588404,1,3304,0,18,123,30
1777981622.9616535,2,1066,0,0,123,30
1777981622.9756951,1,3304,0,17,122,30
1777981622.9783258,2,1066,0,0,122,30
1777981622.9926047,1,3304,50,18,123,30
1777981622.9950778,2,1066,0,0,122,30
1777981623.0092432,1,3303,0,17,123,30
1777981623.01192,2,1066,0,0,122,30
1777981623.0257597,1,3303,-50,17,123,30
1777981623.0285075,2,1066,0,0,122,30
1777981623.0425467,1,3304,0,18,122,30
1777981623.0447478,2,1066,0,0,122,30
1777981623.0585797,1,3304,50,0,123,30
1777981623.060929,2,1066,0,0,123,30
1777981623.0749285,1,3304,50,18,122,30
1777981623.0772278,2,1066,0,0,122,30
1777981623.0913515,1,3303,0,17,123,30
1777981623.0938654,2,1066,0,0,122,30
1777981623.1079116,1,3304,-50,18,123,30
1777981623.110635,2,1066,0,0,122,30
1777981623.1245337,1,3304,0,18,123,30
1777981623.1269963,2,1066,0,0,122,30
1777981623.1407692,1,3304,0,18,123,30
1777981623.1429896,2,1066,0,0,122,30
1777981623.1563208,1,3304,50,17,123,30
1777981623.1587079,2,1066,0,0,123,30
1777981623.1732724,1,3304,50,18,123,30
1777981623.1759388,2,1066,0,0,122,30
1777981623.190158,1,3303,0,17,123,30
1777981623.1925395,2,1066,0,0,122,30
1777981623.2063558,1,3303,-50,18,122,30
1777981623.2088163,2,1066,0,0,122,30
1777981623.223054,1,3304,50,17,122,30
1777981623.2251518,2,1066,0,0,122,30
1777981623.2393885,1,3303,-50,17,123,30
1777981623.242053,2,1066,0,0,122,30
1777981623.255952,1,3304,50,17,123,30
1777981623.258186,2,1066,0,0,123,30
1777981623.2722404,1,3304,50,18,123,30
1777981623.274506,2,1066,0,0,123,30
1777981623.2880647,1,3303,-50,18,123,30
1777981623.2905138,2,1066,0,0,122,30
1777981623.304448,1,3304,50,17,123,30
1777981623.306823,2,1066,0,0,122,30
1777981623.3205678,1,3303,0,17,123,30
1777981623.3228698,2,1066,0,0,122,30
1777981623.336689,1,3303,-50,17,123,30
1777981623.338917,2,1066,0,0,122,30
1777981623.3525524,1,3303,-50,19,123,30
1777981623.3547308,2,1066,0,0,122,30
1777981623.3677645,1,3304,50,17,123,30
1777981623.3698332,2,1066,0,0,122,30
1777981623.3836563,1,3303,-50,17,123,30
1777981623.3858333,2,1066,0,0,122,30
1777981623.3995576,1,3304,50,0,122,30
1777981623.401648,2,1066,0,0,122,30
1777981623.415573,1,3304,0,17,123,30
1777981623.4178483,2,1066,0,0,122,30
1777981623.4317381,1,3303,0,17,122,30
1777981623.4344037,2,1066,0,0,122,30
1777981623.4483013,1,3303,-50,18,123,30
1777981623.450321,2,1066,0,0,122,30
1777981623.463948,1,3304,50,17,123,30
1777981623.4662652,2,1066,0,0,122,30
1777981623.4803958,1,3303,-50,17,123,30
1777981623.4831555,2,1066,0,0,122,30
1777981623.4967325,1,3304,50,0,123,31
1777981623.4988651,2,1066,0,0,122,30
1777981623.512214,1,3304,50,18,122,30
1777981623.5142307,2,1066,0,0,122,30
1777981623.5274537,1,3304,-50,18,122,30
1777981623.5296636,2,1066,0,0,122,30
1777981623.5429175,1,3304,50,17,123,30
1777981623.545154,2,1066,0,0,123,30
1777981623.558673,1,3303,0,17,122,30
1777981623.560796,2,1066,0,0,122,30
1777981623.5746796,1,3303,-50,0,123,30
1777981623.5768914,2,1066,0,0,123,30
1777981623.590064,1,3303,-50,19,123,30
1777981623.5923,2,1066,0,0,122,30
1777981623.6056166,1,3304,50,17,123,30
1777981623.6079307,2,1066,0,0,122,30
1777981623.6215546,1,3303,-50,17,123,30
1777981623.6236012,2,1066,0,0,122,30
1777981623.6371648,1,3304,50,0,123,30
1777981623.6393182,2,1066,0,0,122,30
1777981623.6526065,1,3303,50,17,123,30
1777981623.6547174,2,1066,0,0,123,30
1777981623.667878,1,3303,0,17,123,30
1777981623.6701095,2,1066,0,0,122,30
1777981623.6837122,1,3303,-50,18,122,30
1777981623.6858547,2,1066,0,0,123,30
1777981623.6992285,1,3304,50,0,123,30
1777981623.7014666,2,1066,0,0,122,30
1777981623.7145827,1,3303,-50,17,123,30
1777981623.7167695,2,1066,0,0,122,30
1777981623.7298417,1,3304,-50,19,123,30
1777981623.7320445,2,1066,0,0,122,30
1777981623.7452676,1,3304,50,17,123,30
1777981623.747424,2,1066,0,0,123,30
1777981623.7608657,1,3303,-50,17,123,30
1777981623.7630453,2,1066,0,0,122,30
1777981623.7767873,1,3304,50,0,123,30
1777981623.7794137,2,1066,0,0,123,30
1777981623.793578,1,3303,-50,0,123,30
1777981623.7956612,2,1066,0,0,122,30
1777981623.8091908,1,3304,-50,19,122,30
1777981623.8114915,2,1066,0,0,122,30
1777981623.8250458,1,3304,0,18,123,30
1777981623.8270674,2,1066,0,0,122,30
1777981623.8411214,1,3304,0,18,123,30
1777981623.8439326,2,1066,0,0,122,30
1777981623.8575623,1,3304,0,18,123,30
1777981623.8598776,2,1066,0,0,122,30
1777981623.8736308,1,3304,50,17,123,30
1777981623.8760207,2,1066,0,0,122,30
1777981623.8898635,1,3304,50,18,123,30
1777981623.89218,2,1066,0,0,123,30
1777981623.9059649,1,3303,0,17,123,30
1777981623.9081736,2,1066,0,0,122,30
1777981623.9216995,1,3303,-50,17,123,30
1777981623.9238749,2,1066,0,0,122,30
1777981623.9373431,1,3304,50,0,123,30
1777981623.9396083,2,1066,0,0,122,30
1777981623.952867,1,3303,-50,0,123,30
1777981623.9549809,2,1066,0,0,123,30
1777981623.9679978,1,3304,-50,19,123,30
1777981623.9705007,2,1066,0,0,122,30
1777981623.9839034,1,3304,50,17,123,30
1777981623.9861512,2,1066,0,0,122,30
1777981623.9991274,1,3304,0,17,123,30
1777981624.0012126,2,1066,0,0,122,30
1777981624.0144823,1,3303,-50,17,122,30
1777981624.0165217,2,1066,0,0,122,30
1777981624.029792,1,3304,-50,19,123,30
1777981624.0321128,2,1066,0,0,122,30
1777981624.045425,1,3304,50,17,123,30
1777981624.0475156,2,1066,0,0,122,30
1777981624.0610142,1,3303,0,17,123,30
1777981624.0630863,2,1066,0,0,122,30
1777981624.076337,1,3303,-50,17,123,30
1777981624.0783365,2,1066,0,0,123,30
1777981624.0917778,1,3304,50,17,122,30
1777981624.093903,2,1066,0,0,122,30
1777981624.1077988,1,3304,50,17,123,30
1777981624.110213,2,1066,0,0,122,30
1777981624.1235025,1,3303,-50,18,122,30
1777981624.1256492,2,1066,0,0,122,30
1777981624.1390893,1,3304,50,17,123,30
1777981624.1413262,2,1066,0,0,122,30
1777981624.154538,1,3303,-50,17,123,30
1777981624.156594,2,1066,0,0,122,30
1777981624.1701875,1,3304,-50,19,123,30
1777981624.172504,2,1066,0,0,122,30
1777981624.185938,1,3304,50,17,122,30
1777981624.1881976,2,1066,0,0,122,30
1777981624.2013826,1,3303,0,17,123,30
1777981624.203503,2,1066,0,0,123,30
1777981624.2168362,1,3303,-50,17,122,30
1777981624.2190397,2,1066,0,0,123,30
1777981624.2323747,1,3304,50,17,123,30
1777981624.2351072,2,1066,0,0,122,30
1777981624.2482762,1,3304,50,18,123,30
1777981624.250398,2,1066,0,0,122,30
1777981624.2635436,1,3303,0,17,122,30
1777981624.2655523,2,1066,0,0,122,30
1777981624.2790961,1,3303,-50,17,123,30
1777981624.2812815,2,1066,0,0,122,30
1777981624.2945313,1,3304,0,18,123,30
1777981624.2969072,2,1066,0,0,123,30
1777981624.310589,1,3304,0,17,123,30
1777981624.3128731,2,1066,0,0,122,30
1777981624.3266265,1,3304,50,17,123,30
1777981624.3292649,2,1066,0,0,122,30
1777981624.3427782,1,3303,-50,18,123,30
1777981624.3447227,2,1066,0,0,122,30
1777981624.357804,1,3304,50,0,123,30
1777981624.3602698,2,1066,0,0,122,30
1777981624.3738163,1,3303,0,17,123,30
1777981624.376141,2,1066,0,0,122,31
1777981624.3895943,1,3303,0,17,123,30
1777981624.3917844,2,1066,0,0,122,30
1777981624.4051628,1,3304,-50,18,123,30
1777981624.4074867,2,1066,0,0,122,30
1777981624.4206617,1,3304,50,17,123,30
1777981624.4229662,2,1066,0,0,122,30
1777981624.4360483,1,3303,0,17,122,30
1777981624.438578,2,1066,0,0,122,30
1777981624.4519298,1,3303,-50,17,123,30
1777981624.4543338,2,1066,0,0,123,30
1777981624.4674695,1,3304,-50,19,123,30
1777981624.4697251,2,1066,0,0,122,30
1777981624.4831665,1,3304,50,17,123,30
1777981624.485299,2,1066,0,0,122,30
1777981624.4984922,1,3303,0,17,123,30
1777981624.5006182,2,1066,0,0,122,30
1777981624.5134356,1,3303,-50,17,122,30
1777981624.515501,2,1066,0,0,122,30
1777981624.5291939,1,3304,-50,19,122,30
1777981624.5313408,2,1066,0,0,122,30
1777981624.5446527,1,3304,50,17,123,30
1777981624.5468197,2,1066,0,0,122,30
1777981624.5603163,1,3303,0,17,123,30
1777981624.5624828,2,1066,0,0,122,30
1777981624.575969,1,3303,-50,17,123,30
1777981624.5782564,2,1066,0,0,122,30
1777981624.591918,1,3303,0,18,123,30
1777981624.5941818,2,1066,0,0,123,30
1777981624.607235,1,3303,0,18,122,30
1777981624.6094594,2,1066,0,0,123,30
1777981624.623133,1,3304,50,17,123,30
1777981624.625326,2,1066,0,0,122,30
1777981624.6390638,1,3303,-50,17,123,30
1777981624.6419377,2,1066,0,0,122,30
1777981624.6552224,1,3303,50,0,122,30
1777981624.6573548,2,1066,0,0,122,30
1777981624.6712737,1,3303,0,17,123,30
1777981624.6740084,2,1066,0,0,122,30
1777981624.6875718,1,3303,0,17,123,30
1777981624.68977,2,1066,0,0,122,30
1777981624.7033448,1,3303,-50,18,123,30
1777981624.7059016,2,1066,0,0,122,30
1777981624.7197976,1,3304,50,17,123,30
1777981624.7223206,2,1066,0,0,122,30
1777981624.7363448,1,3303,-50,17,122,30
1777981624.7389452,2,1066,0,0,122,30
1777981624.7525773,1,3304,0,18,122,30
1777981624.754821,2,1066,0,0,122,30
1777981624.7680123,1,3304,0,18,122,30
1777981624.7701972,2,1066,0,0,122,30
1777981624.7839928,1,3304,50,17,123,30
1777981624.7862418,2,1066,0,0,122,30
1777981624.8000894,1,3304,-50,18,123,30
1777981624.802499,2,1066,0,0,122,30
1777981624.8158424,1,3304,50,0,123,30
1777981624.818318,2,1066,0,0,122,30
1777981624.831954,1,3303,0,17,123,30
1777981624.8346982,2,1066,0,0,122,30
1777981624.8479571,1,3303,0,17,123,30
1777981624.8500478,2,1066,0,0,122,30
1777981624.86312,1,3303,-50,18,123,30
1777981624.8653917,2,1066,0,0,122,30
1777981624.8789074,1,3304,0,18,123,30
1777981624.8813012,2,1066,0,0,122,30
1777981624.8946009,1,3304,50,0,123,30
1777981624.8969698,2,1066,0,0,122,30
1777981624.9098353,1,3303,0,17,123,30
1777981624.9117053,2,1066,0,0,122,30
1777981624.924451,1,3303,0,17,122,30
1777981624.926305,2,1066,0,0,122,30
1777981624.9398968,1,3304,-50,18,122,30
1777981624.941852,2,1066,0,0,122,30
1777981624.9548924,1,3304,50,0,123,30
1777981624.957113,2,1066,0,0,122,30
1777981624.9708831,1,3303,-50,17,123,30
1777981624.973505,2,1066,0,0,122,30
1777981624.9870365,1,3304,-50,19,123,30
1777981624.989197,2,1066,0,0,122,30
1777981625.0025356,1,3303,50,17,122,30
1777981625.0044603,2,1066,0,0,122,30
1777981625.0176911,1,3303,-50,17,123,30
1777981625.0197315,2,1066,0,0,122,30
1777981625.0330248,1,3304,50,0,122,30
1777981625.035108,2,1066,0,0,122,30
1777981625.0485816,1,3304,0,17,123,30
1777981625.0507,2,1066,0,0,122,30
1777981625.0638428,1,3303,0,17,123,30
1777981625.065888,2,1066,0,0,122,30
1777981625.0793798,1,3304,-50,18,122,30
1777981625.0818715,2,1066,0,0,122,30
1777981625.0955765,1,3304,50,17,122,30
1777981625.09783,2,1066,0,0,122,30
1777981625.1115258,1,3303,0,17,123,30
1777981625.1138754,2,1066,0,0,122,30
1777981625.1274214,1,3303,0,0,123,30
1777981625.1295369,2,1066,0,0,122,30
1777981625.1427865,1,3303,-50,18,123,30
1777981625.1448295,2,1066,0,0,122,30
1777981625.158072,1,3304,0,18,122,30
1777981625.1600842,2,1066,0,0,122,30
1777981625.1735506,1,3304,50,0,123,30
1777981625.175618,2,1066,0,0,122,30
1777981625.1887736,1,3303,0,17,123,30
1777981625.1908085,2,1066,0,0,122,30
1777981625.2049854,1,3303,0,17,123,30
1777981625.2074127,2,1066,0,0,122,30
1777981625.221387,1,3303,-50,18,122,30
1777981625.2241228,2,1066,0,0,122,30
1777981625.238257,1,3304,50,17,122,30
1777981625.2406046,2,1066,0,0,122,29
1777981625.2539318,1,3303,-50,17,122,30
1777981625.25632,2,1066,0,0,123,30
1777981625.2704108,1,3304,50,0,123,30
1777981625.2729964,2,1066,0,0,122,30
1777981625.2870064,1,3304,50,17,123,30
1777981625.2895856,2,1066,0,0,122,30
1777981625.3034096,1,3303,0,17,122,30
1777981625.305762,2,1066,0,0,122,30
1777981625.3197184,1,3303,-50,18,123,30
1777981625.3224125,2,1066,0,0,123,30
1777981625.3360474,1,3304,0,18,123,30
1777981625.3380883,2,1066,0,0,123,30
1777981625.3516047,1,3304,0,18,123,31
1777981625.353791,2,1066,0,0,122,30
1777981625.3669474,1,3303,0,18,123,30
1777981625.3697774,2,1066,0,0,122,30
1777981625.3832428,1,3304,0,18,122,30
1777981625.3855467,2,1066,0,0,122,30
1777981625.3988318,1,3304,50,17,123,30
1777981625.4010608,2,1066,0,0,122,30
1777981625.4147003,1,3303,0,17,123,30
1777981625.4170744,2,1066,0,0,122,30
1777981625.4304512,1,3303,-50,17,123,30
1777981625.432591,2,1066,0,0,122,30
1777981625.4458663,1,3304,-50,19,123,30
1777981625.4480174,2,1066,0,0,122,30
1777981625.4612405,1,3304,50,17,123,30
1777981625.4635057,2,1066,0,0,122,30
1777981625.4771485,1,3303,-50,18,122,30
1777981625.4795208,2,1066,0,0,122,30
1777981625.493217,1,3304,50,0,123,30
1777981625.4953425,2,1066,0,0,123,30
1777981625.5088499,1,3303,-50,17,122,30
1777981625.5115614,2,1066,0,0,122,30
1777981625.5257084,1,3304,-50,19,123,30
1777981625.5282905,2,1066,0,0,122,30
1777981625.5413227,1,3304,0,18,122,30
1777981625.5433526,2,1066,0,0,123,30
1777981625.5565999,1,3304,50,17,123,30
1777981625.5588143,2,1066,0,0,122,30
1777981625.5724144,1,3303,-50,17,123,30
1777981625.5747838,2,1066,0,0,122,30
1777981625.5884132,1,3304,0,18,123,30
1777981625.5907688,2,1066,0,0,122,30
1777981625.6046658,1,3304,0,18,123,30
1777981625.606894,2,1066,0,0,122,30
1777981625.6208448,1,3304,50,17,122,30
1777981625.6235607,2,1066,0,0,122,30
1777981625.6376338,1,3303,0,17,123,30
1777981625.6402972,2,1066,0,0,122,30
1777981625.6535435,1,3303,-50,17,123,30
1777981625.6555893,2,1066,0,0,122,30
1777981625.6690714,1,3304,50,0,123,30
1777981625.6712873,2,1066,0,0,123,30
1777981625.6848135,1,3303,50,18,123,30
1777981625.6872256,2,1066,0,0,122,30
1777981625.700873,1,3303,0,17,122,30
1777981625.7032342,2,1066,0,0,122,30
1777981625.7167969,1,3303,-50,18,123,30
1777981625.719274,2,1066,0,0,122,30
1777981625.7331812,1,3304,0,18,123,30
1777981625.7355459,2,1066,0,0,122,30
1777981625.7495675,1,3304,0,18,123,30
1777981625.751749,2,1066,0,0,122,30
1777981625.765111,1,3304,0,17,123,30
1777981625.767034,2,1066,0,0,122,30
1777981625.780374,1,3304,50,17,122,30
1777981625.7824926,2,1066,0,0,122,30
1777981625.7955942,1,3303,-50,17,122,30
1777981625.7977788,2,1066,0,0,123,30
1777981625.811598,1,3304,50,0,123,30
1777981625.8138185,2,1066,0,0,122,30
1777981625.8275943,1,3303,-50,17,123,30
1777981625.8300893,2,1066,0,0,122,30
1777981625.8439896,1,3304,-50,19,123,30
1777981625.8463628,2,1066,0,0,123,30
1777981625.8599296,1,3304,50,17,123,30
1777981625.8621128,2,1066,0,0,122,30
1777981625.8758004,1,3303,-50,18,123,30
1777981625.8780742,2,1066,0,0,122,30
1777981625.8921201,1,3304,50,0,123,30
1777981625.8947058,2,1066,0,0,122,30
1777981625.9086237,1,3303,-50,17,123,30
1777981625.9111297,2,1066,0,0,122,30
1777981625.9248934,1,3304,50,17,123,30
1777981625.9271905,2,1066,0,0,122,30
1777981625.9408867,1,3304,50,17,122,30
1777981625.9431415,2,1066,0,0,122,30
1777981625.956492,1,3303,-50,18,123,30
1777981625.9585571,2,1066,0,0,122,30
1777981625.9719267,1,3303,50,0,123,30
1777981625.9740593,2,1066,0,0,122,30
1777981625.987648,1,3303,-50,17,123,30
1777981625.9900587,2,1066,0,0,123,30
1777981626.0036094,1,3304,-50,19,122,30
1777981626.0060356,2,1066,0,0,123,30
1777981626.019806,1,3304,0,18,123,30
1777981626.0221791,2,1066,0,0,122,30
1777981626.035639,1,3304,50,17,123,30
1777981626.0379024,2,1066,0,0,122,30
1777981626.0513911,1,3303,-50,17,123,30
1777981626.0535562,2,1066,0,0,122,30
1777981626.0664606,1,3303,50,17,122,30
1777981626.0684288,2,1066,0,0,123,30
1777981626.0826058,1,3304,50,18,123,30
1777981626.0849123,2,1066,0,0,122,30
1777981626.098971,1,3304,-50,18,123,30
1777981626.1017387,2,1066,0,0,123,30
1777981626.115843,1,3304,50,17,123,30
1777981626.1188326,2,1066,0,0,122,30
1777981626.1326087,1,3303,-50,17,123,30
1777981626.1356244,2,1066,0,0,122,30
1777981626.1487148,1,3304,50,0,123,30
1777981626.1510565,2,1066,0,0,123,30
1777981626.1644127,1,3303,-50,0,123,30
1777981626.1671252,2,1066,0,0,122,30
1777981626.1807537,1,3304,-50,19,123,30
1777981626.1832366,2,1066,0,0,123,30
1777981626.1971338,1,3303,50,17,123,30
1777981626.199431,2,1066,0,0,122,30
1777981626.2129216,1,3303,-50,17,123,30
1777981626.2150304,2,1066,0,0,122,30
1777981626.228427,1,3304,50,0,123,30
1777981626.2307847,2,1066,0,0,123,30
1777981626.244173,1,3304,0,17,123,30
1777981626.2467966,2,1066,0,0,122,30
1777981626.2606506,1,3303,0,17,123,30
1777981626.2629302,2,1066,0,0,122,30
1777981626.2771842,1,3304,-50,18,123,30
1777981626.2798405,2,1066,0,0,122,30
1777981626.2935328,1,3304,50,17,122,30
1777981626.2963848,2,1066,0,0,122,30
1777981626.3103445,1,3303,-50,17,123,30
1777981626.3128073,2,1066,0,0,122,30
1777981626.3269427,1,3303,50,0,122,30
1777981626.329266,2,1066,0,0,122,30
1777981626.3429368,1,3303,50,18,122,30
1777981626.345245,2,1066,0,0,122,30
1777981626.3587728,1,3304,-50,19,122,30
1777981626.360802,2,1066,0,0,122,30
1777981626.3742185,1,3304,50,17,122,30
1777981626.3765793,2,1066,0,0,122,30
1777981626.390105,1,3304,-50,17,123,30
1777981626.3925743,2,1066,0,0,122,30
1777981626.4059453,1,3304,50,0,123,30
1777981626.4081933,2,1066,0,0,122,30
1777981626.4224393,1,3303,50,18,123,30
1777981626.4247942,2,1066,0,0,122,30
1777981626.4383168,1,3304,-50,18,123,30
1777981626.4406874,2,1066,0,0,122,30
1777981626.4542022,1,3303,50,17,123,30
1777981626.4563859,2,1066,0,0,122,30
1777981626.470029,1,3303,0,17,123,30
1777981626.4721873,2,1066,0,0,122,30
1777981626.485807,1,3303,-50,17,122,30
1777981626.4885273,2,1066,0,0,123,30
1777981626.5021782,1,3304,-50,19,123,30
1777981626.5047176,2,1066,0,0,122,30
1777981626.5190048,1,3303,50,17,123,30
1777981626.5219302,2,1066,0,0,122,30
1777981626.536152,1,3303,0,17,123,30
1777981626.5389366,2,1066,0,0,122,30
1777981626.5529234,1,3303,-50,17,123,30
1777981626.5551817,2,1066,0,0,122,30
1777981626.568833,1,3304,50,0,123,30
1777981626.5715451,2,1066,0,0,122,30
1777981626.5858037,1,3303,-50,17,123,30
1777981626.5884511,2,1066,0,0,122,30
1777981626.6024952,1,3304,-50,18,123,30
1777981626.6048968,2,1066,0,0,122,30
1777981626.6187942,1,3304,0,18,123,30
1777981626.6210802,2,1066,0,0,122,30
1777981626.6347413,1,3304,50,17,123,30
1777981626.6370301,2,1066,0,0,122,30
1777981626.6502647,1,3303,0,17,123,30
1777981626.6525047,2,1066,0,0,122,30
1777981626.665823,1,3303,-50,17,122,30
1777981626.668034,2,1066,0,0,122,30
1777981626.682181,1,3304,-50,17,123,30
1777981626.6849043,2,1066,0,0,122,30
1777981626.6988757,1,3304,50,18,123,30
1777981626.701236,2,1066,0,0,122,30
1777981626.7149634,1,3303,-50,18,123,30
1777981626.717302,2,1066,0,0,122,30
1777981626.7306871,1,3303,50,17,123,30
1777981626.733039,2,1066,0,0,122,30
1777981626.746165,1,3303,-50,17,123,30
1777981626.748182,2,1066,0,0,122,30
1777981626.7618139,1,3304,-50,17,123,30
1777981626.764021,2,1066,0,0,122,30
1777981626.7778232,1,3304,50,17,123,30
1777981626.7800126,2,1066,0,0,122,30
1777981626.7938097,1,3303,-50,18,123,30
1777981626.7965124,2,1066,0,0,122,30
1777981626.810392,1,3304,50,17,123,30
1777981626.8125865,2,1066,0,0,123,30
1777981626.8269496,1,3303,0,17,123,30
1777981626.8298495,2,1066,0,0,122,30
1777981626.8433363,1,3304,0,17,122,30
1777981626.8453496,2,1066,0,0,122,30
1777981626.858896,1,3303,0,17,123,30
1777981626.8613043,2,1066,0,0,122,30
1777981626.8747327,1,3304,-50,18,122,30
1777981626.876897,2,1066,0,0,122,30
1777981626.8906844,1,3304,0,18,123,30
1777981626.893173,2,1066,0,0,122,30
1777981626.9068007,1,3304,50,0,123,30
1777981626.909072,2,1066,0,0,122,30
1777981626.9221306,1,3304,0,17,123,30
1777981626.9240234,2,1066,0,0,123,30
1777981626.9366844,1,3303,0,17,122,30
1777981626.9384937,2,1066,0,0,122,30
1777981626.951213,1,3304,-50,17,123,30
1777981626.9531279,2,1066,0,0,122,30
1777981626.9659424,1,3304,50,0,123,30
1777981626.9678175,2,1066,0,0,122,30
1777981626.9812918,1,3304,0,17,122,30
1777981626.9836268,2,1066,0,0,122,30
1777981626.997165,1,3303,0,17,123,30
1777981626.9997797,2,1066,0,0,123,30
1777981627.0139656,1,3303,-50,18,122,30
1777981627.0163689,2,1066,0,0,122,30
1777981627.030228,1,3304,50,17,122,30
1777981627.032749,2,1066,0,0,123,30
1777981627.0466433,1,3303,-50,17,123,30
1777981627.0494163,2,1066,0,0,122,30
1777981627.063167,1,3304,50,17,123,30
1777981627.065518,2,1066,0,0,122,30
1777981627.0791488,1,3304,50,18,122,30
1777981627.0813282,2,1066,0,0,122,30
1777981627.0946553,1,3304,-50,18,123,31
1777981627.0968947,2,1066,0,0,122,30
1777981627.1102169,1,3304,50,17,123,31
1777981627.1124506,2,1066,0,0,122,30
1777981627.1257439,1,3303,-50,17,123,30
1777981627.128117,2,1066,0,0,122,30
1777981627.1418216,1,3304,50,17,123,30
1777981627.1442544,2,1066,0,0,122,30
1777981627.1578202,1,3304,50,18,123,30
1777981627.1600304,2,1066,0,0,122,30
1777981627.1737158,1,3303,0,17,122,30
1777981627.1759477,2,1066,0,0,123,30
1777981627.1896794,1,3303,-50,17,123,30
1777981627.1919084,2,1066,0,0,122,30
1777981627.2051826,1,3303,50,0,122,30
1777981627.2075198,2,1066,0,0,122,30
1777981627.2208822,1,3304,0,17,123,30
1777981627.223048,2,1066,0,0,122,30
1777981627.2368417,1,3303,0,17,123,30
1777981627.2390006,2,1066,0,0,122,30
1777981627.2523978,1,3303,-50,18,122,30
1777981627.2545192,2,1066,0,0,122,30
1777981627.2679265,1,3304,50,17,123,30
1777981627.2703466,2,1066,0,0,122,30
1777981627.2839782,1,3303,-50,17,122,30
1777981627.286195,2,1066,0,0,122,30
1777981627.2997172,1,3304,-50,17,122,30
1777981627.3017383,2,1066,0,0,123,30
1777981627.3151574,1,3304,50,17,123,30
1777981627.317268,2,1066,0,0,122,30
1777981627.330552,1,3303,0,17,123,30
1777981627.3326619,2,1066,0,0,122,30
1777981627.3454633,1,3303,-50,17,123,30
1777981627.3473094,2,1066,0,0,122,30
1777981627.3604946,1,3304,50,17,122,30
1777981627.3625846,2,1066,0,0,122,30
1777981627.37639,1,3304,50,18,123,30
1777981627.3790863,2,1066,0,0,122,30
1777981627.3928452,1,3303,0,17,123,30
1777981627.3954747,2,1066,0,0,122,30
1777981627.4096851,1,3303,-50,17,123,30
1777981627.4126523,2,1066,0,0,122,30
1777981627.4268544,1,3304,50,0,123,30
1777981627.4295733,2,1066,0,0,122,30
1777981627.4434218,1,3303,-50,17,123,30
1777981627.4460492,2,1066,0,0,123,30
1777981627.4600036,1,3304,50,17,123,30
1777981627.462515,2,1066,0,0,122,30
1777981627.4766684,1,3304,50,18,123,30
1777981627.47904,2,1066,0,0,123,30
1777981627.4930444,1,3303,0,17,123,30
1777981627.4952962,2,1066,0,0,122,30
1777981627.5093966,1,3303,-50,17,123,30
1777981627.5117345,2,1066,0,0,122,30
1777981627.5251553,1,3304,50,0,123,30
1777981627.5274372,2,1066,0,0,122,30
1777981627.5410206,1,3303,-50,17,123,30
1777981627.5435567,2,1066,0,0,123,30
1777981627.5569265,1,3304,-50,19,123,30
1777981627.5592103,2,1066,0,0,122,30
1777981627.5726297,1,3304,50,17,123,30
1777981627.5748603,2,1066,0,0,123,30
1777981627.5885475,1,3303,0,17,122,30
1777981627.590892,2,1066,0,0,122,30
1777981627.6042895,1,3303,-50,17,123,30
1777981627.6063023,2,1066,0,0,122,30
1777981627.6196878,1,3303,0,18,122,30
1777981627.622288,2,1066,0,0,122,30
1777981627.6361797,1,3304,0,18,123,30
1777981627.638983,2,1066,0,0,123,30
1777981627.6529546,1,3304,50,17,122,30
1777981627.6555383,2,1066,0,0,123,30
1777981627.6694133,1,3303,-50,18,123,30
1777981627.671906,2,1066,0,0,122,30
1777981627.6862562,1,3304,50,0,123,30
1777981627.6887512,2,1066,0,0,122,30
1777981627.7026896,1,3303,0,17,123,31
1777981627.7050748,2,1066,0,0,122,30
1777981627.7187908,1,3303,-50,0,123,30
1777981627.7215455,2,1066,0,0,122,30
1777981627.735499,1,3304,-50,19,123,30
1777981627.7379436,2,1066,0,0,122,30
1777981627.75187,1,3304,50,17,123,30
1777981627.7541938,2,1066,0,0,122,30
1777981627.7681985,1,3303,0,17,123,30
1777981627.770934,2,1066,0,0,122,30
1777981627.7851946,1,3303,-50,17,123,30
1777981627.7878568,2,1066,0,0,123,30
1777981627.8014307,1,3304,50,0,123,30
1777981627.803801,2,1066,0,0,123,30
1777981627.8172083,1,3304,50,18,123,30
1777981627.819492,2,1066,0,0,123,30
1777981627.8328123,1,3304,-50,18,123,30
1777981627.8351696,2,1066,0,0,122,30
1777981627.8487222,1,3304,50,17,123,30
1777981627.850911,2,1066,0,0,122,30
1777981627.864599,1,3303,-50,17,123,30
1777981627.8665974,2,1066,0,0,123,30
1777981627.8799798,1,3304,50,17,123,30
1777981627.8824816,2,1066,0,0,123,30
1777981627.8966765,1,3304,50,18,123,30
1777981627.8995647,2,1066,0,0,122,30
1777981627.91339,1,3303,0,17,123,30
1777981627.9160597,2,1066,0,0,123,30
1777981627.930195,1,3303,-50,18,123,30
1777981627.9328089,2,1066,0,0,122,30
1777981627.946214,1,3304,50,17,123,30
1777981627.9485238,2,1066,0,0,122,30
1777981627.962282,1,3303,0,17,122,30
1777981627.9646003,2,1066,0,0,122,30
1777981627.9786525,1,3303,-50,0,123,30
1777981627.9810598,2,1066,0,0,122,30
1777981627.9950438,1,3303,-50,19,123,30
1777981627.9976568,2,1066,0,0,122,30
1777981628.0108967,1,3304,50,17,123,30
1777981628.013124,2,1066,0,0,122,30
1777981628.0265982,1,3303,-50,17,123,30
1777981628.0287652,2,1066,0,0,122,30
1777981628.0421739,1,3304,50,0,123,30
1777981628.0447366,2,1066,0,0,122,30
1777981628.0588644,1,3304,-50,0,122,30
1777981628.0616455,2,1066,0,0,123,30
1777981628.0751996,1,3304,-50,19,123,30
1777981628.0775614,2,1066,0,0,122,30
1777981628.0914457,1,3304,50,17,123,30
1777981628.0940132,2,1066,0,0,122,30
1777981628.1076956,1,3303,-50,18,123,30
1777981628.1100237,2,1066,0,0,122,30
1777981628.1238365,1,3304,50,0,123,30
1777981628.126282,2,1066,0,0,122,30
1777981628.140488,1,3303,0,17,122,30
1777981628.1429458,2,1066,0,0,123,30
1777981628.1569927,1,3303,0,0,123,30
1777981628.1593351,2,1066,0,0,122,30
1777981628.1732605,1,3304,-50,19,123,30
1777981628.1759913,2,1066,0,0,122,30
1777981628.1899502,1,3304,50,17,122,30
1777981628.1926653,2,1066,0,0,122,30
1777981628.2064183,1,3303,0,17,123,30
1777981628.2085762,2,1066,0,0,122,30
1777981628.2224576,1,3303,-50,17,123,30
1777981628.2252257,2,1066,0,0,123,30
1777981628.2390244,1,3304,50,17,122,30
1777981628.2415516,2,1066,0,0,122,30
1777981628.255439,1,3303,50,18,123,30
1777981628.2577698,2,1066,0,0,122,30
1777981628.271703,1,3304,-50,18,123,30
1777981628.2741315,2,1066,0,0,122,30
1777981628.28816,1,3304,50,17,122,30
1777981628.2906647,2,1066,0,0,122,30
1777981628.304314,1,3303,-50,17,122,30
1777981628.3064587,2,1066,0,0,122,30
1777981628.3202052,1,3303,50,0,122,30
1777981628.3225303,2,1066,0,0,122,30
1777981628.336305,1,3303,-50,0,123,30
1777981628.3389142,2,1066,0,0,122,30
1777981628.352811,1,3304,-50,19,123,30
1777981628.3551118,2,1066,0,0,122,30
1777981628.3682866,1,3304,50,17,123,30
1777981628.3703363,2,1066,0,0,122,30
1777981628.383922,1,3304,0,17,123,30
1777981628.386305,2,1066,0,0,122,30
1777981628.4003558,1,3303,-50,17,122,30
1777981628.4026737,2,1066,0,0,122,30
1777981628.4159536,1,3304,50,17,123,30
1777981628.4180737,2,1066,0,0,122,30
1777981628.4316194,1,3304,50,17,123,30
1777981628.4335532,2,1066,0,0,122,30
1777981628.4468057,1,3303,0,17,123,30
1777981628.4490535,2,1066,0,0,122,30
1777981628.4624257,1,3303,-50,17,123,30
1777981628.4645214,2,1066,0,0,122,30
1777981628.4779763,1,3304,50,17,123,30
1777981628.4802413,2,1066,0,0,122,30
1777981628.4940116,1,3304,50,18,122,30
1777981628.4964023,2,1066,0,0,122,30
1777981628.5100799,1,3303,0,17,123,30
1777981628.5121677,2,1066,0,0,123,30
1777981628.525827,1,3303,-50,17,123,30
1777981628.5283716,2,1066,0,0,122,30
1777981628.5419188,1,3304,50,0,123,31
1777981628.5442379,2,1066,0,0,122,30
1777981628.5576994,1,3303,-50,17,123,30
1777981628.5597532,2,1066,0,0,122,30
1777981628.5730722,1,3304,-50,19,122,30
1777981628.575584,2,1066,0,0,122,30
1777981628.5891528,1,3304,50,17,123,30
1777981628.5916524,2,1066,0,0,122,30
1777981628.6051662,1,3303,0,17,122,30
1777981628.6075394,2,1066,0,0,123,30
1777981628.6210382,1,3303,-50,17,123,30
1777981628.6230216,2,1066,0,0,122,30
1777981628.6367776,1,3304,50,17,123,30
1777981628.6395352,2,1066,0,0,122,30
1777981628.6534219,1,3304,50,18,123,30
1777981628.6559536,2,1066,0,0,122,30
1777981628.6698678,1,3303,0,17,123,30
1777981628.6720612,2,1066,0,0,122,30
1777981628.6856081,1,3303,-50,18,123,30
1777981628.6879072,2,1066,0,0,122,30
1777981628.7013316,1,3304,50,0,123,30
1777981628.703776,2,1066,0,0,123,30
1777981628.7173817,1,3304,0,17,123,30
1777981628.7195172,2,1066,0,0,122,30
1777981628.733049,1,3303,0,17,122,30
1777981628.7353938,2,1066,0,0,122,30
1777981628.7490206,1,3304,-50,18,123,30
1777981628.7515643,2,1066,0,0,122,30
1777981628.765539,1,3304,50,17,123,30
1777981628.768155,2,1066,0,0,122,30
1777981628.7821782,1,3303,-50,17,123,30
1777981628.7849746,2,1066,0,0,122,30
1777981628.799077,1,3304,50,0,123,30
1777981628.8020756,2,1066,0,0,122,30
1777981628.8161864,1,3303,0,17,123,31
1777981628.8186417,2,1066,0,0,122,30
1777981628.8325524,1,3303,0,17,122,30
1777981628.8347704,2,1066,0,18,122,30
1777981628.8488028,1,3304,-50,18,123,30
1777981628.8513846,2,1066,0,25,122,30
1777981628.8653088,1,3304,50,17,122,30
1777981628.8677552,2,1066,0,38,122,30
1777981628.8817549,1,3303,-50,17,122,30
1777981628.8843758,2,1066,0,56,122,30
1777981628.898771,1,3303,50,0,123,30
1777981628.9018133,2,1064,0,83,122,30
1777981628.915694,1,3304,-50,17,123,30
1777981628.918218,2,1061,-100,104,122,30
1777981628.9322255,1,3304,-50,19,122,30
1777981628.9348528,2,1057,-200,125,122,30
1777981628.948837,1,3304,50,17,122,30
1777981628.9512343,2,1051,-300,148,122,30
1777981628.9638505,1,3303,0,17,122,30
1777981628.9655643,2,1045,-350,169,122,30
1777981628.978483,1,3303,-50,17,122,30
1777981628.9803586,2,1038,-350,193,122,30
1777981628.9939535,1,3304,50,17,122,30
1777981628.9962208,2,1030,-500,212,122,30
1777981629.010023,1,3303,50,17,122,30
1777981629.0122318,2,1020,-600,234,122,30
1777981629.025813,1,3303,-50,18,122,30
1777981629.0288398,2,1010,-600,259,122,30
1777981629.0428092,1,3303,50,17,122,30
1777981629.04539,2,997,-700,289,122,30
1777981629.0594041,1,3304,-50,17,122,30
1777981629.0619035,2,981,-700,315,122,30
1777981629.0756774,1,3303,50,17,122,30
1777981629.0783296,2,966,-950,331,122,30
1777981629.0921714,1,3304,50,18,122,30
1777981629.0947516,2,947,-1000,344,122,30
1777981629.1091816,1,3303,0,17,122,30
1777981629.1119583,2,928,-1100,352,122,30
1777981629.1258297,1,3303,-50,18,122,30
1777981629.1287115,2,911,-1050,361,122,30
1777981629.142572,1,3304,0,18,122,30
1777981629.1452959,2,892,-1100,369,122,30
1777981629.159245,1,3304,50,0,122,30
1777981629.1615217,2,871,-1250,372,122,30
1777981629.175357,1,3304,0,17,122,30
1777981629.1780732,2,852,-1250,369,122,30
1777981629.192579,1,3303,0,17,122,30
1777981629.195176,2,830,-1250,359,122,30
1777981629.2095263,1,3303,-50,19,122,30
1777981629.212094,2,811,-1150,351,122,30
1777981629.2261674,1,3304,50,17,122,30
1777981629.2289867,2,792,-1150,339,122,30
1777981629.243285,1,3303,0,17,122,30
1777981629.2458313,2,771,-1150,319,122,30
1777981629.259871,1,3303,-50,17,122,30
1777981629.2622294,2,754,-1100,295,122,30
1777981629.2762036,1,3304,50,0,123,30
1777981629.2788804,2,737,-1100,270,122,30
1777981629.2930236,1,3303,-50,0,122,30
1777981629.2957456,2,722,-1000,245,122,30
1777981629.3097072,1,3304,-50,19,123,30
1777981629.3122668,2,710,-850,223,122,30
1777981629.3260672,1,3303,50,17,123,30
1777981629.328423,2,696,-750,204,122,30
1777981629.3420439,1,3303,0,17,122,30
1777981629.34422,2,685,-750,179,122,30
1777981629.3577092,1,3303,-50,17,123,30
1777981629.3598433,2,676,-750,150,122,30
1777981629.3732066,1,3304,50,17,122,30
1777981629.3753352,2,667,-600,128,123,31
1777981629.38861,1,3304,50,17,122,30
1777981629.390922,2,661,-500,106,122,30
1777981629.4048193,1,3303,-50,18,123,30
1777981629.406921,2,655,-350,85,122,30
1777981629.4201016,1,3304,50,17,123,30
1777981629.4221866,2,651,-350,62,122,30
1777981629.43553,1,3303,-50,17,123,30
1777981629.4381196,2,648,-350,41,122,30
1777981629.4524615,1,3304,50,17,123,30
1777981629.4550068,2,646,-150,33,122,30
1777981629.4687762,1,3304,50,18,122,30
1777981629.4713936,2,645,-150,23,122,30
1777981629.4856389,1,3303,0,17,122,30
1777981629.4884043,2,644,-50,18,122,30
1777981629.5021508,1,3303,-50,17,123,30
1777981629.5049942,2,644,0,17,122,30
1777981629.5189621,1,3304,50,0,123,30
1777981629.5215242,2,644,0,17,122,30
1777981629.535245,1,3303,-50,17,123,30
1777981629.5378318,2,644,0,17,122,30
1777981629.552218,1,3303,50,17,123,30
1777981629.554734,2,644,0,24,122,30
1777981629.568855,1,3304,50,18,122,30
1777981629.5717132,2,644,0,36,122,30
1777981629.5856528,1,3303,0,17,122,30
1777981629.5881646,2,644,0,56,122,30
1777981629.6024418,1,3303,-50,18,122,30
1777981629.605185,2,644,0,81,122,30
1777981629.6189914,1,3304,50,0,122,30
1777981629.6213524,2,647,100,107,122,30
1777981629.635213,1,3303,-50,17,122,30
1777981629.6375878,2,650,100,136,122,30
1777981629.6514082,1,3304,50,17,122,30
1777981629.65418,2,656,300,154,122,46
1777981629.6678576,1,3304,50,18,122,30
1777981629.6703446,2,663,350,175,122,30
1777981629.6846144,1,3303,0,17,122,30
1777981629.6874468,2,671,450,199,122,30
1777981629.7011285,1,3303,-50,17,122,30
1777981629.7040348,2,681,550,224,122,30
1777981629.7178378,1,3304,50,0,122,30
1777981629.7207687,2,693,700,246,122,30
1777981629.734681,1,3303,0,17,122,30
1777981629.737497,2,706,700,269,122,30
1777981629.7518606,1,3303,-50,0,122,30
1777981629.7546012,2,719,750,293,121,30
1777981629.768612,1,3303,-50,19,122,30
1777981629.7709746,2,733,800,320,122,30
1777981629.7851906,1,3304,0,18,122,30
1777981629.7878792,2,749,900,340,122,30
1777981629.8023643,1,3304,50,17,122,30
1777981629.805121,2,768,1000,356,122,30
1777981629.819139,1,3303,0,17,122,30
1777981629.8218365,2,786,1150,364,122,30
1777981629.8359954,1,3303,-50,17,122,30
1777981629.8381827,2,806,1150,368,122,30
1777981629.8524053,1,3304,50,17,122,30
1777981629.8545427,2,825,1150,371,122,30
1777981629.8677287,1,3304,50,18,122,30
1777981629.8698316,2,842,1100,378,122,30
1777981629.8833194,1,3303,0,17,122,30
1777981629.8855758,2,862,1200,379,122,30
1777981629.8991451,1,3303,-50,17,122,30
1777981629.9038024,2,882,1250,377,122,30
1777981629.9179006,1,3304,50,0,122,30
1777981629.9207761,2,906,1300,372,122,30
1777981629.9348652,1,3303,-50,17,122,30
1777981629.9375935,2,925,1300,365,122,30
1777981629.9519615,1,3303,0,18,122,30
1777981629.9552894,2,946,1100,376,122,30
1777981629.969293,1,3304,0,18,122,30
1777981629.972233,2,967,1250,371,122,30
1777981629.9860778,1,3304,50,17,122,30
1777981629.9891658,2,988,1250,368,122,30
1777981630.0032773,1,3303,-50,18,122,30
1777981630.006009,2,1008,1200,367,122,30
1777981630.0193694,1,3304,50,17,122,30
1777981630.0215225,2,1026,1150,369,122,30
1777981630.0350502,1,3303,0,17,122,30
1777981630.0371618,2,1046,1150,367,122,30
1777981630.0514388,1,3303,-50,0,122,30
1777981630.0540252,2,1066,1200,356,122,30
1777981630.0680056,1,3303,-50,19,122,30
1777981630.070369,2,1086,1200,340,122,30
1777981630.084378,1,3304,0,18,122,30
1777981630.0871916,2,1104,1150,321,122,30
1777981630.101071,1,3304,50,17,122,30
1777981630.1040041,2,1120,1050,302,122,30
1777981630.1180232,1,3303,0,17,122,30
1777981630.1202059,2,1138,1000,281,122,30
1777981630.134297,1,3303,-50,17,122,30
1777981630.1367803,2,1153,1000,256,122,30
1777981630.1512716,1,3304,50,17,122,30
1777981630.1539059,2,1168,1000,225,122,30
1777981630.1678631,1,3304,50,18,122,30
1777981630.1706882,2,1182,800,205,122,30
1777981630.1846447,1,3303,-50,18,122,30
1777981630.1871908,2,1193,800,176,122,30
1777981630.201411,1,3304,50,17,122,30
1777981630.2040894,2,1203,600,152,122,30
1777981630.2184846,1,3303,-50,17,123,30
1777981630.220917,2,1210,500,128,122,30
1777981630.234684,1,3304,50,0,122,30
1777981630.2370157,2,1217,500,104,122,30
1777981630.2509868,1,3304,0,17,122,30
1777981630.2536018,2,1222,350,87,122,30
1777981630.2676444,1,3303,0,17,122,30
1777981630.2703397,2,1227,350,62,122,30
1777981630.2843237,1,3303,-50,18,123,30
1777981630.287009,2,1230,250,40,122,30
1777981630.3010046,1,3304,50,17,123,30
1777981630.3032033,2,1232,150,0,122,30
1777981630.3171792,1,3303,-50,17,122,30
1777981630.3198373,2,1232,0,35,122,30
1777981630.33369,1,3304,50,0,122,30
1777981630.335947,2,1232,0,57,122,30
1777981630.3493297,1,3303,-50,0,123,30
1777981630.3513694,2,1231,0,81,122,30
1777981630.3649247,1,3303,-50,19,122,30
1777981630.367205,2,1228,-100,106,122,30
1777981630.381011,1,3304,50,17,122,30
1777981630.383258,2,1224,-250,129,122,30
1777981630.3973465,1,3304,-50,17,123,30
1777981630.4003952,2,1218,-300,154,122,30
1777981630.4145503,1,3304,50,0,122,30
1777981630.4173677,2,1211,-400,181,122,30
1777981630.4312644,1,3303,0,17,122,30
1777981630.4337358,2,1204,-400,210,122,30
1777981630.4475732,1,3304,0,17,122,30
1777981630.4503844,2,1195,-500,234,122,30
1777981630.4644408,1,3304,-50,19,122,30
1777981630.4671097,2,1183,-600,260,122,30
1777981630.4812129,1,3304,50,17,122,30
1777981630.4840434,2,1168,-800,281,122,30
1777981630.4983919,1,3303,0,17,122,30
1777981630.500918,2,1153,-850,290,122,31
1777981630.514945,1,3303,-50,17,122,30
1777981630.5172858,2,1137,-950,291,122,30
1777981630.5303996,1,3304,50,17,122,30
1777981630.5325577,2,1123,-950,282,122,30
1777981630.5466452,1,3304,50,18,122,30
1777981630.5489435,2,1109,-950,268,122,30
1777981630.5626225,1,3304,-50,18,122,30
1777981630.5647786,2,1095,-800,258,122,30
1777981630.578173,1,3304,50,17,123,30
1777981630.5801508,2,1082,-850,242,122,30
1777981630.5936737,1,3303,0,17,123,30
1777981630.5959516,2,1069,-850,220,122,30
1777981630.6096342,1,3303,-50,17,122,30
1777981630.612333,2,1057,-850,191,122,30
1777981630.626693,1,3304,-50,19,123,30
1777981630.6289034,2,1046,-750,163,122,30
1777981630.6427648,1,3304,50,17,122,30
1777981630.6459908,2,1037,-600,141,122,30
1777981630.6603894,1,3303,0,17,122,30
1777981630.6631944,2,1028,-550,112,122,30
1777981630.677045,1,3303,-50,17,123,30
1777981630.6794283,2,1021,-400,87,122,30
1777981630.6936405,1,3303,50,0,122,30
1777981630.6966155,2,1017,-250,64,122,30
1777981630.7108693,1,3303,0,17,122,30
1777981630.7136083,2,1015,-250,47,122,30
1777981630.7276392,1,3303,-50,0,122,30
1777981630.730188,2,1013,-150,38,122,30
1777981630.744541,1,3304,-50,19,122,30
1777981630.7469676,2,1012,-100,31,122,30
1777981630.7606843,1,3304,50,18,122,30
1777981630.76293,2,1012,0,30,122,30
1777981630.7766192,1,3303,-50,21,123,30
1777981630.7788916,2,1012,0,30,122,30
1777981630.7923234,1,3303,0,32,123,30
1777981630.7948751,2,1012,0,30,122,30
1777981630.808759,1,3303,0,48,123,31
1777981630.8110757,2,1012,0,30,122,30
1777981630.8247542,1,3302,0,72,122,30
1777981630.8268783,2,1012,0,30,122,30
1777981630.8407233,1,3299,-100,90,123,30
1777981630.843014,2,1012,0,30,122,30
1777981630.8567564,1,3296,-150,113,122,30
1777981630.8591824,2,1012,0,30,122,30
1777981630.872795,1,3291,-250,137,122,30
1777981630.8749263,2,1012,0,30,122,30
1777981630.8881454,1,3286,-350,161,122,30
1777981630.890562,2,1012,0,30,122,30
1777981630.9042325,1,3278,-350,184,122,30
1777981630.9066064,2,1012,0,30,122,30
1777981630.9200583,1,3270,-450,207,122,30
1777981630.9222121,2,1012,0,30,122,30
1777981630.9353461,1,3261,-550,229,122,30
1777981630.9375207,2,1012,0,30,122,31
1777981630.9510372,1,3249,-700,249,122,30
1777981630.9536948,2,1012,0,30,122,30
1777981630.9672616,1,3237,-750,271,122,30
1777981630.969831,2,1012,0,30,122,30
1777981630.9834108,1,3224,-750,292,122,30
1777981630.9853704,2,1012,0,30,122,30
1777981630.9980552,1,3212,-800,302,122,30
1777981630.9999485,2,1012,0,30,122,30
1777981631.012702,1,3197,-900,303,122,30
1777981631.0146105,2,1012,0,30,122,30
1777981631.0281622,1,3182,-1000,295,122,30
1777981631.0307348,2,1012,0,30,122,30
1777981631.044747,1,3167,-1000,280,122,30
1777981631.047377,2,1012,0,30,122,30
1777981631.0607593,1,3151,-950,261,122,30
1777981631.0627732,2,1012,0,30,122,30
1777981631.0762153,1,3138,-950,240,123,30
1777981631.0785873,2,1012,0,30,122,30
1777981631.0919015,1,3125,-800,218,123,30
1777981631.094212,2,1012,0,30,122,30
1777981631.1081781,1,3113,-750,196,122,30
1777981631.1107216,2,1012,0,30,122,30
1777981631.1246567,1,3102,-750,169,123,30
1777981631.1271548,2,1012,0,30,122,30
1777981631.141108,1,3093,-650,146,123,30
1777981631.143706,2,1012,0,30,122,30
1777981631.1578512,1,3084,-550,121,123,30
1777981631.1608012,2,1012,0,30,122,30
1777981631.175136,1,3077,-500,94,122,30
1777981631.177815,2,1012,0,30,122,30
1777981631.192294,1,3071,-350,68,122,30
1777981631.1947181,2,1012,0,30,122,30
1777981631.2088726,1,3067,-250,48,123,30
1777981631.2115655,2,1012,0,30,122,30
1777981631.2256944,1,3065,-250,33,122,31
1777981631.228325,2,1012,0,30,122,30
1777981631.2426424,1,3064,-150,23,123,30
1777981631.245104,2,1012,0,30,122,30
1777981631.2593555,1,3063,-100,17,122,30
1777981631.2618043,2,1012,0,30,122,30
1777981631.2760935,1,3063,0,17,122,30
1777981631.2787764,2,1012,0,30,122,30
1777981631.2931366,1,3062,0,17,123,30
1777981631.2960792,2,1012,0,30,122,30
1777981631.3102758,1,3062,-50,17,123,30
1777981631.3131561,2,1012,0,30,122,30
1777981631.3266811,1,3063,50,17,122,30
1777981631.3290153,2,1012,0,30,122,30
1777981631.3426712,1,3063,50,17,123,30
1777981631.3448386,2,1012,0,30,122,30
1777981631.358289,1,3062,0,17,123,30
1777981631.3611515,2,1012,0,30,122,30
1777981631.3751636,1,3063,-50,18,122,30
1777981631.377981,2,1012,0,30,122,30
1777981631.3921554,1,3063,50,0,123,30
1777981631.3948307,2,1012,0,30,122,30
1777981631.4090247,1,3062,-50,17,122,30
1777981631.4112167,2,1012,0,30,122,30
1777981631.4254153,1,3063,50,19,123,30
1777981631.4282107,2,1012,0,30,122,30
1777981631.442448,1,3063,50,22,122,30
1777981631.4450808,2,1012,0,30,122,30
1777981631.4592066,1,3063,0,35,123,30
1777981631.4620836,2,1012,0,30,122,30
1777981631.4760656,1,3063,0,54,122,30
1777981631.4788125,2,1012,0,30,122,30
1777981631.4924068,1,3064,50,75,122,30
1777981631.4950938,2,1012,0,30,122,30
1777981631.508841,1,3066,100,98,123,30
1777981631.5112095,2,1012,0,30,122,30
1777981631.524863,1,3070,200,123,122,30
1777981631.5273445,2,1012,0,30,122,30
1777981631.540727,1,3075,200,148,122,30
1777981631.543076,2,1012,0,30,122,30
1777981631.5572176,1,3080,300,172,122,30
1777981631.5594354,2,1012,0,30,122,30
1777981631.5734112,1,3088,400,198,122,31
1777981631.5762067,2,1012,0,30,122,30
1777981631.590556,1,3098,550,220,122,30
1777981631.592902,2,1012,0,30,122,30
1777981631.606546,1,3108,600,244,122,30
1777981631.6090076,2,1012,0,30,122,30
1777981631.6226113,1,3120,600,269,122,30
1777981631.624951,2,1012,0,30,122,30
1777981631.6385393,1,3133,750,289,122,30
1777981631.641117,2,1012,0,30,122,30
1777981631.6549783,1,3147,800,315,122,30
1777981631.6574917,2,1012,0,30,122,30
1777981631.6712327,1,3163,950,332,122,30
1777981631.6737957,2,1012,0,30,122,30
1777981631.6876497,1,3180,1000,347,122,30
1777981631.6899922,2,1012,0,30,122,30
1777981631.703761,1,3198,1000,357,122,30
1777981631.7061102,2,1012,0,30,122,30
1777981631.719673,1,3217,1150,360,122,30
1777981631.7222915,2,1012,0,30,122,30
1777981631.7356613,1,3235,1150,363,122,30
1777981631.7378893,2,1012,0,30,122,30
1777981631.7512212,1,3255,1150,366,122,30
1777981631.753464,2,1012,0,30,122,30
1777981631.766457,1,3272,1200,367,122,30
1777981631.7687168,2,1012,0,30,122,30
1777981631.7823954,1,3292,1200,367,122,30
1777981631.7846897,2,1012,0,30,122,30
1777981631.7989542,1,3311,1200,367,122,30
1777981631.801949,2,1012,0,30,122,30
1777981631.8159895,1,3332,1200,367,122,30
1777981631.8186958,2,1012,0,30,122,30
1777981631.8326216,1,3352,1200,367,122,30
1777981631.8351336,2,1012,0,30,122,30
1777981631.8492527,1,3373,1250,365,122,30
1777981631.8517108,2,1012,0,30,122,30
1777981631.8655996,1,3392,1200,363,122,30
1777981631.867823,2,1012,0,30,122,30
1777981631.8813376,1,3412,1200,363,122,30
1777981631.8835907,2,1012,0,30,122,30
1777981631.8992157,1,3431,1200,363,122,30
1777981631.9014635,2,1012,0,30,122,30
1777981631.9147472,1,3453,1200,363,122,31
1777981631.9180298,2,1012,0,30,122,30
1777981631.9312613,1,3473,1200,363,122,30
1777981631.9335408,2,1012,0,30,122,30
1777981631.946924,1,3491,1250,361,122,30
1777981631.9490397,2,1012,0,30,122,30
1777981631.9628546,1,3510,1200,359,122,30
1777981631.9670138,2,1012,0,30,122,30
1777981631.9813023,1,3532,1200,359,122,30
1777981631.9838977,2,1012,0,30,122,30
1777981631.9979136,1,3552,1150,364,122,30
1777981632.0008724,2,1012,0,30,122,30
1777981632.0147083,1,3572,1200,363,122,30
1777981632.0170076,2,1012,0,30,122,30
1777981632.0309696,1,3592,1200,359,122,30
1777981632.033745,2,1012,0,30,122,30
1777981632.0477898,1,3612,1200,350,122,30
1777981632.0503278,2,1012,0,30,122,30
1777981632.0639136,1,3631,1150,336,122,30
1777981632.066178,2,1012,0,30,122,30
1777981632.0796967,1,3648,1150,320,122,30
1777981632.0825443,2,1012,0,30,122,30
1777981632.0963354,1,3667,1150,296,122,30
1777981632.0985432,2,1012,0,30,122,30
1777981632.111528,1,3683,1050,276,122,30
1777981632.1135755,2,1012,0,30,122,30
1777981632.1268578,1,3697,1000,254,123,30
1777981632.1291595,2,1012,0,30,122,30
1777981632.142635,1,3711,850,231,122,30
1777981632.1447709,2,1012,0,30,122,30
1777981632.1587589,1,3724,850,209,123,30
1777981632.1611643,2,1012,0,30,122,30
1777981632.1755075,1,3735,800,183,123,30
1777981632.1779404,2,1012,0,30,122,30
1777981632.1922321,1,3746,650,160,122,30
1777981632.1951702,2,1012,0,30,122,30
1777981632.2093084,1,3755,600,136,122,30
1777981632.2120895,2,1012,0,30,122,30
1777981632.2265,1,3763,450,111,122,30
1777981632.229172,2,1012,0,30,122,30
1777981632.2433212,1,3770,450,85,123,30
1777981632.2458053,2,1012,0,30,122,30
1777981632.2595062,1,3774,450,55,123,30
1777981632.2615895,2,1012,0,30,122,30
1777981632.274995,1,3778,250,43,123,30
1777981632.2773147,2,1012,0,30,122,30
1777981632.2909,1,3780,200,30,123,30
1777981632.2932076,2,1012,0,30,122,30
1777981632.3068588,1,3780,50,24,123,30
1777981632.3091884,2,1012,0,30,122,30
1777981632.322518,1,3781,50,20,122,30
1777981632.324572,2,1012,0,30,122,30
1777981632.3378506,1,3781,50,17,122,30
1777981632.3399358,2,1012,0,30,122,30
1777981632.353197,1,3781,0,18,122,30
1777981632.3552067,2,1012,0,30,122,30
1777981632.3683712,1,3781,-50,20,123,30
1777981632.3703978,2,1012,0,30,123,30
1777981632.383551,1,3781,50,20,122,30
1777981632.385642,2,1012,0,30,122,30
1777981632.3989282,1,3780,50,17,122,30
1777981632.401188,2,1012,0,30,122,30
1777981632.4147015,1,3780,-50,22,123,30
1777981632.4173172,2,1012,0,30,122,30
1777981632.4309084,1,3781,50,19,122,30
1777981632.4329743,2,1012,0,30,122,30
1777981632.446295,1,3781,0,18,123,30
1777981632.4482026,2,1012,0,30,122,30
1777981632.4618576,1,3781,0,18,122,30
1777981632.4643288,2,1012,0,30,122,30
1777981632.4778664,1,3780,0,18,123,30
1777981632.4803166,2,1012,0,30,122,30
1777981632.4939349,1,3781,0,18,123,30
1777981632.4966154,2,1012,0,30,122,30
1777981632.5105245,1,3781,0,18,122,30
1777981632.5131488,2,1012,0,30,122,30
1777981632.5275028,1,3781,0,18,122,30
1777981632.5303044,2,1012,0,30,122,30
1777981632.5442412,1,3781,0,18,122,30
1777981632.5471125,2,1012,0,30,122,30
1777981632.5612197,1,3780,-50,19,122,30
1777981632.5640273,2,1012,0,30,122,30
1777981632.5783603,1,3781,-50,22,123,30
1777981632.5809166,2,1012,0,30,122,30
1777981632.5951536,1,3781,0,22,123,30
1777981632.5979154,2,1012,0,30,122,30
1777981632.6120079,1,3780,50,18,123,30
1777981632.6146116,2,1012,0,30,122,30
1777981632.628653,1,3780,-50,21,123,30
1777981632.63111,2,1012,0,30,122,30
1777981632.6452098,1,3781,0,22,123,30
1777981632.6478732,2,1012,0,30,122,30
1777981632.6621177,1,3781,0,22,122,30
1777981632.664869,2,1012,0,30,122,30
1777981632.6785018,1,3781,0,22,123,30
1777981632.6809442,2,1012,0,30,122,30
1777981632.6949186,1,3781,50,18,123,30
1777981632.6973493,2,1012,0,30,122,30
1777981632.7107108,1,3780,0,18,123,30
1777981632.713401,2,1012,0,30,122,30
1777981632.726922,1,3781,-50,20,123,30
1777981632.729695,2,1012,0,30,122,30
1777981632.7434766,1,3781,50,20,122,30
1777981632.7456331,2,1012,0,30,122,30
1777981632.7588246,1,3781,50,17,122,30
1777981632.7608247,2,1012,0,30,122,30
1777981632.7743251,1,3780,0,18,123,30
1777981632.7773268,2,1012,0,30,122,30
1777981632.7909565,1,3781,0,18,123,30
1777981632.7932944,2,1012,0,30,122,30
1777981632.8068142,1,3781,0,18,122,30
1777981632.8095262,2,1012,0,30,122,30
1777981632.8237426,1,3781,0,18,123,30
1777981632.8264248,2,1012,0,30,122,30
1777981632.8404133,1,3780,-50,19,123,30
1777981632.8429804,2,1012,0,30,123,30
1777981632.8560297,1,3780,-50,22,123,30
1777981632.8580098,2,1012,0,30,122,30
1777981632.8713987,1,3780,0,22,122,30
1777981632.8739858,2,1012,0,30,122,30
1777981632.8876736,1,3781,50,19,123,30
1777981632.8900857,2,1012,0,30,122,30
1777981632.904026,1,3781,0,18,123,30
1777981632.9063644,2,1012,0,30,122,30
1777981632.9200335,1,3781,0,18,123,30
1777981632.9225512,2,1012,0,30,122,30
1777981632.9363384,1,3781,0,18,122,30
1777981632.9388173,2,1012,0,30,122,30
1777981632.952655,1,3781,0,18,122,30
1777981632.955172,2,1012,0,30,122,30
1777981632.9688668,1,3780,0,18,122,30
1777981632.9715686,2,1012,0,30,122,30
1777981632.9855206,1,3781,0,18,122,30
1777981632.9880679,2,1012,0,30,122,30
1777981633.0020165,1,3780,-50,20,123,30
1777981633.0044541,2,1012,0,30,122,30
1777981633.0176842,1,3780,-50,23,122,30
1777981633.0195167,2,1012,0,30,122,30
1777981633.032245,1,3780,50,18,122,30
1777981633.0339966,2,1012,0,30,123,30
1777981633.0468721,1,3781,-50,21,123,30
1777981633.0487597,2,1012,0,30,122,30
1777981633.062124,1,3780,50,20,123,30
1777981633.0649295,2,1012,0,30,122,30
1777981633.0791416,1,3781,-50,19,122,30
1777981633.081988,2,1012,0,30,122,30
1777981633.096069,1,3780,-50,22,123,30
1777981633.0985012,2,1012,0,30,122,30
1777981633.1124728,1,3781,0,22,122,30
1777981633.1152148,2,1012,0,30,122,30
1777981633.129413,1,3780,50,18,122,30
1777981633.132082,2,1012,0,30,122,30
1777981633.1460116,1,3781,-50,20,122,30
1777981633.1482315,2,1012,0,30,122,30
1777981633.1620984,1,3780,50,20,122,30
1777981633.164525,2,1012,0,30,122,30
1777981633.1784844,1,3780,50,19,122,30
1777981633.1808739,2,1012,0,30,122,30
1777981633.194767,1,3780,-50,22,122,30
1777981633.1973703,2,1012,0,30,122,30
1777981633.2114916,1,3780,0,22,122,30
1777981633.213936,2,1012,0,30,122,30
1777981633.2279332,1,3780,50,19,123,30
1777981633.2306993,2,1012,0,30,122,30
1777981633.244768,1,3781,0,18,123,30
1777981633.2475047,2,1012,0,30,122,30
1777981633.261583,1,3781,0,18,123,30
1777981633.2639356,2,1012,0,30,122,30
1777981633.277811,1,3781,0,18,123,31
1777981633.280406,2,1012,0,30,122,30
1777981633.2944655,1,3781,0,18,123,30
1777981633.2969859,2,1012,0,30,122,30
1777981633.3112044,1,3780,0,18,123,30
1777981633.3139536,2,1012,0,30,122,30
1777981633.3282068,1,3781,-50,21,123,30
1777981633.3307178,2,1012,0,30,122,30
1777981633.3451893,1,3780,50,19,123,30
1777981633.3476114,2,1012,0,30,122,30
1777981633.3612106,1,3781,-50,20,122,30
1777981633.3633456,2,1012,0,30,122,30
1777981633.3772073,1,3780,-50,23,122,30
1777981633.3797584,2,1012,0,30,122,30
1777981633.3938732,1,3781,0,22,122,30
1777981633.396468,2,1012,0,30,122,30
1777981633.410446,1,3781,50,18,122,30
1777981633.4129777,2,1012,0,30,122,30
1777981633.4267156,1,3781,0,18,122,30
1777981633.4289129,2,1012,0,30,122,30
1777981633.4430258,1,3781,-50,20,123,30
1777981633.445878,2,1012,0,30,122,30
1777981633.4599664,1,3780,50,20,123,30
1777981633.462537,2,1012,0,30,122,30
1777981633.4759746,1,3780,50,17,123,30
1777981633.4789052,2,1012,0,30,122,30
1777981633.4929729,1,3780,-50,22,122,30
1777981633.4955351,2,1012,0,30,123,30
1777981633.5096488,1,3781,50,18,122,30
1777981633.5121734,2,1012,0,30,122,30
1777981633.5257843,1,3780,-50,21,122,30
1777981633.5280766,2,1012,0,30,122,30
1777981633.5418124,1,3781,0,22,122,30
1777981633.5448663,2,1012,0,30,122,30
1777981633.5592072,1,3780,50,20,123,30
1777981633.5617592,2,1012,0,30,122,30
1777981633.5759687,1,3781,50,17,122,30
1777981633.5784688,2,1012,0,30,122,30
1777981633.592706,1,3781,0,18,123,30
1777981633.5954566,2,1012,0,30,122,30
1777981633.6097634,1,3780,0,18,123,30
1777981633.6126068,2,1012,0,30,122,30
1777981633.6262696,1,3780,-50,21,123,30
1777981633.6288788,2,1012,0,30,122,30
1777981633.642944,1,3781,50,19,122,30
1777981633.645817,2,1012,0,30,122,30
1777981633.6596653,1,3780,0,18,123,30
1777981633.662155,2,1012,0,30,122,30
1777981633.67636,1,3780,0,18,123,30
1777981633.6788375,2,1012,0,30,122,30
1777981633.6929443,1,3781,0,18,122,30
1777981633.6954005,2,1012,0,30,122,30
1777981633.70963,1,3780,-50,22,122,30
1777981633.712492,2,1012,0,30,122,30
1777981633.7266872,1,3781,50,19,123,30
1777981633.7294142,2,1012,0,30,122,30
1777981633.743583,1,3780,-50,20,122,30
1777981633.7461076,2,1012,0,30,122,30
1777981633.7603908,1,3780,0,22,122,30
1777981633.7632923,2,1012,0,30,122,30
1777981633.777799,1,3780,0,22,123,30
1777981633.7807322,2,1012,0,30,122,30
1777981633.7955408,1,3780,0,22,122,30
1777981633.7981167,2,1012,0,30,122,30
1777981633.8121448,1,3780,0,22,122,30
1777981633.8146048,2,1012,0,30,122,30
1777981633.8282,1,3780,0,22,122,30
1777981633.8305955,2,1012,0,30,122,30
1777981633.844475,1,3781,0,22,122,30
1777981633.8472743,2,1012,0,30,122,30
1777981633.861214,1,3781,50,20,123,30
1777981633.8639753,2,1012,0,30,122,30
1777981633.87755,1,3780,-50,19,122,30
1777981633.879776,2,1012,0,30,122,30
1777981633.8926668,1,3781,-50,22,122,30
1777981633.8947527,2,1012,0,30,122,30
1777981633.9075327,1,3780,50,18,123,30
1777981633.9094913,2,1012,0,30,122,30
1777981633.9223986,1,3780,-50,20,123,31
1777981633.924243,2,1012,0,30,122,30
1777981633.9376273,1,3781,0,22,122,30
1777981633.9404135,2,1012,0,30,122,30
1777981633.954579,1,3781,0,22,123,30
1777981633.9571602,2,1012,0,30,122,30
1777981633.9713173,1,3780,50,17,123,31
1777981633.9737453,2,1012,0,30,122,30
1777981633.9879167,1,3781,-50,21,123,30
1777981633.990398,2,1012,0,30,122,30
1777981634.0047677,1,3780,0,22,122,30
1777981634.0072334,2,1012,0,30,122,30
1777981634.0215423,1,3780,50,19,122,30
1777981634.024049,2,1012,0,30,122,30
1777981634.0381072,1,3780,0,18,122,30
1777981634.0409803,2,1012,0,30,122,30
1777981634.0553446,1,3780,0,18,122,30
1777981634.0580728,2,1012,0,30,122,30
1777981634.0721903,1,3781,0,18,123,30
1777981634.0745401,2,1012,0,30,122,30
1777981634.0887682,1,3780,-50,22,123,30
1777981634.0916715,2,1012,0,30,122,30
1777981634.1056964,1,3780,50,19,123,30
1777981634.1085083,2,1012,0,30,122,30
1777981634.1228251,1,3780,0,18,123,30
1777981634.1253586,2,1012,0,30,122,30
1777981634.1390886,1,3780,0,18,122,30
1777981634.1420221,2,1012,0,30,122,30
1777981634.1559703,1,3780,-50,19,122,30
1777981634.1584191,2,1012,0,30,122,30
1777981634.1724386,1,3780,-50,22,122,31
1777981634.1751034,2,1012,0,30,122,30
1777981634.1894424,1,3780,50,18,123,30
1777981634.1922388,2,1012,0,30,122,30
1777981634.2064705,1,3781,0,18,123,30
1777981634.2091424,2,1012,0,30,122,30
1777981634.2233706,1,3780,-50,21,123,30
1777981634.2258792,2,1012,0,30,122,30
1777981634.2400289,1,3781,0,22,122,31
1777981634.2428732,2,1012,0,30,122,30
1777981634.2568696,1,3780,0,22,123,30
1777981634.2596366,2,1012,0,30,122,30
1777981634.2737985,1,3780,0,22,123,30
1777981634.276963,2,1012,0,30,122,30
1777981634.2910016,1,3780,0,22,123,30
1777981634.2934682,2,1012,0,30,122,30
1777981634.307353,1,3781,0,22,123,30
1777981634.3098598,2,1012,0,30,122,30
1777981634.3241289,1,3781,50,19,123,30
1777981634.3268104,2,1012,0,30,122,30
1777981634.340849,1,3780,0,18,123,30
1777981634.3439791,2,1012,0,30,122,30
1777981634.3584394,1,3781,-50,20,123,30
1777981634.3606982,2,1012,0,30,122,30
1777981634.3744187,1,3780,0,22,122,30
1777981634.3772194,2,1012,0,30,122,30
1777981634.3910751,1,3780,0,22,122,30
1777981634.3933003,2,1012,0,30,122,30
1777981634.4073665,1,3780,50,18,122,31
1777981634.4099534,2,1012,0,30,122,30
1777981634.4242308,1,3780,-50,21,122,30
1777981634.4268224,2,1012,0,30,122,30
1777981634.4407477,1,3781,0,22,123,30
1777981634.4433053,2,1012,0,30,122,30
1777981634.456877,1,3781,50,20,122,30
1777981634.4592671,2,1012,0,30,122,30
1777981634.4730995,1,3780,50,17,122,30
1777981634.4755497,2,1012,0,30,122,30
1777981634.4896617,1,3780,-50,22,123,30
1777981634.4923432,2,1012,0,30,122,30
1777981634.5066128,1,3780,0,22,122,30
1777981634.509181,2,1012,0,30,122,30
1777981634.523474,1,3781,0,22,123,31
1777981634.5260968,2,1012,0,30,122,30
1777981634.5403607,1,3780,50,19,122,30
1777981634.5428329,2,1012,0,30,122,30
1777981634.5567918,1,3780,-50,20,123,30
1777981634.5595691,2,1012,0,30,122,30
1777981634.5737898,1,3780,0,22,122,30
1777981634.5761316,2,1012,0,30,122,30
1777981634.5904214,1,3780,0,22,122,30
1777981634.5929716,2,1012,0,30,122,30
1777981634.607237,1,3780,0,22,122,30
1777981634.6099067,2,1012,0,30,122,30
1777981634.6239672,1,3780,0,22,123,30
1777981634.6266234,2,1012,0,30,122,30
1777981634.6408014,1,3780,0,22,122,30
1777981634.643812,2,1012,0,30,122,30
1777981634.6579564,1,3780,0,22,123,30
1777981634.660273,2,1012,0,30,122,30
1777981634.6742103,1,3781,50,20,122,30
1777981634.6769156,2,1012,0,30,122,30
1777981634.691079,1,3780,50,17,122,30
1777981634.694154,2,1012,0,30,122,30
1777981634.7080777,1,3780,-50,22,123,30
1777981634.7105637,2,1012,0,30,122,30
1777981634.7241237,1,3780,0,22,123,31
1777981634.7265394,2,1012,0,30,122,30
1777981634.7402167,1,3780,0,22,123,30
1777981634.7429957,2,1012,0,30,122,30
1777981634.7568038,1,3781,50,20,123,30
1777981634.7597163,2,1012,0,30,122,30
1777981634.773392,1,3780,-50,19,122,30
1777981634.77582,2,1012,0,30,122,30
1777981634.7897422,1,3780,-50,22,122,30
1777981634.7922616,2,1012,0,30,122,30
1777981634.8060176,1,3780,50,18,123,30
1777981634.8086805,2,1012,0,30,122,30
1777981634.822286,1,3780,-50,21,122,30
1777981634.824764,2,1012,0,30,122,30
1777981634.8386245,1,3780,0,22,122,30
1777981634.8412263,2,1012,0,30,122,30
1777981634.8551927,1,3780,0,22,123,30
1777981634.857435,2,1012,0,30,122,30
1777981634.8711545,1,3780,0,22,123,30
1777981634.8739054,2,1012,0,30,122,30
1777981634.8880973,1,3781,0,22,122,30
1777981634.8906095,2,1012,0,30,122,30
1777981634.9043872,1,3780,0,22,123,30
1777981634.906689,2,1012,0,30,122,30
1777981634.9205296,1,3780,0,22,123,30
1777981634.923321,2,1012,0,30,122,30
1777981634.9376225,1,3780,50,20,123,30
1777981634.9400847,2,1012,0,30,122,30
1777981634.9543324,1,3780,-50,19,122,31
1777981634.9570022,2,1012,0,30,122,30
1777981634.9710996,1,3780,-50,23,122,30
1777981634.9737396,2,1012,0,30,122,30
1777981634.987918,1,3780,0,22,123,30
1777981634.990499,2,1012,0,30,122,30
1777981635.0043936,1,3780,0,22,122,30
1777981635.0069392,2,1012,0,30,122,30
1777981635.020799,1,3780,0,22,123,30
1777981635.023291,2,1012,0,30,122,30
1777981635.037147,1,3780,0,22,123,30
1777981635.0393133,2,1012,0,30,122,30
1777981635.0524266,1,3780,0,22,122,30
1777981635.0548341,2,1012,0,30,122,30
1777981635.0678968,1,3781,0,22,123,30
1777981635.070091,2,1012,0,30,122,30
1777981635.083646,1,3780,0,22,123,30
1777981635.0859597,2,1012,0,30,122,30
1777981635.0998485,1,3780,0,22,122,30
1777981635.1022644,2,1012,0,30,122,30
1777981635.1162686,1,3780,50,20,123,30
1777981635.1186028,2,1012,0,30,122,30
1777981635.1321185,1,3781,0,18,122,30
1777981635.1345892,2,1012,0,30,122,30
1777981635.1479313,1,3781,0,18,123,30
1777981635.1502984,2,1012,0,30,122,30
1777981635.1644404,1,3780,-50,22,123,30
1777981635.1671033,2,1012,0,30,122,30
1777981635.181154,1,3780,0,22,122,30
1777981635.1837604,2,1012,0,30,122,30
1777981635.1980922,1,3780,0,22,122,30
1777981635.2011886,2,1012,0,30,122,30
1777981635.2152066,1,3781,0,22,123,30
1777981635.2178016,2,1012,0,30,122,30
1777981635.2319436,1,3780,0,22,123,30
1777981635.2342632,2,1012,0,30,122,30
1777981635.248375,1,3781,0,22,122,30
1777981635.2508097,2,1012,0,30,122,30
1777981635.2647018,1,3781,0,22,123,30
1777981635.2675307,2,1012,0,30,122,30
1777981635.281263,1,3780,0,22,123,30
1777981635.2837803,2,1012,0,30,122,30
1777981635.297639,1,3781,0,22,122,30
1777981635.299883,2,1012,0,30,122,30
1777981635.3138845,1,3781,0,22,123,30
1777981635.3164537,2,1012,0,30,122,30
1777981635.330268,1,3780,0,22,123,30
1777981635.332602,2,1012,0,30,122,30
1777981635.3461912,1,3780,50,17,123,30
1777981635.3482528,2,1012,0,30,122,30
1777981635.361882,1,3780,-50,21,122,30
1777981635.364818,2,1012,0,30,122,30
1777981635.3789196,1,3780,50,19,122,30
1777981635.3817956,2,1012,0,30,122,30
1777981635.3957715,1,3781,-50,20,123,30
1777981635.3986754,2,1012,0,30,122,30
1777981635.4123647,1,3780,0,22,122,30
1777981635.4151762,2,1012,0,30,122,30
1777981635.4287727,1,3780,0,22,122,30
1777981635.4318802,2,1012,0,30,122,30
1777981635.4465036,1,3780,0,22,122,30
1777981635.4491572,2,1012,0,30,122,30
1777981635.4629402,1,3780,50,18,123,30
1777981635.4651685,2,1012,0,30,122,30
1777981635.47868,1,3780,-50,21,122,31
1777981635.4811091,2,1012,0,30,122,30
1777981635.4949102,1,3781,0,22,123,30
1777981635.497673,2,1012,0,30,123,30
1777981635.5120304,1,3780,0,22,122,31
1777981635.5148797,2,1012,0,30,122,30
1777981635.5290287,1,3780,0,22,123,30
1777981635.53199,2,1012,0,30,122,30
1777981635.5459082,1,3780,0,22,123,30
1777981635.5486333,2,1012,0,30,122,30
1777981635.5625222,1,3781,0,22,123,30
1777981635.5652661,2,1012,0,30,122,30
1777981635.57899,1,3780,0,22,123,30
1777981635.5814707,2,1012,0,30,122,30
1777981635.595053,1,3780,0,22,123,30
1777981635.5972774,2,1012,0,30,122,30
1777981635.6111405,1,3780,50,20,122,30
1777981635.613618,2,1012,0,30,122,30
1777981635.6277282,1,3780,50,17,122,31
1777981635.6305408,2,1012,0,30,122,30
1777981635.6445978,1,3781,-50,22,123,30
1777981635.64738,2,1012,0,30,122,30
1777981635.6615715,1,3780,0,22,123,31
1777981635.664169,2,1012,0,30,123,30
1777981635.678088,1,3781,0,22,123,30
1777981635.6809223,2,1012,0,30,122,30
1777981635.694617,1,3780,0,22,122,30
1777981635.6969965,2,1012,0,30,122,30
1777981635.7106452,1,3780,0,22,123,30
1777981635.713022,2,1012,0,30,122,30
1777981635.7271264,1,3780,0,22,122,30
1777981635.72958,2,1012,0,30,122,30
1777981635.7433257,1,3780,0,22,122,30
1777981635.7456663,2,1012,0,30,122,30
1777981635.7593603,1,3780,0,22,122,30
1777981635.7618246,2,1012,0,30,122,30
1777981635.7755687,1,3780,0,22,123,30
1777981635.777828,2,1012,0,30,122,30
1777981635.791165,1,3780,0,22,122,30
1777981635.7932456,2,1012,0,30,122,30
1777981635.8069022,1,3780,0,22,123,30
1777981635.8092964,2,1012,0,30,122,30
1777981635.822722,1,3780,50,18,123,30
1777981635.8252192,2,1012,0,30,122,30
1777981635.838884,1,3780,-50,21,123,30
1777981635.8413727,2,1012,0,30,122,30
1777981635.8546457,1,3780,0,22,123,30
1777981635.856957,2,1012,0,30,122,30
1777981635.8701591,1,3780,0,22,123,30
1777981635.8725839,2,1012,0,30,122,30
1777981635.8862457,1,3780,0,22,123,30
1777981635.888588,2,1012,0,30,122,30
1777981635.902281,1,3780,0,22,123,30
1777981635.9050708,2,1012,0,30,122,30
1777981635.9189744,1,3780,0,22,122,30
1777981635.9215317,2,1012,0,30,122,30
1777981635.9357526,1,3780,0,22,123,30
1777981635.938194,2,1012,0,30,122,30
1777981635.9521937,1,3780,0,22,123,30
1777981635.954754,2,1012,0,30,122,30
1777981635.9687705,1,3780,0,22,123,30
1777981635.971297,2,1012,0,30,122,30
1777981635.9846368,1,3780,0,22,123,30
1777981635.9891832,2,1012,0,30,122,30
1777981636.0024693,1,3780,0,22,122,30
1777981636.0044289,2,1012,0,30,122,30
1777981636.0174758,1,3780,50,19,122,30
1777981636.019593,2,1012,0,30,122,30
1777981636.0329309,1,3780,-50,20,122,30
1777981636.0354645,2,1012,0,30,122,30
1777981636.0492146,1,3780,0,22,122,30
1777981636.0520127,2,1012,0,30,122,30
1777981636.0657873,1,3780,0,22,122,30
1777981636.06826,2,1012,0,30,122,30
1777981636.0817382,1,3780,0,22,122,30
1777981636.0839524,2,1012,0,30,122,30
1777981636.0977874,1,3780,0,22,123,30
1777981636.1002693,2,1012,0,30,122,30
1777981636.1140604,1,3780,0,22,122,30
1777981636.1164005,2,1012,0,30,122,30
1777981636.1299572,1,3780,0,22,123,30
1777981636.1320992,2,1012,0,30,122,30
1777981636.1454039,1,3780,0,22,123,30
1777981636.147346,2,1012,0,30,122,30
1777981636.1604736,1,3780,0,22,122,30
1777981636.1627116,2,1012,0,30,122,30
1777981636.1763499,1,3780,0,22,122,30
1777981636.178448,2,1012,0,30,122,30
1777981636.1917253,1,3780,50,20,123,31
1777981636.1939814,2,1012,0,30,122,30
1777981636.2073526,1,3780,-50,19,122,30
1777981636.209537,2,1012,0,30,122,30
1777981636.2231512,1,3780,-50,22,123,30
1777981636.2256215,2,1012,0,30,122,30
1777981636.2392447,1,3780,0,22,123,30
1777981636.2415836,2,1012,0,30,122,30
1777981636.2551231,1,3780,0,22,122,30
1777981636.2574053,2,1012,0,30,122,30
1777981636.271037,1,3780,0,22,122,31
1777981636.273463,2,1012,0,30,122,30
1777981636.2868893,1,3780,0,22,123,30
1777981636.2891634,2,1012,0,30,122,30
1777981636.3026319,1,3780,0,22,122,31
1777981636.3047059,2,1012,0,30,122,30
1777981636.3184364,1,3780,0,22,123,30
1777981636.3206184,2,1012,0,30,122,30
1777981636.3345304,1,3780,0,22,122,30
1777981636.3373172,2,1012,0,30,122,30
1777981636.3511517,1,3780,0,22,123,30
1777981636.353647,2,1012,0,30,122,30
1777981636.3674212,1,3780,0,22,122,30
1777981636.3697822,2,1012,0,30,122,30
1777981636.3840249,1,3780,0,22,123,30
1777981636.3871107,2,1012,0,30,122,30
1777981636.4010735,1,3780,0,22,122,30
1777981636.4037025,2,1012,0,30,122,30
1777981636.4173155,1,3780,0,22,122,30
1777981636.419615,2,1012,0,30,122,30
1777981636.43345,1,3781,0,22,122,30
1777981636.4360538,2,1012,0,30,122,30
1777981636.4497142,1,3780,0,22,123,30
1777981636.4521332,2,1012,0,30,122,30
1777981636.4658618,1,3780,0,22,122,30
1777981636.4685068,2,1012,0,30,122,30
1777981636.482683,1,3780,0,22,123,30
1777981636.485977,2,1012,0,30,122,30
1777981636.500136,1,3781,0,22,122,30
1777981636.5029879,2,1012,0,30,122,30
1777981636.5163412,1,3780,50,19,123,30
1777981636.5183618,2,1012,0,30,122,30
1777981636.531876,1,3780,-50,20,123,30
1777981636.5341012,2,1012,0,30,122,30
1777981636.5477433,1,3780,0,22,123,30
1777981636.550029,2,1012,0,30,122,30
1777981636.5635293,1,3780,0,22,123,30
1777981636.5655036,2,1012,0,30,122,30
1777981636.5789666,1,3781,0,22,123,30
1777981636.5813098,2,1012,0,30,122,30
1777981636.5947382,1,3780,0,22,122,30
1777981636.597437,2,1012,0,30,122,30
1777981636.6116762,1,3780,50,20,123,30
1777981636.6142821,2,1012,0,30,122,30
1777981636.6283603,1,3780,-50,19,122,30
1777981636.6311412,2,1012,0,30,123,30
1777981636.6452932,1,3780,-50,23,122,30
1777981636.647815,2,1012,0,30,122,30
1777981636.6613955,1,3780,0,22,123,30
1777981636.663943,2,1012,0,30,122,30
1777981636.6785188,1,3780,0,22,123,30
1777981636.6812303,2,1012,0,30,122,30
1777981636.6957502,1,3780,0,22,123,30
1777981636.698331,2,1012,0,30,122,30
1777981636.71224,1,3780,0,22,123,30
1777981636.714827,2,1012,0,30,122,30
1777981636.7289855,1,3781,0,22,122,30
1777981636.7317142,2,1012,0,30,122,30
1777981636.7459142,1,3780,0,22,123,30
1777981636.7484922,2,1012,0,30,122,30
1777981636.7624812,1,3780,0,22,122,30
1777981636.764888,2,1012,0,30,122,30
1777981636.7789152,1,3781,0,22,123,30
1777981636.7814236,2,1012,0,30,122,30
1777981636.7953973,1,3780,0,22,122,31
1777981636.79814,2,1012,0,30,122,30
1777981636.8120875,1,3780,0,22,122,30
1777981636.8143725,2,1012,0,30,122,30
1777981636.8283455,1,3780,50,20,122,30
1777981636.8309681,2,1012,0,30,123,30
1777981636.8450055,1,3780,50,19,123,30
1777981636.847294,2,1012,0,30,122,30
1777981636.8610795,1,3780,-50,22,123,30
1777981636.8637455,2,1012,0,30,122,30
1777981636.8777182,1,3780,50,18,123,30
1777981636.8805108,2,1012,0,30,123,30
1777981636.894684,1,3781,-50,21,122,30
1777981636.8971665,2,1012,0,30,122,30
1777981636.9112113,1,3780,0,22,123,30
1777981636.9139163,2,1012,0,30,122,30
1777981636.9281304,1,3781,50,20,122,31
1777981636.9306188,2,1012,0,30,122,30
1777981636.9447393,1,3781,50,19,122,30
1777981636.947559,2,1012,0,30,122,30
1777981636.9613545,1,3780,-50,22,123,30
1777981636.9638658,2,1012,0,30,122,30
1777981636.9778593,1,3780,0,22,122,30
1777981636.9799764,2,1012,0,30,122,30
1777981636.9931865,1,3780,0,22,123,30
1777981636.9956253,2,1012,0,30,122,30
1777981637.0096452,1,3780,0,22,122,31
1777981637.0123832,2,1012,0,30,122,30
1777981637.026812,1,3781,0,22,122,31
1777981637.0296416,2,1012,0,30,122,30
1777981637.0437787,1,3780,0,22,123,30
1777981637.0469348,2,1012,0,30,122,30
1777981637.060469,1,3780,0,22,122,30
1777981637.0627003,2,1012,0,30,122,30
1777981637.0761633,1,3781,0,22,122,30
1777981637.0786052,2,1012,0,30,122,30
1777981637.0915534,1,3780,50,19,123,30
1777981637.093471,2,1012,0,30,122,30
1777981637.105987,1,3780,-50,19,123,30
1777981637.1078026,2,1012,0,30,122,30
1777981637.1212583,1,3780,-50,22,123,30
1777981637.1234183,2,1012,0,30,122,30
1777981637.1372402,1,3780,0,22,122,30
1777981637.1395662,2,1012,0,30,122,30
1777981637.153613,1,3780,50,19,122,30
1777981637.1564674,2,1012,0,30,122,30
1777981637.170408,1,3780,-50,20,122,31
1777981637.172878,2,1012,0,30,122,30
1777981637.1870377,1,3780,0,22,123,30
1777981637.189993,2,1012,0,30,122,30
1777981637.204311,1,3780,0,22,123,30
1777981637.2071216,2,1012,0,30,122,30
1777981637.2213469,1,3780,0,22,123,30
1777981637.2238863,2,1012,0,30,122,30
1777981637.2380583,1,3780,50,18,123,30
1777981637.241013,2,1012,0,30,122,30
1777981637.255438,1,3780,-50,21,122,30
1777981637.2575822,2,1012,0,30,122,30
1777981637.2714524,1,3780,0,22,123,30
1777981637.2739007,2,1012,0,30,122,30
1777981637.2879384,1,3780,0,22,123,31
1777981637.2906542,2,1012,0,30,122,30
1777981637.3047204,1,3780,0,22,123,30
1777981637.3073165,2,1012,0,30,122,30
1777981637.3211055,1,3780,0,22,123,30
1777981637.3237133,2,1012,0,30,122,30
1777981637.3376915,1,3780,0,22,123,30
1777981637.3400564,2,1012,0,30,122,30
1777981637.3539157,1,3780,0,22,123,30
1777981637.3566554,2,1012,0,30,122,30
1777981637.3707037,1,3780,0,22,122,30
1777981637.373006,2,1012,0,30,122,30
1777981637.3869233,1,3780,0,22,122,30
1777981637.3897073,2,1012,0,30,123,30
1777981637.4037154,1,3781,50,21,122,30
1777981637.4060788,2,1012,0,30,122,30
1777981637.4199235,1,3781,50,17,123,30
1777981637.4223473,2,1012,0,30,122,30
1777981637.4360073,1,3781,-50,22,122,31
1777981637.4386775,2,1012,0,30,122,30
1777981637.4526913,1,3780,0,22,122,31
1777981637.4552302,2,1012,0,30,122,30
1777981637.4693413,1,3780,0,22,122,31
1777981637.471977,2,1012,0,30,122,30
1777981637.4861245,1,3780,0,22,122,30
1777981637.488477,2,1012,0,30,122,30
1777981637.502514,1,3780,0,22,122,30
1777981637.5050104,2,1012,0,30,122,30
1777981637.518871,1,3780,0,22,123,30
1777981637.521815,2,1012,0,30,122,30
1777981637.5360692,1,3780,0,22,122,30
1777981637.5388982,2,1012,0,30,122,30
1777981637.5532098,1,3780,0,22,123,30
1777981637.555785,2,1012,0,30,122,30
1777981637.569708,1,3780,0,22,123,30
1777981637.5722187,2,1012,0,30,122,30
1777981637.5862136,1,3780,0,22,122,31
1777981637.5889125,2,1012,0,30,122,30
1777981637.602731,1,3780,0,22,123,30
1777981637.605026,2,1012,0,30,122,30
1777981637.6188166,1,3780,0,22,122,30
1777981637.6216903,2,1012,0,30,122,30
1777981637.635782,1,3780,0,22,122,31
1777981637.6381207,2,1012,0,30,122,30
1777981637.6520834,1,3780,0,22,122,30
1777981637.6542969,2,1012,0,30,122,30
1777981637.6679049,1,3780,0,22,123,31
1777981637.6707723,2,1012,0,30,122,30
1777981637.6849449,1,3780,0,22,122,30
1777981637.6878793,2,1012,0,30,122,30
1777981637.701307,1,3780,0,22,123,31
1777981637.7037277,2,1012,0,30,122,30
1777981637.717868,1,3780,0,22,122,30
1777981637.7207665,2,1012,0,30,122,30
1777981637.7350297,1,3780,0,22,122,31
1777981637.7377877,2,1012,0,30,122,30
1777981637.7522643,1,3780,50,19,123,31
1777981637.7548687,2,1012,0,30,122,30
1777981637.7691088,1,3780,-50,20,123,31
1777981637.7714665,2,1012,0,30,122,30
1777981637.785491,1,3780,50,20,122,31
1777981637.787914,2,1012,0,30,122,30
1777981637.8019042,1,3780,-50,19,122,30
1777981637.8044183,2,1012,0,30,122,30
1777981637.8182704,1,3780,-50,22,123,30
1777981637.821044,2,1012,0,30,122,30
1777981637.8351939,1,3781,0,22,122,30
1777981637.8379235,2,1012,0,30,122,30
1777981637.8519986,1,3780,0,22,122,30
1777981637.8546932,2,1012,0,30,122,30
1777981637.868989,1,3780,0,22,122,30
1777981637.8715005,2,1012,0,30,122,30
1777981637.8857918,1,3781,0,22,122,30
1777981637.8888023,2,1012,0,30,122,30
1777981637.9028995,1,3780,0,22,122,30
1777981637.9053476,2,1012,0,30,122,30
1777981637.919257,1,3780,0,22,123,30
1777981637.9216075,2,1012,0,30,122,30
1777981637.93553,1,3780,0,22,123,30
1777981637.937949,2,1012,0,30,122,30
1777981637.9517994,1,3780,0,22,123,30
1777981637.9546728,2,1012,0,30,122,30
1777981637.9690766,1,3780,50,19,123,30
1777981637.971673,2,1012,0,30,122,30
1777981637.9856799,1,3780,0,18,122,31
1777981637.98801,2,1012,0,30,122,30
1777981638.0018773,1,3780,-50,19,122,30
1777981638.0044122,2,1012,0,30,123,30
1777981638.0183828,1,3780,-50,22,123,31
1777981638.020551,2,1012,0,30,122,30
1777981638.0350459,1,3780,0,22,123,30
1777981638.0380886,2,1012,0,30,122,30
1777981638.052144,1,3781,0,22,123,30
1777981638.0546343,2,1012,0,30,122,30
1777981638.0685475,1,3780,0,22,122,30
1777981638.0710757,2,1012,0,30,122,30
1777981638.085476,1,3780,0,22,122,31
1777981638.088019,2,1012,0,30,122,30
1777981638.1023042,1,3780,0,22,122,30
1777981638.1050663,2,1012,0,30,122,30
1777981638.1190698,1,3780,0,22,122,30
1777981638.1216152,2,1012,0,30,122,30
1777981638.1359437,1,3780,0,22,122,31
1777981638.1384115,2,1012,0,30,122,30
1777981638.1522646,1,3780,0,22,123,31
1777981638.155085,2,1012,0,30,122,30
1777981638.1692314,1,3780,0,22,122,30
1777981638.1718647,2,1012,0,30,122,30
1777981638.1859787,1,3780,0,22,123,31
1777981638.1881754,2,1012,0,30,122,30
1777981638.201941,1,3780,0,22,123,30
1777981638.2042532,2,1012,0,30,122,30
1777981638.217943,1,3781,0,22,123,30
1777981638.2202265,2,1012,0,30,122,30
1777981638.234108,1,3780,0,22,122,31
1777981638.2370296,2,1012,0,30,122,30
1777981638.2511408,1,3780,0,22,123,31
1777981638.2537708,2,1012,0,30,122,30
1777981638.2680953,1,3780,0,22,122,30
1777981638.2709417,2,1012,0,30,122,30
1777981638.2849963,1,3780,0,22,123,30
1777981638.2874386,2,1012,0,30,122,30
1777981638.3011978,1,3780,0,22,123,31
1777981638.3037562,2,1012,0,30,122,30
1777981638.317639,1,3780,0,22,123,30
1777981638.3208,2,1012,0,30,122,30
1777981638.334853,1,3780,0,22,123,30
1777981638.3372676,2,1012,0,30,122,30
1777981638.351161,1,3780,0,22,122,31
1777981638.3538663,2,1012,0,30,122,30
1777981638.368032,1,3780,0,22,123,30
1777981638.3707116,2,1012,0,30,122,30
1777981638.3848891,1,3780,0,22,122,30
1777981638.3876045,2,1012,0,30,122,30
1777981638.401833,1,3780,50,20,122,30
1777981638.4045339,2,1012,0,30,122,30
1777981638.418705,1,3780,50,17,123,31
1777981638.421003,2,1012,0,30,122,30
1777981638.434952,1,3780,0,18,122,30
1777981638.4377651,2,1012,0,30,122,30
1777981638.4519243,1,3780,-50,21,122,31
1777981638.4543362,2,1012,0,30,122,30
1777981638.4682248,1,3780,0,22,122,30
1777981638.470636,2,1012,0,30,122,30
1777981638.4847028,1,3780,0,22,123,30
1777981638.4871721,2,1012,0,30,122,30
1777981638.5014281,1,3780,0,22,123,31
1777981638.5039978,2,1012,0,30,122,30
1777981638.5181851,1,3780,0,22,123,31
1777981638.52109,2,1012,0,30,122,30
1777981638.535392,1,3780,0,22,123,30
1777981638.5379393,2,1012,0,30,122,30
1777981638.5520947,1,3780,0,22,123,30
1777981638.5546713,2,1012,0,30,122,30
1777981638.568766,1,3780,0,22,123,30
1777981638.5713096,2,1012,0,30,122,30
1777981638.585421,1,3780,0,22,123,30
1777981638.5878897,2,1012,0,30,122,30
1777981638.6019435,1,3780,0,22,123,31
1777981638.6042943,2,1012,0,30,122,30
1777981638.618135,1,3780,0,22,123,31
1777981638.620721,2,1012,0,30,122,30
1777981638.6350794,1,3781,0,22,123,31
1777981638.6378021,2,1012,0,30,122,30
1777981638.651546,1,3780,0,22,123,30
1777981638.6539888,2,1012,0,30,122,30
1777981638.6675556,1,3781,50,19,122,30
1777981638.669902,2,1012,0,30,122,30
1777981638.6843042,1,3780,0,18,123,30
1777981638.6868684,2,1012,0,30,122,30
1777981638.7005255,1,3780,-50,19,123,30
1777981638.7031865,2,1012,0,30,122,30
1777981638.7174456,1,3780,-50,23,123,30
1777981638.7204456,2,1012,0,30,122,30
1777981638.7347336,1,3780,0,22,122,31
1777981638.7375526,2,1012,0,30,122,30
1777981638.7515788,1,3780,0,22,123,30
1777981638.7538788,2,1012,0,30,122,30
1777981638.7677166,1,3781,0,22,123,30
1777981638.7702696,2,1012,0,30,122,30
1777981638.783913,1,3780,0,22,123,30
1777981638.7864294,2,1012,0,30,122,30
1777981638.7998676,1,3780,0,22,122,30
1777981638.8020442,2,1012,0,30,122,30
1777981638.8152225,1,3780,0,22,122,31
1777981638.8175073,2,1012,0,30,122,30
1777981638.8315656,1,3780,0,22,122,30
1777981638.8340561,2,1012,0,30,122,30
1777981638.8481562,1,3780,0,22,122,30
1777981638.8506463,2,1012,0,30,122,30
1777981638.8640347,1,3780,0,22,123,30
1777981638.8666878,2,1012,0,30,122,30
1777981638.8808222,1,3780,0,22,123,31
1777981638.883778,2,1012,0,30,122,30
1777981638.8974447,1,3780,0,22,123,30
1777981638.9001977,2,1012,0,30,122,30
1777981638.9145334,1,3780,0,22,122,30
1777981638.916999,2,1012,0,30,122,30
1777981638.9309943,1,3780,0,22,123,31
1777981638.9335291,2,1012,0,30,122,30
1777981638.9474645,1,3780,50,19,122,31
1777981638.9499402,2,1012,0,30,122,30
1777981638.9637127,1,3780,-50,20,122,30
1777981638.96647,2,1012,0,30,122,30
1777981638.9804924,1,3780,0,22,122,31
1777981638.9830065,2,1012,0,30,122,30
1777981638.996881,1,3780,0,22,123,31
1777981638.9995492,2,1012,0,30,122,30
1777981639.0134413,1,3780,0,22,122,30
1777981639.0158255,2,1012,0,30,122,30
1777981639.0294456,1,3780,0,22,122,31
1777981639.0319998,2,1012,0,30,122,30
1777981639.0457003,1,3781,0,22,122,31
1777981639.0482004,2,1012,0,30,122,30
1777981639.0624616,1,3780,0,22,122,30
1777981639.0652425,2,1012,0,30,122,30
1777981639.0793512,1,3780,0,22,123,31
1777981639.081991,2,1012,0,30,122,30
1777981639.09593,1,3780,0,22,122,31
1777981639.0986884,2,1012,0,30,122,30
1777981639.111858,1,3780,0,22,122,31
1777981639.1138265,2,1012,0,30,122,30
1777981639.126504,1,3780,0,22,122,30
1777981639.128206,2,1012,0,30,122,30
1777981639.1409183,1,3780,0,22,123,31
1777981639.142825,2,1012,0,30,122,30
1777981639.1560867,1,3780,0,22,122,30
1777981639.1581118,2,1012,0,30,122,30
1777981639.1715195,1,3780,50,18,122,31
1777981639.1737797,2,1012,0,30,122,30
1777981639.1873734,1,3780,-50,21,122,31
1777981639.1897078,2,1012,0,30,122,30
1777981639.2032228,1,3780,0,22,123,30
1777981639.205259,2,1012,0,30,122,30
1777981639.2186697,1,3780,0,22,123,31
1777981639.2208903,2,1012,0,30,122,30
1777981639.2343905,1,3780,0,22,122,31
1777981639.2366788,2,1012,0,30,122,30
1777981639.250023,1,3780,0,22,122,30
1777981639.251983,2,1012,0,30,122,30
1777981639.2656426,1,3780,0,22,122,31
1777981639.2677183,2,1012,0,30,122,30
1777981639.2811527,1,3780,0,22,122,31
1777981639.2835488,2,1012,0,30,122,30
1777981639.2968965,1,3780,0,22,123,30
